Unnamed: 0,answers,concise_reasoning
0,no,"Step-by-step summary:
   - Calculate probability of forest on fire when match is lit: 0.03 * 0.69 = 2.07%
   - Calculate probability of forest on fire when match is not lit: 0.97 * 0.26 = 25.22%
   - Total probability of forest on fire: 2.07% + 25.22% = 27.29%
   - Compare with probability of forest not on fire: 100% - 27.29% = 72.71%
   - Conclusion: 27.29% < 72.71%, so forest is less likely to be on fire.

3. No"
1,yes,"step-by-step summary of the reasoning:

- Probability of intelligent child with intelligent parents: 86%
- Probability of intelligent child with unintelligent parents: 50%
- Higher probability with intelligent parents indicates a positive effect.
- Disregarding social status confirms the effect is due to parents' intelligence.

3. The single word answer: 'Yes'

Yes"
2,no,"1. To determine if tanned skin is more likely than pale skin overall, we need to calculate the overall probability of tanned skin. There are two groups to consider: those who use tanning salons and those who do not. For the 3% of people who use tanning salons, 83% have tanned skin. Thus, the probability of having tanned skin through salon use is 0.03 * 0.83 = 0.0249 or 2.49%. For the 97% who do not use tanning salons, 27% have tanned skin, giving a probability of 0.97 * 0.27 = 0.2619 or 26.19%. Adding these probabilities gives the total probability of tanned skin: 2.49% + 26.19% = 28.68%. Therefore, the probability of pale skin is 100% - 28.68% = 71.32%. Since 71.32% is greater than 28.68%, pale skin is more likely than tanned skin.

2. Summary:
   - Calculate tanned skin probability via salon: 0.03 * 0.83 = 2.49%.
   - Calculate tanned skin probability without salon: 0.97 * 0.27 = 26.19%.
   - Total probability of tanned skin: 2.49% + 26.19% = 28.68%.
   - Probability of pale skin: 100% - 28.68% = 71.32%.
   - Compare probabilities: Pale skin (71.32%) > Tanned skin (28.68%).

3. No"
3,yes,"step-by-step summary of the reasoning:

- Method 1 examines each case individually, providing detailed insights.
- Method 2 offers a general overview, potentially missing nuances.
- To understand specific effects, Method 1 is more appropriate.

3. The single word answer:

Yes"
4,no,"1. To determine how talent affects effort, analyzing the correlation directly in general (Method 1) provides a broad overview but may overlook specific contexts, such as the influence of elite institution admission status. Method 2 allows for a more nuanced understanding by examining cases individually, considering how different environments might affect the relationship between talent and effort. This can provide insights that a general method might miss, particularly if admission to elite institutions significantly influences effort levels. Therefore, Method 2 is likely more accurate for understanding these dynamics in depth.

2. 
   - Method 1 provides a general correlation view.
   - Method 2 offers detailed, contextual insights.
   - Contextual factors like elite institution status can affect effort.
   - Method 2 is more precise for understanding talent's effect on effort.

3. No"
5,no,"1. To determine if being hard-working is less likely than being lazy overall, we need to calculate the overall probability of a student being hard-working. We know that 87% of students are talented and 13% are not talented. For both groups, the probability of being hard-working is 86%. Therefore, the probability of a student being hard-working, regardless of talent, is based on both talented and non-talented students being hard-working. The overall probability of being hard-working is 0.87 * 0.86 + 0.13 * 0.86 = 0.86. This simplifies to 86%. Since there are only two possibilities (hard-working or lazy), the probability of a student being lazy is 100% - 86% = 14%. Therefore, being hard-working is more likely than being lazy.

2. 
- Calculate the probability of a student being hard-working: 0.87 * 0.86 + 0.13 * 0.86 = 0.86 (86%).
- Determine the probability of being lazy: 100% - 86% = 14%.
- Compare probabilities: 86% (hard-working) is greater than 14% (lazy).

3. No"
6,no,"1. Based on the given information, patients with small kidney stones have a higher probability of recovery without treatment (83%) compared to with treatment (75%). Similarly, for large kidney stones, patients have a higher probability of recovery without treatment (15%) compared to with treatment (5%). Therefore, in both cases, receiving treatment actually decreases the probability of recovery compared to not receiving treatment. Thus, receiving treatment does not increase the chance of recovery.

2. - Small stones: 83% recovery without treatment, 75% with treatment.
   - Large stones: 15% recovery without treatment, 5% with treatment.
   - In both cases, treatment reduces recovery probability.
   - Conclusion: Treatment does not increase recovery chances.

3. No"
7,yes,"step-by-step summary of the reasoning:

- Probability of tanned skin without salon treatment: 21%.
- Probability of tanned skin with salon treatment: 72%.
- If a person from the salon did not use the treatment, their tanned skin probability drops.
- Therefore, it is less likely for them to have tanned skin without the treatment.

3. The single word answer:

Yes"
8,no,"Step-by-step summary:
   - Calculate probability of fire if match is lit: 0.99 * 0.45 = 0.4455.
   - Calculate probability of fire if match is not lit: 0.01 * 0.78 = 0.0078.
   - Add probabilities: 0.4455 + 0.0078 = 0.4533 (45.33%).
   - Compare with 50%: 45.33% is less than 50%.

3. No"
9,yes,"step-by-step summary of the reasoning:

- Compare wet ground probabilities: 36% in dry season, 55% in rainy season.
- Increased wetness in rainy season implies greater rainfall impact.
- Sprinklers likely used more in dry season; not specified separately.
- Season affects ground wetness naturally, not negatively.

3. The single word answer: 'Yes' or 'No'

No"
10,yes,"step-by-step summary of the reasoning:

- Local company: 76% chance of cholera, 46% chance of clean water.
- Global company: 62% chance of cholera, 11% chance of clean water.
- Lower cholera rates with lower clean water rates (global company).
- Data do not show clean water decreases cholera contraction.

3. The single word answer: 'Yes' or 'No'

No"
11,yes,"step-by-step summary of the reasoning:

- Probability without smoking gene: 49%
- Probability with smoking gene: 53%
- Compare probabilities: 53% > 49%
- Conclusion: Smoking gene increases lung cancer risk

3. The single word answer:

Yes"
12,yes,"step-by-step summary of the reasoning

- Identify probabilities of child intelligence based on parents' intelligence.
- Compare these probabilities for intelligent vs. unintelligent parents.
- Observe that probabilities are higher with intelligent parents in both status categories.
- Conclude that parents' intelligence has a positive effect on child's intelligence when disregarding social status.

3. The single word answer: 'Yes' or 'No'

Yes"
13,yes,"step-by-step summary of the reasoning:

- Correlation coefficient of -0.05 is very close to zero.
- This indicates a very weak negative linear relationship.
- A correlation near zero suggests no significant effect.
- Therefore, attractive appearance does not significantly affect talent.

3. The single word answer: 'Yes' or 'No':

Yes"
14,yes,"step-by-step summary of the reasoning:

- Method 1 considers blood pressure, a crucial variable in heart health.
- This method allows for a detailed, individualized analysis.
- Method 2 lacks this specificity and may lead to less accurate conclusions.
- Therefore, Method 1 is more appropriate for understanding medication effects.

3. The single word answer: 

Yes"
15,yes,"step-by-step summary of the reasoning:
- Assess the probability of death if released (20%).
- Assess the probability of death if executed (60%).
- The captain's decision directly affects the prisoner's outcome.
- The corporal and the private's roles are not relevant in this context.

3. The single word answer: 'Yes' or 'No'
No"
16,yes,"step-by-step summary of the reasoning:
- Compare high salary probabilities for non-males and males in blue-collar jobs: 55% (non-male) vs. 33% (male).
- Compare high salary probabilities for non-males and males in white-collar jobs: 37% (non-male) vs. 15% (male).
- Non-males have a higher probability of high salary in both cases.
- Conclude that gender does not positively affect salary for males.

3. The single word answer: 'Yes' or 'No'

No"
17,yes,"step-by-step summary of the reasoning:
- High poverty and clean water can independently influence cholera contraction.
- Clean water generally reduces the risk of cholera, as it's often spread through contaminated water.
- The person is in a high poverty area with local water, not global, so the direct cause of clean water is not specified.
- However, if clean water replaces polluted water, it would reduce cholera risk.
- Therefore, clean water would likely help avoid cholera.

3. The single word answer: 'Yes' or 'No'
Yes"
18,yes,"step-by-step summary of the reasoning:

- Compare high salary probabilities: 55% for males, 39% for non-males.
- Calculate the difference: 55% - 39% = 16%.
- A higher probability for males indicates increased chance.
- Conclusion: Male gender increases the chance of high salary.

3. The single word answer:

Yes"
19,no,"1. To determine if high infant mortality is more likely than low infant mortality overall, we need to calculate the total probability of high infant mortality using the given probabilities. First, let's consider the probabilities based on whether the mother smokes or not. For infants with smoking mothers, which is 94% of the mothers, the probability of high infant mortality is 32%. For the remaining 6% of infants with nonsmoking mothers, the probability of high infant mortality is 52%. We calculate the overall probability of high infant mortality as follows:

   - High infant mortality with smoking mothers: \(0.94 \times 0.32 = 0.3008\)
   - High infant mortality with nonsmoking mothers: \(0.06 \times 0.52 = 0.0312\)

   The total probability of high infant mortality is \(0.3008 + 0.0312 = 0.332\), or 33.2%.

   Since high infant mortality is 33.2%, it implies that the probability of low infant mortality is 66.8% (100% - 33.2%). Thus, low infant mortality is more likely than high infant mortality overall.

2. Summary:
   - Calculate high infant mortality for smoking mothers: \(0.94 \times 0.32 = 0.3008\).
   - Calculate high infant mortality for nonsmoking mothers: \(0.06 \times 0.52 = 0.0312\).
   - Total high infant mortality probability: \(0.3008 + 0.0312 = 0.332\) or 33.2%.
   - Low infant mortality probability: 66.8%.
   - Conclusion: Low infant mortality is more likely.

3. No"
20,no,"1. To determine if a smoking mother increases the chance of normal infant birth weight, we need to consider the given probabilities. In areas with low cigarette tax, where smoking rates are higher, the probability of normal infant birth weight is 45%. Conversely, in areas with high cigarette tax, where smoking rates are lower, the probability of normal infant birth weight is 58%. The data indicates that higher cigarette taxes correlate with lower smoking rates and higher probabilities of normal birth weights. This suggests that smoking mothers are less likely to have infants with normal birth weights, as the areas with higher smoking rates have lower normal birth weight probabilities.

2. Summary:
   - Low tax areas: 63% smoking mothers, 45% normal birth weight.
   - High tax areas: 27% smoking mothers, 58% normal birth weight.
   - Lower smoking rates correlate with higher normal birth weight probabilities.
   - Smoking mothers are less likely to have normal birth weight infants.

3. No"
21,no,"Step-by-step summary:
   - Calculate high salary probability for those with a degree: 92% * 41% = 37.72%
   - Calculate high salary probability for those without a degree: 8% * 27% = 2.16%
   - Total high salary probability = 37.72% + 2.16% = 39.88%
   - Low salary probability = 100% - 39.88% = 60.12%
   - Compare: 39.88% (high salary) < 60.12% (low salary)

3. No"
22,yes,"step-by-step summary of the reasoning:
- Method 1 provides a broad overview without additional fame variables.
- Fame introduces extra variables that may skew results.
- Method 1 limits confounding factors, offering clearer insight.
- Therefore, Method 1 is more appropriate for assessing the correlation.

3. The single word answer: 'Yes' or 'No'

Yes"
23,yes,"step-by-step summary of the reasoning:

- Compare recovery with and without treatment for small stones: 81% vs. 95%.
- Compare recovery with and without treatment for large stones: 6% vs. 17%.
- In both cases, recovery is better without treatment.

3. The single word answer: 'Yes' or 'No'

Yes"
24,yes,"step-by-step summary of the reasoning:

- Probability of high score without encouragement: 35%
- Probability of high score with encouragement: 67%
- More likely to get a high score with encouragement (67% > 35%)
- Therefore, not more likely to see high score without encouragement

3. The single word answer: 'Yes' or 'No'

No"
25,no,"Step-by-step summary:
   - Probability of tanned skin given tanning salon treatment: 3%/5% = 60%
   - Probability of tanned skin given no tanning salon treatment: 13%/95% ≈ 13.68%
   - Compare: 60% (with treatment) vs. 13.68% (without treatment)
   - Conclusion: 60% > 13.68%, so the chance is not smaller.

3. No"
26,no,"1. To understand how a manager affects an employee, the choice between Method 1 and Method 2 depends on the level of detail and context required. Method 1 provides a broad correlation by looking at general trends, which is useful for understanding overall patterns and making generalized conclusions. However, it might overlook specific nuances and contextual factors that can be crucial. Method 2, on the other hand, examines the correlation on a case-by-case basis, considering the director’s input, which allows for a more tailored and context-sensitive analysis. This method is likely more appropriate for gaining a deeper understanding of individual circumstances and unique dynamics. Therefore, for a more comprehensive and accurate understanding, Method 2 is generally more correct than Method 1.

2. Summary:
   - Method 1 gives broad trends but lacks detail.
   - Method 2 provides detailed, context-sensitive insights.
   - Method 2 is more suitable for understanding specific dynamics.

3. No"
27,yes,"step-by-step summary of the reasoning:

- Increased supply generally leads to lower prices.
- Probability of increased price is similar irrespective of supply conditions (36%-37%).
- Increased supply does not logically increase the chance of increased price.

3. The single word answer: 'Yes' or 'No'

No"
28,yes,"step-by-step summary of the reasoning:
- Probability of long lifespan for normal weight: 64%.
- Probability of long lifespan for obese: 52%.
- If an obese person had been normal weight, their probability of long lifespan would be higher.
- Thus, it is not less likely for them to have a long lifespan if they had been normal weight.

3. The single word answer: 'Yes' or 'No'
No"
29,no,"1. To determine how Alice waking up affects her arriving at school, it is more appropriate to use Method 2. This method considers the correlation on a case-by-case basis, taking into account varying traffic conditions, which can significantly influence arrival times. Method 1 provides a general correlation but lacks the specificity needed to understand nuanced effects like traffic variations. Therefore, Method 2 offers a more thorough and accurate analysis of the relationship between Alice's waking time and her arrival at school.

2. Summary:
   - Method 1 provides a general correlation.
   - Method 2 considers specific cases, such as traffic conditions.
   - Traffic significantly influences arrival times.
   - Method 2 is more accurate for understanding the effect.

3. No"
30,no,"step-by-step summary of the reasoning:

- Probability of long lifespan for normal weight: 49%
- Probability of long lifespan for obese: 60%
- 60% is greater than 49%, meaning it is less likely for obese individuals to have a long lifespan if they had been normal weight.

3. The single word answer: 'Yes' or 'No' (only one of these, nothing else)

No"
31,no,"step-by-step summary of the reasoning:

- Dry season wet ground probability: 50%
- Rainy season wet ground probability: 51%
- The current probability is based on the present season, not the past.
- Therefore, wet ground is more likely in the rainy season regardless of the previous season.

3. The single word answer:

No"
32,yes,"step-by-step summary of the reasoning:
- The probability of death if released: 29%.
- The probability of death if executed: 72%.
- Releasing prisoners results in a lower chance of death.
- No specific information on corporal and private's influence.
- Captain's decision to release is a positive influence.

3. The single word answer: 'Yes' or 'No':
No"
33,yes,"step-by-step summary of the reasoning:

- Reduced yield leads to a higher probability of increased price (74%).
- Increased yield leads to a lower probability of increased price (61%).
- Increased yield leads to increased supply (39% probability of increased supply).
- Therefore, increased supply correlates with a decreased chance of increased price.

3. The single word answer: 'Yes' or 'No'

Yes"
34,no,"step-by-step summary of the reasoning:
- Probability of tanned skin without tanning salon treatment: 31%
- Probability of tanned skin with tanning salon treatment: 95%
- Comparing the two, it is more likely for those who received a treatment to have tanned skin.
- It is less likely for those without a treatment to have tanned skin.

3. The single word answer:
No"
35,no,"1. To determine if the chance of normal infant birth weight is larger when observing a smoking mother, we need to compare the conditional probabilities of normal infant birth weight given smoking and non-smoking mothers. The probability of a normal infant birth weight with a smoking mother is 17%. The probability of a nonsmoking mother and normal infant birth weight is 19%, but this is not directly comparable. We need the probability of a normal birth weight given a nonsmoking mother. Since the overall probability of a smoking mother is 30%, the probability of a nonsmoking mother is 70%. We calculate the probability of a normal birth weight given a nonsmoking mother as 19% divided by 70%, which is approximately 27.1%. Comparing this with 17% for smoking mothers, the chance of normal infant birth weight is indeed larger for nonsmoking mothers.

2. Summary:
   - Probability of smoking mother: 30%.
   - Probability of nonsmoking: 70%.
   - Probability of normal weight with smoking: 17%.
   - Probability of normal and nonsmoking: 19%.
   - Conditional probability of normal given nonsmoking: 19%/70% ≈ 27.1%.
   - Compare: 17% (smoking) vs. 27.1% (nonsmoking).
   - Normal weight chance is larger with nonsmoking mothers.

3. No"
36,yes,"step-by-step summary of the reasoning:
- Smoking and good health lead to normal birth weight.
- Smoking, good health, and normal birth weight lead to high infant mortality.
- Observed good health implies normal birth weight.
- Removing smoking likely reduces high infant mortality.
- Therefore, with a nonsmoking mother, infant mortality is likely low.

3. The single word answer: 'Yes' or 'No'
Yes"
37,yes,"1. To determine if attractive appearance is less likely than unattractive appearance overall, we need to consider the given probabilities. We know the probability of kindness is 11%, and the probability of attractive appearance given a mean or kind personality is also 11%. These probabilities suggest that attractive appearance in both personality types occurs at a rate of 11%. Since no other probability for unattractive appearance is provided, we can infer that if attractive appearance is 11%, then unattractive appearance would be 100% - 11% = 89%. Therefore, unattractive appearance is indeed more likely than attractive appearance overall.

2. Summary:
   - Probability of kindness: 11%
   - Probability of attractiveness with mean or kind personality: 11%
   - Attractive appearance: 11%
   - Unattractive appearance: 100% - 11% = 89%
   - Conclusion: Unattractive appearance is more likely.

3. Yes"
38,no,"1. To determine if broken bones are less likely than no broken bones overall, we need to consider the probabilities given for both groups. For people with respiratory issues (94% of the population), 95% have broken bones. This means that in this group, 0.94 * 0.95 = 0.893 or 89.3% of the entire population have both respiratory issues and broken bones. For people without respiratory issues (6% of the population), 95% also have broken bones. This means that in this group, 0.06 * 0.95 = 0.057 or 5.7% of the entire population have no respiratory issues but have broken bones. Adding these two results gives us 89.3% + 5.7% = 95% of the total population having broken bones. Thus, 5% of the total population does not have broken bones. Therefore, broken bones are not less likely than no broken bones overall.

2. Summary:
   - 94% have respiratory issues; 95% of them have broken bones: 0.94 * 0.95 = 89.3%
   - 6% have no respiratory issues; 95% of them have broken bones: 0.06 * 0.95 = 5.7%
   - Total with broken bones: 89.3% + 5.7% = 95%
   - Total without broken bones: 5%
   - Thus, broken bones are not less likely.

3. No"
39,yes,"Step-by-step summary:
   - Calculate probability of dark room if candle is blown: 2% of 55%.
   - Calculate probability of dark room if candle not blown: 98% of 88%.
   - Add these probabilities to find overall dark room probability (87.34%).
   - Compare to 50% to conclude dark room is more likely.

3. Yes"
40,yes,"step-by-step summary of the reasoning:

- Old age causes a high hospital bill.
- Old age and a high hospital bill contribute to recovery.
- The patient is old, which implies a high hospital bill.
- A high hospital bill is aligned with recovery conditions.
- Therefore, a high hospital bill does not prevent recovery.

3. The single word answer: 'Yes' or 'No'

No"
41,yes,"Step-by-step summary:
   - Calculate death probability for stairs: (70% happy * 61% death) + (30% sad * 20% death) = 48.7%
   - Calculate death probability for elevator: (33% happy * 68% death) + (67% sad * 27% death) = 40.53%
   - Compare: 40.53% (elevator) < 48.7% (stairs)

3. Yes"
42,no,"Step-by-step summary:
   - Find the probability of recovering given vaccination: 15% / 41% ≈ 36.6%.
   - Compare this to the recovery rate with vaccine refusal: 39%.
   - 36.6% is less than 39%, so recovery is not more likely with the vaccine.

3. No"
43,no,"1. To determine if the chance of recovery is larger when observing a high hospital bill, we need to compare the conditional probabilities of recovery given a high hospital bill and a low hospital bill. We know the probability of a high hospital bill is 51%, and the probability of recovery with a high hospital bill is 10%. Thus, the probability of recovery given a high hospital bill is \( \frac{10\%}{51\%} \approx 19.6\% \). The probability of recovery with a low hospital bill is 30%, but without the probability of a low hospital bill, we can't directly calculate the conditional probability of recovery given a low hospital bill. Assuming the rest of the bills are low (49%), the chance of recovery given a low hospital bill is \( \frac{30\%}{49\%} \approx 61.2\% \). Since 61.2% is greater than 19.6%, recovery is more likely with a low hospital bill.

2. Summary:
   - Calculate recovery probability given high bill: \( \frac{10\%}{51\%} \approx 19.6\% \).
   - Calculate recovery probability given low bill (assuming 49% low bill probability): \( \frac{30\%}{49\%} \approx 61.2\% \).
   - Compare: 61.2% (low bill) > 19.6% (high bill).

3. No"
44,no,"Step-by-step:
   - Identify probability of lung cancer for smoking genes: 58%.
   - Identify probability of lung cancer for nonsmoking genes: 52%.
   - Compare probabilities: 58% is greater than 52%.
   - Conclusion: Smoking genes show a higher likelihood of lung cancer.

3. No"
45,no,"1. To determine if the chance of recovery is smaller when a person receives treatment, we compare the probability of recovery with and without treatment. The probability of recovery given treatment is 20%. The probability of recovery without treatment can be deduced from those who receive no treatment (46%, as 100% - 54% = 46% receive no treatment) and recover, which is 29%. Thus, the recovery rate without treatment is 29% of 46%, which is approximately 13.34%. Since 20% is greater than 13.34%, the chance of recovery is actually higher with treatment.

2. - Probability of recovery with treatment: 20%
   - Probability of no treatment: 46%
   - Probability of recovery without treatment: 29% of 46% ≈ 13.34%
   - 20% (with treatment) > 13.34% (without treatment)

3. No"
46,yes,"1. To determine if the chance of cholera contraction is smaller when observing clean water, we need to compare the probabilities of contracting cholera given clean water and given polluted water. The probability of cholera contraction with clean water is 11%. The probability of polluted water and cholera contraction is 30%. Since these are the only two conditions considered, the condition with polluted water must have a probability of cholera contraction greater than 11%, as the overall probability of cholera contraction is higher when polluted water is present. Therefore, the chance of cholera contraction is smaller when observing clean water.

2. Summary:
   - Probability of cholera with clean water: 11%
   - Probability of cholera with polluted water must be higher due to overall probability.
   - Chance of cholera is smaller with clean water.

3. Yes"
47,yes,"step-by-step summary of the reasoning:

- The probability of scurvy is 83% without citrus and 56% with citrus.
- The question asks about the likelihood within citrus consumers if they hadn't consumed citrus.
- Not consuming citrus increases scurvy probability to 83%.
- Therefore, scurvy is more likely without citrus consumption.

3. The single word answer: 'Yes' or 'No'

Yes"
48,yes,"Step-by-step summary:
   - Calculate average alarm probability when husband doesn’t set it: (0.98 * 0.64) + (0.51 * 0.36).
   - Calculate average alarm probability when husband sets it: (0.63 * 0.07) + (0.17 * 0.93).
   - Compare the two probabilities.
   - The probability is higher when the husband doesn’t set it, indicating a negative effect.

3. Yes"
49,no,"1. To determine if an increased price is less likely than a reduced price overall, we need to consider the probabilities of both increased and reduced supply. We know the probability of increased supply is 75%, making the probability of reduced supply 25%. For situations with increased supply, the probability of increased price is 77%, and for reduced supply, it's 48%. We calculate the overall probability of increased price as follows: (0.75 * 0.77) + (0.25 * 0.48) = 0.5775 + 0.12 = 0.6975 or 69.75%. Since the total probability must add up to 100%, the probability of a reduced price is 100% - 69.75% = 30.25%. Therefore, increased price is more likely than reduced price overall.

2. Summary:
   - Probability of increased supply: 75% 
   - Probability of reduced supply: 25%
   - Probability of increased price with increased supply: 77%
   - Probability of increased price with reduced supply: 48%
   - Overall probability of increased price: 69.75%
   - Overall probability of reduced price: 30.25%
   - Conclusion: Increased price is more likely than reduced price

3. No"
50,yes,"step-by-step summary of the reasoning:

- Calculate death probability for stairs based on mood: 45.72%
- Calculate death probability for elevator based on mood: 48.2%
- The elevator has a higher death probability, indicating a negative impact.

3. The single word answer: 'Yes' or 'No'

Yes"
51,yes,"1. To determine if an employee being fired is more likely than not being fired, we need to calculate the overall probability of an employee being fired. We know the following:
   - The probability of a manager signing the termination letter is 86%.
   - If the manager signs, the probability of the employee being fired is 70%.
   - If the manager does not sign, the probability of the employee being fired is 31%.

   We calculate the overall probability of the employee being fired as follows:
   - Probability of the employee being fired when the manager signs: 0.86 * 0.70 = 0.602
   - Probability of the employee being fired when the manager does not sign: 0.14 * 0.31 = 0.0434

   Adding these gives the overall probability of being fired: 0.602 + 0.0434 = 0.6454 or 64.54%.

   Since 64.54% is more than 50%, the employee is more likely to be fired than not being fired.

2. Summary:
   - Calculate probability of being fired if manager signs: 86% * 70% = 60.2%
   - Calculate probability of being fired if manager doesn’t sign: 14% * 31% = 4.34%
   - Add these probabilities: 60.2% + 4.34% = 64.54%
   - Compare to 50%: 64.54% > 50%, so being fired is more likely.

3. Yes"
52,yes,"1. The question asks which method is more correct for understanding how encouragement level affects exam scores. Method 1 considers individual variations by analyzing how encouragement correlates with exam scores based on specific studying habits. This method allows for a more nuanced understanding, as it accounts for potential confounding variables that could influence the relationship between encouragement and exam performance. Method 2, on the other hand, provides a broader perspective by examining the general correlation between encouragement and exam scores, but it may overlook important individual differences and confounding factors. Therefore, Method 1 is more appropriate for a detailed understanding because it accounts for individual variations that could affect the outcomes.

2. Summary:
   - Method 1 considers individual studying habits, offering a nuanced analysis.
   - Method 2 provides a general correlation, potentially missing important details.
   - Method 1 is more correct for understanding the effect of encouragement on exam scores.

3. Yes"
53,yes,"step-by-step summary of the reasoning:
- Compare recovery probabilities for no pre-conditions: 99% (no vaccine) vs. 78% (vaccine).
- Compare recovery probabilities for pre-conditions: 25% (no vaccine) vs. 3% (vaccine).
- Both comparisons show higher recovery rates for those refusing the vaccine.
- Weighted by the overall pre-condition probability, the vaccine decreases recovery chances.

3. The single word answer:
Yes"
54,yes,"Step-by-step summary:
   - Compare probabilities of child intelligence based on parental intelligence.
   - For low social status: 53% (unintelligent) vs. 75% (intelligent).
   - For high social status: 22% (unintelligent) vs. 49% (intelligent).
   - In both cases, intelligent parents increase child intelligence likelihood.

3. Yes"
55,yes,"step-by-step summary of the reasoning:
- Probability of high salary without a degree: 40%.
- Probability of high salary with a degree: 61%.
- Compare probabilities: 61% > 40%.
- Conclusion: A degree increases the chance of a high salary, not decreases.

3. The single word answer: 'Yes' or 'No'
No"
56,yes,"step-by-step summary of the reasoning:

- Identify the probability of admission for nonsmokers: 58%.
- Identify the probability of admission for smokers: 48%.
- Compare the two probabilities: 48% is less than 58%.
- Conclusion: Smoking decreases the probability of admission by 10%.

3. The single word answer: 'Yes' or 'No'

Yes"
57,no,"Step-by-step summary:  
1. Calculate probability of attractive and talented: 0.47 * 0.19  
2. Calculate probability of unattractive and talented: 0.53 * 0.19  
3. Sum to find total probability of talent: 19%  
4. Calculate lack of talent: 1 - 0.19 = 81%  
5. Compare: 19% (talent) < 81% (lack of talent)

No"
58,yes,"Step-by-step:
   - Probability of taking all drugs and low cholesterol: 7%
   - Probability of taking all drugs: 21%
   - Conditional probability of low cholesterol given taking all drugs: 7% / 21% = 33.3%
   - Probability of low cholesterol when not taking all drugs: 20%
   - Compare: 33.3% > 20%

3. Yes"
59,yes,"step-by-step summary of the reasoning:  
- Method 1 gives a broad overview of education's impact on salary.
- Method 2 offers a detailed analysis by considering skill variations.
- Skills can significantly influence salary, affecting the correlation.
- Method 2 provides a more comprehensive understanding by including skills.

3. The single word answer: 'Yes' or 'No':  
No"
60,yes,"step-by-step summary of the reasoning:

- Method 1 accounts for kidney stone size, a potential confounding variable.
- This allows for a more precise analysis of treatment effectiveness.
- Method 2 looks at the general correlation, which might be misleading.
- Understanding specific factors provides clearer insights into treatment outcomes.

3. The single word answer:

Yes"
61,yes,"step-by-step summary of the reasoning:

- Compare probabilities of child intelligence with varying parental intelligence and social status.
- Observe that children with intelligent parents consistently have higher probabilities of being intelligent.
- Note that high social status enhances child intelligence probabilities but is not a negative influence.
- Conclude that parental intelligence does not negatively affect child intelligence via social status.

3. The single word answer: 'Yes' or 'No'

No"
62,no,"Step-by-step summary:
   - Probability of kindness is 1%; probability of mean is 99%.
   - Both groups have 84% probability of being attractive.
   - Overall attractive probability: (0.99 * 0.84) + (0.01 * 0.84) = 0.84 (84%).
   - Attractive appearance probability (84%) > 50%.

3. No"
63,no,"1. To determine if the chance of a ringing alarm is larger when the alarm is set by the husband, we need to compare two probabilities: the probability of the alarm ringing given that it is set by the husband, and the probability of the alarm ringing without this condition. The probability of the alarm set by the husband and ringing is 2%, and the probability of the alarm set by the husband is 10%. Therefore, the probability of ringing given that it is set by the husband is \( \frac{2\%}{10\%} = 20\% \). The probability of the alarm ringing without the condition of being set by the husband is the sum of the probability of ringing when set by the husband (2%) and when not set by the husband (73%), which totals 75%. Since 20% is less than 75%, the chance of a ringing alarm is not larger when observing the alarm set by the husband.

2. - Calculate probability of ringing given the alarm is set by husband: \( \frac{2\%}{10\%} = 20\%\).
   - Calculate total probability of ringing: \( 2\% + 73\% = 75\%\).
   - Compare both probabilities: 20% (with husband setting) vs. 75% (overall).

3. No"
64,yes,"1. To determine if the chance of lung cancer is larger when observing smoking, we need to compare the probabilities of lung cancer among smokers and nonsmokers. We know the probability of smoking is 15%. The probability of smoking and lung cancer is 13%. Thus, the probability of lung cancer given smoking is 13% / 15% = 86.67%. For nonsmokers, the probability of nonsmoking and lung cancer is 55%. Since the probability of nonsmoking is 85% (100% - 15%), the probability of lung cancer given nonsmoking is 55% / 85% = 64.71%. Since 86.67% (smokers) is greater than 64.71% (nonsmokers), the chance of lung cancer is larger when observing smoking.

2. Summary:
   - Calculate probability of lung cancer given smoking: 13% / 15% = 86.67%.
   - Calculate probability of lung cancer given nonsmoking: 55% / 85% = 64.71%.
   - Compare: 86.67% (smokers) > 64.71% (nonsmokers).

3. Yes"
65,no,"step-by-step summary of the reasoning:

- Identify the correlation between education and higher salary.
- Recognize that the data does not specify if skills are the cause.
- Additional evidence is needed to link education to salary through skills alone.

3. The single word answer: 

No"
66,yes,"1. To determine how respiratory issues affect broken bones, Method 1 is more precise because it considers the hospitalization status on a case-by-case basis. This method allows for a more detailed analysis of individual circumstances and controls for variables that might influence the relationship between respiratory issues and broken bones. Method 2 provides a broader, less specific overview that might miss nuances present in individual cases. By analyzing each case separately, Method 1 can identify patterns and causal relationships that a general method might overlook, thus giving a clearer understanding of the effect.

2. Summary:
   - Method 1 analyzes each case individually, considering hospitalization status.
   - This method provides a detailed and controlled analysis.
   - It identifies patterns and causal relationships more effectively than a general approach.

3. Yes"
67,no,"step-by-step summary of the reasoning:

- Probability with nonsmoking genes: 47%
- Probability with smoking genes: 53%
- 53% is greater than 47%, indicating an increase, not a decrease.
- Conclusion: Smoking genes increase lung cancer probability.

3. The single word answer:

No"
68,yes,"step-by-step summary of the reasoning:

- Probability of admission for males: 42%
- Probability of admission for non-males: 81%
- Compare probabilities: 81% > 42%
- Conclusion: Acceptance is more likely if the individual is not male.

3. The single word answer: 'Yes' or 'No'

No"
69,yes,"step-by-step summary of the reasoning:

- Compare lifespan probabilities with and without diabetes for both weight categories.
- Observe that diabetes increases lifespan probability in both categories.
- Note that obesity has a slightly higher increase in lifespan with diabetes compared to normal weight.
- Realize that the lower diabetes probability in obese individuals doesn't directly imply obesity positively affects lifespan through diabetes.
- Conclude that the data doesn't clearly show obesity itself positively affecting lifespan through diabetes.

3. The single word answer: 'Yes' or 'No'

No"
70,yes,"1. To determine if vaccination decreases the chance of smallpox survival, we compare the survival probabilities for vaccinated and unvaccinated individuals. The probability of survival for unvaccinated individuals is 56%, while for vaccinated individuals, it is 49%. Since the survival rate is higher for unvaccinated individuals, vaccination appears to decrease the chance of survival. Normally, vaccination is expected to increase survival rates, so these figures might suggest either incorrect data or a misinterpretation.

2. - Compare survival rates: 56% for unvaccinated vs. 49% for vaccinated.
   - Higher survival rate for unvaccinated suggests decreased survival with vaccination.
   - Conclusion: Vaccination decreases survival based on provided data.

3. Yes"
71,no,"1. To determine if the chance of recovery is smaller when observing a high hospital bill, we need to compare the probabilities of recovery given each type of hospital bill. We know the probability of a high hospital bill is 57%, and the probability of high hospital bill and recovery is 37%. The probability of recovery given a high hospital bill is calculated as the probability of high hospital bill and recovery divided by the probability of a high hospital bill, which is \( \frac{37\%}{57\%} \approx 64.91\% \). For a low hospital bill, we have the probability of low hospital bill and recovery as 14%. If we assume that the sum of the probabilities of high and low hospital bills is 100%, then the probability of a low hospital bill is 43%. The probability of recovery given a low hospital bill would be \( \frac{14\%}{43\%} \approx 32.56\% \). Since 64.91% (high bill) is greater than 32.56% (low bill), the chance of recovery is not smaller when observing a high hospital bill.

2. - Calculate the probability of recovery given a high hospital bill: \( \frac{37\%}{57\%} \approx 64.91\% \).
   - Assume the probability of a low hospital bill is 43%.
   - Calculate the probability of recovery given a low hospital bill: \( \frac{14\%}{43\%} \approx 32.56\% \).
   - Compare: 64.91% (high) vs. 32.56% (low).
   - Conclusion: The chance of recovery is not smaller with a high bill.

3. No"
72,yes,"step-by-step summary of the reasoning:
- Method 1 analyzes gender and admission status by department, considering competitiveness.
- Method 2 looks at the overall correlation without considering departmental differences.
- Method 1 avoids aggregation bias and provides detailed insights.
- Therefore, Method 1 is more appropriate for understanding gender's effect on admissions.

3. The single word answer: 'Yes' or 'No'

Yes"
73,yes,"1. To determine if admission acceptance is more likely than rejection overall, we need to calculate the total probability of acceptance. The overall probability of being male is 19%, so the probability of not being male is 81%. The probability of acceptance for both males and non-males is 65%. Therefore, the probability of acceptance is calculated as follows: For males, 19% * 65% = 12.35%; for non-males, 81% * 65% = 52.65%. Adding these gives a total acceptance probability of 12.35% + 52.65% = 65%. Since the probability of acceptance is 65%, which is higher than the probability of rejection (35%), admission acceptance is more likely.

2. Summary:
   - Probability of being male: 19%
   - Probability of not being male: 81%
   - Acceptance probability for both groups: 65%
   - Calculate acceptance probability: 19% * 65% + 81% * 65% = 65%
   - Acceptance probability (65%) > Rejection probability (35%)

3. Yes"
74,no,"1. To determine whether the chance of increased price is larger when observing increased supply, we need to consider the given probabilities. The probability of increased supply is 56%. The probability of increased supply and increased price is 23%. We can find the conditional probability of increased price given increased supply by dividing the joint probability of increased supply and increased price (23%) by the probability of increased supply (56%). This gives us 23% / 56% ≈ 41.07%. Without specific data on the overall probability of increased price, we cannot definitively compare this conditional probability to the overall probability of increased price. Therefore, we cannot conclude that the chance of increased price is larger when observing increased supply based solely on the given information.

2. - Identify the probability of increased supply: 56%
   - Identify the joint probability of increased supply and increased price: 23%
   - Calculate the conditional probability of increased price given increased supply: 23% / 56% ≈ 41.07%
   - Lack of overall probability of increased price prevents definitive comparison
   - Conclude that the available data is insufficient to answer the question

3. No"
75,yes,"1. To determine if the chance of recovery is larger when observing a high hospital bill, we need to compare the conditional probabilities of recovery given high and low hospital bills. We know the probability of a high hospital bill is 55%, and the probability of recovery with a high bill is 40%. This gives us a conditional probability of recovery given a high bill as \( \frac{0.40}{0.55} \approx 0.727 \) or 72.7%. The probability of recovery with a low hospital bill is 17%. Therefore, the chance of recovery is indeed larger when a high hospital bill is observed.

2. - Calculate the probability of recovery given a high bill: \( \frac{0.40}{0.55} \approx 0.727 \).
   - Compare this with the probability of recovery given a low bill: 17%.
   - Since 72.7% is greater than 17%, recovery is more likely with a high bill.

3. Yes"
76,yes,"1. To determine if the chance of high infant mortality is larger when observing a smoking mother, we compare the probabilities of high infant mortality given smoking and nonsmoking mothers. The probability of smoking mothers is 97%, with a 38% chance of high infant mortality in this group. The probability of nonsmoking mothers is 3% (100% - 97%), with a 2% chance of high infant mortality. Since 38% is significantly higher than 2%, the chance of high infant mortality is indeed larger when observing a smoking mother.

2. - Probability of smoking mothers is 97%.
   - Probability of high infant mortality with nonsmoking mothers is 2%.
   - Probability of high infant mortality with smoking mothers is 38%.
   - 38% is greater than 2%, indicating a higher chance with smoking mothers.

3. Yes"
77,yes,"step-by-step summary of the reasoning:
- Probability of ringing when not set by husband: 38%
- Probability of ringing when set by husband: 60%
- Increase from 38% to 60% indicates a higher likelihood
- Conclusion: Setting the alarm increases the chance of it ringing

3. The single word answer: 'Yes' or 'No'
Yes"
78,yes,"Step-by-step summary:
   - Calculate contribution from nonsmoking mothers: 0.65 * 0.67 = 43.55%
   - Calculate contribution from smoking mothers: 0.35 * 0.34 = 11.9%
   - Total probability of normal birth weight: 43.55% + 11.9% = 55.45%
   - Since 55.45% > 50%, normal birth weight is more likely.

3. Yes"
79,yes,"step-by-step summary of the reasoning:

- Intelligent parents and high social status, with an active confounder, lead to an intelligent child.
- The confounder is inactive, so it does not affect the outcome.
- Without intelligent parents (unintelligent parents), the primary factor for child intelligence is missing.
- Therefore, the child is less likely to be intelligent without intelligent parents.

3. The single word answer: 'Yes' or 'No'

Yes"
80,no,"Step-by-step summary:
   - Method 1 provides a broad overview.
   - Method 2 considers specific factors like diabetes.
   - Diabetes significantly influences obesity's impact on lifespan.
   - Method 2 offers a more nuanced understanding.
   - Method 2 is more likely to yield accurate insights.

3. No"
81,yes,"step-by-step summary of the reasoning:

- Method 1 considers birth weight, a significant factor influencing infant mortality.
- Method 1 provides a more detailed and specific analysis.
- Method 2 offers a general overview but lacks depth and specificity.
- Method 1 is more suitable for understanding the effects of smoking on infant mortality.

3. The single word answer:

Yes"
82,no,"1. The scenario describes a causal relationship where the husband's alarm leads to the wife's alarm being set, and both alarms being set lead to the alarm ringing. If the husband's alarm is set, it causes the wife's alarm to also be set, and together they cause the alarm to ring. The question asks if the alarm won't ring if the husband's alarm is set, instead of not set. Since the husband's alarm being set triggers the wife's alarm and both cause the alarm to ring, the alarm would ring. Therefore, the assumption that the alarm wouldn't ring is incorrect.

2. - Husband's alarm set → Wife's alarm set
   - Both alarms set → Alarm rings
   - Husband's alarm set implies alarm rings
   - Conclusion: The alarm will ring

3. No"
83,no,"1. The probability of cholera contraction is higher for people served by the local water company (61%) compared to those served by the global water company (50%). Additionally, the probability of having clean water is much lower with the local company (14%) compared to the global company (45%). The higher clean water probability with the global company correlates with a lower chance of contracting cholera. Therefore, it appears that clean water contributes to a decreased chance of cholera contraction rather than an increase.

2. - Local water company has 61% cholera contraction and 14% clean water.
   - Global water company has 50% cholera contraction and 45% clean water.
   - Higher clean water probability is associated with lower cholera contraction.
   - Conclusion: Clean water likely decreases, not increases, cholera contraction.

3. No"
84,no,"1. To determine whether it would be more likely to see a dark room if the person had not blown out the candle, we compare the probabilities provided. For people who blow out candles, the probability of a dark room is 61%. For those who do not blow out candles, the probability of a dark room is 30%. Since 61% is higher than 30%, it is more likely to see a dark room when the candle is blown out than when it is not. Therefore, it would not be more likely to see a dark room if the person had not blown out the candle.

2. Summary:
   - Probability of dark room with blown-out candle: 61%
   - Probability of dark room without blown-out candle: 30%
   - 61% > 30%, so a dark room is more likely with a blown-out candle.

3. No"
85,yes,"step-by-step summary of the reasoning:
- In low-tax areas: 7% normal birth weight, 6% smoking mothers.
- In high-tax areas: 22% normal birth weight, 49% smoking mothers.
- Higher normal birth weight in high-tax areas despite more smoking mothers.
- Suggests other factors, not smoking, affecting birth weight.
- Smoking mothers do not directly decrease normal birth weight chance.

3. The single word answer: 'Yes' or 'No':

No"
86,yes,"Step-by-step summary:
   - Identify recovery probability for patients receiving treatment: 6% (males), 61% (non-males).
   - Identify recovery probability for patients not receiving treatment: 36% (males), 92% (non-males).
   - Compare probabilities: Recovery is higher without treatment for both groups.
   - Conclude that recovery is more likely without treatment.

3. Yes"
87,no,"1. Based on the information given, taking medication leads to low blood pressure. Additionally, both taking medication and having high blood pressure contribute to a healthy heart. If a person does not take medication, they will not experience the low blood pressure effect caused by the medication. Since high blood pressure and medication together are needed for a healthy heart, not taking medication would mean one of these conditions is missing. Therefore, it is unlikely the person would have a healthy heart if they are not taking medication, as they would be missing the component that helps achieve the desired state.

2. - Taking medication causes low blood pressure.
   - Medication and high blood pressure together lead to a healthy heart.
   - Not taking medication means missing the low blood pressure effect.
   - Without medication, the person lacks a necessary condition for a healthy heart.

3. No"
88,yes,"step-by-step summary of the reasoning:
- Compare probabilities: 11% for no degree vs. 53% with a degree.
- Higher probability with a degree suggests a positive effect.
- Education likely increases skills, leading to higher salaries.

3. The single word answer: 'Yes' or 'No'
No"
89,no,"Step-by-step summary:
   - Calculate P(D|B) = 0.36 / 0.54 = 0.67
   - Calculate P(D|not B) = 0.16 / 0.46 ≈ 0.348
   - Compare: 0.67 > 0.348
   - Conclusion: Dark room chance is not smaller when the candle is blown out.

3. No"
90,yes,"1. To determine if the chance of arriving to school on time is larger when observing waking up late, we need to compare conditional probabilities. We know the probability of waking up late is 6% (0.06), and the probability of waking up late and arriving on time is 5% (0.05). The conditional probability of arriving on time given waking up late is 0.05 / 0.06 ≈ 0.8333 (or 83.33%). Now, we consider the unconditional probability of arriving on time, which includes both waking up on time and late. The probability of arriving on time given waking up on time can be derived from the remaining probability of arriving on time. The total probability of arriving on time is the sum of waking up on time and arriving on time (44%) and waking up late and arriving on time (5%), which is 49%. The conditional probability of arriving on time given waking up on time would be 44% / (1 - 6%) = 44% / 94% ≈ 0.4681 (or 46.81%). Since 83.33% is greater than 46.81%, the chance of arriving on time is indeed larger when observing waking up late.

2. - Calculate the conditional probability of arriving on time given waking up late: 5% / 6% ≈ 83.33%.
   - Calculate the conditional probability of arriving on time given waking up on time: 44% / 94% ≈ 46.81%.
   - Compare the two probabilities: 83.33% is greater than 46.81%.

3. Yes"
91,yes,"step-by-step summary of the reasoning:

- Scurvy is caused by vitamin C deficiency.
- Citrus is a source of vitamin C.
- Probability of scurvy is higher (83%) without citrus.
- Probability of scurvy is lower (56%) with citrus.
- Citrus intake reduces the risk of scurvy.

3. The single word answer: 'Yes' or 'No'

No"
92,no,"step-by-step summary of the reasoning:
- Method 2 looks directly at the season-ground relationship.
- Method 1 introduces the sprinkler as an intermediary variable.
- The direct approach of Method 2 is less complex and more straightforward.
- Method 2 avoids confounding factors from additional variables.

3. The single word answer:
No"
93,yes,"1. To understand how eating citrus affects scurvy, Method 1 examines the correlation between eating citrus and scurvy on a case-by-case basis, considering the role of vitamin C. This method is more precise because it directly examines the mechanism (vitamin C) by which citrus fruits prevent scurvy. It allows for a detailed understanding of causation rather than just correlation. Method 2, although useful for observing trends, does not account for the underlying mechanism and can miss key details about individual variations and other factors that may influence the relationship. Therefore, Method 1 is more correct for understanding the specific effects of citrus on scurvy.

2. Summary:
   - Method 1 looks at the correlation case-by-case, focusing on vitamin C.
   - It provides a precise understanding of the mechanism.
   - Method 2 observes general trends but lacks detailed causation insights.
   - Method 1 is more correct for understanding the effects of citrus on scurvy.

3. Yes"
94,yes,"step-by-step summary of the reasoning:

- Dry season wet ground probability: 50%
- Rainy season wet ground probability: 51%
- In the rainy season, wet ground is more likely than in the dry season.
- Conclusion: It is not less likely to see wet ground in the rainy season compared to if it had been dry.

3. The single word answer: 'Yes' or 'No'

No"
95,yes,"Step-by-Step Summary:**
   - Probability of blowing out the candle: 18%
   - Probability of not blowing out the candle: 82%
   - Dark room probability if candle blown out: 54%
   - Dark room probability if candle not blown out: 87%
   - Overall dark room probability: \(0.0972 + 0.7134 = 0.8106\)
   - Compare 81.06% to 50%: Dark room is more likely

3. **Single Word Answer:**
   Yes"
96,yes,"Step-by-step reasoning:
   - Calculate the probability of a high salary for college graduates: 0.92 * 0.38 = 0.3496
   - Calculate the probability of a high salary for non-graduates: 0.08 * 0.18 = 0.0144
   - Add the two probabilities to get the overall high salary probability: 0.3496 + 0.0144 = 0.364
   - Subtract from 1 to find the low salary probability: 1 - 0.364 = 0.636
   - Compare: 0.364 (high) < 0.636 (low)

3. Yes"
97,yes,"step-by-step summary of the reasoning:

- Method 1 provides a general correlation across the population.
- Method 2 examines the correlation in specific contexts.
- Method 2 offers a nuanced, contextually relevant analysis.
- Method 2 is more correct for detailed understanding in specific scenarios.

3. The single word answer: 'Yes' or 'No'

No"
98,yes,"step-by-step summary of the reasoning:

- Probability of death if released: 29%
- Probability of death if executed: 81%
- 81% is significantly greater than 29%
- Conclusion: Execution increases death probability.

3. The single word answer: 'Yes' or 'No':

Yes"
99,yes,"step-by-step summary of the reasoning:
- Smoking causes no tar deposit.
- High tar deposit causes lung cancer.
- No tar deposit reduces the risk of lung cancer from tar.
- Thus, smoking prevents lung cancer due to tar, according to the scenario.

3. The single word answer: 'Yes' or 'No' 
Yes"
100,yes,"step-by-step summary of the reasoning:

- The correlation coefficient is -0.05, which is close to zero.
- This indicates a negligible or very weak relationship.
- There is no significant correlation between talent and hard work.
- Correlation does not imply causation.
- Therefore, talent does not affect being hard-working.

3. The single word answer: 'Yes' or 'No'

No"
101,yes,"step-by-step summary of the reasoning:
- Execution probability of death: 75%
- Release probability of death: 31%
- Compare probabilities: 31% < 75%
- Conclusion: Less likely to die if released

3. The single word answer: 'Yes' or 'No'
Yes"
102,no,"1. Based on the information provided, male gender is associated with a competitive department, and both male gender and competitive department are linked to admission acceptance. If an applicant is of non-male gender, this changes one of the conditions that contribute to admission acceptance. However, the presence of a competitive department still remains a factor that might influence acceptance. Without additional information, it's unclear whether the non-male gender alone would lead to rejection, as competitive department status could still play a role in acceptance.

2. Summary:
   - Male gender leads to competitive department.
   - Male gender and competitive department lead to acceptance.
   - Non-male gender changes one of these conditions but not necessarily the outcome.
   - Insufficient information to definitively conclude rejection based solely on gender.

3. No"
103,no,"1. To determine if the chance of an intelligent child is smaller when observing intelligent parents, we need to compare the probabilities of an intelligent child given intelligent parents versus unintelligent parents. We know the probability of intelligent parents is 51%, and the probability of intelligent parents and an intelligent child is 34%. This implies the probability of an intelligent child given intelligent parents is 34% / 51%. For unintelligent parents resulting in an intelligent child, we know that probability is 18%, but we don't have the direct probability of unintelligent parents alone. However, since we are comparing conditional probabilities, 34% / 51% is approximately 66.67%, which is higher than 18%. Thus, the chance of an intelligent child is greater when observing intelligent parents.

2. - Calculate probability of intelligent child given intelligent parents: 34% / 51%.
   - This equals approximately 66.67%.
   - Compare with probability of intelligent child given unintelligent parents: 18%.
   - 66.67% is greater than 18%, so chance is not smaller with intelligent parents.

3. No"
104,no,"1. To determine if the chance of an intelligent child is smaller when observing intelligent parents, we need to compare conditional probabilities. We are given that the probability of unintelligent parents and an intelligent child is 20% and the probability of intelligent parents and an intelligent child is 43%. The probability of intelligent parents is 60%. We want to find the probability of an intelligent child given intelligent parents, which is the probability of intelligent parents and an intelligent child divided by the probability of intelligent parents. This is 43% divided by 60%, which equals approximately 71.67%. Since this is a conditional probability, it directly tells us the likelihood of an intelligent child when the parents are intelligent. The problem doesn't specify the probability of an intelligent child in general, so we can't compare it to a baseline. Therefore, we cannot definitively say from the information provided if the chance is smaller or not.

2. - Find the probability of intelligent child given intelligent parents: 43% / 60% = 71.67%.
   - The problem doesn't provide a baseline for comparison.
   - Conclusion: Insufficient information to determine if it's smaller.

3. No"
105,no,"step-by-step summary of the reasoning:

- Compare admission probabilities: Smokers (hard-working) 59% vs. Nonsmokers (hard-working) 62%.
- Smokers are more likely to be hard-working (69%) than nonsmokers (28%).
- Despite higher work effort likelihood, smokers have lower admission rates.
- Conclusion: Smoking does not positively affect admission through effort.

3. The single word answer: 'No'"
106,yes,"step-by-step summary of the reasoning:

- Pre-conditions can cause vaccine refusal.
- Pre-conditions plus vaccination lead to recovery.
- The person has pre-conditions and refuses the vaccine.
- Without vaccination, recovery is unlikely, increasing the risk of death.

3. The single word answer: 'Yes' or 'No'

Yes"
107,no,"1. To determine if the person would have no lung cancer if they have the smoking gene instead of the nonsmoking gene, we need to consider the factors that contribute to lung cancer. The presence of the smoking gene and high pollution causes smoking, and both smoking and high pollution are contributing factors to lung cancer. If the person has the smoking gene, it increases the likelihood of smoking, which combined with high pollution, increases the risk of lung cancer. Therefore, having the smoking gene would not guarantee that the person has no lung cancer; in fact, it would likely increase the risk.

2. - The smoking gene and high pollution lead to smoking.
   - Smoking and high pollution contribute to lung cancer.
   - If the person has the smoking gene, they are more likely to smoke.
   - Increased smoking risk with high pollution increases lung cancer risk.
   - Therefore, the presence of the smoking gene does not ensure the absence of lung cancer.

3. No"
108,yes,"step-by-step summary of the reasoning:

- Probability of wet ground in dry season: 56%
- Probability of wet ground in rainy season: 43%
- Compare probabilities: 56% (dry) > 43% (rainy)
- Conclusion: More likely to see wet ground in dry season

3. The single word answer: 'Yes' or 'No':

No"
109,yes,"step-by-step summary of the reasoning:
- Males are more likely to be in white-collar jobs at both skill levels.
- Males in white-collar jobs have a lower probability of high salary (20%) compared to non-males (35%).
- Thus, gender does not positively affect salary through occupation, as males earn less in white-collar roles.

3. The single word answer: 'Yes' or 'No'
No"
110,no,"1. The question poses a causal relationship where intelligent parents, along with a confounder and high parental social status, lead to an intelligent child. Since the confounder is active and potentially influences both parental intelligence and child intelligence, the presence of intelligent parents would still likely result in an intelligent child due to the active confounder and high social status. The switch from intelligent to unintelligent parents would reduce the likelihood of the child being intelligent, as one of the direct causes is altered. However, because the confounder and high social status still influence the outcome, the possibility remains that the child could be intelligent. Thus, the child's intelligence is not guaranteed to be affected negatively solely by changing the parents' intelligence.

2. Summary:
   - Intelligent parents, active confounder, high status lead to intelligent child.
   - Confounder active affects both parental intelligence and child intelligence.
   - Changing to unintelligent parents reduces likelihood but doesn't ensure unintelligent child due to other factors.
   - The child might still be intelligent due to active confounder and high status.

3. No"
111,yes,"Step-by-step reasoning:
   - Calculate the probability of broken bones: 0.49 * 0.19 + 0.51 * 0.19 = 0.19
   - Calculate the probability of no broken bones: 1 - 0.19 = 0.81
   - Compare probabilities: 19% (broken bones) is less than 81% (no broken bones)

3. Yes"
112,yes,"step-by-step summary of the reasoning:
- Confounder inactive, so its influence is not present.
- Proximity to college increases likelihood of a college degree.
- A college degree is associated with higher salaries.
- Without a college degree, chances of a high salary decrease.

3. The single word answer: 'Yes' or 'No'
No"
113,no,"1. To determine whether the ringing alarm is less likely than the silent alarm overall, we need to calculate the overall probability of the alarm ringing. First, consider the probability that the husband sets the alarm, which is 77%. If the alarm is set, the probability that it rings is 90%. Thus, the probability of ringing when the alarm is set is \(0.77 \times 0.90 = 0.693\) or 69.3%. Next, consider the probability that the husband does not set the alarm, which is 23% (100% - 77%). If the alarm is not set, the probability that it rings is 27%. Thus, the probability of ringing when the alarm is not set is \(0.23 \times 0.27 = 0.0621\) or 6.21%. The overall probability of the alarm ringing is the sum of these two probabilities: \(0.693 + 0.0621 = 0.7551\) or 75.51%. Since the probability of the alarm ringing (75.51%) is greater than the probability of the alarm being silent (24.49%), ringing is more likely.

2. Summary:
   - Probability of setting the alarm: 77%
   - Probability of ringing if set: 90% (calculated as 69.3%)
   - Probability of not setting the alarm: 23%
   - Probability of ringing if not set: 27% (calculated as 6.21%)
   - Total probability of ringing: 75.51%
   - Ringing is more likely than silent (75.51% > 24.49%).

3. No"
114,yes,"step-by-step summary of the reasoning:

- Method 1 assesses vaccination effects based on individual preconditions.
- This approach accounts for variables like age and health conditions.
- Method 2 does not consider these individual differences.
- Method 1 offers a more accurate and detailed analysis.

3. The single word answer: 'Yes' or 'No'

Yes"
115,yes,"step-by-step summary of the reasoning:

- Method 1 uses a specific indicator (candle) for a detailed case-by-case analysis.
- This leads to more precise insights for each specific situation.
- Method 2 provides a general overview without focusing on specific details.
- For detailed understanding, Method 1 is more suitable.

3. The single word answer: 'Yes' or 'No' 

Yes"
116,no,"Step-by-step summary:
   - A correlation of -0.04 is very weak and negative.
   - This suggests a negligible relationship between kindness and attractive appearance.
   - No meaningful effect of kindness on attractive appearance can be inferred.

3. No"
117,yes,"step-by-step summary of the reasoning:
- Compare acceptance probabilities: Males (31%) vs. Non-males (40%).
- Non-males have a higher acceptance probability (40% > 31%).
- If a male were not male, their acceptance likelihood would increase.
- Therefore, it would not be less likely for admission acceptance.

3. The single word answer: 'Yes' or 'No'
No"
118,yes,"step-by-step summary of the reasoning:

- Compare recovery probabilities for non-male patients: 4% without treatment vs. 25% with treatment.
- Compare recovery probabilities for male patients: 76% without treatment vs. 97% with treatment.
- Recovery probability increases with treatment in both groups.
- Conclusion: Treatment increases the chance of recovery.

3. The single word answer: 'Yes' or 'No'

Yes"
119,yes,"step-by-step summary of the reasoning:

- Confounder active is necessary for obtaining a college degree when living close to a college.
- Confounder active is necessary for achieving a high salary with a college degree.
- In the scenario, the confounder is inactive.
- Without the active confounder, the usual pathway to a high salary is disrupted.
- Therefore, the person would likely have a low salary despite having a college degree.

3. The single word answer: 'Yes' or 'No'

Yes"
120,no,"Step-by-step summary:
   - Calculate the probability of low cholesterol for those taking all drugs: 0.35 * 0.29 = 0.1015
   - Calculate the probability of low cholesterol for those not taking all drugs: 0.65 * 0.73 = 0.4745
   - Sum these probabilities to find the overall probability of low cholesterol: 0.576 or 57.6%
   - Compare 57.6% to 50% to determine likelihood compared to high cholesterol

3. No"
121,yes,"Step-by-step summary:
   - Calculate probability of lung cancer for smokers: \(0.45 \times 0.92 = 0.414\)
   - Calculate probability of lung cancer for nonsmokers: \(0.55 \times 0.75 = 0.4125\)
   - Add both probabilities: \(0.414 + 0.4125 = 0.8265\)
   - Compare 0.8265 to 0.5: since 0.8265 > 0.5, lung cancer is more likely.

3. Yes"
122,no,"1. To determine whether the chance of a high salary is larger when observing a college degree or higher, we need to compare two probabilities: the probability of having a high salary given a college degree or higher, and the probability of having a high salary given a high school degree or lower. We are given that the probability of a college degree or higher is 43%, and the probability of a high salary with a college degree or higher is 15%. This implies that among those with a college degree or higher, the conditional probability of having a high salary is 15% / 43%. For those with a high school degree or lower, we know the probability of having both a high school degree or lower and a high salary is 34%. The probability of having a high school degree or lower is 57% (since it's the complement of having a college degree or higher). Thus, the conditional probability of having a high salary given a high school degree or lower is 34% / 57%. Calculating these, (15/43) is approximately 0.349, and (34/57) is approximately 0.596. Thus, the chance of a high salary is larger when observing a high school degree or lower.

2. Summary:
   - Calculate the probability of high salary with a college degree or higher: 15% / 43%.
   - Calculate the probability of high salary with a high school degree or lower: 34% / 57%.
   - Compare the two probabilities: 0.349 vs. 0.596.
   - Conclusion: The chance is larger with a high school degree or lower.

3. No"
123,yes,"step-by-step summary of the reasoning:
- Scurvy is linked to a lack of vitamin C.
- Citrus fruits are rich in vitamin C.
- Without citrus, scurvy probability is 86%.
- With citrus, scurvy probability drops to 59%.
- Citrus consumption reduces scurvy probability by 27%.

3. The single word answer: 'Yes' or 'No':
Yes"
124,no,"Step-by-step summary:
   - Calculate the contribution of tanning salon users to tanned skin probability: 0.034.
   - Calculate the contribution of non-users to tanned skin probability: 0.3744.
   - Add contributions: 0.034 + 0.3744 = 0.4084 (tanned skin probability).
   - Calculate pale skin probability: 1 - 0.4084 = 0.5916.
   - Compare probabilities: 59.16% (pale) > 40.84% (tanned).

3. No"
125,no,"step-by-step summary of the reasoning:

- Identify the probabilities: 37% (no candles blown) and 70% (candles blown).
- Compare the probabilities: 70% is greater than 37%.
- Conclusion: Blowing out candles increases the chance of a dark room, not decreases it.

3. The single word answer:

No"
126,no,"Step-by-step summary:
   - Calculate recovery probability with treatment: 0.51 * 0.59 = 0.3009
   - Calculate recovery probability without treatment: 0.49 * 0.38 = 0.1862
   - Add both probabilities for overall recovery: 0.3009 + 0.1862 = 0.4871
   - Calculate overall non-recovery: 1 - 0.4871 = 0.5129
   - Compare: 0.4871 (recovery) < 0.5129 (non-recovery)

3. No"
127,yes,"step-by-step summary of the reasoning:
- Higher education often provides skills and knowledge.
- The data shows a higher probability of high salary for degree holders (69% vs. 19%).
- This suggests education positively influences salary, likely through skill acquisition.

3. The single word answer: 'Yes'"
128,yes,"step-by-step summary of the reasoning:

- Method 1 includes socioeconomic factors like poverty, offering a detailed analysis.
- Method 2 provides a general view, potentially missing critical contextual details.
- Method 1 is more comprehensive for understanding the relationship.

3. The single word answer: 'Yes' or 'No':

Yes"
129,no,"1. To determine if the chance of penguin death is larger when observing taking the elevator, we need to compare the conditional probabilities of penguin death given each event. The probability of taking the elevator and penguin death is 38%, and the overall probability of taking the elevator is 66%. The conditional probability of penguin death given taking the elevator is 38% / 66% ≈ 57.6%. For the stairs, we know the probability of taking the stairs and penguin death is 23%. Assuming taking either the stairs or the elevator accounts for all scenarios, the probability of taking the stairs is 34% (100% - 66%). The conditional probability of penguin death given taking the stairs is 23% / 34% ≈ 67.6%. Comparing these, 67.6% is greater than 57.6%, so the chance of penguin death is not larger when observing taking the elevator.

2. - Calculate conditional probability of penguin death given the elevator: 38% / 66% ≈ 57.6%
   - Calculate conditional probability of penguin death given the stairs: 23% / 34% ≈ 67.6%
   - Compare: 67.6% (stairs) is greater than 57.6% (elevator)

3. No"
130,no,"To determine if a long lifespan is less likely than a short lifespan overall, we need to calculate the overall probability of a long lifespan. We know that 20% of the population is obese, and 80% is normal weight. For obese individuals, the probability of a long lifespan is 34%, and for normal weight individuals, it is 75%. 

The overall probability of a long lifespan can be calculated as follows: 
- Probability of long lifespan for obese people = 0.20 * 0.34 = 0.068
- Probability of long lifespan for normal weight people = 0.80 * 0.75 = 0.60
- Total probability of long lifespan = 0.068 + 0.60 = 0.668

Therefore, the probability of a short lifespan is 1 - 0.668 = 0.332. Since 0.668 (long lifespan) is greater than 0.332 (short lifespan), a long lifespan is more likely than a short lifespan overall.

Summary of reasoning:
1. Calculate probability of long lifespan for obese people: 0.20 * 0.34 = 0.068
2. Calculate probability of long lifespan for normal weight people: 0.80 * 0.75 = 0.60
3. Total probability of long lifespan = 0.068 + 0.60 = 0.668
4. Probability of short lifespan = 1 - 0.668 = 0.332
5. Compare probabilities: 0.668 (long) > 0.332 (short)

No"
131,yes,"step-by-step summary of the reasoning:

- Smoking contributes to normal birth weight but also to high infant mortality.
- Good health and normal birth weight alone do not lead to high mortality; smoking is the additional factor.
- Replacing a smoking mother with a nonsmoking mother removes this negative influence.
- Therefore, infant mortality is likely to be lower with a nonsmoking mother.

3. The single word answer:

Yes"
132,yes,"step-by-step summary of the reasoning:

- Probability of a healthy heart without medication: 62%
- Probability of a healthy heart with medication: 35%
- Compare the two probabilities: 35% is less than 62%
- Conclusion: Taking medication is linked to a decreased probability of a healthy heart.

3. The single word answer: 'Yes' or 'No'

Yes"
133,yes,"step-by-step summary of the reasoning:

- Check recovery probabilities for young patients: 95% (low bill) vs. 74% (high bill).
- Check recovery probabilities for old patients: 23% (low bill) vs. 2% (high bill).
- In both age groups, recovery is more likely with a low hospital bill.
- Therefore, for high bill payers, recovery is more likely if they had paid a low bill.

3. The single word answer: 'Yes' or 'No'

Yes"
134,no,"1. To determine if the chance of increased price is smaller when observing increased supply, we need to compare probabilities. The probability of increased supply is 52%, and the probability of increased supply and increased price is 23%. The conditional probability of increased price given increased supply is calculated as the probability of both increased supply and increased price (23%) divided by the probability of increased supply (52%). This results in approximately 44.23%. Since this is a conditional probability, we need to compare it to the overall probability of increased price to determine if it is smaller. However, since the overall probability of increased price is not provided, we cannot definitively conclude if the probability of increased price given increased supply is smaller without additional information.

2. - Find the probability of increased supply: 52%.
   - Find the probability of increased supply and increased price: 23%.
   - Calculate the conditional probability of increased price given increased supply: 23% / 52% ≈ 44.23%.
   - Without the overall probability of increased price, we cannot compare it to determine if it's smaller.

3. No"
135,yes,"step-by-step summary of the reasoning:

- Compare probabilities in different tax areas.
- Higher smoking rates correlate with higher normal birth weights in high tax areas, but correlation is not causation.
- Established knowledge indicates smoking negatively impacts birth weight.
- Conclusion: Smoking likely decreases the chance of normal birth weight.

3. The single word answer: 'Yes' or 'No'

Yes"
136,no,"1. To determine if the chance of scurvy is larger when observing citrus intake, we need to evaluate the probabilities provided. We know the following:
   - Probability of citrus intake (C) is 16% or 0.16.
   - Probability of absence of citrus and scurvy (¬C and S) is 41% or 0.41.
   - Probability of citrus intake and scurvy (C and S) is 6% or 0.06.

   First, calculate the total probability of scurvy (S). We know:
   \[
   P(S) = P(C \text{ and } S) + P(¬C \text{ and } S)
   \]

   We have:
   \[
   P(¬C \text{ and } S) = P(¬C) - P(¬C \text{ and not } S)
   \]

   Since P(¬C) = 1 - P(C) = 0.84, and P(¬C and not S) = 0.41, we find:
   \[
   P(¬C \text{ and } S) = 0.84 - 0.41 = 0.43
   \]

   Therefore, the total probability of scurvy is:
   \[
   P(S) = 0.06 + 0.43 = 0.49
   \]

   Now, calculate the probability of scurvy given citrus intake:
   \[
   P(S | C) = \frac{P(C \text{ and } S)}{P(C)} = \frac{0.06}{0.16} = 0.375
   \]

   For scurvy without citrus intake:
   \[
   P(S | ¬C) = \frac{P(¬C \text{ and } S)}{P(¬C)} = \frac{0.43}{0.84} \approx 0.512
   \]

   Since 0.375 < 0.512, the chance of scurvy is not larger when observing citrus intake.

2. Summary:
   - Calculate total scurvy probability using given data.
   - Find conditional probability of scurvy with citrus: 0.375.
   - Find conditional probability of scurvy without citrus: 0.512.
   - Compare: scurvy is less likely"
137,no,"1. The question asks whether gender negatively affects admission status through department competitiveness. We need to analyze how gender impacts admission rates when department competitiveness is considered. For non-competitive departments, the probability of admission is high regardless of gender (91% for both not male and male). For competitive departments, there is a slight difference: 47% for not male and 50% for male. This suggests that competitiveness has a small impact, but not significantly against one gender. In terms of residency affecting department choice, out-of-state males are more likely to apply to competitive departments (68%) compared to out-of-state individuals who are not male (53%). However, in-state individuals of both genders tend to apply more to non-competitive departments. Overall, while there are slight differences, there is no clear evidence that gender negatively affects admission status through department competitiveness.

2. - Determine admission probabilities by gender and department type.
   - Compare competitive department admission rates by gender.
   - Analyze residency influence on department choice by gender.
   - Conclude there is no significant negative impact based on gender.

3. No"
138,yes,"step-by-step summary of the reasoning:

- The correlation coefficient is -0.04, indicating a very weak negative relationship.
- A near-zero correlation suggests little to no linear relationship.
- This does not mean there is no effect; other non-linear factors might exist.
- Therefore, kindness might still affect attraction in non-linear or context-specific ways.

3. The single word answer: 'Yes' or 'No'

No"
139,yes,"step-by-step summary of the reasoning:
- Nonsmokers have a 64% probability of lung cancer.
- Smokers have an 89% probability of lung cancer.
- 64% is less than 89%, meaning it is less likely to have lung cancer if the smoker were a nonsmoker.

3. The single word answer: 'Yes' or 'No'
Yes"
140,no,"1. To determine if the chance of recovery is larger when receiving treatment, we need to compare the probability of recovery with and without treatment. The probability of recovery with treatment is given as 16%. The probability of receiving no treatment and recovery is 33%, but this is not directly the probability of recovery without treatment. We need the probability of recovery without treatment, which is calculated using the complementary probability of receiving no treatment, which is 54% (100% - 46%). To find the probability of recovery without treatment, divide 33% by 54%, resulting in approximately 61.1%. Since 61.1% is greater than 16%, the chance of recovery is indeed larger when observing no treatment.

2. Summary:
   - Probability of treatment and recovery: 16%
   - Probability of no treatment: 54%
   - Probability of no treatment and recovery: 33%
   - Recovery rate without treatment: 33% / 54% ≈ 61.1%
   - 61.1% > 16%, so recovery is larger without treatment.

3. No"
141,yes,"Step-by-step:
   - Calculate the probability of tanned skin for tanning salon users: 89% * 16% = 14.24%.
   - Calculate the probability of tanned skin for non-users: 11% * 54% = 5.94%.
   - Add these probabilities for total tanned skin probability: 14.24% + 5.94% = 20.18%.
   - Calculate pale skin probability: 100% - 20.18% = 79.82%.
   - Compare probabilities: 79.82% (pale) > 20.18% (tanned).

3. Yes"
142,no,"1. To understand how supply affects price, it is crucial to consider both the general relationship and specific cases. Method 1 provides a broad view of how supply typically correlates with price, which is essential for understanding the basic economic principle that an increase in supply, with demand constant, generally leads to a decrease in price. However, Method 2 allows for a more nuanced understanding by considering how demand fluctuations can influence this relationship on a case-by-case basis. While Method 1 offers a foundational perspective, Method 2 provides a more comprehensive analysis by incorporating demand, a critical factor in price determination. Therefore, using Method 1 alone is not more correct than Method 2, as it lacks the consideration of demand's impact.

2. - Method 1 looks at general supply and price correlation.
   - Method 2 considers supply and price correlation with demand variations.
   - Method 2 provides a more detailed understanding by including demand.
   - Method 1 alone is not more correct due to lack of demand consideration.

3. No"
143,yes,"Step-by-step summary:
   - Calculate overall probability of high salary for males and non-males.
   - Use weights based on gender distribution.
   - Compare overall probability (35.15%) to 50%.
   - Conclude high salary is less likely than low salary.

3. Yes"
144,no,"1. The question asks if it would be more likely to see the prisoner's death if the captain had ordered the release of the prisoner, given the probabilities provided. For captains who release prisoners, the probability of death is 11%, whereas for captains who execute prisoners, it is 55%. If a captain executes a prisoner, the probability of the prisoner's death is significantly higher than if the captain orders their release. Therefore, it is not more likely for a prisoner's death to occur if they are released; it is more likely if they are executed.

2. - Probability of death if released: 11%
   - Probability of death if executed: 55%
   - Conclusion: Death is more likely if executed, not released.

3. No"
145,no,"Step-by-step summary:
   - Vaccination rate: 74%
   - Survival if vaccinated: 68%
   - Survival if unvaccinated: 55%
   - Overall survival probability = (0.74 * 0.68) + (0.26 * 0.55) = 64.62%
   - Conclusion: Survival probability (64.62%) is greater than 50%.

3. No"
146,yes,"1. To determine if the chance of a dark room is smaller when observing the event of blowing out the candle, we need to compare two probabilities: the probability of a dark room given that the candle is blown out, and the probability of a dark room in general. The probability of blowing out the candle is 16%, and the probability of blowing out the candle and having a dark room is 9%. Therefore, the probability of a dark room given that the candle is blown out is 9%/16% = 56.25%. The overall probability of a dark room can be found by adding the probabilities of the mutually exclusive events that result in a dark room: blowing out the candle and dark room (9%) and not blowing out the candle and dark room (74%), totaling 83%. Since 56.25% is less than 83%, the chance of a dark room is indeed smaller when observing that the candle is blown out.

2. - Calculate the probability of a dark room given the candle is blown out: 9%/16% = 56.25%.
   - Calculate the overall probability of a dark room: 9% + 74% = 83%.
   - Compare the two probabilities: 56.25% < 83%.

3. Yes"
147,no,"Step-by-step summary:
   - Small stones: 18% recovery with treatment, 7% without.
   - Large stones: 91% recovery with treatment, 81% without.
   - Treatment improves recovery for both stone sizes.

3. No"
148,yes,"step-by-step summary of the reasoning:

- Calculate death probability for stairs: 56.96% (consider happiness and sadness).
- Calculate death probability for elevator: 17.09% (consider happiness and sadness).
- Compare probabilities: Elevator (17.09%) < Stairs (56.96%).
- Conclusion: Taking the stairs negatively impacts survival.

3. The single word answer: 'Yes' or 'No'

Yes"
149,yes,"step-by-step summary of the reasoning:

- Identify relevant probabilities for hospitalized individuals.
- Probability with respiratory issues: 30%.
- Probability without respiratory issues: 29%.
- Compare: 30% is greater than 29%.
- Conclusion: Chance of broken bones increases with respiratory issues.

3. The single word answer: 'Yes' or 'No' (only one of these, nothing else)

Yes"
150,yes,"step-by-step summary of the reasoning:
- Compare probabilities of wet ground in dry (61%) and rainy (70%) seasons.
- Observe the increase in probability from dry to rainy season.
- Conclude that the rainy season has a more positive effect on ground wetness.

3. The single word answer:
Yes"
151,no,"step-by-step summary of the reasoning:

- Probability of healthy heart without medication: 71%
- Probability of healthy heart with medication: 43%
- Compare the two probabilities: 43% is less than 71%
- Conclusion: Taking medication decreases the chance of having a healthy heart.

3. The single word answer:

No"
152,yes,"step-by-step summary of the reasoning:

- Method 1 looks at the overall correlation without gender differentiation.
- Method 2 analyzes the correlation by gender, allowing for detailed insights.
- Gender can influence the relationship between smoking and lung cancer.
- Method 2 provides a more accurate and nuanced understanding.

3. The single word answer: 'Yes' or 'No':

No"
153,yes,"1. To determine if college admission is more likely than rejection overall, we need to calculate the overall probability of college admission, taking into account both smokers and nonsmokers. The probability of smoking is 90%, and the probability of not smoking is 10%. For smokers, the probability of college admission is 55%, and for nonsmokers, it is 67%. The overall probability of admission is calculated by multiplying these probabilities and adding them together: (0.9 * 0.55) + (0.1 * 0.67) = 0.495 + 0.067 = 0.562. This means the overall probability of college admission is 56.2%. Since 56.2% is greater than 50%, college admission is more likely than college rejection.

2. Summary:
   - Probability of smoking: 90%
   - Probability of nonsmoking: 10%
   - Admission probability for smokers: 55%
   - Admission probability for nonsmokers: 67%
   - Overall admission probability: (0.9 * 0.55) + (0.1 * 0.67) = 56.2%
   - 56.2% > 50%, so admission is more likely than rejection.

3. Yes"
154,no,"Step-by-step summary:
   - Calculate probability of cholera with clean water: 0.55 * 0.40 = 0.22
   - Calculate probability of cholera with polluted water: 0.45 * 0.80 = 0.36
   - Total probability of cholera = 0.22 + 0.36 = 0.58
   - Probability of no cholera = 1 - 0.58 = 0.42
   - Compare: 58% (cholera contraction) vs. 42% (cholera prevention)

3. No"
155,yes,"step-by-step summary of the reasoning:

- Cholera requires high poverty and clean water.
- The person is in high poverty but drinks from a local water company.
- Local water company suggests polluted water, not clean water.
- Without clean water, the condition for cholera is not satisfied.

3. The single word answer: 'Yes' or 'No'

No"
156,yes,"step-by-step summary of the reasoning:

- Identify probability for non-males: 52%
- Identify probability for males: 51%
- Compare the two probabilities: 51% (males) is less than 52% (non-males)
- Conclusion: Male gender decreases the chance of admission acceptance

3. The single word answer:

Yes"
157,yes,"step-by-step summary of the reasoning:

- Identify the lung cancer probability for nonsmoking genes: 39%.
- Identify the lung cancer probability for smoking genes: 48%.
- Compare the two probabilities: 48% is greater than 39%.
- Conclude that smoking genes increase the chance of lung cancer.

3. The single word answer: 'Yes' or 'No' (only one of these, nothing else)

Yes"
158,no,"1. To determine if the chance of smallpox survival is larger when observing vaccination, we need to compare the conditional probabilities of survival given vaccination and survival given lack of vaccination. The probability of vaccination and survival is given as 1%, and the probability of vaccination is 3%. This gives us a conditional probability of survival given vaccination as \( \frac{1\%}{3\%} = \frac{1}{3} \approx 33.33\% \). The probability of lack of vaccination and survival is 39%, with the probability of lack of vaccination being \( 100\% - 3\% = 97\% \). Thus, the conditional probability of survival given lack of vaccination is \( \frac{39\%}{97\%} \approx 40.21\% \). Comparing these, 40.21% is greater than 33.33%, indicating that the chance of smallpox survival is larger when observing lack of vaccination.

2. Summary:
   - Calculate probability of survival given vaccination: \( \frac{1\%}{3\%} \approx 33.33\% \).
   - Calculate probability of survival given lack of vaccination: \( \frac{39\%}{97\%} \approx 40.21\% \).
   - Compare: 40.21% is greater than 33.33%.

3. No"
159,no,"1. To understand how water quality affects cholera, Method 1 looks at the general correlation, which provides a broad overview without considering specific contexts like socioeconomic factors. Method 2, however, examines the correlation case by case with a focus on poverty, offering a more nuanced understanding. Since poverty can significantly influence both water quality and health outcomes, Method 2 provides a clearer picture of the causal relationship by accounting for this variable. Therefore, it is not more correct to use Method 1 over Method 2, as Method 2 offers a more comprehensive analysis by considering additional factors that impact the relationship between water quality and cholera.

2. Summary:
   - Method 1 provides a general correlation view.
   - Method 2 considers case-by-case analysis with a focus on poverty.
   - Poverty is a significant factor affecting both water quality and cholera.
   - Method 2 offers a more nuanced understanding.
   - Thus, Method 1 is not more correct.

3. No"
160,yes,"step-by-step summary of the reasoning:
- Medication reduces high blood pressure probability from 47% to 19%.
- For high blood pressure, healthy heart probability increases from 9% to 25% with medication.
- For low blood pressure, healthy heart probability increases from 66% to 91% with medication.
- Medication improves heart health by managing blood pressure.

3. The single word answer: 'Yes' or 'No'
Yes"
161,yes,"1. To understand how personality affects appearance, it's crucial to consider the context in which these traits are evaluated. Method 1 looks at the correlations case by case according to relationship status, which provides a nuanced understanding by factoring in how specific contexts or statuses might influence the interaction between personality and appearance. This method allows for a more detailed analysis and can reveal variations that might not be apparent when looking at the general population. On the other hand, Method 2 examines the correlation in a broader sense, which might miss these contextual subtleties. Therefore, Method 1 is more likely to yield a more accurate understanding of how personality affects appearance within different relationship contexts.

2. Summary of reasoning:
   - Method 1 considers context-specific correlations.
   - Provides nuanced, detailed analysis.
   - Method 2 might overlook contextual variations.
   - Method 1 is more suited to understanding specific influences.

3. Yes"
162,yes,"Step-by-step summary:
   - Probability of lung cancer with smoking gene: 6%
   - Probability of lung cancer with nonsmoking gene: implied by 30%
   - Compare: 6% (smoking) < 30% (nonsmoking)
   - Conclusion: Chance of lung cancer is smaller with smoking gene

3. Yes"
163,yes,"Step-by-step summary:
   - Calculate overall recovery probability using conditional probabilities and their respective scenarios.
   - Find probability of recovery: 44%.
   - Find probability of non-recovery as the complement: 56%.
   - Compare: 44% recovery vs. 56% non-recovery shows recovery is less likely.

3. Yes"
164,yes,"1. To determine if talent is less likely than lack of talent overall, we need to look at the overall probability of talent. We're given that the probability of being attractive is 52%. For both attractive and unattractive individuals, the probability of talent is 16%. This means the probability of talent is 0.16 for both groups. Since talent is not dependent on appearance, it applies to the entire population. The probability of talent overall is 16%. Therefore, the probability of lack of talent is 1 - 0.16 = 0.84 or 84%. Since 84% is greater than 16%, lack of talent is indeed more likely than talent overall.

2. Summary:
   - Probability of being attractive is 52%.
   - Probability of talent for both attractive and unattractive is 16%.
   - Probability of talent overall is 16%.
   - Probability of lack of talent is 1 - 0.16 = 84%.
   - 84% (lack of talent) is greater than 16% (talent).

3. Yes"
165,yes,"1. The question asks if it would be more likely to see the forest on fire if the camper had not lit a match, given the probabilities provided. For campers who do not light a match, the probability of the forest being on fire is 87%. For those who do light a match, the probability is 53%. Since 87% is greater than 53%, it is indeed more likely for the forest to be on fire if the camper had not lit a match.

2. Step 1: Identify the probability of fire without lighting a match (87%).
   Step 2: Identify the probability of fire with lighting a match (53%).
   Step 3: Compare the two probabilities.
   Step 4: Conclude that 87% is greater than 53%.

3. Yes"
166,no,"1. To determine if recovery is less likely than non-recovery overall, we need to calculate the overall probability of recovery. First, consider the probabilities for each group. For patients receiving treatment (57% of patients), the probability of recovery is 61%. For patients not receiving treatment (43% of patients), the probability of recovery is 46%. The overall probability of recovery is calculated by weighing these probabilities based on the proportions of each group. This is done by multiplying each recovery probability by the proportion of patients in that group and then summing the results: (0.57 * 0.61) + (0.43 * 0.46) = 0.3477 + 0.1978 = 0.5455, or 54.55%. Since 54.55% is greater than 50%, recovery is more likely than non-recovery.

2. Summary:
   - Calculate recovery probability for treated: 57% * 61% = 34.77%
   - Calculate recovery probability for untreated: 43% * 46% = 19.78%
   - Add both probabilities: 34.77% + 19.78% = 54.55%
   - 54.55% recovery probability is greater than 50% (non-recovery probability).

3. No"
167,yes,"step-by-step summary of the reasoning:

- Smoking genes increase smoking rates.
- Smoking increases lung cancer risk significantly.
- Lung cancer risk for nonsmokers is the same regardless of genes.
- Thus, genes affect lung cancer by increasing smoking rates.

3. The single word answer: 'Yes'"
168,yes,"1. To understand how education level affects salary, it is more precise to use Method 1 than Method 2. Method 1 considers the correlation between education level and salary on a case-by-case basis according to specific skills. This approach allows for a more nuanced understanding of how different skill sets interact with educational achievements and their impact on income, accounting for variations in industries and roles. Method 2, on the other hand, looks at the correlation in a more generalized way, which can overlook specific trends and variances among different fields. Therefore, Method 1 provides a more detailed and accurate analysis.

2. Summary:
   - Method 1 analyzes case-by-case according to skill.
   - Provides a nuanced understanding of different skills' impact.
   - Method 2 offers a general view, missing specific trends.
   - Method 1 gives a more detailed and accurate insight.

3. Yes"
169,no,"Step-by-step reasoning:
   - Identify the need to understand waking up's effect on arrival time.
   - Recognize that traffic is a significant influencing factor.
   - Method 1 does not consider traffic, providing a less detailed view.
   - Method 2 considers traffic, offering a more comprehensive analysis.
   - Conclusion: Method 2 is more suitable for this understanding.

3. No"
170,yes,"1. To determine if the chance of lung cancer is larger when observing the smoking gene, we compare the probabilities associated with lung cancer given the presence or absence of the smoking gene. The probability of having the smoking gene and lung cancer is 35%. For nonsmoking gene and lung cancer, the probability is 7%. Since 35% is greater than 7%, it indicates that the chance of lung cancer is indeed larger when observing the smoking gene.

2. Summary:
   - Probability of smoking gene and lung cancer: 35%
   - Probability of nonsmoking gene and lung cancer: 7%
   - Compare the two probabilities: 35% > 7%
   - Conclusion: The chance of lung cancer is larger with the smoking gene.

3. Yes"
171,no,"1. To determine if the chance of a dark room is larger when observing blowing out the candle, we compare the probabilities of a dark room given the candle is blown out and not blown out. We know the probability of blowing out the candle is 16% and the probability of a dark room when the candle is blown out is 9%. The probability of not blowing out the candle and having a dark room is 74%, which means the overall probability of a dark room is 9% + 74% = 83%. The probability of blowing out the candle is 16%, so the probability of a dark room given the candle is blown out is 9% / 16% = 56.25%. We now compare this to the probability of a dark room when not blowing out the candle, which is 74% / 84% = 88.1%. Since 56.25% is less than 88.1%, the chance of a dark room is not larger when observing blowing out the candle.

2. Summary:
   - Calculate P(Dark Room | Blown Out) = 9% / 16% = 56.25%
   - Calculate P(Dark Room | Not Blown Out) = 74% / 84% = 88.1%
   - Compare: 56.25% < 88.1%

3. No"
172,no,"step-by-step summary of the reasoning:

- Method 1 looks at overall correlation, potentially missing key details.
- Method 2 examines correlation by kidney stone size, accounting for confounding variables.
- Method 2 provides a more nuanced and accurate understanding of treatment effects.

3. The single word answer:

No"
173,yes,"step-by-step summary of the reasoning:
- Method 1 considers skill differences, providing a nuanced view.
- Method 2 generalizes and may miss important variations.
- Skills significantly impact salary; Method 1 accounts for this.
- Therefore, Method 1 is more likely to yield accurate insights.

3. The single word answer: 'Yes' or 'No'
Yes"
174,yes,"step-by-step summary of the reasoning:

- Probability of receiving treatment = 50%.
- Probability of recovery given treatment = 40%.
- Probability of receiving no treatment = 50%.
- Probability of recovery given no treatment = 16% / 50% = 32%.
- Compare: 40% (treatment recovery) vs. 32% (no treatment recovery).
- Conclusion: Recovery chance is higher with treatment.

3. The single word answer: 'Yes' or 'No'

No"
175,yes,"step-by-step summary of the reasoning:

- Dry season probability of wet ground: 52%
- Rainy season probability of wet ground: 58%
- Increase in probability from dry to rainy season: 6%
- Conclusion: The season positively affects the probability of wet ground.

3. The single word answer: 'Yes' or 'No'

Yes"
176,yes,"step-by-step summary of the reasoning:

- Compare the probabilities: 67% for not male, 61% for male.
- 67% is greater than 61%.
- Male gender is linked to a lower acceptance probability.
- Conclusion: Male gender decreases the chance of admission acceptance.

3. The single word answer: 'Yes' or 'No'

Yes"
177,no,"step-by-step summary of the reasoning:

- Probability of death if released: 34%
- Probability of death if executed: 80%
- Compare probabilities: 80% is greater than 34%
- Conclusion: Execution increases, not decreases, the chance of death

3. The single word answer: 'No'"
178,yes,"step-by-step summary of the reasoning:

- Unintelligent parents: High status = 46% intelligent child, Low status = 82% intelligent child.
- Intelligent parents: High status = 14% intelligent child, Low status = 48% intelligent child.
- High social status consistently correlates with lower child intelligence.
- Suggests negative effect of parental intelligence through social status.

3. The single word answer: 'Yes' or 'No':

Yes"
179,yes,"1. To determine if the prisoner's death is more likely than the prisoner being alive overall, we need to calculate the total probability of the prisoner's death and compare it to the probability of the prisoner being alive. The captain's order to execute the prisoner happens 69% of the time. In this scenario, the probability of death is 64%. Therefore, the probability of death given execution is 0.69 * 0.64 = 0.4416 or 44.16%. For captains who release prisoners, which occurs 31% of the time (100% - 69%), the probability of death is 23%. Therefore, the probability of death given release is 0.31 * 0.23 = 0.0713 or 7.13%. Adding these probabilities gives the overall probability of death: 44.16% + 7.13% = 51.29%. Since 51.29% is greater than 50%, the prisoner's death is indeed more likely than being alive.

2. Summary:
   - Calculate death probability given execution: 0.69 * 0.64 = 44.16%
   - Calculate death probability given release: 0.31 * 0.23 = 7.13%
   - Add probabilities for total death probability: 44.16% + 7.13% = 51.29%
   - Compare 51.29% to 50%; death is more likely.

3. Yes"
180,yes,"Step-by-step summary:
   - Probability of alarm set and ringing: 34%
   - Probability of alarm not set and ringing: 6%
   - Total probability of ringing: 40% (34% + 6%)
   - Compare probability of ringing when set (34%) to ringing not set (6%)
   - Conclusion: Higher chance of ringing when set by husband (34% > 6%)

3. Yes"
181,yes,"step-by-step summary of the reasoning:

- Method 1 considers additional variables like relationship status, providing context.
- Context can reveal important insights into personality and appearance correlation.
- Method 2 is more general and might overlook contextual factors.
- Therefore, Method 1 is more likely to provide a precise understanding.

3. The single word answer: 'Yes' or 'No' (only one of these, nothing else)

Yes"
182,yes,"1. To determine if a high salary is less likely than a low salary overall, we need to calculate the overall probability of a high salary. We are given that 92% of people have a college degree or higher. For these individuals, the probability of a high salary is 38%. This means the probability of high salary for those with a degree is 0.38 * 0.92 = 0.3496 or 34.96%. The remaining 8% of people do not have a college degree, and for them, the probability of a high salary is 18%. Therefore, the probability of high salary for those without a degree is 0.18 * 0.08 = 0.0144 or 1.44%. Adding these probabilities gives the total probability of a high salary: 34.96% + 1.44% = 36.4%. Since the probability of a high salary is 36.4%, the probability of a low salary is 100% - 36.4% = 63.6%. Therefore, a high salary is less likely than a low salary overall.

2. - Calculate probability of high salary for degree holders: 0.38 * 0.92 = 34.96%
   - Calculate probability of high salary for non-degree holders: 0.18 * 0.08 = 1.44%
   - Total probability of high salary: 34.96% + 1.44% = 36.4%
   - Probability of low salary: 100% - 36.4% = 63.6%
   - Conclusion: High salary is less likely than low salary.

3. Yes"
183,no,"1. To determine whether the chance of increased price is larger when observing increased supply, we need to compare conditional probabilities. We have the probability of increased supply at 56% and the probability of increased supply with increased price at 8%. The conditional probability of increased price given increased supply is calculated by dividing the joint probability of increased supply and increased price (8%) by the probability of increased supply (56%). This gives us approximately 14.29%. Without additional information about the overall probability of increased price, we cannot directly compare this to the unconditional probability of increased price. Thus, we cannot definitively say if the chance is larger.

2. - Identify relevant probabilities: increased supply (56%), increased supply and increased price (8%).
   - Calculate conditional probability: 8% / 56% = 14.29%.
   - Without overall increased price probability, comparison is inconclusive.

3. No"
184,yes,"step-by-step summary of the reasoning:

- Compare high salary probabilities for males vs. non-males in blue-collar jobs: 44% (male) > 19% (non-male).
- Compare high salary probabilities for males vs. non-males in white-collar jobs: 71% (male) > 43% (non-male).
- In both job categories, males have higher probabilities of high salary.
- Conclude that being male positively affects salary when ignoring occupation.

3. The single word answer:

Yes"
185,no,"1. To determine if the chance of lung cancer is smaller when observing smoking, we need to compare the probability of lung cancer given smoking and the probability of lung cancer given nonsmoking. We know the probability of smoking (S) is 11%, or 0.11, and the probability of smoking and lung cancer (S ∩ LC) is 6%, or 0.06. The probability of nonsmoking and lung cancer (NS ∩ LC) is 27%, or 0.27. The probability of nonsmoking (NS) is 1 - 0.11 = 0.89. The probability of lung cancer given smoking (P(LC|S)) is calculated as P(S ∩ LC) / P(S) = 0.06 / 0.11 ≈ 0.545. The probability of lung cancer given nonsmoking (P(LC|NS)) is calculated as P(NS ∩ LC) / P(NS) = 0.27 / 0.89 ≈ 0.303. Since 0.545 is greater than 0.303, the chance of lung cancer is actually larger when observing smoking.

2. Summary:
   - Calculate P(LC|S): 0.06 / 0.11 ≈ 0.545
   - Calculate P(LC|NS): 0.27 / 0.89 ≈ 0.303
   - Compare: P(LC|S) > P(LC|NS), so lung cancer chance is larger with smoking.

3. No"
186,yes,"step-by-step summary of the reasoning:

- People with nonsmoking genes have a 78% chance of lung cancer.
- People with smoking genes have a 58% chance of lung cancer.
- 58% is less than 78%.
- Therefore, smoking genes are associated with a lower chance of lung cancer.

3. The single word answer:

Yes"
187,no,"1. To determine how personality affects appearance, Method 1, which looks at the correlation in general, provides a broad overview. However, Method 2, which considers relationship status, may offer more nuanced insights as relationship dynamics can influence both personality and appearance. Therefore, Method 2 might be more appropriate for understanding the specific influence of personality on appearance in different contexts, making it more correct than a general approach.

2. - Method 1 offers a broad correlation between personality and appearance.
   - Method 2 adds context by considering relationship status.
   - Contextual analysis in Method 2 likely provides better insights.
   - Therefore, Method 2 is more suitable.

3. No"
188,no,"step-by-step summary of the reasoning:

- Compare acceptance probabilities by gender and department type.
- Note higher acceptance rates for males in both department types.
- Identify higher male application rate to competitive departments.
- Analyze overall gender advantage in admissions.
- Conclude that gender does not positively affect admissions through competitiveness.

3. The single word answer:

No"
189,yes,"step-by-step summary of the reasoning:
- Identify probabilities for people in a relationship:
  - Mean personality: 62%
  - Kind personality: 67%
- Compare these probabilities.
- 67% (kind) is greater than 62% (mean), so attractiveness increases with kindness.

3. The single word answer:
Yes"
190,no,"1. To determine if the husband positively affects the alarm clock through the wife, we need to analyze whether the husband's action of setting the alarm increases the probability that the wife will set the alarm. Given that when the husband sets the alarm, the probability that the wife sets it is 75%, whereas when the husband does not set the alarm, the probability that the wife sets it is 62%. This suggests that the husband's action of setting the alarm increases the likelihood that the wife also sets it, indicating a positive influence. However, since the question asks about the effect on the alarm clock ringing, we also need to consider the overall probability of the alarm ringing, which is higher when neither sets it (87%) compared to both setting it (9%). Therefore, while the husband positively influences the wife's action, this does not necessarily translate to a positive effect on the alarm ringing.

2. - Determine if husband's action affects wife's probability of setting alarm.
   - Husband setting alarm increases wife's likelihood of setting it (75% vs. 62%).
   - Overall, alarm rings less when both set it (9%) compared to neither (87%).
   - Positive influence on wife's action, but not on alarm ringing.

3. No"
191,yes,"step-by-step summary of the reasoning:

- Compare high salary probabilities for males and non-males.
- Males: 64% (blue-collar), 92% (white-collar).
- Non-males: 35% (blue-collar), 57% (white-collar).
- Males have higher probabilities in both categories.
- Conclusion: Gender does not negatively affect salary.

3. The single word answer: 'Yes' or 'No'

No"
192,no,"Step-by-step summary:
   - Calculate the probability of taking the stairs: 36%.
   - Find probability of death via elevator: 64% * 45% = 28.8%.
   - Find probability of death via stairs: 36% * 53% = 19.08%.
   - Total probability of death: 28.8% + 19.08% = 47.88%.
   - Probability of survival: 100% - 47.88% = 52.12%.
   - Compare: 52.12% (survival) > 47.88% (death).

3. No"
193,yes,"step-by-step summary of the reasoning:

- Probability of intelligent child with unintelligent parents: 31%
- Probability of intelligent child with intelligent parents: 62%
- 62% is greater than 31%
- Conclusion: Intelligent parents increase the chance of an intelligent child.

3. The single word answer: 'Yes' or 'No' (only one of these, nothing else)

Yes"
194,yes,"Step-by-step summary:
   - Calculate the probability of release: 81%
   - Calculate the probability of death given execution and release.
   - Calculate overall probability of death: (0.19 * 0.73) + (0.81 * 0.19) = 29.26%
   - Calculate probability of being alive: 100% - 29.26% = 70.74%
   - Compare probabilities: 70.74% (alive) > 29.26% (dead)

3. Yes"
195,yes,"step-by-step summary of the reasoning:
- The patient is not male, so ""receives no treatment"" doesn't apply.
- The condition ""receives treatment causes recovery"" applies if the patient is treated.
- Therefore, the patient will recover if they receive treatment.

3. The single word answer: 'Yes' or 'No'
Yes"
196,no,"Step-by-step summary:
   - Probability of smoking = 98%; Probability of smoking and admission = 64%
   - Probability of admission given smoking = 64% / 98% = approximately 65.31%
   - Probability of nonsmoking = 2%; Probability of nonsmoking and admission = 1%
   - Probability of admission given nonsmoking = 1% / 2% = 50%
   - 65.31% is greater than 50%, so admission chance is not smaller for smokers

3. No"
197,yes,"step-by-step summary of the reasoning:
- Probabilities: nonsmoking genes (35%), smoking genes (39%).
- Nonsmoking genes are associated with a lower lung cancer risk.
- If someone with smoking genes also has a nonsmoking gene, the risk aligns with the lower 35%.
- Thus, lung cancer is less likely with the presence of a nonsmoking gene.

3. The single word answer:
Yes"
198,no,"step-by-step summary of the reasoning:
- Calculate probabilities of death for stairs, considering mood: 74.6%
- Calculate probabilities of death for elevator, considering mood: 32%
- Elevator choice results in lower death probability and ensures happiness
- Decision improves survival through mood, not negatively affecting it

3. The single word answer:
No"
199,no,"1. To determine if the chance of tanned skin is larger when observing tanning salon treatment, we need to compare the conditional probabilities of having tanned skin with and without tanning salon treatment. Given that the probability of tanning salon treatment and tanned skin is 11%, the probability of tanned skin given tanning salon treatment is calculated as follows: (Probability of tanning salon treatment and tanned skin) / (Probability of tanning salon treatment) = 11% / 91%. For no tanning salon treatment and tanned skin, the probability is given as 5%. The probability of no tanning salon treatment is the complement of the probability of tanning salon treatment, which is 9% (100% - 91%). So, the probability of tanned skin given no tanning salon treatment is 5% / 9%. By calculating these, we find that the probability of tanned skin given tanning salon treatment is 12.09%, and the probability of tanned skin given no tanning salon treatment is 55.56%. Therefore, the chance of tanned skin is actually larger when there is no tanning salon treatment.

2. - Calculate conditional probability of tanned skin with treatment: 11% / 91% = 12.09%
   - Calculate conditional probability of tanned skin without treatment: 5% / 9% = 55.56%
   - Compare: 12.09% (with treatment) < 55.56% (without treatment)
   - Conclusion: Chance of tanned skin is larger without treatment.

3. No"
200,no,"1. To evaluate whether it would be less likely for a male individual to see admission acceptance if they had not been male, we compare the probabilities: 48% for non-males and 36% for males. The probability of admission acceptance is higher for non-males at 48% compared to 36% for males. Therefore, if a male were not male, the likelihood of admission acceptance would increase rather than decrease. Thus, it would not be less likely for admission acceptance if the individual had not been male.

2. Summary:
   - Probability for non-males: 48%
   - Probability for males: 36%
   - Comparison shows higher acceptance for non-males
   - Conclusion: It would not be less likely

3. No"
201,no,"1. To determine the effect of hospital costs on recovery, Method 1 involves examining the general correlation without considering any specific variables like age. This approach gives an overall view but may overlook important factors that influence how costs affect recovery differently across various age groups. Method 2, on the other hand, considers age as a variable, allowing for a more nuanced understanding of the relationship between costs and recovery. Age can significantly impact recovery, so analyzing the data case by case according to age provides a more detailed and accurate insight. Therefore, Method 2 is more appropriate for understanding the specific effects of hospital costs on recovery.

2. Summary:
   - Method 1 looks at overall correlation, missing specific factors.
   - Method 2 analyzes correlation by age, providing nuanced insights.
   - Method 2 accounts for age-related differences in recovery.
   - Therefore, Method 2 is more correct for understanding the effects.

3. No"
202,yes,"step-by-step summary of the reasoning:

- Calculate overall healthy heart probability without medication: 11.12%
- Calculate overall healthy heart probability with medication: 40.16%
- Compare: 40.16% (with medication) is greater than 11.12% (without medication)
- Conclusion: Medication positively affects heart condition.

3. The single word answer:

Yes"
203,yes,"Step-by-step reasoning:
   - Identify the importance of unobserved confounders in causal analysis.
   - Recognize that Method 1 accounts for these confounders case by case.
   - Acknowledge that Method 2 may overlook these confounders, leading to bias.
   - Conclude that Method 1 provides a more accurate understanding of causality.

3. Yes"
204,yes,"step-by-step summary of the reasoning:

- Unvaccinated survival probability: 31%
- Vaccinated survival probability: 41%
- Compare probabilities: 41% (vaccinated) > 31% (unvaccinated)
- Conclusion: Vaccination increases the chance of survival

3. The single word answer: 'Yes' or 'No' (only one of these, nothing else)

Yes"
205,yes,"1. To determine if the chance of tanned skin is larger when observing tanning salon treatment, we need to compare the probabilities. We know the probability of tanning salon treatment is 4%, and the probability of tanning salon treatment and tanned skin is 3%. This means the probability of tanned skin given tanning salon treatment is \( \frac{3\%}{4\%} = 75\% \). On the other hand, the probability of no tanning salon treatment and tanned skin is 7%. To find the probability of tanned skin without treatment, we need the overall probability of no treatment. This is \( 100\% - 4\% = 96\% \). Therefore, the probability of tanned skin given no treatment is \( \frac{7\%}{96\%} \approx 7.29\% \). Comparing the two, 75% is indeed larger than 7.29%, indicating that the chance of tanned skin is larger when observing tanning salon treatment.

2. Summary:
   - Calculate probability of tanned skin given treatment: 75%
   - Calculate probability of tanned skin without treatment: 7.29%
   - Compare: 75% is larger than 7.29%

3. Yes"
206,yes,"step-by-step summary of the reasoning:

- Nonsmokers have a 57% probability of lung cancer, while smokers have a 76% probability.
- The increased probability for smokers indicates a higher risk.
- Tar deposits from smoking contain carcinogens that contribute to lung cancer.
- Therefore, smoking negatively affects lung cancer risk through tar deposits.

3. The single word answer: 'Yes' or 'No'

Yes"
207,no,"1. To determine if talent is more likely than lack of talent overall, we need to analyze the given probabilities. The probability of an attractive appearance is 56%, and both attractive and unattractive people have a 9% probability of having talent. This means that 9% of 56% of people are talented and 9% of 44% of people (those considered unattractive) are also talented. Calculating these, 0.09 * 0.56 = 0.0504 or 5.04% of the population are both attractive and talented, and 0.09 * 0.44 = 0.0396 or 3.96% are unattractive and talented. Adding these, the total probability of talent is 5.04% + 3.96% = 9%. Since 9% have talent, the remaining 91% lack talent. Therefore, lack of talent is more likely than talent overall.

2. Summary:
   - Probability of attractive: 56%
   - Probability of talent for both groups: 9%
   - Calculate talented attractive: 5.04%
   - Calculate talented unattractive: 3.96%
   - Total probability of talent: 9%
   - Probability of lack of talent: 91%
   - Conclusion: Lack of talent is more likely.

3. No"
208,yes,"1. To determine if scurvy is more likely than no scurvy overall, we need to calculate the overall probability of scurvy. We know that 90% of patients consume citrus and 10% do not. For those consuming citrus, the probability of scurvy is 52%, and for those not consuming, it is 89%. We calculate the overall probability of scurvy as follows: (0.9 * 0.52) + (0.1 * 0.89) = 0.468 + 0.089 = 0.557 or 55.7%. This means 44.3% do not have scurvy. Since 55.7% is greater than 44.3%, scurvy is more likely than no scurvy.

2. Summary:
   - 90% consume citrus, 10% do not.
   - Probability of scurvy: 52% for citrus consumers, 89% for non-consumers.
   - Overall scurvy probability: (0.9 * 0.52) + (0.1 * 0.89) = 55.7%.
   - Scurvy probability (55.7%) is greater than no scurvy (44.3%).

3. Yes"
209,no,"step-by-step summary of the reasoning:

- Compare the probabilities: 54% without a degree vs. 83% with a degree.
- 83% is greater than 54%.
- Therefore, a college degree or higher increases the chance of high salary.

3. The single word answer: 'Yes' or 'No' (only one of these, nothing else)

No"
210,yes,"step-by-step summary of the reasoning:

- Calculate recovery probability for low bill: 55.39%
- Calculate recovery probability for high bill: 33.39%
- Compare: 55.39% > 33.39%

3. The single word answer: 'Yes' or 'No'

Yes"
211,yes,"step-by-step summary of the reasoning:

- Smoking increases the probability of high tar deposits from 16% (nonsmokers) to 93% (smokers).
- High tar deposits in nonsmokers lead to a 50% lung cancer risk, while in smokers, it is 38%.
- Despite lower direct lung cancer probability with high tar deposits in smokers, the overall increased tar deposit likelihood due to smoking raises lung cancer risk.
- Therefore, smoking indirectly increases lung cancer risk through tar deposits.

3. The single word answer:

Yes"
212,no,"1. To determine if recovery is less likely than non-recovery overall, we need to calculate the overall probability of recovery. We know that 65% of patients receive treatment, and 35% do not. For those receiving treatment, the probability of recovery is 63%, and for those not receiving treatment, it's 37%. The overall probability of recovery is calculated by multiplying the probability of each subgroup by their respective recovery probabilities and then summing these products. This gives us: (0.65 * 0.63) + (0.35 * 0.37) = 0.4095 + 0.1295 = 0.539. Since 53.9% is the probability of recovery, the remaining 46.1% (100% - 53.9%) is the probability of non-recovery. Therefore, recovery is more likely than non-recovery overall.

2. Summary:
   - Calculate recovery probability for treated: 0.65 * 0.63 = 0.4095
   - Calculate recovery probability for untreated: 0.35 * 0.37 = 0.1295
   - Sum to find overall recovery probability: 0.4095 + 0.1295 = 0.539
   - Compare with non-recovery (1 - 0.539 = 0.461)
   - Recovery (53.9%) is more likely than non-recovery (46.1%).

3. No"
213,yes,"step-by-step summary of the reasoning:
- Probability of death upon release: 34%
- Probability of death upon execution: 57%
- Compare the two probabilities (57% > 34%)
- Execution increases the probability of death

3. The single word answer: 'Yes'"
214,yes,"Step-by-step:
   - Calculate probability of low cholesterol given taking all drugs: 17% / 43% ≈ 39.53%
   - Compare with probability of low cholesterol given not taking any drugs: 24%
   - 39.53% is greater than 24%, indicating a larger chance of low cholesterol when taking all drugs.

3. Yes"
215,yes,"step-by-step summary of the reasoning:

- Method 1 provides a broad view but might be misleading due to ignoring department differences.
- Method 2 considers department competitiveness and offers a detailed view.
- Method 2 is more accurate for understanding gender impact because of its nuanced approach.

3. The single word answer: 'Yes' or 'No'

No"
216,no,"1. To determine if the chance of normal infant birth weight is larger when observing a smoking mother, we need to compare the probabilities of normal birth weights for smoking and non-smoking mothers. The probability of normal infant birth weight with a smoking mother is given as 17%. We need the probability of a normal birth weight with a non-smoking mother to compare. Given the probability of a non-smoking mother and normal birth weight is 49%, and knowing the probability of a smoking mother is 43%, the probability of a non-smoking mother is 57% (100% - 43%). Therefore, the proportion of non-smoking mothers with normal birth weight is 49% out of 57%, which is approximately 85.96%. Since 17% (for smoking mothers) is less than approximately 85.96% (for non-smoking mothers), the chance of normal infant birth weight is not larger for smoking mothers.

2. - Calculate probability of non-smoking mother: 57%
   - Probability of normal birth weight for non-smoking mothers: 49% / 57% ≈ 85.96%
   - Compare 17% (smoking) with 85.96% (non-smoking)
   - 17% is less than 85.96%

3. No"
217,no,"step-by-step summary of the reasoning:

- Dry season wet ground probability: 61%
- Rainy season wet ground probability: 70%
- Increase in wetness in the rainy season is due to natural weather changes.
- Sprinkler usage compensates in the dry season, maintaining wetness levels.
- No direct negative effect implied by the probabilities.

3. The single word answer:

No"
218,yes,"step-by-step summary of the reasoning:

- Dry season wet ground probability: 56%
- Rainy season wet ground probability: 52%
- Positive effect implies higher probability in rainy season.
- Rainy season has a lower probability than the dry season.
- Conclusion: Season does not positively affect wetness as expected.

3. The single word answer: 'Yes' or 'No'

No"
219,yes,"step-by-step summary of the reasoning:
- Identify that poverty is a potential confounding factor.
- Recognize that Method 1 accounts for poverty, providing a more nuanced analysis.
- Understand that Method 2 does not account for poverty and may lead to oversimplified conclusions.
- Conclude that Method 1 is more correct for understanding the effects of water quality on cholera.

3. The single word answer:
Yes"
220,yes,"step-by-step summary of the reasoning:

- Scurvy is usually reduced by consuming citrus.
- Non-citrus consumers have a 60% probability of scurvy.
- Citrus consumers have a 74% probability of scurvy.
- Based on these probabilities, citrus intake increases scurvy probability.
- The data may be incorrect or misleading, but it shows an increase.

3. The single word answer: 'Yes' or 'No'

Yes"
221,yes,"1. To determine if gender positively affects salary without considering the mediation effect through occupation, we need to compare the probabilities of high salary between males and non-males directly. For males, the probabilities are 51% for blue-collar and 77% for white-collar workers. For non-males, the probabilities are 25% for blue-collar and 57% for white-collar workers. In both categories, males have a higher probability of earning a high salary. Since we're ignoring the mediation effect through occupation, these differences indicate that being male is associated with a higher probability of a high salary.

2. Summary:
   - Compare high salary probabilities for males and non-males.
   - Males: 51% (blue-collar), 77% (white-collar).
   - Non-males: 25% (blue-collar), 57% (white-collar).
   - Males have consistently higher probabilities.
   - Conclusion: Gender (male) positively affects salary.

3. Yes"
222,no,"step-by-step summary of the reasoning:
- Cholera is linked to high poverty and clean water in the given context.
- The person lives in a region with low poverty and uses a local water company.
- Polluted water is generally a risk factor for cholera.
- Exposure to polluted water would likely increase cholera risk, not avoid it.

3. The single word answer:
No"
223,yes,"step-by-step summary of the reasoning:

- Identify smoking as a major risk factor for lung cancer.
- Method 1 considers smoking, isolating the gene's effect.
- Method 2 does not account for smoking, potentially conflating effects.
- Method 1 offers a more accurate assessment by controlling for smoking.

3. The single word answer: 

Yes"
224,yes,"step-by-step summary of the reasoning:

- Supply's effect on price is influenced by demand.
- Method 1 accounts for demand variations in each case.
- Method 2 examines supply and price correlation without demand context.
- Considering demand leads to a more accurate understanding of the relationship.

3. The single word answer: 'Yes' or 'No'

Yes"
225,no,"Step-by-step summary:
   - Calculate overall probability of encouragement and non-encouragement.
   - Use conditional probabilities to find the overall probability of a high score.
   - Compare this probability to 50% to determine likelihood.
   - A high score probability of 35.1% is less than 50%, so it is not more likely.

3. No"
226,no,"step-by-step summary of the reasoning:
- Releasing prisoners results in a 40% death probability.
- Executing prisoners results in an 83% death probability.
- The captain's decision increases death probability.
- Lack of information on corporal and private roles.
- Cannot link negative effect to corporal and private specifically.

3. The single word answer:
No"
227,yes,"Step-by-step reasoning:
   - Probability of high salary with college degree or higher is 19%.
   - Probability of high salary with high school degree or lower is 24%.
   - Compare 19% and 24%: 19% is less than 24%.
   - Therefore, the chance of high salary is smaller with a college degree or higher.

3. Yes"
228,no,"step-by-step summary of the reasoning:

- Probability without lighting a match: 75%
- Probability with lighting a match: 59%
- Compare: 59% is less than 75%
- Conclusion: Lighting a match decreases the chance of fire

3. The single word answer: 'Yes' or 'No' (only one of these, nothing else)

No"
229,yes,"1. To determine if the chance of attractive appearance decreases when kindness is present among people in a relationship, we need to compare the probabilities for people with kind and mean personalities who are in a relationship. For people with mean personalities and in a relationship, the probability of attractive appearance is 43%. For people with kind personalities and in a relationship, this probability is 37%. Since 37% is less than 43%, the chance of attractive appearance decreases when kindness is present among people in a relationship.

2. Summary:
   - Identify the probability of attractiveness for mean personalities in a relationship: 43%.
   - Identify the probability of attractiveness for kind personalities in a relationship: 37%.
   - Compare the two probabilities: 37% is less than 43%.
   - Conclusion: The chance of attractiveness decreases with kindness in a relationship.

3. Yes"
230,yes,"step-by-step summary of the reasoning:

- Nonsmokers have a 27% probability of lung cancer.
- Smokers have a 57% probability of lung cancer.
- The significant increase in probability indicates a negative effect.
- Tar in cigarettes contains carcinogens that damage lung cells.
- This damage increases the risk of lung cancer in smokers.

3. The single word answer:

Yes"
231,yes,"1. When trying to understand how treatment affects recovery, Method 1 is more correct because it considers the potential confounding variable of kidney stone size. By analyzing the data case by case according to kidney stone size, Method 1 allows for a clearer understanding of the treatment's effectiveness by controlling for this variable. Method 2, on the other hand, looks at the overall correlation without accounting for differences in kidney stone size, which could lead to misleading conclusions if the treatment's effectiveness varies with stone size. Therefore, Method 1 provides a more accurate and nuanced analysis of the treatment's impact.

2. Summary:
   - Method 1 considers kidney stone size as a confounding variable.
   - Analyzing by size gives a clearer picture of treatment effectiveness.
   - Method 2 might miss variations in effectiveness due to stone size.
   - Method 1 offers a more accurate assessment.

3. Yes"
232,yes,"1. To determine whether the chance of smallpox survival is smaller when observing vaccination, we need to compare the probability of survival given vaccination with the probability of survival given no vaccination. The probability of vaccination and survival is 6%. The probability of lack of vaccination and survival is 38%. Since the total probability of vaccination is 10%, and the probability of survival with vaccination is lower than without (6% compared to 38%), it indicates that the chance of smallpox survival is indeed smaller when observing vaccination.

2. - Probability of survival with vaccination: 6%
   - Probability of survival without vaccination: 38%
   - Compare the two probabilities
   - Conclusion: Survival chance is smaller with vaccination

3. Yes"
233,yes,"1. To determine whether a ringing alarm is more likely than a silent alarm, we need to calculate the overall probability of the alarm ringing. The probability of the husband setting the alarm is 15%, and for these cases, the alarm rings 24% of the time. Conversely, when the husband doesn't set the alarm (85% of the time), it rings 82% of the time. We calculate the overall probability of ringing as follows: 

- Probability of ringing given the alarm is set: 0.15 * 0.24 = 0.036
- Probability of ringing given the alarm is not set: 0.85 * 0.82 = 0.697

Adding these gives the total probability of ringing: 0.036 + 0.697 = 0.733 or 73.3%.

For the alarm to be silent, it must not ring. The probability of silence is therefore the complement of the ringing probability: 1 - 0.733 = 0.267 or 26.7%.

Since 73.3% (ringing) is greater than 26.7% (silent), a ringing alarm is more likely than a silent alarm.

2. Summary:
   - Calculate probability of ringing when set: 0.15 * 0.24 = 0.036
   - Calculate probability of ringing when not set: 0.85 * 0.82 = 0.697
   - Total ringing probability: 0.036 + 0.697 = 0.733 (73.3%)
   - Probability of silence: 1 - 0.733 = 0.267 (26.7%)
   - Compare: 73.3% (ringing) > 26.7% (silent)

3. Yes"
234,no,"1. When determining how vaccination status affects smallpox survival, Method 1 provides a broad overview by looking at the general correlation between vaccination status and survival rates. This approach offers a comprehensive understanding of the overall effectiveness of the vaccine on the population level. However, it may overlook individual variations and specific reactions to the vaccine. Method 2, on the other hand, considers the correlation on a case-by-case basis according to vaccination reaction, providing a more nuanced view that accounts for individual differences in vaccine response. This method could yield more precise insights into how different reactions influence survival. Therefore, while Method 1 gives a general picture, Method 2 is likely more correct for understanding detailed effects and variations in survival due to vaccination.

2. - Method 1 gives a broad population-level view.
   - Method 2 considers individual reactions and variations.
   - Method 2 provides more detailed insights into survival based on individual differences.

3. No"
235,yes,"Step-by-step reasoning:
   - Probability of increased supply: 61%
   - Probability of reduced supply: 39%
   - Probability of increased price with increased supply: 46%
   - Probability of increased price with reduced supply: 77%
   - Calculate total increased price probability: (0.61 * 0.46) + (0.39 * 0.77) = 58.09%
   - Compare with reduced price probability: 41.91%
   - Conclusion: Increased price is more likely than reduced price.

3. Yes"
236,yes,"Step-by-step summary:
   - Probability of dark room without blowing out candle: 51%
   - Probability of dark room after blowing out candle: 93%
   - Since 51% < 93%, it is less likely for the room to be dark if the candle was not blown out.

3. Yes"
237,yes,"step-by-step summary of the reasoning:
- Probability with unintelligent parents: 31%
- Probability with intelligent parents: 62%
- 62% is greater than 31%
- Intelligent parents increase the chance of an intelligent child.

3. The single word answer: 'Yes' or 'No'
Yes"
238,yes,"1. To determine if the chance of recovery is smaller when observing that treatment is received, we compare the probability of recovery given treatment to the probability of recovery given no treatment. The probability of receiving treatment is 52%, and the probability of recovery with treatment is 10%, which means the probability of recovery given treatment is \( \frac{10}{52} \approx 19.23\% \). The probability of no treatment with recovery is 29%, and since the total probability of no treatment is 48% (100% - 52%), the probability of recovery given no treatment is \( \frac{29}{48} \approx 60.42\% \). Comparing these, 19.23% is indeed smaller than 60.42%, indicating that the chance of recovery is smaller when treatment is received.

2. Summary:
   - Calculate probability of recovery given treatment: \( \frac{10}{52} \approx 19.23\% \).
   - Calculate probability of recovery given no treatment: \( \frac{29}{48} \approx 60.42\% \).
   - Compare: 19.23% is smaller than 60.42%.

3. Yes"
239,no,"step-by-step summary of the reasoning:

- Identify the acceptance probability for males: 41%.
- Identify the acceptance probability for non-males: 53%.
- Compare probabilities: 53% is higher than 41%.
- Conclude that being non-male increases the likelihood of acceptance.

3. The single word answer:

No"
240,yes,"step-by-step summary of the reasoning:
- Method 1 does not account for department competitiveness, possibly leading to misleading conclusions.
- Method 2 considers department competitiveness, providing a nuanced view.
- Method 2 is more accurate for understanding gender effects on admission.

3. The single word answer: 'Yes' or 'No'
No"
241,no,"1. To determine how smoking affects college admission, it's crucial to consider how confounding variables like effort might play a role. Method 1 looks at the general correlation between smoking and college admission, which could provide a broad overview but may overlook important nuances. Method 2, on the other hand, examines the correlation case by case according to effort, allowing for a more detailed understanding of how these factors interact. Since effort can significantly influence college admission outcomes, Method 2 is likely to provide a more accurate picture by accounting for differences in individual circumstances.

2. Summary:
   - Method 1 provides a broad correlation.
   - Method 2 considers individual cases and effort.
   - Effort can significantly influence outcomes.
   - Method 2 likely offers more accuracy.

3. No"
242,yes,"step-by-step summary of the reasoning:

- Compare probabilities: Male (78%) vs. Not male (39%).
- Determine which probability is higher.
- Conclude that being male increases, rather than decreases, the chance of a high salary.

3. The single word answer: 'Yes' or 'No'

No"
243,yes,"Step-by-step summary:
   - Calculate the probability of dark room when not blowing out the candle: 0.95 * 0.89 = 0.8455
   - Calculate the probability of dark room when blowing out the candle: 0.05 * 0.56 = 0.028
   - Add both to find total probability of dark room: 0.8455 + 0.028 = 0.8735
   - Compare 87.35% to 50%: Dark room is more likely than bright room.

3. Yes"
244,no,"Step-by-step reasoning:
   - Calculate \( P(NS) = 11\% \).
   - Use conditional probability: \( P(C \mid NS) = \frac{0.03}{0.11} \approx 0.2727 \).
   - Compare \( P(C \mid S) = 0.55 \) and \( P(C \mid NS) \approx 0.2727 \).
   - Conclusion: College admission probability is higher when observing smoking.

3. No"
245,no,"step-by-step summary of the reasoning:
- Nonsmokers have a higher probability of high tar deposits (63%) than smokers (26%).
- Smokers with high tar deposits have a lower lung cancer probability (14%) than nonsmokers with high tar deposits (27%).
- The data does not show that smoking increases the risk of lung cancer through tar deposit.

3. The single word answer:
No"
246,no,"Step-by-step summary:
   - Compare competitive department probabilities for non-males and males in-state (most applicants).
   - Acceptance rates for competitive departments are 36% (non-males) and 37% (males).
   - Non-males have higher acceptance rates in non-competitive departments (72% vs. 68%).
   - Overall, gender does not consistently favor non-males in competitive departments.

3. No"
247,no,"1. To determine whether normal infant birth weight is less likely than low infant birth weight overall, we need to calculate the overall probability of normal birth weight. We know that 65% of mothers are smokers. For infants with nonsmoking mothers (35% of the population), the probability of normal birth weight is 55%. For infants with smoking mothers, the probability of normal birth weight is 92%. We calculate the overall probability of normal birth weight by considering both groups: 

Overall probability of normal birth weight = (Probability of smoking mothers) × (Probability of normal birth weight for smoking mothers) + (Probability of nonsmoking mothers) × (Probability of normal birth weight for nonsmoking mothers).

= (0.65 × 0.92) + (0.35 × 0.55) 
= 0.598 + 0.1925 
= 0.7905 or 79.05%

Since 79.05% is greater than 50%, normal infant birth weight is more likely than low infant birth weight overall.

2. Summary of reasoning:
   - Calculate probability for smoking mothers: 0.65 × 0.92 = 0.598
   - Calculate probability for nonsmoking mothers: 0.35 × 0.55 = 0.1925
   - Add both probabilities: 0.598 + 0.1925 = 0.7905
   - Since 79.05% > 50%, normal birth weight is more likely.

3. No"
248,no,"1. To determine whether an increased price is less likely than a reduced price overall, we need to consider the probabilities provided. The probability of increased supply is 46%, which means the probability of reduced supply is 54%. When supply is reduced, the probability of an increased price is 66%. When supply is increased, the probability of an increased price is 36%. We calculate the overall probability of increased price as follows: 0.54 (reduced supply) * 0.66 (increased price given reduced supply) + 0.46 (increased supply) * 0.36 (increased price given increased supply) = 0.3564 + 0.1656 = 0.522. Therefore, the overall probability of an increased price is 52.2%. A reduced price would therefore have a probability of 100% - 52.2% = 47.8%. Hence, an increased price is actually more likely than a reduced price.

2. Summary:
   - Probability of reduced supply: 54%
   - Probability of increased price with reduced supply: 66%
   - Probability of increased price with increased supply: 36%
   - Overall probability of increased price: 52.2%
   - Overall probability of reduced price: 47.8%
   - Increased price is more likely than reduced price.

3. No"
249,yes,"Step-by-step summary:
   - Find probability of dark room given candle is blown out: 3% / 5% = 60%.
   - Calculate overall probability of dark room: 3% + 82% = 85%.
   - Compare: 60% (conditional) < 85% (overall).
   - Conclusion: Chance of dark room is smaller when candle is blown out.

3. Yes"
250,yes,"1. To determine whether the chance of talent decreases for famous people who are considered attractive, we need to compare the probability of talent for famous people who are attractive with those who are unattractive. The probability of talent for famous people who are considered attractive is 21%. The probability of talent for famous people who are considered unattractive is 29%. Since 21% is less than 29%, the chance of talent does indeed decrease when a famous person is considered attractive.

2. - Identify probabilities for famous people: 21% (attractive), 29% (unattractive).
   - Compare these probabilities.
   - 21% is less than 29%, indicating a decrease in probability.

3. Yes"
251,no,"Step-by-step summary:
   - Probability of penguin death when taking the elevator is 1%.
   - Probability of taking the stairs is 96%.
   - Probability of penguin death when taking the stairs is 79.17%.
   - Compare 1% (elevator) and 79.17% (stairs).
   - Conclusion: Penguin death is larger when taking the stairs.

3. No"
252,no,"1. To determine if the chance of a high salary is smaller when observing a college degree or higher, we need to compare the probabilities of a high salary given the two education levels. The probability of having a college degree or higher is 42%, and the probability of having a high school degree or lower and a high salary is 18%. The probability of having a college degree or higher and a high salary is 22%. We can find the probability of a high salary given a college degree or higher by dividing the probability of both events happening (22%) by the probability of having a college degree or higher (42%), which equals approximately 52.38%. For the high school degree or lower group, we only have the joint probability of a high salary at 18%, but not the overall probability of that education level alone. Without this, we cannot directly calculate the probability of a high salary given a high school degree or lower. Therefore, based on available data, we cannot definitively conclude that the chance of a high salary is smaller for those with a college degree or higher.

2. - Calculate probability of high salary given college degree: 22% / 42% ≈ 52.38%.
   - Lack data for calculating probability of high salary given high school degree or lower.
   - Cannot conclude definitively without additional information.

3. No"
253,no,"step-by-step summary of the reasoning:
- Patients with drug treatment have a higher low cholesterol probability (26% vs. 19%).
- Drug compliance is higher in patients assigned the treatment (59% vs. 26%).
- Lack of direct evidence linking drug compliance to lower cholesterol levels.
- The relationship might be due to the effectiveness of the drug, not just compliance.

3. The single word answer: 'Yes' or 'No' (only one of these, nothing else)
No"
254,yes,"step-by-step summary of the reasoning:

- Method 1 considers birth weight, a key factor affecting mortality.
- It controls for birth weight, identifying smoking's direct effect.
- Method 2 does not account for birth weight variations.
- Method 1 provides a more detailed and accurate analysis.
- Therefore, Method 1 is more correct for understanding the impact.

3. The single word answer:

Yes"
255,no,"1. To determine if the forest is more likely to be on fire than not, we need to calculate the overall probability of the forest being on fire. We have two scenarios to consider: when a match is lit and when it is not. The probability of a camper lighting a match is 99%. If a match is lit, the probability of the forest being on fire is 44%. If no match is lit (1% probability), the probability of the forest being on fire is 79%. We calculate the overall probability of fire as follows:

- Probability of fire with a match: \(0.99 \times 0.44 = 0.4356\)
- Probability of fire without a match: \(0.01 \times 0.79 = 0.0079\)

Adding these probabilities gives the total probability of fire: \(0.4356 + 0.0079 = 0.4435\) or 44.35%.

The probability of the forest not being on fire is the complement of the above, which is \(1 - 0.4435 = 0.5565\) or 55.65%. Since 55.65% (not on fire) is greater than 44.35% (on fire), the forest is more likely to not be on fire overall.

2. Summary:
   - Calculate probability of fire with a match: \(0.99 \times 0.44 = 0.4356\)
   - Calculate probability of fire without a match: \(0.01 \times 0.79 = 0.0079\)
   - Total probability of fire: \(0.4435\)
   - Probability of not on fire: \(0.5565\)
   - Compare: \(0.5565\) (not on fire) > \(0.4435\) (on fire)

3. No"
256,yes,"1. To determine whether the chance of the employee being fired is smaller when observing the manager signing the termination letter, we need to compare two probabilities: the probability of the employee being fired given that the manager signs the letter, and the overall probability of the employee being fired. 

First, let's calculate the overall probability of the employee being fired. This can be derived from the probabilities given:

- Probability of manager signing and employee being fired: 14%
- Probability of manager not signing and employee being fired: 57%

The total probability of being fired is the sum of these two probabilities: 14% + 57% = 71%.

Next, we calculate the probability of the employee being fired given that the manager signs the letter. This is the probability of manager signing and employee being fired (14%) divided by the probability of manager signing (34%):

P(Fired | Signed) = 14% / 34% ≈ 41.18%.

Now we compare this conditional probability with the overall probability of being fired:

- Overall probability of being fired: 71%
- Probability of being fired given the manager signed: 41.18%

Since 41.18% is smaller than 71%, the chance of the employee being fired is indeed smaller when observing the manager signing the termination letter.

2. Summary of reasoning:
   - Calculate overall probability of being fired: 14% (signed) + 57% (not signed) = 71%.
   - Calculate probability of being fired if signed: 14% / 34% ≈ 41.18%.
   - Compare: 41.18% (if signed) is less than 71% (overall), so chance is smaller if signed.

3. Yes"
257,yes,"step-by-step summary of the reasoning:

- Probability of high salary with a degree: 84%
- Probability of high salary without a degree: 57%
- 57% is lower than 84%, indicating less likelihood without a degree.

3. The single word answer: 'Yes' or 'No'

No"
258,yes,"1. To determine if an intelligent child is less likely than an unintelligent child overall, we need to find the total probability of a child being intelligent. Given that 54% of parents are intelligent, the probability of a child being intelligent if the parents are intelligent is 48%. Therefore, the probability of a child being intelligent with intelligent parents is \(0.54 \times 0.48 = 0.2592\). For unintelligent parents (46% of the population), the probability of a child being intelligent is 7%, so \(0.46 \times 0.07 = 0.0322\). Adding these two probabilities gives the total probability of a child being intelligent as \(0.2592 + 0.0322 = 0.2914\) or 29.14%. Since 29.14% is less than 50%, an intelligent child is indeed less likely than an unintelligent child overall.

2. Summary:
   - Calculate probability of intelligent child with intelligent parents: \(0.54 \times 0.48 = 0.2592\)
   - Calculate probability of intelligent child with unintelligent parents: \(0.46 \times 0.07 = 0.0322\)
   - Total probability of intelligent child: \(0.2592 + 0.0322 = 0.2914\)
   - Compare 29.14% with 50% to determine if less likely.

3. Yes"
259,yes,"Step-by-step summary:
   - Calculate nonsmoking mothers' probability: 57% (100% - 43%)
   - Compute normal birth weight for nonsmokers: 57% of 86%
   - Compute normal birth weight for smokers: 43% of 40%
   - Add the two results for overall probability of normal birth weight
   - Compare the overall probability (66.22%) to 50%

3. Yes"
260,no,"Step-by-step summary:
   - Calculate probability of scurvy for citrus consumers: 84% * 53% = 44.52%
   - Calculate probability of scurvy for non-citrus consumers: 16% * 68% = 10.88%
   - Add both probabilities: 44.52% + 10.88% = 55.4%
   - Since 55.4% > 50%, scurvy is more likely than no scurvy.

3. No"
261,no,"1. To determine whether it is more likely for an employee to be fired if a manager signs the termination letter, we need to compare the probabilities of firing in different scenarios. When a manager signs the termination letter, the probability of firing is 48% if the director does not sign and 7% if the director signs. The overall probability of the director signing when the manager signs is 45%. Therefore, we calculate the total probability of firing as follows: (0.48 * 0.55) + (0.07 * 0.45) = 0.264 + 0.0315 = 0.2955 or 29.55%. Since the probability is less than 50%, it is not more likely that an employee would be fired if the manager signs the termination letter.

2. 
   - Consider scenarios when the manager signs: 
     - 48% fired if the director does not sign.
     - 7% fired if the director signs.
   - Probability director signs when manager signs: 45%.
   - Calculate overall firing probability: (0.48 * 0.55) + (0.07 * 0.45).
   - Result: 29.55%, which is less than 50%.

3. No"
262,yes,"step-by-step summary of the reasoning:

- Calculate average child intelligence probability excluding social status:
  - Intelligent parents: 45% (low) and 59% (high) → 52%
  - Unintelligent parents: 91% (low) and 90% (high) → 90.5%
- Compare averages: 90.5% (unintelligent) vs. 52% (intelligent)
- Conclusion: Parents' intelligence does not positively affect child's intelligence.

3. The single word answer: 'Yes' or 'No':

No"
263,no,"1. To answer the question, we need to compare the probability of penguin death for two scenarios: taking the stairs and taking the elevator. The probability of penguin death when taking the stairs is 80%, while the probability when taking the elevator is 24%. The question asks if it would be less likely to see penguin death if the elevator was chosen instead of the stairs. Since 24% is indeed less than 80%, taking the elevator results in a lower probability of penguin death compared to taking the stairs.

2. Summary:
   - Compare probabilities of penguin death: stairs (80%) vs. elevator (24%).
   - 24% (elevator) is less than 80% (stairs).
   - Therefore, taking the elevator results in a lower likelihood of penguin death.

3. No"
264,no,"1. To determine if talent is more likely than lack of talent overall, we need to calculate the overall probability of talent. Given that both attractive and unattractive individuals have a 10% probability of talent, we can break it down as follows: 55% of people are attractive, and 45% are unattractive. For both groups, 10% have talent. Therefore, the probability of talent in the total population is calculated as (0.55 * 0.10) + (0.45 * 0.10) = 0.055 + 0.045 = 0.10 or 10%. This means the probability of lack of talent is 90%. Since 10% (talent) is less than 90% (lack of talent), talent is not more likely than lack of talent overall.

2. Summary:
   - 55% attractive, 45% unattractive.
   - Both have 10% probability of talent.
   - Overall talent probability: (0.55 * 0.10) + (0.45 * 0.10) = 10%.
   - Lack of talent is 90%.
   - Talent (10%) is less likely than lack of talent (90%).

3. No"
265,no,"1. To determine if medication negatively affects heart condition when disregarding the mediation effect through blood pressure, we need to compare the probability of a healthy heart among people taking medication and not taking medication without considering their blood pressure. For people not taking any medication, regardless of blood pressure, the probabilities are 44% for low blood pressure and 11% for high blood pressure. This means the overall probability of a healthy heart for those not taking medication is weighted by the probability of having high or low blood pressure: (0.27 * 44%) + (0.73 * 11%) = 19.63%. For those taking medication, the probabilities are 68% for low blood pressure and 38% for high blood pressure: (0.48 * 68%) + (0.52 * 38%) = 52.24%. Therefore, medication actually increases the probability of having a healthy heart when disregarding the effect of blood pressure.

2. Summary:
   - Calculate healthy heart probability for non-medicated: (0.27 * 44%) + (0.73 * 11%) = 19.63%.
   - Calculate healthy heart probability for medicated: (0.48 * 68%) + (0.52 * 38%) = 52.24%.
   - Compare the probabilities: 19.63% (non-medicated) vs. 52.24% (medicated).
   - Medication increases healthy heart probability, so it does not negatively affect heart condition.

3. No"
266,yes,"1. To assess whether the chance of tanned skin is smaller when observing tanning salon treatment, we need to compare conditional probabilities. We have the probability of tanning salon treatment (T) as 93%, or 0.93, and the probability of no treatment and tanned skin as 5%, or 0.05. The probability of treatment and tanned skin is 26%, or 0.26. The probability of tanned skin given treatment is the probability of both treatment and tanned skin divided by the probability of treatment: \(P(\text{Tanned} | \text{T}) = \frac{P(\text{Tanned and T})}{P(\text{T})} = \frac{0.26}{0.93} \approx 0.279\). The probability of tanned skin given no treatment is the probability of both no treatment and tanned skin divided by the probability of no treatment (\(1 - P(\text{T}) = 0.07\)): \(P(\text{Tanned} | \text{No T}) = \frac{0.05}{0.07} \approx 0.714\). Since 0.279 < 0.714, the chance of tanned skin is indeed smaller when observing tanning salon treatment.

2. - Calculate probability of tanned skin with treatment: \(0.26 / 0.93 \approx 0.279\).
   - Calculate probability of tanned skin without treatment: \(0.05 / 0.07 \approx 0.714\).
   - Compare: 0.279 < 0.714, so smaller with treatment.

3. Yes"
267,yes,"step-by-step summary of the reasoning:

- Probability of wet ground in dry season: 51%
- Probability of wet ground in rainy season: 51%
- Both probabilities are equal.
- Therefore, the rainy season does not decrease the chance of wet ground.

3. The single word answer: 'Yes' or 'No':

No"
268,no,"1. To determine whether having a college degree or higher decreases the chance of a high salary, we need to compare the probabilities of high salary for both groups. People living close to a college have a higher probability of a college degree (77%) and a higher probability of high salary (93%). In contrast, those living far from a college have a lower probability of a college degree (35%) and a lower probability of high salary (84%). Since the group with higher education levels (closer to a college) also has a higher probability of high salary, the data indicates that having a college degree or higher is associated with an increased, not decreased, chance of a high salary.

2. Summary:
   - Compare high salary probabilities for both groups.
   - Close to college: higher education (77%) and higher salary (93%).
   - Far from college: lower education (35%) and lower salary (84%).
   - Higher education correlates with higher salary, indicating no decrease.

3. No"
269,no,"Step-by-step summary:
   - Calculate probability for blowing out: 0.53 * 0.74 = 0.3922
   - Calculate probability for not blowing out: 0.47 * 0.43 = 0.2021
   - Add both probabilities: 0.3922 + 0.2021 = 0.5943
   - 59.43% probability of dark room means dark is more likely than bright.

3. No"
270,yes,"step-by-step summary of the reasoning:

- Method 1 considers gender-specific differences.
- This approach can reveal demographic-specific insights.
- Method 2 provides a general overview without demographic distinctions.
- Method 1 likely offers a more detailed and accurate understanding.

3. The single word answer: 'Yes' or 'No':

Yes"
271,no,"1. The data provided gives probabilities for students based on encouragement and study habits. For students not encouraged, the probability of a high score is 18% if they do not study hard and 42% if they do. For encouraged students, the probability is 44% if they do not study hard and 70% if they do. Encouraged students have a higher probability of studying hard (90%) compared to those not encouraged (29%). Encouragement seems to improve both study habits and exam scores. Thus, encouragement does not negatively affect exam scores through study habits, as it correlates with better study habits and higher scores.

2. - Probabilities of high scores increase with encouragement.
   - Encouraged students study hard more frequently.
   - Encouragement correlates with higher exam scores and better study habits.
   - Therefore, encouragement does not negatively impact scores through study habits.

3. No"
272,yes,"step-by-step summary of the reasoning:

- Calculate recovery probability for vaccinated with no pre-conditions: 36%
- Calculate recovery probability for vaccinated with pre-conditions: 92%
- Consider 54% probability of pre-conditions
- Compute overall recovery probability for vaccinated people: 66.24%
- Compare with recovery probabilities for non-vaccinated (5% and 62%)
- Recovery is more likely with vaccination; thus, less likely without.

3. The single word answer: 'Yes' or 'No'

No"
273,yes,"step-by-step summary of the reasoning:  
- High pollution increases the likelihood of smoking.
- Smoking gene increases the likelihood of smoking.
- Both smoking and high pollution contribute to lung cancer.
- Therefore, having the smoking gene increases the risk of lung cancer in a high pollution area.

3. The single word answer: 'Yes' or 'No'  
Yes"
274,no,"1. To determine if broken bones are less likely than no broken bones overall, we need to calculate the overall probability of broken bones. The overall probability of respiratory issues is 50%. For both groups (those with and without respiratory issues), the probability of broken bones is 80%. Therefore, the overall probability of broken bones for the entire population is 80%. Since 80% represents broken bones, the remaining probability of not having broken bones is 20%. Therefore, broken bones are more likely than no broken bones, as 80% is greater than 20%.

2. - Calculate overall probability of broken bones: 80% with and without respiratory issues.
   - Determine probability of no broken bones: 20%.
   - Compare: 80% (broken bones) vs. 20% (no broken bones).
   - Conclusion: Broken bones are more likely since 80% > 20%.

3. No"
275,yes,"step-by-step summary of the reasoning:

- The correlation is 0.33, indicating a moderate positive association.
- Correlation does not imply causation.
- The relationship could be due to other unaccounted factors.
- Without more evidence, causation cannot be confirmed.

3. The single word answer: 'Yes' or 'No'

No"
276,yes,"step-by-step summary of the reasoning:

- Analyze lifespan probabilities for normal weight and obese individuals with and without diabetes.
- Note that having diabetes is associated with higher lifespan probabilities in both weight categories.
- Obesity does not correlate with a negative impact on lifespan through diabetes based on the given data.

3. The single word answer: 'Yes' or 'No'

No"
277,no,"1. If the captain orders to execute the prisoner, the corporal will shoot, leading to the prisoner's death because either the corporal or the private shooting causes the prisoner's death. The private not shooting doesn't prevent the death as the corporal’s action is sufficient. If the order were to release instead, neither the corporal nor the private would shoot, and the prisoner would remain alive. Therefore, the order to execute leads directly to the prisoner’s death.

2. - Captain's order to execute → Corporal shoots
   - Corporal shooting → Prisoner's death
   - Order to release → No shooting → Prisoner alive
   - Therefore, execution order results in death

3. No"
278,yes,"1. To determine whether it's more likely for encouraged students to achieve high exam scores if they had received no encouragement, we need to compare the probabilities of high exam scores in both scenarios. For students who are not encouraged, the probability of a high exam score is 59%. For those who are encouraged, it's 47%. Since 59% is greater than 47%, students who are encouraged would indeed have a higher likelihood of scoring well if they had not received encouragement, given the probabilities provided.

2. - Compare the probabilities: 59% for not encouraged vs. 47% for encouraged.
   - 59% is greater than 47%.
   - Conclusion: More likely to score high without encouragement.

3. Yes"
279,no,"1. To determine if the chance of attractive appearance decreases when considering kindness in people in a relationship, we need to compare the probabilities of attractive appearance for both kind and mean personalities. For people with mean personalities in a relationship, the probability of being attractive is 32%. For people with kind personalities in a relationship, the probability is 25%. Since 25% is less than 32%, the probability of an attractive appearance actually decreases for those who are kind compared to those who are mean when in a relationship.

2. - Identify probabilities for people in a relationship with mean (32%) and kind (25%) personalities.
   - Compare these probabilities.
   - Conclude that 25% is less than 32%, indicating a decrease.

3. No"
280,yes,"1. To determine if a dark room is more likely than a bright room overall, we need to calculate the total probability of a dark room. We know that 15% of people blow out the candle, and for these people, the probability of a dark room is 52%. This means the contribution to the dark room probability from those who blow out the candle is 0.15 * 0.52 = 0.078 or 7.8%. For the remaining 85% of people who do not blow out the candle, the probability of a dark room is 84%. Therefore, their contribution to the dark room probability is 0.85 * 0.84 = 0.714 or 71.4%. Adding these probabilities gives us the total probability of a dark room as 7.8% + 71.4% = 79.2%. Since 79.2% is greater than 50%, a dark room is indeed more likely than a bright room.

2. Summary:
   - Calculate the probability of a dark room for those who blow out the candle: 15% * 52% = 7.8%.
   - Calculate the probability of a dark room for those who do not blow out the candle: 85% * 84% = 71.4%.
   - Add these probabilities: 7.8% + 71.4% = 79.2%.
   - Compare 79.2% with 50% to determine that a dark room is more likely.

3. Yes"
281,no,"1. The correlation coefficient of -0.07 indicates a very weak negative relationship between talent and being hard-working among students accepted to elite institutions. This suggests that, within this specific group, there is almost no linear relationship between the two variables. However, a lack of correlation does not imply that talent has no effect on being hard-working; it simply means that within this sample, talent and hard-working tendencies do not have a predictable linear relationship. Other factors could influence both variables, and non-linear relationships might exist. Therefore, this correlation does not conclusively show that talent does not affect being hard-working.

2. - The correlation of -0.07 is very weak and negative.
   - This indicates almost no linear relationship.
   - Lack of correlation does not mean no effect; other factors might be involved.
   - Conclusion: Talent may still affect being hard-working in non-linear ways.

3. No"
282,yes,"step-by-step summary of the reasoning:
- Method 1 examines detailed individual cases with tar deposit analysis.
- It provides insights into specific mechanisms and variations.
- Method 2 offers a broad correlation without specific details.
- Method 1 is better for understanding specific effects and mechanisms.

3. The single word answer:
Yes"
283,yes,"step-by-step summary of the reasoning:

- Out-of-state residency means in-state condition isn't met.
- Non-male gender means department isn't competitive.
- None of the admission conditions (male, competitive department, in-state) are met with non-male, out-of-state status.
- Therefore, admission is not likely.

3. The single word answer: 'Yes' or 'No'

No"
284,yes,"step-by-step summary of the reasoning:

- Smoking genes increase the probability of smoking compared to nonsmoking genes.
- Smoking increases the probability of lung cancer.
- Therefore, the gene indirectly increases lung cancer risk through smoking behavior.

3. The single word answer: 'Yes'

Yes"
285,yes,"1. To determine how medication affects heart condition, it's crucial to consider specific variables that could influence the outcome, such as blood pressure. Method 1 examines the correlation case by case according to blood pressure, which allows for a more tailored understanding of the medication's effects on individuals with varying blood pressure levels. This method can account for how blood pressure might modify the relationship between medication and heart condition. On the other hand, Method 2 looks at the correlation more generally, which could overlook important nuances and lead to less precise conclusions. Therefore, Method 1 is more correct as it provides a detailed analysis that can reveal more specific interactions.

2. - Method 1 considers blood pressure, allowing for detailed, case-by-case analysis.
   - Method 2 provides a general view, potentially missing nuances.
   - Method 1 is more precise because it accounts for how blood pressure affects medication's impact on heart condition.

3. Yes"
286,no,"step-by-step summary of the reasoning:
- Unvaccinated survival probability: 43%
- Vaccinated survival probability: 51%
- Compare the two: 51% > 43%
- Conclusion: Vaccination increases survival probability.

3. The single word answer: 'Yes' or 'No' (only one of these, nothing else)
No"
287,yes,"1. To determine if waking up late increases Alice's chance of arriving to school on time, we need to compare the probabilities for both scenarios. When Alice wakes up on time, the probability of arriving on time is 53%. When she wakes up late, the probability is 85%. Comparing these two probabilities, 85% is clearly higher than 53%, indicating that waking up late is associated with a higher chance of arriving on time. Therefore, waking up late does indeed increase the chance of arriving on time.

2. - Compare probabilities: On time wake-up (53%), Late wake-up (85%).
   - 85% is greater than 53%.
   - Conclusion: Waking up late increases the chance of arriving on time.

3. Yes"
288,yes,"1. To determine if broken bones are less likely than no broken bones overall, we need to consider the probabilities given for both groups—those with and without respiratory issues—and their respective probabilities of broken bones. Both groups have a 7% probability of broken bones. The overall probability of respiratory issues is 48%, meaning 52% have no respiratory issues. For both groups, the probability of broken bones remains 7%. Therefore, the overall probability of broken bones is calculated as follows: (0.48 * 0.07) + (0.52 * 0.07) = 0.0336 + 0.0364 = 0.07, or 7%. Consequently, the probability of not having broken bones is 100% - 7% = 93%. Since 93% is greater than 7%, broken bones are indeed less likely than no broken bones overall.

2. Summary:
   - Calculate the probability of broken bones for both groups: 7%.
   - Determine the overall probability of broken bones: 7%.
   - Calculate the probability of no broken bones: 100% - 7% = 93%.
   - Compare probabilities: 93% (no broken bones) > 7% (broken bones).

3. Yes"
289,no,"step-by-step summary of the reasoning:
- Probability of penguin death taking stairs: 66%
- Probability of penguin death taking elevator: 59%
- 59% is less than 66%, so the elevator has a lower probability.
- Therefore, taking the elevator does not increase the chance of penguin death.

3. The single word answer:
No"
290,no,"1. To determine if attractive appearance is more likely than unattractive appearance overall, we need to calculate the overall probability of attractive appearance. We know that both people with mean and kind personalities have a 9% probability of being attractive. Since the probability of kindness is 85%, the probability of a mean personality is 15% (100% - 85%). The overall probability of attractive appearance is then calculated by combining the probabilities of being attractive for both personality types: 

- For kind personalities: 85% * 9% = 7.65%
- For mean personalities: 15% * 9% = 1.35%

Adding these probabilities gives us the total probability of attractive appearance: 7.65% + 1.35% = 9%. Therefore, the probability of unattractive appearance is 91% (100% - 9%). Since 9% is less than 91%, attractive appearance is not more likely than unattractive appearance.

2. Summary:
   - Calculate unattractive probability for mean: 15% * 9% = 1.35%
   - Calculate unattractive probability for kind: 85% * 9% = 7.65%
   - Add probabilities: 7.65% + 1.35% = 9% attractive
   - Unattractive probability: 100% - 9% = 91%
   - 9% < 91%, so unattractive is more likely.

3. No"
291,no,"Step-by-step summary:
   - Calculate P(L | O) = 11% / 16% = 68.75%
   - Calculate P(L | N) = 59% / 84% = 70.24%
   - Compare: 68.75% (obesity) vs. 70.24% (normal weight)
   - Conclusion: Long lifespan chance is larger for normal weight.

3. No"
292,yes,"1. To determine if the forest is more likely to be on fire overall, we need to calculate the total probability of the forest being on fire and compare it to the probability of it not being on fire. We have two scenarios: one where the camper lights a match and one where they do not. The probability that a camper lights a match is 94%, and the probability of the forest being on fire in this scenario is 52%. For those who do not light a match (6% probability), the probability of the forest being on fire is 69%. We calculate the overall probability of the forest being on fire as follows: \( (0.94 \times 0.52) + (0.06 \times 0.69) = 0.4888 + 0.0414 = 0.5302 \). Therefore, the probability of the forest not being on fire is \( 1 - 0.5302 = 0.4698 \). Since 0.5302 (53.02%) is greater than 0.4698 (46.98%), the forest is more likely to be on fire overall.

2. Summary:
   - Calculate the probability of the forest on fire when a match is lit: \( 0.94 \times 0.52 = 0.4888 \).
   - Calculate the probability of the forest on fire when no match is lit: \( 0.06 \times 0.69 = 0.0414 \).
   - Add these probabilities for the total probability of the forest on fire: \( 0.4888 + 0.0414 = 0.5302 \).
   - Compare with the probability of the forest not on fire: \( 1 - 0.5302 = 0.4698 \).
   - 53.02% is greater than 46.98%.

3. Yes"
293,yes,"step-by-step summary of the reasoning:

- Method 1 looks at general correlation, ignoring other factors like birth weight.
- Birth weight is a significant factor in infant mortality.
- Method 2 considers birth weight, providing a more accurate analysis.
- Method 2 better isolates the effect of smoking on mortality.

3. The single word answer: 'Yes' or 'No'

No"
294,yes,"Step-by-step summary:
   - Admission is caused by male gender, in-state residency, or competitive department.
   - The applicant is in-state, satisfying one condition for admission.
   - Non-male gender does not affect in-state residency.
   - In-state residency alone can lead to admission acceptance.

3. Yes"
295,no,"step-by-step summary of the reasoning:

- Two causes of fire: camper lighting a match or chain-smoker lighting a match.
- Chain-smoker does not light a match, eliminating that cause.
- Camper lighting a match remains a cause of fire.
- Therefore, if the camper lights a match, the forest will burn down.

3. The single word answer:

No"
296,no,"step-by-step summary of the reasoning:

- Probability of fire without lighting a match: 81%
- Probability of fire with lighting a match: 64%
- 81% is greater than 64%
- Therefore, it is not less likely for the forest to be on fire without lighting a match.

3. The single word answer:

No"
297,yes,"step-by-step summary of the reasoning:

- Large kidney stone with no treatment results in no recovery.
- Large kidney stone with treatment results in recovery.
- The patient has a large kidney stone.
- Without treatment, the patient will not recover.

3. The single word answer: 'Yes' or 'No'

Yes"
298,no,"1. To determine if an employee being fired is more likely than not being fired, we need to calculate the overall probability of the employee being fired. This requires considering both scenarios: when the manager signs the termination letter and when they do not. The probability that the manager signs the letter is 43%, and in such cases, the probability of firing is 65%. The probability that the manager does not sign the letter is 57% (100% - 43%), with a firing probability of 29% in these instances. Therefore, the overall probability of firing is calculated as follows:

   - Probability of firing when the manager signs = 0.43 * 0.65 = 0.2795
   - Probability of firing when the manager does not sign = 0.57 * 0.29 = 0.1653
   - Total probability of firing = 0.2795 + 0.1653 = 0.4448 or 44.48%

   Since 44.48% is less than 50%, an employee being fired is not more likely than not being fired.

2. Summary of reasoning:
   - Calculate probability of firing when manager signs: 0.43 * 0.65 = 0.2795
   - Calculate probability of firing when manager does not sign: 0.57 * 0.29 = 0.1653
   - Total probability of firing = 0.2795 + 0.1653 = 0.4448 (44.48%)
   - Compare with 50%: 44.48% < 50%

3. No"
299,no,"1. To determine if the chance of scurvy is smaller when observing citrus intake, we need to consider the given probabilities. The probability of citrus intake and scurvy is 5%. The overall probability of citrus intake is 11%. Thus, the probability of scurvy given citrus intake (P(Scurvy|Citrus)) is 5% / 11% = 0.4545 or 45.45%. The probability of absence of citrus and scurvy is 67%. Therefore, the probability of scurvy given no citrus (P(Scurvy|No Citrus)) can be deduced from the remaining probabilities. The probability of no citrus is 89% (100% - 11%). The probability of scurvy without citrus can be calculated as: 1 - (67% / 89%) = 24.72%. Since 45.45% (with citrus) is greater than 24.72% (without citrus), the chance of scurvy is actually larger when observing citrus intake.

2. Summary:
   - Calculate P(Scurvy|Citrus) = 5% / 11% = 45.45%
   - Calculate P(No Citrus) = 100% - 11% = 89%
   - Calculate P(Scurvy|No Citrus) = 1 - (67% / 89%) = 24.72%
   - Compare: 45.45% > 24.72%

3. No"
300,no,"Step-by-step reasoning:
   - Identify the probability of broken bones for hospitalized individuals without respiratory issues: 10%.
   - Identify the probability of broken bones for hospitalized individuals with respiratory issues: 8%.
   - Compare the probabilities: 10% > 8%.
   - Conclusion: The chance of broken bones does not increase with respiratory issues among hospitalized individuals.

3. No"
301,yes,"Step-by-step summary:
   - Calculate probability of male and accepted: \(0.45 \times 0.71 = 0.3195\).
   - Calculate probability of not male and accepted: \(0.55 \times 0.80 = 0.44\).
   - Add these probabilities: \(0.3195 + 0.44 = 0.7595\).
   - 75.95% is greater than 50%, so acceptance is more likely.

3. Yes"
302,yes,"1. To determine if talent is more likely than lack of talent overall, we need to consider the probability of talent and lack of talent in both attractive and unattractive groups. The probability of being attractive is 92%, and within this group, the probability of being talented is 84%. Similarly, the probability of being talented among unattractive individuals is also 84%. Therefore, the overall probability of being talented is 84%, regardless of attractiveness. Since 84% is greater than 16% (the probability of lack of talent), talent is indeed more likely than lack of talent overall.

2. - Probability of being attractive: 92%
   - Probability of talent in both groups (attractive and unattractive): 84%
   - Overall probability of talent: 84%
   - Compare talent (84%) vs. lack of talent (16%)
   - Conclusion: Talent is more likely than lack of talent.

3. Yes"
303,yes,"step-by-step summary of the reasoning:

- Wet ground probability is higher in the dry season (66%) than in the rainy season (62%).
- Rainy season typically means more natural wetness, but that's not observed here.
- Other factors like sprinklers in the dry season may increase wetness.
- Season does not negatively affect ground as dry season wetness is higher.

3. The single word answer: 'Yes' or 'No'

No"
304,yes,"step-by-step summary of the reasoning:

- Probability of death if released: 34%
- Probability of death if executed: 80%
- Execution increases the probability of death from 34% to 80%, thus not decreasing it.

3. The single word answer: 'Yes' or 'No'

No"
305,yes,"step-by-step summary of the reasoning:

- Probability of admission for non-males is 76%.
- Probability of admission for males is 44%.
- 76% is greater than 44%.
- Therefore, a male would have a higher chance of being accepted if they were not male.

3. The single word answer: 'Yes' or 'No'

Yes"
306,no,"1. To determine if the chance of having a healthy heart is smaller when observing taking medication, we need to compare the probabilities of having a healthy heart when taking medication and when not taking medication. We know the probability of taking medication is 18%, and the probability of a healthy heart when taking medication is 8%. Thus, the conditional probability of having a healthy heart given taking medication is \( \frac{0.08}{0.18} \approx 0.444 \) or 44.4%. The probability of not taking medication and having a healthy heart is 55%. Since the probabilities add up to 100%, the probability of not taking medication is 82%. The conditional probability of having a healthy heart given not taking medication is \( \frac{0.55}{0.82} \approx 0.671 \) or 67.1%. Therefore, the chance of having a healthy heart is smaller when taking medication (44.4%) compared to not taking medication (67.1%).

2. 
   - Calculate probability of healthy heart given taking medication: \( \frac{0.08}{0.18} \approx 44.4\% \).
   - Calculate probability of healthy heart given not taking medication: \( \frac{0.55}{0.82} \approx 67.1\% \).
   - Compare: 44.4% (with medication) < 67.1% (without medication).

3. No"
307,yes,"step-by-step summary of the reasoning:
- Unvaccinated survival probability: 56%
- Vaccinated survival probability: 55%
- 55% is less than 56%
- Therefore, vaccination decreases the chance of survival.

3. The single word answer: 'Yes' or 'No'
Yes"
308,no,"1. To determine if the chance of lung cancer is smaller when observing smoking, we need to compare the probabilities of lung cancer in both smoking and nonsmoking scenarios. The probability of smoking and lung cancer is 12%. The probability of nonsmoking and lung cancer is 30%. Since 12% is less than 30%, the chance of lung cancer is indeed smaller when observing smoking compared to nonsmoking.

2. Summary:
   - Probability of smoking and lung cancer: 12%
   - Probability of nonsmoking and lung cancer: 30%
   - Compare the two: 12% (smoking) < 30% (nonsmoking)
   - Conclusion: Chance of lung cancer is smaller when smoking.

3. No"
309,no,"1. To determine if an intelligent child is less likely than an unintelligent child overall, we need to calculate the probability of a child being intelligent regardless of the parents' intelligence. We know that 49% of parents are intelligent and 51% are unintelligent. For intelligent parents, the child has a 56% probability of being intelligent. For unintelligent parents, the child has a 42% probability of being intelligent. The overall probability of an intelligent child is calculated as follows: 

   - Probability that a child is intelligent given intelligent parents: 0.49 * 0.56 = 0.2744
   - Probability that a child is intelligent given unintelligent parents: 0.51 * 0.42 = 0.2142

   Adding these probabilities gives the overall probability of an intelligent child: 0.2744 + 0.2142 = 0.4886, or 48.86%. Therefore, the probability of an unintelligent child is 100% - 48.86% = 51.14%.

   Since 48.86% (intelligent child) is less than 51.14% (unintelligent child), an intelligent child is indeed less likely than an unintelligent child overall.

2. Summary:
   - Calculate probability of intelligent child with intelligent parents: 0.49 * 0.56
   - Calculate probability of intelligent child with unintelligent parents: 0.51 * 0.42
   - Add both probabilities for overall intelligent child probability: 48.86%
   - Compare to probability of unintelligent child: 51.14%
   - Conclusion: Intelligent child is less likely.

3. No"
310,yes,"step-by-step summary of the reasoning:

- Compare lifespan probabilities for normal weight vs. obese without considering diabetes.
- Normal weight without diabetes: 32%, obese without diabetes: 62%.
- Normal weight with diabetes: 60%, obese with diabetes: 81%.
- Obesity results in a higher lifespan probability in both cases.
- Conclusion: Obesity positively affects lifespan when disregarding diabetes.

3. The single word answer:

Yes"
311,yes,"step-by-step summary of the reasoning:

- Check score probabilities for encouraged vs. not encouraged students with/without studying.
- Studying hard correlates with lower scores in both encouragement scenarios.
- Encouragement reduces the likelihood of studying hard (23% vs. 78%).
- Studying hard is linked to lower scores, hence encouragement negatively impacts scores via studying habits.

3. The single word answer: 'Yes' or 'No':

Yes"
312,no,"step-by-step summary of the reasoning:

- Correlation measures the relationship strength and direction.
- A correlation of -0.00 indicates no relationship.
- In this context, talent does not affect being hard-working.
- Other factors might influence the traits independently.

3. The single word answer:

No"
313,yes,"step-by-step summary of the reasoning:

- Dry season wet ground probability: 42%
- Rainy season wet ground probability: 47%
- 47% is greater than 42%
- Therefore, the rainy season increases the chance of wet ground

3. The single word answer: 'Yes' or 'No' (only one of these, nothing else)

Yes"
314,yes,"step-by-step summary of the reasoning:

- Probability of intelligent child with unintelligent parents: 35%
- Probability of intelligent child with intelligent parents: 75%
- 75% is greater than 35%
- Intelligent parents increase the likelihood of an intelligent child by 40 percentage points.

3. The single word answer: 'Yes' 

Yes"
315,no,"1. To understand how a drug affects cholesterol levels, it's crucial to consider potential confounders that might influence the results. Method 1, which looks at the general correlation between drug intake and cholesterol levels, does not account for these unobserved confounders. This could lead to incorrect conclusions because other factors might be influencing cholesterol levels, making it unclear whether the drug is the true cause of any observed changes. Method 2, on the other hand, considers these unobserved confounders case by case, allowing for a more accurate understanding of the drug's effect by isolating it from other influencing factors. Therefore, Method 2 is more correct for understanding the specific impact of the drug on cholesterol levels.

2. Summary:
   - Method 1: Looks at general correlation, ignores confounders.
   - Method 2: Considers case-by-case confounders, offering accurate insights.
   - Method 2 is better for understanding the drug's specific effects.

3. No"
316,yes,"step-by-step summary of the reasoning:

- Check the impact of diabetes on lifespan for normal weight: 78% with diabetes vs. 43% without.
- Check the impact of diabetes on lifespan for obese people: 76% with diabetes vs. 56% without.
- Diabetes correlates with a higher probability of a long lifespan in both groups.
- Therefore, obesity does not negatively affect lifespan through diabetes.

3. The single word answer: 'Yes' or 'No'

No"
317,no,"step-by-step summary of the reasoning:
- Compare the probabilities: 67% for nonsmokers vs. 55% for smokers.
- Identify that 67% is greater than 55%.
- Conclude that being a nonsmoker increases the likelihood of admission.
- Determine it is not less likely for smokers to be admitted if they were nonsmokers.

3. The single word answer:
No"
318,no,"step-by-step summary of the reasoning:
- Probability of scurvy without citrus: 33%
- Probability of scurvy with citrus: 14%
- Compare probabilities: 14% < 33%
- Conclusion: Less likely to see scurvy with citrus consumption

3. The single word answer:
No"
319,no,"1. To determine if college admission is less likely than college rejection overall, we need to calculate the overall probability of college admission and compare it to 50%. Since 82% of the population smokes, the remaining 18% are nonsmokers. The probability of college admission for smokers is 17%, and for nonsmokers, it is 27%. We calculate the overall probability of admission by using the weighted average: (0.82 * 0.17) + (0.18 * 0.27) = 0.1394 + 0.0486 = 0.188. This means the overall probability of college admission is 18.8%. Since 18.8% is less than 50%, college admission is less likely than college rejection.

2. 
   - Determine the proportions of smokers and nonsmokers.
   - Calculate the weighted average probability of college admission.
   - Compare the result to 50% to determine if admission is less likely than rejection.

3. No"
320,yes,"step-by-step summary of the reasoning:

- Compare high salary probabilities: 47% (far) vs. 59% (close).
- Compare college degree probabilities: 32% (far) vs. 75% (close).
- Higher degree attainment correlates with higher salary probability.
- Conclusion: A college degree or higher increases the chance of a high salary.

3. The single word answer: 'Yes' or 'No':

No"
321,yes,"step-by-step summary of the reasoning:
- Given probabilities: 45% (dry season), 47% (rainy season)
- A positive effect implies an increase in probability
- Rainy season probability is higher than dry season
- Indicates a slight positive effect due to season

3. The single word answer: 'Yes' or 'No' 
Yes"
322,yes,"Step-by-step summary:
   - Probability with unintelligent parents: 53%
   - Probability with intelligent parents: 36%
   - Compare the two: 53% > 36%
   - Conclusion: More likely with unintelligent parents

3. Yes"
323,yes,"step-by-step summary of the reasoning:
- Method 1 considers individual studying habits, providing a more detailed analysis.
- It controls for variations that might affect the relationship between encouragement and scores.
- Method 2 looks at the overall correlation, potentially missing underlying factors.
- Method 1 offers a more accurate understanding of the effects of encouragement.

3. The single word answer: 'Yes' or 'No'
Yes"
324,yes,"step-by-step summary of the reasoning:

- Compare probabilities: 59% on-time arrival if she wakes up on time, 33% if she wakes up late.
- Determine which scenario has a higher likelihood: 59% > 33%.
- Conclude that it is more likely for Alice to arrive on time if she wakes up on time.

3. The single word answer: 'Yes' or 'No'

Yes"
325,no,"1. To determine if it is more likely for an employee to be fired when a manager who signs termination letters does so, we need to compare the probability of being fired in this scenario. We have the probability of being fired with both the manager and director signing as 7% and the probability with only the manager signing as 48%. The overall probability of being fired when the manager signs is calculated using the law of total probability: (Probability of director signing given manager signs * Probability of being fired with both signing) + (Probability of director not signing given manager signs * Probability of being fired with only manager signing). This equals (0.45 * 0.07) + (0.55 * 0.48) = 0.0315 + 0.264 = 0.2955 or 29.55%. Since 29.55% is less than 48%, it is not more likely for an employee to be fired when the manager signs the termination letter.

2. Summary:
   - Calculate probability of being fired when both manager and director sign: 7%.
   - Calculate probability of being fired when only manager signs: 48%.
   - Use law of total probability to find overall probability when manager signs = 29.55%.
   - Compare 29.55% with 48% to determine likelihood.

3. No"
326,yes,"Step-by-step summary:
   - Calculate recovery probability with treatment: (0.64 * 0.52) + (0.02 * 0.48) = 33.28%
   - Calculate recovery probability without treatment: (0.98 * 0.52) + (0.36 * 0.48) = 68.64%
   - Compare: 68.64% (without treatment) > 33.28% (with treatment)

3. Yes"
327,no,"step-by-step summary of the reasoning:

- Diabetes increases lifespan probability for both normal weight and obese individuals.
- Obesity increases lifespan probability compared to normal weight, regardless of diabetes status.
- The data suggests obesity does not negatively affect lifespan through diabetes.

3. The single word answer:

No"
328,yes,"1. To determine whether taking the stairs or the elevator positively affects penguin survival, we should compare the overall probabilities of survival for each option, disregarding mood. For those who take the stairs, the probability of death is a weighted average of happy and sad penguins: (0.68 * 0.60) + (0.32 * 0.06) = 0.408 + 0.0192 = 0.4272 or 42.72% death, meaning 57.28% survival. For those who take the elevator, the probability of death is (0.50 * 0.77) + (0.50 * 0.23) = 0.385 + 0.115 = 0.50 or 50% death, meaning 50% survival. Therefore, taking the stairs has a higher survival rate for penguins.

2. Summary:
   - Calculate survival for stairs: 57.28%.
   - Calculate survival for elevator: 50%.
   - Compare: Stairs have a higher survival rate.

3. Yes"
329,yes,"step-by-step summary of the reasoning:  
- Probability of wet ground in dry season: 41%  
- Probability of wet ground in rainy season: 38%  
- Wet ground is more likely in the dry season.  
- Therefore, it is less likely to see wet ground in the rainy season if it had been dry.

3. The single word answer: 'Yes' or 'No' (only one of these, nothing else)  
Yes"
330,yes,"Step-by-step summary:
   - Calculate the probability of long lifespan given obesity: 58% / 91% = 63.7%.
   - Determine overall probability of long lifespan: 7% (normal weight) + 58% (obesity) = 65%.
   - Compare: 63.7% (given obesity) < 65% (overall).
   - Conclusion: The chance of long lifespan is smaller when observing obesity.

3. Yes"
331,yes,"1. To determine if the person would have lung cancer if they smoke, we need to analyze the causal relationships. The fact that the person is non-female means the causal path ""female causes smoking"" does not apply. However, the path ""smoking causes high tar deposit"" is valid regardless of gender. Since ""high tar deposit"" is one of the causes of lung cancer, smoking could lead to lung cancer through this pathway. Therefore, even though the person is non-female, smoking still leads to a high tar deposit, which can cause lung cancer.

2. Summary:
   - Non-female means ""female causes smoking"" is irrelevant.
   - Smoking directly leads to ""high tar deposit.""
   - ""High tar deposit"" can cause lung cancer.
   - Therefore, smoking can lead to lung cancer.

3. Yes"
332,yes,"step-by-step summary of the reasoning:
- Probability of tanned skin without tanning salons: 74%
- Probability of tanned skin with tanning salons: 17%
- It is less likely to see tanned skin in the group with tanning salons compared to without.

3. The single word answer: 'Yes' or 'No'
No"
333,yes,"step-by-step summary of the reasoning:

- Probability of intelligent child with unintelligent parents: 42%
- Probability of intelligent child with intelligent parents: 56%
- Compare the two: 56% > 42%
- Conclusion: Intelligent parents increase the chance of an intelligent child.

3. The single word answer:

Yes"
334,no,"1. To determine how the husband affects the alarm clock, Method 1 involves examining the general correlation between husband and alarm clock without considering specific cases or contexts. This method may overlook individual variations and contextual factors that could be important. Method 2, on the other hand, considers the correlation on a case-by-case basis, taking into account the specific context provided by the wife. This can provide a more nuanced understanding because it respects the variability and unique dynamics in each situation. Generally, analyzing correlations in context (Method 2) is often more insightful than looking at broad correlations alone (Method 1), especially when individual circumstances play a significant role.

2. Summary:
   - Method 1: General correlation between husband and alarm clock.
   - Method 2: Contextual correlation considering each wife's situation.
   - Method 2 is more nuanced and context-sensitive.

3. No"
335,yes,"1. To determine whether scurvy is more likely than no scurvy overall, we need to calculate the overall probability of scurvy and compare it to the probability of not having scurvy. Let's first consider the two groups: those consuming citrus (3% of the population) and those not consuming citrus (97% of the population). For citrus consumers, the scurvy probability is 63%, and for non-consumers, it's 74%. The overall probability of scurvy can be calculated using a weighted average: (0.03 * 0.63) + (0.97 * 0.74) = 0.0189 + 0.7178 = 0.7367, or 73.67%. The probability of not having scurvy, therefore, is 100% - 73.67% = 26.33%. Since 73.67% is greater than 26.33%, scurvy is indeed more likely than no scurvy.

2. Summary:
   - Calculate scurvy probability for citrus consumers: 63% of 3%.
   - Calculate scurvy probability for non-consumers: 74% of 97%.
   - Add both probabilities for overall scurvy probability: 73.67%.
   - Compare to probability of no scurvy: 26.33%.
   - Scurvy probability is greater, so scurvy is more likely.

3. Yes"
336,yes,"step-by-step summary of the reasoning:

- Compare the survival probabilities: 48% (unvaccinated) vs. 58% (vaccinated).
- 58% is greater than 48%.
- Vaccination increases the chance of survival.

3. The single word answer: 'Yes' or 'No'

No"
337,yes,"step-by-step summary of the reasoning:

- Method 1 assesses the overall impact of camping on the forest.
- Method 2 examines specific cases related to smokers.
- Understanding the general effect requires a broader perspective.
- Method 1 is better suited for understanding the overall impact.

3. The single word answer: 'Yes' or 'No'

Yes"
338,yes,"1. To determine if admission acceptance is more likely than rejection, we must calculate the overall acceptance probability. The probability of being male is 55%, and for males, the acceptance rate is 57%. For non-males, who make up 45% of the population, the acceptance rate is 58%. We calculate the overall acceptance rate as follows:

   - Acceptance for males: \( 0.55 \times 0.57 = 0.3135 \)
   - Acceptance for non-males: \( 0.45 \times 0.58 = 0.261 \)
   - Overall acceptance probability: \( 0.3135 + 0.261 = 0.5745 \)

   The overall acceptance probability is 57.45%. Since this is greater than 50%, admission acceptance is more likely than rejection.

2. Summary:
   - Calculate acceptance for males: \( 0.55 \times 0.57 = 0.3135 \)
   - Calculate acceptance for non-males: \( 0.45 \times 0.58 = 0.261 \)
   - Sum them: \( 0.3135 + 0.261 = 0.5745 \)
   - Since 57.45% > 50%, acceptance is more likely.

3. Yes"
339,yes,"1. To determine if the chance of talent decreases when a person is considered attractive among famous people, we need to compare the probabilities of talent for both attractive and unattractive famous individuals. For unattractive famous people, the probability of talent is 6%. For attractive famous people, the probability of talent is 3%. Since 3% is less than 6%, the chance of talent indeed decreases for famous people who are considered attractive compared to those who are considered unattractive.

2. Summary:
   - Unattractive famous: Talent probability = 6%
   - Attractive famous: Talent probability = 3%
   - 3% < 6%, so talent probability decreases for attractive famous people.

3. Yes"
340,yes,"step-by-step summary of the reasoning:
- Probability of high salary without a degree: 54%
- Probability of high salary with a degree: 70%
- Compare the two probabilities: 54% is less than 70%
- Conclusion: Without the degree, a high salary is less likely.

3. The single word answer:
Yes"
341,yes,"step-by-step summary of the reasoning:

- Compare lifespan probabilities with and without diabetes for both weight groups.
- Diabetes reduces lifespan more for obese (30%) than normal weight individuals (26%).
- Diabetes is more prevalent in obese individuals (46%-73%) than in normal weight individuals (8%-41%).
- Obesity increases diabetes risk, which significantly lowers lifespan, indicating a negative effect.

3. The single word answer: 'Yes'

Yes"
342,yes,"step-by-step summary of the reasoning:
- Compare acceptance probabilities: male (39%) vs. non-male (61%).
- 61% is greater than 39%.
- Being non-male would increase the likelihood of acceptance for a male.

3. The single word answer: 'Yes' or 'No'
Yes"
343,no,"1. To determine if medication positively affects heart condition through blood pressure, we compare the probabilities of a healthy heart in scenarios with and without medication. For people not taking medication, the probability of a healthy heart is 63% with low blood pressure and 91% with high blood pressure. For those taking medication, the probability is 37% with low blood pressure and 67% with high blood pressure. The data shows higher probabilities of a healthy heart without medication, both in low and high blood pressure categories. Additionally, the probability of high blood pressure is higher among those taking medication (62%) compared to those not taking it (42%). These observations suggest that medication does not positively affect heart condition through blood pressure, as the probabilities of a healthy heart are lower with medication.

2. Summary:
   - Compare healthy heart probabilities with and without medication.
   - Without medication: 63% (low BP), 91% (high BP).
   - With medication: 37% (low BP), 67% (high BP).
   - Higher healthy heart probabilities without medication.
   - Higher probability of high BP with medication (62% vs. 42%).
   - Conclusion: Medication does not positively affect heart condition through BP.

3. No"
344,yes,"1. To determine if the alarm is more likely to ring overall, we need to calculate the total probability of the alarm ringing. First, calculate the probability of the alarm ringing given that the husband sets it: 0.03 (probability husband sets alarm) * 0.22 (probability it rings if set). This equals 0.0066 or 0.66%. Next, calculate the probability of the alarm ringing given that the husband does not set it: 0.97 (probability husband doesn’t set alarm) * 0.74 (probability it rings if not set). This equals 0.7178 or 71.78%. Add both probabilities to get the total probability of the alarm ringing, which is 0.0066 + 0.7178 = 0.7244 or 72.44%. Since 72.44% is greater than 50%, ringing alarm is indeed more likely than silent alarm.

2. Summary:
   - Calculate the probability of alarm ringing if set: 0.03 * 0.22 = 0.66%
   - Calculate the probability of alarm ringing if not set: 0.97 * 0.74 = 71.78%
   - Add both probabilities: 0.66% + 71.78% = 72.44%
   - 72.44% > 50%, so ringing is more likely.

3. Yes"
345,no,"Step-by-step summary:
   - Probability of recovery with the vaccine: 48%
   - Probability of recovery without the vaccine: 8%
   - 48% is greater than 8%, so recovery chance is larger with the vaccine.

3. No"
346,yes,"step-by-step summary of the reasoning:

- Probability of high salary with college degree or higher: 1%
- Probability of high salary with high school degree or lower: 35%
- Compare the two probabilities: 1% is smaller than 35%
- Conclusion: Chance of high salary is smaller with college degree or higher

3. The single word answer: 'Yes' or 'No'

Yes"
347,yes,"step-by-step summary of the reasoning:

- Non-males have a 41% acceptance in non-competitive departments.
- Non-males have a 12% acceptance in competitive departments.
- Males have a 41% acceptance in non-competitive departments.
- Males have a 4% acceptance in competitive departments.
- Males are more likely to apply to competitive departments (59% vs. 41%).
- Non-males have a better acceptance rate in competitive departments.
- Gender does not positively affect admission through competitiveness.

3. The single word answer: 'Yes' or 'No'

No"
348,yes,"step-by-step summary of the reasoning:

- Nonsmokers have a 20% probability of lung cancer.
- Smokers have an 80% probability of lung cancer.
- The increase from 20% to 80% shows smoking raises the risk.
- Conclusion: Smoking increases the chance of lung cancer.

3. The single word answer: 'Yes' or 'No'

Yes"
349,yes,"step-by-step summary of the reasoning:

- Probability of high salary for non-males: 31%
- Probability of high salary for males: 58%
- Compare the two probabilities: 58% is higher than 31%
- Conclusion: Being male increases the chance of a high salary

3. The single word answer:

Yes"
350,yes,"1. To determine if the chance of a normal infant birth weight is larger when observing a smoking mother, we need to compare the probabilities of normal birth weights conditional on the mother’s smoking status. We have the following probabilities: the probability of a smoking mother is 40%, the probability of a nonsmoking mother and normal birth weight is 6%, and the probability of a smoking mother and normal birth weight is 15%. To find the probability of normal birth weight given the mother is smoking, we use the formula P(Normal | Smoking) = P(Smoking and Normal) / P(Smoking). This equals 15% / 40% = 37.5%. Similarly, to find the probability of normal birth weight given the mother is nonsmoking, we need the probability of a nonsmoking mother, which is 60% (since the probability of a smoking mother is 40%). Thus, P(Normal | Nonsmoking) = 6% / 60% = 10%. Comparing these, 37.5% (smoking) is indeed higher than 10% (nonsmoking), indicating a higher chance of normal birth weight when the mother is smoking.

2. - Calculate P(Normal | Smoking): 15% / 40% = 37.5%.
   - Calculate P(Normal | Nonsmoking): 6% / 60% = 10%.
   - Compare: 37.5% (smoking) is greater than 10% (nonsmoking).

3. Yes"
351,no,"step-by-step summary of the reasoning:

- Probability when not set: 42%
- Probability when set: 51%
- Comparison: 51% is greater than 42%
- Conclusion: Setting the alarm increases the chance of ringing

3. The single word answer:

No"
352,yes,"step-by-step summary of the reasoning
- Analyze probabilities when husband does not set alarm: ringing probability decreases if wife sets it.
- Analyze probabilities when husband sets alarm: ringing probability decreases further.
- Husband setting alarm leads to lower ringing probability in all scenarios.
- Husband setting alarm increases wife's likelihood to set it, but reduces ringing probability.
- Conclusion: Husband does not positively affect the ringing through the wife.

3. The single word answer: 'Yes' or 'No'
No"
353,no,"Step-by-step reasoning:
   - Smoking + Good Health → Normal Birth Weight.
   - Smoking + Good Health + Normal Birth Weight → High Mortality.
   - Poor health means no Normal Birth Weight.
   - Without Normal Birth Weight, High Mortality conditions are not met.
   - Smoking with poor health does not imply high mortality.

3. No"
354,yes,"1. To determine if the chance of increased price is larger when observing increased supply, we need to consider conditional probabilities. The probability of increased supply is 57%. The probability of increased supply and increased price is 43%. Thus, the probability of increased price given increased supply is calculated by dividing the joint probability of increased supply and increased price (43%) by the probability of increased supply (57%). This results in approximately 75.4%. We are comparing this with the general probability of increased price, which is the sum of the probabilities of increased supply and increased price (43%) and reduced supply and increased price (20%), totaling 63%. Since 75.4% is greater than 63%, the chance of increased price is indeed larger when observing increased supply.

2. Summary:
   - Probability of increased supply = 57%
   - Probability of increased supply and increased price = 43%
   - Conditional probability of increased price given increased supply = 43% / 57% ≈ 75.4%
   - General probability of increased price = 43% + 20% = 63%
   - 75.4% > 63%, so increased price is more likely with increased supply.

3. Yes"
355,no,"1. To determine whether broken bones are less likely than no broken bones overall, we need to consider the probabilities given for both groups (people with and without respiratory issues). The probability of broken bones is 97% for both groups. This means that regardless of whether someone has respiratory issues or not, the likelihood of having broken bones is very high (97%). Since this is consistent across the entire population, the probability of having broken bones overall is also 97%. Consequently, the probability of not having broken bones is 3% overall. Therefore, broken bones are more likely than no broken bones.

2. Summary:
   - Probability of broken bones is 97% for both groups.
   - Probability of not having broken bones is 3% overall.
   - Since 97% is greater than 3%, broken bones are more likely than no broken bones.

3. No"
356,no,"1. To determine whether it would be more likely to see recovery if the patient had received no treatment, we need to compare the recovery probabilities with and without treatment. For small kidney stones, the recovery probability with treatment is 22%, while without treatment, it is 11%. For large kidney stones, the recovery probability with treatment is 97%, while without treatment, it is 87%. In both cases (small and large stones), the probability of recovery is higher when treatment is received. Since receiving treatment increases the likelihood of recovery for both small and large kidney stones, it would not be more likely to see recovery if the patient had received no treatment.

2. - Compare probabilities for small stones: 22% with treatment vs. 11% without.
   - Compare probabilities for large stones: 97% with treatment vs. 87% without.
   - In both cases, treatment increases recovery probability.
   - Conclusion: Recovery is more likely with treatment.

3. No"
357,no,"1. To understand how a drug affects cholesterol levels, it's crucial to consider potential confounding variables that might influence the relationship. Method 1, which examines the correlation in general, might overlook these confounders, leading to biased or inaccurate results. Method 2, which accounts for unobserved confounders on a case-by-case basis, provides a more nuanced and accurate understanding of the causal relationship. By controlling for these confounders, Method 2 is more likely to reveal the true effect of the drug on cholesterol levels, making it a more reliable approach.

2. Summary:
   - Identify the need to understand the causal relationship.
   - Recognize that Method 1 overlooks confounders.
   - Method 2 accounts for these confounders.
   - Conclude that Method 2 provides more accurate results.

3. No"
358,yes,"step-by-step summary of the reasoning:

- Method 1 offers a broad overview but may miss critical confounding factors.
- Confounders like experience and industry can significantly affect salary.
- Method 2 accounts for these factors on a case-by-case basis.
- Method 2 provides a clearer understanding of the causal relationship.

3. The single word answer: 'Yes' or 'No'

No"
359,yes,"step-by-step summary of the reasoning

- Tanning salon treatments and beach visits can both cause tanned skin.
- The person went to the beach, which can cause tanned skin.
- The absence of a tanning salon treatment does not affect the beach's ability to tan the skin.
- Therefore, the person would likely have tanned skin from the beach.

3. The single word answer: 'Yes' or 'No'

Yes"
360,yes,"step-by-step summary of the reasoning:
- Confounder inactive, so it doesn't influence outcomes.
- Living close to a college doesn't directly result in a degree without confounder activity.
- College degree is typically linked to higher salary.
- Degree itself likely leads to higher salary regardless of confounder.

3. The single word answer:
Yes"
361,no,"Step-by-step summary:
   - Compare lifespan probabilities with and without diabetes for each weight group.
   - Note that diabetes increases lifespan probability for both normal weight and obese individuals.
   - Obese individuals have a higher baseline lifespan probability without diabetes.
   - The increase due to diabetes is similar in relative terms, but obesity alone shows a higher baseline.
   - Thus, obesity does not appear to positively affect lifespan through diabetes specifically.

3. No"
362,yes,"1. To determine if lung cancer is more likely than the absence of lung cancer overall, we need to calculate the overall probability of lung cancer. Given two groups: smokers and nonsmokers, we use a weighted average based on the proportions of each group and their respective probabilities of lung cancer. The probability of being a nonsmoker is 58% (100% - 42%). The overall probability of lung cancer is calculated by combining these probabilities: (0.42 * 0.64) + (0.58 * 0.55). This results in an overall lung cancer probability of 59.42%. Since 59.42% is greater than 50%, lung cancer is more likely than not having lung cancer overall.

2. Summary:
   - Calculate the probability of being a nonsmoker: 58%.
   - Use weighted average: (0.42 * 0.64) + (0.58 * 0.55).
   - Calculate overall probability: 59.42%.
   - Compare to 50%: 59.42% > 50%.

3. Yes"
363,yes,"step-by-step summary of the reasoning:

- Drugs must be assigned for taking drugs to affect cholesterol.
- Confounder must be active to influence cholesterol levels.
- Patient is not assigned drugs; confounder is inactive.
- Conditions for low cholesterol are unmet.
- Patient likely has high cholesterol.

3. The single word answer: 'Yes' or 'No'

Yes"
364,no,"Step-by-step:
   - Probability of being talented: 98%
   - For both talented and non-talented students, probability of being hard-working: 98%
   - Probability of being lazy (not hard-working) in both cases is 2%
   - 98% (hard-working) is much greater than 2% (lazy)

3. No"
365,no,"1. To determine whether the chance of an intelligent child is smaller with intelligent parents, we need to compare two probabilities: the probability of an intelligent child given intelligent parents and the probability given unintelligent parents. The probability of intelligent parents and an intelligent child is 5%, and the overall probability of intelligent parents is 14%. Therefore, the probability of an intelligent child given intelligent parents is 5%/14% = approximately 35.7%. The probability of unintelligent parents (1 - 14%) and an intelligent child is 66%. So, the probability of an intelligent child given unintelligent parents is 66%/(1-14%) = approximately 76.7%. Since 35.7% is smaller than 76.7%, the chance of an intelligent child is indeed smaller when observing intelligent parents.

2. Summary:
   - Probability of intelligent child given intelligent parents: 5%/14% = 35.7%
   - Probability of intelligent child given unintelligent parents: 66%/86% = 76.7%
   - 35.7% (intelligent parents) is less than 76.7% (unintelligent parents)

3. No"
366,no,"Step-by-step reasoning:
   - Calculate probability of low cholesterol given all drugs taken: \( \frac{16}{36} \approx 44.44\%\).
   - Probability of low cholesterol given no drugs taken: 35%.
   - Compare: 44.44% (taking drugs) > 35% (not taking drugs).

3. No"
367,no,"1. To determine whether a dark room is less likely than a bright room overall, we need to calculate the overall probability of a dark room. We know that the probability of blowing out the candle is 53%, and for these people, the probability of a dark room is 74%. For those not blowing out the candle (47%), the probability of a dark room is 43%. We calculate the overall probability of a dark room by combining these probabilities: (0.53 * 0.74) + (0.47 * 0.43). This results in approximately 0.6132, or 61.32%. Since this probability is greater than 50%, a dark room is more likely than a bright room.

2. - Calculate probability of dark room for those who blow out candles: 0.53 * 0.74
   - Calculate probability of dark room for those who don't: 0.47 * 0.43
   - Add these probabilities for overall dark room likelihood: ≈ 61.32%
   - Compare against 50%: Dark room > 50%

3. No"
368,yes,"step-by-step summary of the reasoning

- Probability of a healthy heart without medication: 10%
- Probability of a healthy heart with medication: 54%
- Increase in probability of a healthy heart with medication
- Conclusion: Medication increases the chance of a healthy heart

3. The single word answer: 'Yes' or 'No' 

No"
369,yes,"step-by-step summary of the reasoning:
- The correlation of -0.18 indicates a weak negative relationship.
- Weak correlation suggests a lack of significant connection.
- Correlation does not imply causation.
- Respiratory issues do not significantly affect broken bones.

3. The single word answer:
Yes"
370,yes,"step-by-step summary of the reasoning

- Examine lung cancer probabilities for smokers vs. nonsmokers.
- Note higher lung cancer rates in nonsmokers, counter to expected patterns.
- Analyze smoking rates: smoking genes correlate with less smoking.
- Conclude that genes do not negatively affect lung cancer through smoking.

3. The single word answer: 'Yes' or 'No'

No"
371,no,"step-by-step summary of the reasoning:

- Method 1 provides a general correlation between vaccination and survival.
- Method 2 assesses individual cases, revealing specific influences and nuances.
- Method 2 offers a more detailed understanding of vaccination effects.

3. The single word answer:

No"
372,no,"1. To determine if being hard-working is more likely than being lazy overall, we need to calculate the probability of a student being hard-working, regardless of talent status. We are given that the probability of talent is 11%, meaning the probability of not being talented is 89%. Both talented and non-talented students have a 6% probability of being hard-working. The overall probability of a student being hard-working is therefore \(0.11 \times 0.06 + 0.89 \times 0.06 = 0.0066 + 0.0534 = 0.06\) or 6%. Since the probabilities of being hard-working and being lazy must add up to 100%, the probability of being lazy is 94%. Therefore, being lazy is more likely than being hard-working overall.

2. Summary:
   - Probability of talented students: 11%
   - Probability of non-talented students: 89%
   - Probability of being hard-working for both groups: 6%
   - Overall probability of being hard-working: 6%
   - Overall probability of being lazy: 94%
   - Conclusion: Being lazy is more likely than being hard-working.

3. No"
373,no,"step-by-step summary of the reasoning:
- The correlation coefficient is -0.10, indicating a very weak negative correlation.
- A correlation close to zero means there is almost no linear relationship.
- Correlation does not imply causation.
- The weak correlation suggests minimal or no effect of kindness on appearance.

3. The single word answer:
No"
374,yes,"step-by-step summary of the reasoning:

- Probability of ringing alarm when not set: 81%
- Probability of ringing alarm when set: 18%
- If set and ringing, it’s less likely because 18% < 81%

3. The single word answer: 'Yes' or 'No'

Yes"
375,yes,"1. To determine if lung cancer is more likely than the absence of lung cancer overall, we need to calculate the overall probability of lung cancer. Given that 12% of the population smokes, the probability of a person being a smoker and having lung cancer is 0.12 * 0.90 = 0.108 or 10.8%. For nonsmokers, with 88% of the population (100% - 12% smokers), the probability of lung cancer is 0.88 * 0.52 = 0.4576 or 45.76%. Adding these probabilities gives the total probability of lung cancer as 10.8% + 45.76% = 56.56%. For the absence of lung cancer, the probability is 100% - 56.56% = 43.44%. Since 56.56% is greater than 43.44%, lung cancer is more likely than the absence of it overall.

2. Summary:
   - Calculate smoker lung cancer probability: 12% * 90% = 10.8%
   - Calculate nonsmoker lung cancer probability: 88% * 52% = 45.76%
   - Total lung cancer probability: 10.8% + 45.76% = 56.56%
   - Probability of no lung cancer: 100% - 56.56% = 43.44%
   - Compare: 56.56% > 43.44%, so lung cancer is more likely.

3. Yes"
376,yes,"1. To understand how smoking affects college admission, it's crucial to consider the influence of other variables, such as effort, which might mediate or confound the relationship. Method 1 examines the correlation on a case-by-case basis, considering the variable of effort, which allows for a more nuanced understanding of how smoking might influence college admission when different levels of effort are accounted for. This method can help identify whether smoking has a direct effect or if the observed correlation is due to effort. In contrast, Method 2 looks at the general correlation and might overlook these nuances, potentially leading to incorrect assumptions about causality. Therefore, Method 1 is more appropriate for understanding the specific effects of smoking on college admission.

2. 
- Consider influence of other variables like effort.
- Method 1 looks at individual cases and accounts for effort.
- Method 2 looks at general correlation and might miss nuances.
- Method 1 is more appropriate for understanding specific effects.

3. Yes"
377,yes,"step-by-step summary of the reasoning:

- Identify probabilities of being hard-working for students accepted to elite institutions.
- Talented students: 92% probability.
- Non-talented students: 94% probability.
- Compare: 92% (talented) is less than 94% (non-talented).
- Conclusion: Chance of being hard-working decreases with talent in this group.

3. The single word answer: 'Yes' or 'No'

No"
378,yes,"step-by-step summary of the reasoning:  
- Method 1 considers individual cases and controls for effort, isolating the impact of smoking.  
- Method 2 looks at the general correlation, potentially confounding results.  
- Method 1 provides a more accurate analysis of how smoking affects college admission.

3. The single word answer:  
Yes"
379,yes,"step-by-step summary of the reasoning:

- The correlation of -0.10 indicates a very weak negative relationship.
- A weak correlation means attractiveness has minimal effect on talent.
- The correlation does not imply no effect, just a very weak one.

3. The single word answer: 'Yes' or 'No'

No"
380,yes,"step-by-step summary of the reasoning:

- Scurvy is caused by a lack of vitamin C.
- Citrus fruits prevent scurvy due to their vitamin C content.
- Method 1 looks at general correlations, potentially ignoring vitamin C's role.
- Method 2 examines the specific impact of vitamin C, addressing the root cause.
- Therefore, Method 2 is more correct.

3. The single word answer: 'Yes' or 'No'

No"
381,no,"1. To determine if the chance of recovery is smaller when observing a high hospital bill, we need to compare the conditional probabilities of recovery given the bill is high versus low. The probability of a high bill and recovery is 36%. The probability of a low bill and recovery is 16%. The overall probability of a high bill is 51%. The probability of recovery given a high bill is calculated as the probability of both high bill and recovery (36%) divided by the probability of a high bill (51%). This gives approximately 70.6%. We don't have the overall probability of a low bill, but we infer it by subtracting the probability of a high bill from 100%, resulting in 49%. The probability of recovery given a low bill is then the probability of low bill and recovery (16%) divided by the probability of a low bill (49%), giving approximately 32.7%. Since 70.6% is greater than 32.7%, the chance of recovery is actually higher, not smaller, when observing a high hospital bill.

2. Summary:
   - Calculate recovery probability given high bill: 36% / 51% = 70.6%
   - Calculate recovery probability given low bill: 16% / 49% = 32.7%
   - Compare: 70.6% > 32.7%, so recovery chance is higher with a high bill.

3. No"
382,yes,"Step-by-step summary:
   - Calculate probability of lung cancer for smokers: 0.39 * 0.57 = 0.2223
   - Calculate probability of lung cancer for nonsmokers: 0.61 * 0.51 = 0.3111
   - Sum probabilities: 0.2223 + 0.3111 = 0.5334
   - Compare to 50%: 53.34% > 50%

3. Yes"
383,yes,"step-by-step summary of the reasoning:

- Method 1 examines the correlation in general, potentially missing confounders.
- Confounders like socioeconomic status can affect both education and salary.
- Method 2 considers these confounders, providing a clearer causal link.
- Thus, Method 2 offers a more accurate understanding of the effect of education on salary.

3. The single word answer: 'Yes' or 'No'

No"
384,no,"Step-by-step:
   - Calculate the probability of being vaccinated: 87%.
   - Calculate the probability of being unvaccinated: 13%.
   - Calculate the overall survival probability for vaccinated: 0.87 * 0.50 = 0.435.
   - Calculate the overall survival probability for unvaccinated: 0.13 * 0.49 = 0.0637.
   - Add these probabilities: 0.435 + 0.0637 = 0.4987 (49.87%).
   - Compare with 50%: 49.87% < 50%, so survival is less likely than death.

3. No"
385,yes,"1. To determine if attractive appearance is less likely than unattractive appearance overall, we need to find the overall probability of attractive appearance. We know the probability of kindness is 45%, and for both kind and mean personalities, the probability of attractive appearance is 40%. Thus, the overall probability of attractive appearance is 0.45 * 0.40 (kind) + 0.55 * 0.40 (mean) = 0.18 + 0.22 = 0.40 or 40%. Therefore, unattractive appearance has a probability of 1 - 0.40 = 0.60 or 60%, which is higher than the probability of attractive appearance. Hence, attractive appearance is indeed less likely than unattractive appearance overall.

2. Summary:
   - Probability of kindness: 45%
   - Attractive appearance probability for both kinds: 40%
   - Overall attractive probability: 0.40 (40%)
   - Unattractive probability: 0.60 (60%)
   - Attractive appearance is less likely than unattractive appearance.

3. Yes"
386,yes,"step-by-step summary of the reasoning:
- Calculate probability of firing when manager signs: 20.88%.
- Calculate probability of firing when manager does not sign: 70.4%.
- Compare the two probabilities: 20.88% < 70.4%.
- Conclusion: It is not more likely for an employee to be fired if the manager signs.

3. The single word answer: 'Yes' or 'No'
No"
387,yes,"step-by-step summary of the reasoning:
- Compare probabilities: 48% for normal weight vs. 67% for obese.
- Determine effect of being normal weight on lifespan for an obese person.
- Since 48% is less than 67%, being normal weight reduces the likelihood of a long lifespan for an obese person.

3. The single word answer: 'Yes' or 'No'
Yes"
388,yes,"1. To determine if your decision positively affects penguin survival without considering their mood, we should compare the overall probabilities of survival depending on the choice between stairs and elevator. For stair users, the probability of death is calculated by weighing the probabilities of happiness and sadness: \(0.06 \times 53\% + 0.94 \times 63\% = 0.6\% + 59.22\% = 59.82\%\). For elevator users, the probability of death is \(0.92 \times 6\% + 0.08 \times 19\% = 5.52\% + 1.52\% = 7.04\%\). Thus, the probability of survival is higher when taking the elevator, indicating a positive effect on survival.

2. - Calculate death probability for stairs: \(0.06 \times 53\% + 0.94 \times 63\%\)
   - Calculate death probability for elevator: \(0.92 \times 6\% + 0.08 \times 19\%\)
   - Compare overall survival probabilities: Elevator survival is higher.

3. Yes"
389,yes,"step-by-step summary of the reasoning:

- The husband's alarm causes the wife's alarm to be set.
- Both alarms are required for the alarm to ring.
- If the husband's alarm is not set, the wife's alarm will not be set.
- Without either alarm set, the alarm will not ring.

3. The single word answer: 'Yes' or 'No'

No"
390,yes,"step-by-step summary of the reasoning

- Compare child intelligence probabilities: Higher with intelligent parents.
- Analyze social status probabilities: Similar across confounder scenarios for intelligent parents.
- Conclude that the change in child intelligence is not mediated by social status.

3. The single word answer: 'Yes' or 'No'

No"
391,yes,"1. To understand how maternal smoking status affects an infant's birth weight, it is crucial to account for potential confounding variables. Method 1, which examines the correlation case by case according to unobserved confounders, aims to isolate the effect of maternal smoking by considering individual differences that might influence birth weight. This method is more likely to provide an accurate assessment of the causal relationship because it attempts to control for hidden variables that could skew results. On the other hand, Method 2 looks at the general correlation without accounting for these confounders, which might lead to misleading conclusions due to unaccounted variables that influence both maternal smoking and birth weight. Therefore, Method 1 is more appropriate for understanding the true effect of maternal smoking on birth weight.

2. - Identify the importance of controlling for confounding variables.
   - Method 1 accounts for unobserved confounders case by case.
   - Method 2 looks at general correlation without controlling for confounders.
   - Method 1 is more likely to provide accurate causal insights.

3. Yes"
392,no,"1. To determine if the chance of the forest catching fire is smaller when observing the camper lighting a match, we need to compare the probability of the forest catching fire when the camper lights a match versus when they do not. The probability of the camper lighting a match is 1%, and if they do light a match, the probability of the forest catching fire is also given as 1%. When the camper does not light a match, which occurs 99% of the time, the probability of the forest catching fire is still 38%. Thus, the probability of fire given that the camper lights a match is 1%, while it is 38% when the camper does not light a match. Therefore, the chance of the forest catching fire is indeed smaller when observing the camper lighting a match.

2. Summary:
   - Probability of camper lighting a match: 1%
   - Probability of fire when camper lights a match: 1%
   - Probability of fire when camper does not light a match: 38%
   - Chance of fire is smaller when the camper lights a match.

3. No"
393,yes,"step-by-step summary of the reasoning

- Probability of arriving on time when waking up on time: 49%
- Probability of arriving on time when waking up late: 8%
- Compare the probabilities: 49% > 8%
- Conclusion: Waking up late decreases the chance of arriving on time.

3. The single word answer: 'Yes' or 'No'

No"
394,yes,"step-by-step summary of the reasoning:

- Smoking gene probability of lung cancer: 53%.
- Nonsmoking gene probability: 44%.
- The question asks about the effect of having both genes.
- Without specific data showing interaction, assume probabilities are independent.
- Smoking gene probability remains higher at 53%.

3. The single word answer: 'Yes' or 'No'

No"
395,yes,"1. To understand how a manager affects an employee, it is crucial to consider the context in which this relationship occurs. Method 1 provides a broad overview by examining the general correlation between managers and employees. This approach can identify overarching patterns or trends that may exist across a wide range of situations. However, it might miss nuances that occur in specific contexts. Method 2, on the other hand, examines the relationship case by case according to a director, allowing for a more detailed and context-specific analysis. This method can capture variations and unique dynamics that Method 1 might overlook. Therefore, if the goal is to gain a general understanding applicable to most situations, Method 1 might be more appropriate. However, for detailed insights tailored to specific cases, Method 2 would be more suitable. Given that the question asks if Method 1 is more correct, without additional context or specific goals, it suggests a preference for a broader understanding.

2. Summary:
   - Method 1 provides a general overview of manager-employee correlations.
   - Method 2 offers detailed, context-specific insights.
   - For a broad understanding applicable to many situations, Method 1 is more suitable.

3. Yes"
396,no,"1. To determine if the chance of an employee being fired is larger when observing the manager signing the termination letter, we need to compare the conditional probabilities of firing. The probability of firing given that the manager signs is the probability of both signing and being fired divided by the probability of signing: \( P(\text{Fired} \mid \text{Signed}) = \frac{P(\text{Signed and Fired})}{P(\text{Signed})} = \frac{0.07}{0.30} = 0.2333 \). The total probability of being fired is the sum of the probabilities of being fired with and without the signing: \( P(\text{Fired}) = P(\text{Signed and Fired}) + P(\text{Not Signed and Fired}) = 0.07 + 0.51 = 0.58 \). Since 0.2333 (23.33%) is less than 0.58 (58%), the chance of being fired is not larger when observing the manager signing.

2. Summary:
   - Calculate \( P(\text{Fired} \mid \text{Signed}) = 0.2333 \).
   - Total probability of being fired = 0.58.
   - Compare: 0.2333 < 0.58.
   - Conclusion: Chance is not larger when observing signing.

3. No"
397,yes,"Step-by-step reasoning:
   - Taking the elevator causes sadness.
   - Taking the elevator or happiness causes death.
   - Taking the stairs avoids the elevator, thus no sadness.
   - Without the elevator, happiness must occur for death, but stairs do not imply happiness.
   - Therefore, the penguin avoids death and lives.

3. Yes"
398,yes,"step-by-step summary of the reasoning:

- Obesity is linked to both diabetes and a long lifespan.
- The person is a nonsmoker, so only obesity and diabetes are relevant.
- Obesity contributes to a long lifespan, not a short one.
- Therefore, obesity does not imply a short lifespan.

3. The single word answer: 'Yes' or 'No'

No"
399,no,"1. A correlation of -0.01 indicates a very weak negative relationship between kindness and attractive appearance for people in a relationship. This number is close to zero, suggesting that there is essentially no linear relationship between the two variables. However, correlation does not imply causation, meaning that this statistic alone does not provide evidence about whether kindness affects attractive appearance. It simply shows that within the dataset analyzed, there's no significant linear correlation between these traits. Other factors, not captured by this correlation, might still influence the relationship between kindness and attractive appearance.

2. 
   - The correlation is -0.01, indicating a very weak negative relationship.
   - A correlation near zero suggests no linear relationship.
   - Correlation does not imply causation.
   - Therefore, the correlation does not mean kindness has no effect.

3. No"
400,yes,"1. To determine how personality affects appearance, Method 1 examines the general correlation between personality and appearance across a broad population. This approach can provide a more comprehensive overview of trends and patterns. Method 2, on the other hand, considers the correlation on a case-by-case basis according to relationship status, which may offer more specific insights but might not capture the broader trends as effectively. Since the goal is to understand the general effect of personality on appearance, Method 1 is more appropriate for capturing the overall correlation, as it does not limit the analysis to specific subgroups.

2. Summary:
   - Method 1 provides a general overview of personality-appearance correlation.
   - Method 2 focuses on specific subgroups based on relationship status.
   - For a general understanding, Method 1 is more suitable.

3. Yes"
401,no,"1. To assess whether obesity positively affects lifespan without considering diabetes, we should compare the lifespan probabilities of obese and normal weight groups, disregarding diabetes. For normal weight people, the probability of a long lifespan is 84%. For obese people, it is 62%. When comparing these two groups, obesity is associated with a lower probability of long lifespan. Therefore, even when ignoring diabetes, obesity does not positively affect lifespan. The data shows that being normal weight is associated with a higher probability of a long lifespan compared to being obese.

2. Summary:
   - Normal weight lifespan probability: 84%
   - Obese lifespan probability: 62%
   - Conclusion: Obesity is associated with a lower probability of long lifespan.

3. No"
402,yes,"Step-by-step summary:
   - Calculate wet ground probability in rainy season: 44% * 63% = 27.72%
   - Calculate wet ground probability in dry season: 56% * 53% = 29.68%
   - Add probabilities for overall wet ground: 27.72% + 29.68% = 57.4%
   - Compare to 50%: 57.4% is greater, so wet ground is more likely.

3. Yes"
403,no,"step-by-step summary of the reasoning:
- Probability for males: 62%
- Probability for non-males: 56%
- Males have a higher probability of acceptance.
- If a male were not male, acceptance probability decreases to 56%.
- Thus, admission acceptance is less likely if the individual were not male.

3. The single word answer:
No"
404,yes,"step-by-step summary of the reasoning:

- Compare recovery probabilities for small stones: 81% (with treatment) vs. 95% (without treatment).
- Compare recovery probabilities for large stones: 6% (with treatment) vs. 17% (without treatment).
- Identify that in both scenarios, recovery is more likely without treatment.
- Acknowledge that 54% of cases involve large stones, reinforcing the trend.
- Conclude that overall recovery is more likely without treatment.

3. The single word answer:

Yes"
405,no,"1. To determine if scurvy is more likely than no scurvy overall, we need to calculate the total probability of scurvy. We have two groups: those who consume citrus (92%) and those who do not (8%). For the 92% consuming citrus, the probability of scurvy is 41%, leading to a scurvy probability of 0.92 * 0.41 = 0.3772. For the 8% not consuming citrus, the probability of scurvy is 63%, resulting in a scurvy probability of 0.08 * 0.63 = 0.0504. Adding these gives a total scurvy probability of 0.3772 + 0.0504 = 0.4276, or 42.76%. The probability of no scurvy is 100% - 42.76% = 57.24%. Since 57.24% is greater than 42.76%, no scurvy is more likely than scurvy overall.

2. Summary:
   - Calculate scurvy probability for citrus consumers: 0.92 * 0.41 = 0.3772
   - Calculate scurvy probability for non-consumers: 0.08 * 0.63 = 0.0504
   - Total scurvy probability: 0.3772 + 0.0504 = 0.4276 (42.76%)
   - Probability of no scurvy: 100% - 42.76% = 57.24%
   - Compare: 57.24% (no scurvy) > 42.76% (scurvy)

3. No"
406,no,"1. To determine if the chance of recovery is larger when treatment is received, we need to compare the probability of recovery with treatment against the probability of recovery without treatment. We know that the probability of receiving treatment and recovering is 17%. The probability of not receiving treatment and recovering is given as 40%. Since the probability of recovery without treatment (40%) is higher than the probability of recovery with treatment (17%), the chance of recovery is larger when treatment is not received.

2. Summary:
   - Probability of treatment and recovery: 17%
   - Probability of no treatment and recovery: 40%
   - Compare these probabilities: 40% > 17%
   - Recovery chance is larger without treatment.

3. No"
407,yes,"step-by-step summary of the reasoning:

- Consider the probabilities for children with unintelligent parents: 21% and 25%.
- Average these probabilities to 23% for unintelligent parents.
- Consider the probabilities for children with intelligent parents: 81% and 83%.
- Average these probabilities to 82% for intelligent parents.
- Compare averages: 82% (intelligent parents) vs. 23% (unintelligent parents).
- Parents' intelligence positively, not negatively, affects child's intelligence.

3. The single word answer: 'Yes' or 'No'

No"
408,yes,"step-by-step summary of the reasoning:

- Compare high infant mortality rates for smoking vs. nonsmoking mothers.
- Ignore birth weight differences.
- Probabilities for smoking mothers: 79% (low birth weight) and 36% (normal birth weight).
- Probabilities for nonsmoking mothers: 77% (low birth weight) and 47% (normal birth weight).
- Without birth weight consideration, smoking does not consistently affect mortality negatively.

3. The single word answer: 'Yes' or 'No'

No"
409,yes,"step-by-step summary of the reasoning:

- Compare high salary probabilities for males and non-males.
- Males: 48% (blue-collar), 28% (white-collar).
- Non-males: 23% (blue-collar), 1% (white-collar).
- Males have higher probabilities in both categories.
- Conclusion: Gender positively affects salary disregarding occupation.

3. The single word answer:

Yes"
410,no,"1. To determine if a healthy heart is less likely than having heart problems overall, we need to calculate the overall probability of a healthy heart. We know that 59% of people take medication, and for them, the probability of a healthy heart is 80%. For the 41% not taking medication, the probability of a healthy heart is 38%. We calculate the overall probability of a healthy heart as follows: (0.59 * 0.80) + (0.41 * 0.38). This gives us 0.472 + 0.1558 = 0.6278, or 62.78%. Since 62.78% is greater than 50%, a healthy heart is more likely than heart problems overall.

2. Summary:
   - Calculate probability of healthy heart for medication users: 59% * 80% = 47.2%
   - Calculate probability of healthy heart for non-users: 41% * 38% = 15.58%
   - Add these probabilities: 47.2% + 15.58% = 62.78%
   - Compare to 50%: 62.78% > 50%, so healthy heart is more likely.

3. No"
411,no,"1. To determine if the chance of broken bones increases for hospitalized individuals with respiratory issues, we compare two probabilities: the probability of broken bones for hospitalized individuals without respiratory issues (54%) and with respiratory issues (35%). In this context, the probability of broken bones is actually lower for hospitalized individuals with respiratory issues compared to those without. Therefore, the chance of broken bones does not increase with respiratory issues in hospitalized individuals.

2. - Identify the probability of broken bones for hospitalized individuals without respiratory issues: 54%.
   - Identify the probability of broken bones for hospitalized individuals with respiratory issues: 35%.
   - Compare the two probabilities: 35% is less than 54%.
   - Conclusion: The chance of broken bones decreases with respiratory issues in hospitalized individuals.

3. No"
412,yes,"1. Given the information, arriving at school on time is affected by two factors: waking up late and heavy traffic. Since it's stated that there is no traffic, the only factor that could cause Alice to arrive late is waking up late. Therefore, if Alice wakes up late, without the mitigating factor of heavy traffic, she will likely arrive at school late.

2. - Arriving on time depends on waking up late or traffic.
   - There is no traffic.
   - Waking up late is the remaining factor.
   - Therefore, waking up late likely causes her to be late.

3. Yes"
413,yes,"1. The data indicates that maternal smoking status does have a negative impact on infant mortality through birth weight. For infants with nonsmoking mothers and low birth weight, the infant mortality is 85%, whereas for smoking mothers, it is slightly lower at 81%. However, for normal birth weight infants, mortality is higher with smoking mothers (56%) compared to nonsmoking mothers (50%). Furthermore, the probability of normal birth weight is significantly lower for infants with smoking mothers (1% for poor health and 31% for good health) compared to nonsmoking mothers (39% for poor health and 65% for good health). This suggests that smoking contributes to lower birth weight, which in turn is associated with higher infant mortality.

2. Summary:
   - Compare mortality rates: higher for smoking mothers with normal weight.
   - Compare birth weight probabilities: much lower for smoking mothers.
   - Smoking leads to lower birth weight, increasing mortality risk.

3. Yes"
414,yes,"1. To determine if the chance of scurvy is smaller with citrus intake, we need to compare the probability of scurvy with and without citrus intake. The probability of citrus intake is 83%, so the probability of no citrus intake is 17% (100% - 83%). The probability of citrus intake and scurvy is 22%. For the probability of no citrus and scurvy, we need to calculate it using the given probabilities. The probability of absence of citrus and scurvy is 9%. Therefore, the probability of scurvy given no citrus intake is 9% / 17% (probability of no citrus). The probability of scurvy given citrus intake is 22% / 83%. By comparing these conditional probabilities, if the probability of scurvy given citrus intake is less than the probability of scurvy given no citrus intake, then the chance of scurvy is smaller with citrus intake.

2. - Calculate the probability of no citrus intake: 17%.
   - Use given probabilities: citrus and scurvy (22%), no citrus and scurvy (9%).
   - Find conditional probabilities: scurvy given no citrus (9%/17%), scurvy given citrus (22%/83%).
   - Compare: If scurvy given citrus is less than scurvy given no citrus, answer is Yes.

3. Yes"
415,yes,"1. To determine whether the chance of a high salary is smaller when observing male gender, we need to compare the probability of high salary given male gender to the unconditional probability of high salary. The total probability for a high salary can be calculated using the probabilities provided: 38% of people are male with high salary, and 24% are non-male with high salary. Thus, the probability of high salary overall is 38% + 24% = 62%. Given that 52% of the population is male, the probability of high salary given male gender is 38%. Since 38% is less than the overall high salary probability of 62%, the chance of a high salary is indeed smaller when observing male gender.

2. Summary:
   - Calculate overall high salary probability: 38% (male) + 24% (non-male) = 62%
   - Probability of high salary given male gender: 38%
   - Compare: 38% < 62%, hence smaller chance with male gender

3. Yes"
416,yes,"step-by-step summary of the reasoning:
- Calculate recovery probability for unvaccinated without pre-conditions: 42.77%
- Calculate recovery probability for unvaccinated with pre-conditions: 14.31%
- Total unvaccinated recovery probability: 57.08%
- Calculate recovery probability for vaccinated without pre-conditions: 39.48%
- Calculate recovery probability for vaccinated with pre-conditions: 10.07%
- Total vaccinated recovery probability: 49.55%
- Compare total probabilities: 57.08% (unvaccinated) vs. 49.55% (vaccinated)

3. The single word answer:
Yes"
417,yes,"step-by-step summary of the reasoning

- Compare cholera contraction probabilities with clean water (global) vs. without (local).
- Global water company: Higher clean water (49%), lower cholera contraction (43%).
- Local water company: Lower clean water (34%), higher cholera contraction (47%).
- Clean water correlates with lower cholera contraction, not higher.

3. The single word answer: 'Yes' or 'No'

No"
418,no,"1. To determine whether it would be less likely to see recovery if a patient had paid a low hospital bill compared to a high hospital bill, we examine the probabilities given. For patients who pay a high hospital bill, the probabilities of recovery are 87% for young patients and 19% for old patients. For patients who pay a low hospital bill, the probabilities of recovery are 99% for young patients and 30% for old patients. This indicates that, irrespective of age, the probability of recovery is higher for those who pay a low hospital bill (99% and 30%) compared to those who pay a high hospital bill (87% and 19%). Therefore, it is not less likely to see recovery if the patient had paid a low hospital bill.

2. Summary:
   - High bill recovery: 87% (young), 19% (old)
   - Low bill recovery: 99% (young), 30% (old)
   - Low bill recovery probabilities are higher for both age groups.
   - Therefore, it is not less likely to see recovery with a low bill.

3. No"
419,no,"1. To determine if a smoker would have a higher probability of college admission if they had been a nonsmoker, we need to compare the given probabilities. The probability of college admission for nonsmokers is 51%, while for smokers it is 64%. Since 64% is greater than 51%, smokers actually have a higher probability of being admitted to college compared to nonsmokers. Therefore, it is not more likely for a smoker to see college admission if they had been a nonsmoker.

2. Summary:
   - Compare probabilities: Nonsmokers 51%, Smokers 64%.
   - Smokers have a higher admission probability.
   - Therefore, being a nonsmoker would not increase their likelihood.

3. No"
420,yes,"step-by-step summary of the reasoning:

- People not on medication: High BP (68%) > Low BP (46%) in terms of healthy heart probability.
- People on medication: High BP (43%) > Low BP (7%) in terms of healthy heart probability.
- High BP is more common without medication, suggesting medication helps control BP.
- Medication is linked to lower heart health probabilities, likely due to underlying conditions rather than the medication itself.
- The data does not support the claim that medication negatively affects heart health through BP.

3. The single word answer: 'Yes' or 'No'

No"
421,no,"step-by-step summary of the reasoning:
- Unvaccinated survival probability: 36%
- Vaccinated survival probability: 56%
- Vaccination increases survival probability
- No negative effect on survival observed

3. The single word answer: 
No"
422,no,"step-by-step summary of the reasoning:
- Probability of death if released: 36%
- Probability of death if executed: 72%
- Execution has a higher probability of death than release.
- Therefore, execution does not decrease the chance of death.

3. The single word answer:
No"
423,yes,"Step-by-step summary:
   - Calculate nonsmoking probability: 6%
   - Find college admission probability given nonsmoking: \( \frac{5\%}{6\%} \approx 83.33\% \)
   - Find college admission probability given smoking: \( \frac{54\%}{94\%} \approx 57.45\% \)
   - Compare probabilities: 57.45% < 83.33%

3. Yes"
424,yes,"1. To determine whether cholera contraction is more likely than prevention overall, we need to calculate the overall probabilities of both contraction and prevention. We know the probability of having clean water is 39%, which means the probability of having polluted water is 61%. For people with polluted water, the probability of cholera contraction is 67%, so the probability of not contracting cholera is 33%. For people with clean water, the probability of contraction is 33%, so the probability of prevention is 67%. The overall probability of cholera contraction is the sum of contracting with polluted water (61% * 67%) and with clean water (39% * 33%). Similarly, the overall probability of prevention is the sum of prevention with polluted water (61% * 33%) and with clean water (39% * 67%). Calculating these gives us: Contraction = 0.61 * 0.67 + 0.39 * 0.33 = 0.4097 + 0.1287 = 0.5384 (53.84%). Prevention = 0.61 * 0.33 + 0.39 * 0.67 = 0.2013 + 0.2613 = 0.4626 (46.26%). Since 53.84% (contraction) is greater than 46.26% (prevention), cholera contraction is more likely than prevention.

2. Summary:
   - Probability of polluted water = 61%; of clean water = 39%
   - Contraction probability: polluted (67%), clean (33%)
   - Calculated overall contraction probability: 53.84%
   - Calculated overall prevention probability: 46.26%
   - Contraction probability (53.84%) > Prevention probability (46.26%)

3. Yes"
425,no,"step-by-step summary of the reasoning:

- Nonsmoking gene lung cancer probability: 65%
- Smoking gene lung cancer probability: 49%
- Compare probabilities: 49% < 65%
- Conclusion: Smoking gene does not increase lung cancer probability.

3. The single word answer:

No"
426,yes,"step-by-step summary of the reasoning:
- Probability of low cholesterol is 45% without drug treatment.
- Probability of low cholesterol is 48% with drug treatment.
- Higher probability of taking all drugs with treatment (76% vs. 51%).
- Low cholesterol increases from 45% to 48% with drug treatment.
- Therefore, taking all assigned drugs does not decrease the chance of low cholesterol.

3. The single word answer: 'Yes' or 'No'
No"
427,no,"Step-by-step:
   - Calculate overall acceptance rate for non-males: 94% competitive (95% acceptance), 6% non-competitive (63% acceptance).
   - Overall acceptance for non-males: (0.94 * 0.95) + (0.06 * 0.63) = 89.27%.
   - Calculate overall acceptance rate for males: 48% competitive (67% acceptance), 52% non-competitive (37% acceptance).
   - Overall acceptance for males: (0.48 * 0.67) + (0.52 * 0.37) = 51.1%.
   - Non-males have higher acceptance (89.27%) vs. males (51.1%).
   - Conclusion: Being male negatively affects admission status.

3. No"
428,yes,"step-by-step summary of the reasoning:

- Identify probability of attractive appearance for mean personalities in a relationship: 7%.
- Identify probability of attractive appearance for kind personalities in a relationship: 9%.
- Compare the two probabilities: 9% is greater than 7%.
- Conclude that the chance of attractive appearance increases with kindness in a relationship.

3. The single word answer: 'Yes' or 'No'

No"
429,yes,"1. To determine if a dark room is more likely than a bright room overall, we need to calculate the total probability of a dark room. We know that 2% of the people blow out the candle, and for these people, the probability of a dark room is 55%. For the remaining 98% who do not blow out the candle, the probability of a dark room is 88%. The overall probability of a dark room can be calculated as follows:
   - Probability of dark room given candle blown out: \(0.02 \times 0.55 = 0.011\)
   - Probability of dark room given candle not blown out: \(0.98 \times 0.88 = 0.8624\)
   - Total probability of dark room: \(0.011 + 0.8624 = 0.8734\) or 87.34%
   Since 87.34% (probability of dark room) is greater than 50%, a dark room is more likely than a bright room overall.

2. Summary:
   - Calculate dark room probability for candle blown out: 0.011
   - Calculate dark room probability for candle not blown out: 0.8624
   - Add both probabilities for total: 0.8734
   - Compare to 50% threshold: 87.34% > 50%

3. Yes"
430,yes,"step-by-step summary of the reasoning:
   - Calculate probability of a high salary for those with a degree: 0.6 * 0.4 = 0.24
   - Calculate probability of a high salary for those without a degree: 0.4 * 0.26 = 0.104
   - Total probability of a high salary: 0.24 + 0.104 = 0.344
   - Compare to probability of a"
431,yes,"1. To determine whether being hard-working is more likely than being lazy overall, we need to consider the probabilities provided for different groups of students. We know that 47% of students are talented, and for these talented students, the probability of being hard-working is 57%. Similarly, for the 53% of students who are not talented, the probability of being hard-working is also 57%. We can calculate the overall probability of being hard-working by using the total probability formula: (Probability of being talented × Probability of being hard-working given talented) + (Probability of not being talented × Probability of being hard-working given not talented). This results in (0.47 × 0.57) + (0.53 × 0.57) = 0.57. Therefore, the overall probability of being hard-working is 57%. Since there are only two possibilities (being hard-working or being lazy), and both are complementary, the probability of being lazy is 1 - 0.57 = 0.43. Thus, being hard-working (57%) is more likely than being lazy (43%).

2. Summary:
   - Calculate the probability of being hard-working for both talented and not talented students.
   - Use the total probability formula to find the overall probability of being hard-working.
   - Compare this probability with the complementary probability of being lazy.
   - Conclude that being hard-working is more likely.

3. Yes"
432,yes,"1. To determine how smoking affects lung cancer, Method 1 provides a more detailed analysis by considering gender differences. Since smoking and lung cancer can manifest differently across genders due to biological or behavioral factors, analyzing these correlations separately can yield more accurate and nuanced insights. Method 2, while useful for a general overview, might overlook these critical sub-group differences. Therefore, Method 1 offers a more comprehensive understanding of the correlation between smoking and lung cancer.

2. Summary:
   - Smoking affects genders differently.
   - Method 1 considers these differences.
   - Method 2 provides only a general view.
   - Method 1 offers a more nuanced understanding.

3. Yes"
433,no,"Step-by-step summary:
   - Probability of arriving on time if Alice wakes up on time: 39%
   - Probability of arriving on time if Alice wakes up late: 70%
   - Compare probabilities: 70% is greater than 39%
   - Conclusion: More likely to arrive on time when waking up late

3. No"
434,yes,"step-by-step summary of the reasoning:

- Compare recovery probabilities for high vs. low bills.
- High bill: 19% (young), 93% (old).
- Low bill: 5% (young), 80% (old).
- Higher recovery rates with high bills for both age groups.
- Conclude that high bills are associated with higher recovery likelihood.

3. The single word answer: 'Yes' or 'No'

No"
435,yes,"step-by-step summary of the reasoning:

- Dry season wet ground probability: 33%
- Rainy season wet ground probability: 48%
- Increase in wet ground probability in the rainy season indicates more negative impact
- Sprinklers likely consistent across seasons, maintaining the conclusion

3. The single word answer: 'Yes' or 'No'

Yes"
436,no,"1. To determine if scurvy is less likely than no scurvy overall, we need to calculate the total probability of scurvy and compare it with the probability of not having scurvy. We have two groups: those who consume citrus and those who do not. For citrus consumers (20% of the population), the probability of scurvy is 60%, contributing 12% to the overall probability of scurvy (0.2 * 0.6 = 0.12). For non-citrus consumers (80% of the population), the probability of scurvy is 76%, contributing 60.8% to the overall probability of scurvy (0.8 * 0.76 = 0.608). The total probability of scurvy is therefore 72.8% (12% + 60.8%). Thus, the probability of not having scurvy is 27.2% (100% - 72.8%). Since 72.8% (scurvy) is greater than 27.2% (no scurvy), scurvy is more likely than no scurvy overall.

2. - Calculate scurvy probability for citrus consumers: 0.2 * 0.6 = 12%
   - Calculate scurvy probability for non-citrus consumers: 0.8 * 0.76 = 60.8%
   - Total scurvy probability: 12% + 60.8% = 72.8%
   - Probability of no scurvy: 100% - 72.8% = 27.2%
   - Since 72.8% > 27.2%, scurvy is more likely.

3. No"
437,no,"1. To determine if college admission is less likely than college rejection overall, we need to calculate the overall probability of college admission. We know the probability of being a smoker is 84%, and the probability of being a nonsmoker is 16% (since 100% - 84% = 16%). For smokers, the probability of admission is 57%, and for nonsmokers, it is 63%. The overall probability of admission can be calculated using the law of total probability: 

   \[
   P(\text{Admission}) = P(\text{Admission|Smoker}) \times P(\text{Smoker}) + P(\text{Admission|Nonsmoker}) \times P(\text{Nonsmoker})
   \]

   \[
   P(\text{Admission}) = (0.57 \times 0.84) + (0.63 \times 0.16)
   \]

   \[
   P(\text{Admission}) = 0.4788 + 0.1008 = 0.5796
   \]

   The overall probability of admission is approximately 57.96%. To see if admission is less likely than rejection, we compare this with 50%. Since 57.96% is greater than 50%, college admission is more likely than rejection.

2. Summary:
   - Calculate nonsmoker probability: 16%
   - Use total probability to find overall admission probability: 
     \((0.57 \times 0.84) + (0.63 \times 0.16) = 57.96%\)
   - Compare 57.96% to 50%: 57.96% is greater, so admission is more likely.

3. No"
438,yes,"step-by-step summary of the reasoning:

- Calculate overall lung cancer probability for smokers: 41.3%
- Calculate overall lung cancer probability for nonsmokers: 43.14%
- Compare the two probabilities: 43.14% > 41.3%

3. The single word answer: 'Yes' or 'No'

Yes"
439,yes,"1. To determine how eating citrus affects scurvy, Method 1, which involves analyzing the correlation on a case-by-case basis according to vitamin C content, is more precise. Scurvy is caused by a deficiency of vitamin C, which is abundant in citrus fruits. By examining the correlation with a specific focus on vitamin C, Method 1 provides a clearer understanding of the causative relationship between citrus consumption and scurvy prevention. Method 2, which looks at the general correlation without focusing on vitamin C, may overlook this critical nutritional aspect and lead to less accurate conclusions.

2. Summary:
   - Scurvy is caused by a lack of vitamin C.
   - Citrus fruits are rich in vitamin C.
   - Method 1 focuses on vitamin C content, providing more precise insights.
   - Method 2 lacks specific focus and may lead to inaccuracies.

3. Yes"
440,yes,"Step-by-step summary:
   - Calculate Probability of polluted water: 78%
   - Find Probability of cholera given clean water: 20% / 22% ≈ 0.909
   - Find Probability of cholera given polluted water: 53% / 78% ≈ 0.679
   - Compare probabilities: 0.909 (clean water) > 0.679 (polluted water)

3. Yes"
441,no,"1. To determine if your decision positively affects penguin survival, we need to evaluate the overall probability of penguin death based on your choice. Without considering penguin mood, we focus on the method of travel alone. For those who take the stairs, the probability of happiness is 86%, meaning sadness is 14%. The probability of penguin death when sad and taking the stairs is 11%, and when happy it is 57%. Thus, the overall probability of death when taking the stairs is (0.14 * 0.11) + (0.86 * 0.57) = 0.0154 + 0.4902 = 0.5056 or 50.56%. For the elevator, the probability of happiness is 39%, meaning sadness is 61%. The probability of penguin death when sad and taking the elevator is 25%, and when happy it is 66%. Thus, the overall probability of death when taking the elevator is (0.61 * 0.25) + (0.39 * 0.66) = 0.1525 + 0.2574 = 0.4099 or 40.99%. Therefore, choosing the elevator results in a lower probability of penguin death compared to choosing the stairs.

2. - Calculate sadness probability for stairs: 14%
   - Calculate death probability for stairs: (0.14 * 0.11) + (0.86 * 0.57) = 50.56%
   - Calculate sadness probability for elevator: 61%
   - Calculate death probability for elevator: (0.61 * 0.25) + (0.39 * 0.66) = 40.99%
   - Compare overall death probabilities: elevator is lower.

3. No"
442,no,"step-by-step summary of the reasoning:

- Identify probabilities for talent among famous people:
  - Unattractive: 19%
  - Attractive: 15%
- Compare these probabilities.
- Since 15% < 19%, attractive appearance does not increase the chance of talent among famous people.

3. The single word answer:

No"
443,yes,"step-by-step summary of the reasoning:
- Large kidney stone with no treatment leads to no recovery.
- Large kidney stone with treatment leads to recovery.
- The patient has a large kidney stone.
- Without treatment, the patient will not recover.

3. The single word answer: 'Yes' or 'No'
Yes"
444,yes,"step-by-step summary of the reasoning:

- Compare low cholesterol probabilities: 75% (no treatment) vs. 86% (treatment).
- Compare adherence rates: 55% (no treatment) vs. 17% (treatment).
- Higher low cholesterol probability (86%) with treatment suggests effectiveness despite lower adherence.
- Conclude that taking all assigned drugs likely increases the chance of low cholesterol.

3. The single word answer: 'Yes' or 'No'

Yes"
445,no,"step-by-step summary of the reasoning:

- Method 1 provides a general overview of the correlation.
- Method 2 offers detailed, case-specific insights.
- Detailed analysis (Method 2) can reveal nuances missed by broader studies.
- Method 2 is more informative for understanding specific factors like tar deposits.

3. The single word answer:

No"
446,yes,"1. To determine if college admission is more likely than college rejection overall, we need to calculate the total probability of college admission for the entire population. The overall probability of smoking is 5%, meaning 95% are nonsmokers. For nonsmokers, the probability of college admission is 55%, and for smokers, it is 43%. We calculate the overall probability of admission by multiplying the probability of each group by their respective admission rates and summing them:

   - Probability of admission for nonsmokers = 0.95 * 0.55 = 0.5225
   - Probability of admission for smokers = 0.05 * 0.43 = 0.0215

   Total probability of admission = 0.5225 + 0.0215 = 0.544

   Since the total probability of college admission (0.544 or 54.4%) is greater than 50%, college admission is more likely than college rejection.

2. Summary of reasoning:
   - Calculate admission probability for nonsmokers: 0.95 * 0.55
   - Calculate admission probability for smokers: 0.05 * 0.43
   - Sum both probabilities for total admission probability: 0.544
   - Compare total admission probability (0.544) to 50%

3. Yes"
447,yes,"1. To determine if clean water decreases the chance of cholera contraction, we need to compare the probabilities of contracting cholera with the probabilities of having clean water. For the local water company, the probability of cholera contraction is 75%, and the probability of clean water is 58%. For the global water company, the probability of cholera contraction is 67%, and the probability of clean water is 30%. Both companies show a higher chance of cholera contraction than the probability of providing clean water, suggesting that having clean water does correlate with a lower incidence of cholera. The data indicates that when clean water is more prevalent, the likelihood of cholera contraction is lower, supporting the conclusion that clean water decreases the chance of cholera contraction.

2. Summary:
   - Local company: Cholera 75%, clean water 58%
   - Global company: Cholera 67%, clean water 30%
   - Higher clean water correlates with lower cholera
   - Conclusion: Clean water decreases cholera contraction

3. Yes"
448,no,"1. To determine if a long lifespan is less likely than a short lifespan overall, we need to calculate the overall probability of a long lifespan. The probability of being obese is 91%, and for these individuals, the probability of a long lifespan is 74%. For the remaining 9% who are of normal weight, the probability of a long lifespan is 59%. We calculate the overall probability of a long lifespan by considering both groups: 
\[ P(\text{long lifespan}) = (0.91 \times 0.74) + (0.09 \times 0.59) \]
\[ P(\text{long lifespan}) = 0.6734 + 0.0531 = 0.7265 \]
Since 72.65% is greater than 50%, a long lifespan is more likely than a short lifespan.

2. Summary:
   - Calculate probability of long lifespan for obese: 91% * 74% = 67.34%
   - Calculate probability of long lifespan for normal weight: 9% * 59% = 5.31%
   - Add both probabilities for overall long lifespan probability: 67.34% + 5.31% = 72.65%
   - Since 72.65% > 50%, long lifespan is more likely.

3. No"
449,yes,"Step-by-step summary:
   - 41% receive treatment, 59% do not.
   - Recovery probability with treatment: 24%.
   - Recovery probability without treatment: 71%.
   - Overall recovery probability: (0.41 * 0.24) + (0.59 * 0.71) = 51.73%.
   - Since 51.73% > 50%, recovery is more likely than non-recovery.

3. Yes"
450,yes,"step-by-step summary of the reasoning

- Compare high salary probabilities for blue-collar vs. white-collar within each gender.
- Blue-collar jobs have higher salary probabilities for both genders.
- Non-males with low skills are more likely in white-collar jobs, but this does not lead to higher salaries.
- Salary correlates more with job type (blue-collar) than gender.
- Thus, gender does not positively influence salary through occupation.

3. The single word answer: 'Yes' or 'No'

No"
451,no,"1. To determine whether the chance of arriving to school on time is smaller when observing waking up late, we need to compare the probabilities of arriving on time given different waking conditions. The probability of waking up late is 81%. The probability of waking up on time and arriving on time is 11%, which implies a 19% chance of arriving on time while waking up late. We are given that waking up late happens 81% of the time, and in those cases, arriving on time is 19%. Thus, when considering only the cases of waking up late, the probability of arriving on time is 19%. This probability is indeed larger than 11% (probability of arriving on time when waking up on time), so the chance of arriving on time is not smaller when waking up late.

2. Summary:
   - Probability of waking up late: 81%
   - Probability of arriving on time when waking up late: 19%
   - Probability of arriving on time when waking up on time: 11%
   - 19% is greater than 11%, so arriving on time is not smaller when waking up late.

3. No"
452,no,"Step-by-step summary:
   - Calculate the probability of male and not male.
   - Use the law of total probability to find overall acceptance probability.
   - Compare acceptance probability to rejection probability.
   - Acceptance (30.66%) is less than rejection (69.34%).

3. No"
453,yes,"step-by-step summary of the reasoning:

- Citrus intake leads to sufficient vitamin C.
- Sufficient vitamin C prevents or cures scurvy.
- Absence of citrus means lack of vitamin C.
- Lack of vitamin C means no recovery from scurvy.

3. The single word answer: 'Yes' or 'No'

No"
454,yes,"step-by-step summary of the reasoning:

- Method 1 examines the relationship within specific studying habits.
- This approach allows for more detailed insights.
- Method 2 provides a generalized view, possibly missing key details.
- Method 1 is better for understanding the specific effects.

3. The single word answer: 'Yes' or 'No'

Yes"
455,yes,"1. To determine how the camper affects the forest, Method 1 examines the broad correlation between the camper and the forest. This approach allows for a general understanding of impact without getting bogged down by individual variances, which is effective for a holistic view. Method 2, on the other hand, analyzes the correlation on a case-by-case basis according to the smoker, which introduces factors that might not be relevant to the overall effect of the camper on the forest. Since the question is about understanding the camper's effect on the forest as a whole, Method 1 is more appropriate as it provides a direct and comprehensive correlation without extraneous influences.

2. 
- Method 1 provides a broad view of the camper's impact on the forest.
- Method 2 introduces individual variances that may not pertain to the overall effect.
- For understanding the general effect, Method 1 is more suitable.

3. Yes"
456,yes,"step-by-step summary of the reasoning:
- Compare infant mortality rates for low and normal birth weights and smoking status.
- Find higher mortality for low birth weight, higher mortality for smoking mothers with low birth weight.
- Smoking mothers have lower chances of normal birth weight.
- Smoking affects birth weight, which in turn affects mortality.

3. The single word answer: 'Yes'"
457,yes,"1. To determine if college admission is more likely than rejection overall, we need to calculate the overall probability of college admission. We have two groups: smokers and nonsmokers. The probability of being a smoker is 4%, and for nonsmokers, it is 96%. For smokers, the probability of college admission is 52%, and for nonsmokers, it is 58%. The overall probability of college admission is the weighted average of these probabilities: \( (0.04 \times 0.52) + (0.96 \times 0.58) = 0.0208 + 0.5568 = 0.5776 \). This means the overall probability of college admission is 57.76%. Since this probability is greater than 50%, college admission is more likely than college rejection.

2. - Determine the probability of being a smoker (4%) and nonsmoker (96%).
   - Calculate probability of admission for smokers (52%) and nonsmokers (58%).
   - Compute weighted average: \( (0.04 \times 0.52) + (0.96 \times 0.58) = 0.5776 \).
   - Compare to 50%: 57.76% > 50%, so admission is more likely.

3. Yes"
458,no,"1. To determine if getting the vaccine increases the chance of recovery, we need to compare the recovery probabilities for vaccinated and unvaccinated groups, considering the presence of pre-conditions. For people without pre-conditions, the recovery probability decreases from 94% to 74% when vaccinated. For those with pre-conditions, the recovery probability decreases from 24% to 3% with vaccination. Since in both cases the probability of recovery is lower with the vaccine, getting vaccinated does not increase the chance of recovery for either group.

2. - Check recovery probabilities for no pre-conditions: 94% (no vaccine) vs. 74% (vaccine).
   - Check recovery probabilities for pre-conditions: 24% (no vaccine) vs. 3% (vaccine).
   - In both scenarios, recovery probability is lower with the vaccine.

3. No"
459,yes,"step-by-step summary of the reasoning:

- Probability of vaccination and survival: 44%
- Probability of lack of vaccination and survival: 11%
- Compare both probabilities: 44% > 11%
- Survival chance is higher with vaccination

3. The single word answer: 'Yes' or 'No'

No"
460,yes,"step-by-step summary of the reasoning:

- Probability of fire without a match: 73%
- Probability of fire with a match: 57%
- Compare the two probabilities: 57% < 73%
- Conclusion: Lighting a match decreases the probability of fire.

3. The single word answer:

Yes"
461,yes,"1. To determine if an intelligent child is more likely than an unintelligent child overall, we need to calculate the overall probability of an intelligent child. Given that 19% of parents are intelligent, it means 81% of parents are unintelligent. For children with intelligent parents, the probability of being intelligent is 42%, and for children with unintelligent parents, it is 65%. Calculating the overall probability involves multiplying each probability by the respective parent group percentage and summing the results: (0.19 * 0.42) + (0.81 * 0.65) = 0.0798 + 0.5265 = 0.6063 or 60.63%. Since 60.63% is greater than 50%, an intelligent child is more likely than an unintelligent child overall.

2. Summary:
   - Intelligent parents: 19%
   - Intelligent child with intelligent parents: 42%
   - Unintelligent parents: 81%
   - Intelligent child with unintelligent parents: 65%
   - Overall probability of intelligent child: (0.19 * 0.42) + (0.81 * 0.65) = 60.63%
   - Since 60.63% > 50%, intelligent child is more likely.

3. Yes"
462,no,"Step-by-step reasoning:
   - Calculate recovery probability for treated: 33% * 81% = 26.73%
   - Calculate recovery probability for untreated: 67% * 50% = 33.5%
   - Add both: 26.73% + 33.5% = 60.23%
   - Compare 60.23% (recovery) to 50% (non-recovery)
   - Since 60.23% > 50%, recovery is more likely.

3. No"
463,yes,"step-by-step summary of the reasoning:

- Method 1 considers individual cases by age, providing detailed insights.
- Method 2 looks at the correlation in general, missing age-specific details.
- Method 1 offers a more comprehensive and accurate analysis.

3. The single word answer:
Yes"
464,yes,"step-by-step summary of the reasoning:

- Scurvy is caused by a lack of vitamin C.
- Citrus fruits provide vitamin C.
- Patients not consuming citrus have a 68% probability of scurvy.
- Patients consuming citrus have a 49% probability of scurvy.
- Citrus intake is associated with a lower probability of scurvy.

3. The single word answer:

Yes"
465,yes,"step-by-step summary of the reasoning:

- Method 1 provides a general correlation.
- Method 2 examines correlations within subgroups (e.g., by gender).
- Method 2 reveals subgroup differences that Method 1 might miss.
- Accounting for subgroup differences can prevent misleading conclusions.
- Therefore, Method 2 is more appropriate for a nuanced analysis.

3. The single word answer: 'Yes' or 'No'

No"
466,yes,"step-by-step summary of the reasoning:

- Probability of increased supply: 71%
- Probability of increased supply and increased price: 43%
- The chance of increased price when supply increases is 43%
- This is not smaller than some baseline chance of increased price
- Therefore, the chance of increased price is not smaller when observing increased supply

3. The single word answer: 'Yes' or 'No':

No"
467,yes,"To determine if low cholesterol is more likely than high cholesterol overall, we need to evaluate the probabilities of having low cholesterol across all patients. 

Given:
- Probability of taking all assigned drugs is 24%.
- Probability of low cholesterol for those who haven't taken any drugs is 63%.
- Probability of low cholesterol for those who have taken all drugs is 66%.

To find the overall probability of low cholesterol, we use the law of total probability:

1. Calculate the probability of low cholesterol for those who haven't taken drugs (76% of the population, since 100% - 24% = 76%):
   - \( P(\text{low cholesterol | no drugs}) = 0.63 \)

2. Calculate the probability of low cholesterol for those who have taken all drugs (24% of the population):
   - \( P(\text{low cholesterol | all drugs}) = 0.66 \)

Overall probability of low cholesterol:
\[ P(\text{low cholesterol}) = (0.76 \times 0.63) + (0.24 \times 0.66) \]

\[ P(\text{low cholesterol}) = 0.4788 + 0.1584 = 0.6372 \]

Since 63.72% is greater than 50%, low cholesterol is more likely than high cholesterol overall.

Summary of reasoning:
1. Calculate the probability of low cholesterol for patients who haven't taken drugs: 76% × 63%.
2. Calculate the probability of low cholesterol for patients who have taken all drugs: 24% × 66%.
3. Add both probabilities to get the overall probability of low cholesterol.
4. Compare the overall probability of low cholesterol (63.72%) to 50%.

Yes"
468,no,"step-by-step summary of the reasoning:

- Probability of intelligent parents and intelligent child: 0%
- Probability of unintelligent parents and intelligent child: 45%
- Compare: 0% (intelligent parents) vs. 45% (unintelligent parents)
- Conclusion: The chance is smaller when observing intelligent parents.

3. The single word answer: 

No"
469,yes,"step-by-step summary of the reasoning:

- Method 1 looks at overall correlation, possibly missing confounding variables.
- Kidney stone size can influence treatment effectiveness.
- Method 2 accounts for this by analyzing cases based on stone size.
- Controlling for size offers a clearer understanding of treatment impact.

3. The single word answer: 'Yes' or 'No'

No"
470,yes,"step-by-step summary of the reasoning:  
- Probability of penguin death using stairs: 70%
- Probability of penguin death using elevator: 29%
- 29% is less than 70%, so taking the elevator reduces death probability.

3. The single word answer: 'Yes' or 'No'  
No"
471,yes,"1. To understand how vaccination affects disease, it is more correct to use Method 1 than Method 2 because Method 1 considers case-by-case analysis according to pre-conditions. This allows for a more nuanced understanding of how various factors like age, existing health conditions, and other variables might influence the effectiveness of a vaccine. Method 2, which looks at general correlations, might overlook these critical differences and lead to less accurate conclusions. Therefore, Method 1 provides a more detailed and accurate understanding by accounting for individual variability.

2. Summary:
   - Method 1 considers individual pre-conditions, providing detailed analysis.
   - Method 2 looks at general correlation, possibly missing critical factors.
   - Method 1 offers a more accurate understanding of vaccine effects.

3. Yes"
472,yes,"step-by-step summary of the reasoning:

- Consideration of individual differences (blood pressure) is crucial.
- Method 1 accounts for these differences, allowing for detailed insights.
- Method 2 might obscure specific patterns by generalizing data.
- Method 1 provides a more accurate understanding of medication effects.

3. The single word answer:

Yes"
473,yes,"1. While both methods aim to understand the correlation between smoking and lung cancer, Method 1 provides a more detailed approach. By examining case by case how tar deposit from smoking affects lung cancer, Method 1 allows for a nuanced analysis that might reveal specific patterns or mechanisms. This can lead to a deeper understanding of the direct impact of smoking on lung cancer development. In contrast, Method 2 offers a broader perspective, which might overlook individual differences and specific pathways. Therefore, for a more precise understanding, Method 1 might be more appropriate.

2. 
- Method 1 analyzes individual cases based on tar deposit.
- Provides detailed, specific insights into smoking's impact.
- Method 2 is broader and less detailed.
- Method 1 is more suited to understanding specific effects.

3. Yes"
474,yes,"step-by-step summary of the reasoning:
- Compare high salary probabilities for non-males vs. males in both job types.
- Non-males have higher high salary probabilities in both categories.
- Non-males with low skills more likely to be in higher-paying white-collar jobs.
- Suggests gender impacts salary through occupational distribution.

3. The single word answer: 'Yes' or 'No' (only one of these, nothing else)
Yes"
475,yes,"1. To determine if the chance of lung cancer is larger when observing smoking, we compare the probability of lung cancer among smokers to that among nonsmokers. We know the probability of smoking and lung cancer is 7%. Since the overall probability of smoking is 14%, the probability of lung cancer given smoking is \( \frac{7\%}{14\%} = 50\% \). For nonsmokers, we know the probability of nonsmoking and lung cancer is 34%. Thus, the probability of lung cancer given nonsmoking is \( \frac{34\%}{86\%} \approx 39.5\% \). Comparing these, 50% (smokers) is greater than 39.5% (nonsmokers), indicating a higher chance of lung cancer when smoking.

2. - Calculate lung cancer probability among smokers: \( \frac{7\%}{14\%} = 50\% \).
   - Calculate lung cancer probability among nonsmokers: \( \frac{34\%}{86\%} \approx 39.5\% \).
   - Compare: 50% (smokers) > 39.5% (nonsmokers).

3. Yes"
476,yes,"step-by-step summary of the reasoning:

- Identify the probability of broken bones for hospitalized individuals with respiratory issues: 10%.
- Identify the probability of broken bones for hospitalized individuals without respiratory issues: 12%.
- Compare the two probabilities: 10% (with respiratory issues) is less than 12% (without respiratory issues).
- Conclusion: The chance of broken bones decreases with respiratory issues in hospitalized individuals.

3. The single word answer: 'Yes' or 'No'

No"
477,no,"step-by-step summary of the reasoning:

- A correlation of -0.66 indicates a strong negative relationship.
- In the context of famous people, as attractiveness increases, talent tends to decrease.
- Correlation does not imply causation; it reflects a statistical relationship.
- The correlation suggests an inverse relationship, not that appearance has no effect.

3. The single word answer:

No"
478,no,"1. To determine how smoking affects college admission, it is more appropriate to use Method 2. Method 1 looks at the general correlation between smoking and college admission, which might overlook important variables, such as individual effort. Method 2 allows for a case-by-case analysis, considering how effort might mediate the relationship between smoking and college admission. By accounting for effort, we can better isolate the effect of smoking on college admission outcomes, leading to a more accurate understanding of the causal relationship.

2. Summary:
   - Method 1 examines overall correlation, potentially missing key variables.
   - Method 2 considers individual effort, providing a clearer analysis.
   - Method 2 allows for isolating the effect of smoking on outcomes.

3. No"
479,no,"step-by-step summary of the reasoning:
- Compare recovery probabilities for no pre-conditions: 18% (with vaccine) vs. 7% (without vaccine).
- Compare recovery probabilities for pre-conditions: 91% (with vaccine) vs. 80% (without vaccine).
- Both scenarios show higher recovery with the vaccine.
- Conclusion: Recovery is more likely with the vaccine.

3. The single word answer:
No"
480,no,"1. To determine how tanning salon treatment affects skin, Method 1 involves looking at the overall correlation directly with skin. This method provides a broad perspective by considering how tanning treatments affect skin without any other variables. Method 2, however, examines the correlation on a case-by-case basis, considering additional factors such as beach exposure. This method offers a more detailed and nuanced understanding by accounting for other influences on skin condition. Since beach exposure can significantly impact skin condition, Method 2 provides a clearer picture of the specific effects of tanning salon treatments by isolating other variables. Therefore, it isn't more correct to use Method 1 over Method 2 because Method 2 accounts for other potential influences, leading to more accurate conclusions.

2. Summary:
   - Method 1: Broad examination of correlation with skin.
   - Method 2: Detailed case-by-case analysis considering beach exposure.
   - Method 2 accounts for other variables, offering more precision.

3. No"
481,yes,"1. To determine how smoking affects lung cancer, Method 1, which examines cases individually by considering tar deposits, provides a more detailed and specific analysis. This method can reveal direct physiological correlations between smoking and lung cancer, potentially uncovering precise causal mechanisms. In contrast, Method 2 offers a broader view by looking at the general correlation between smoking and lung cancer without delving into individual case variation. While both methods are valuable, Method 1 is more suitable for understanding the specific pathways and direct effects of smoking on lung cancer at the individual level.

2. Summary of reasoning:
   - Method 1 focuses on individual cases, analyzing tar deposits and their direct effects.
   - Method 2 looks at general correlations, lacking specific case details.
   - Method 1 provides a more precise understanding of the causal relationship.

3. Yes"
482,yes,"step-by-step summary of the reasoning:

- Non-male acceptance probability: 61%
- Male acceptance probability: 39%
- Compare probabilities: 61% (non-male) > 39% (male)
- Conclusion: More likely to be admitted if not male

3. The single word answer: 'Yes'"
483,yes,"Step-by-step:
   - Calculate the probability of a high score for encouraged students: 0.9 * 0.39 = 0.351.
   - Calculate the probability of a high score for non-encouraged students: 0.1 * 0.53 = 0.053.
   - Sum these probabilities: 0.351 + 0.053 = 0.404.
   - Calculate the probability of a low score: 100% - 40.4% = 59.6%.
   - Compare: 40.4% high score < 59.6% low score.

3. Yes"
484,yes,"step-by-step summary of the reasoning:
- Method 1 provides a general correlation, potentially missing specific details.
- Method 2 examines individual cases, capturing nuances and variations.
- For a comprehensive understanding, Method 2 is more effective.

3. The single word answer: 'Yes' or 'No'
No"
485,yes,"step-by-step summary of the reasoning:

- Consider scenarios without wife mediation.
- Compare probabilities of alarm ringing with and without husband setting it.
- Probabilities are lower when husband sets the alarm (50% and 2%) than when he doesn't (88% and 39%).
- Conclude husband setting the alarm negatively affects the outcome.

3. The single word answer: 'Yes' or 'No'

Yes"
486,yes,"step-by-step summary of the reasoning:

- Identify the probability of admission for nonsmokers: 88%.
- Identify the probability of admission for smokers: 67%.
- Compare the two probabilities.
- Conclude that the lower probability for smokers suggests smoking decreases admission chances.

3. The single word answer: 'Yes' or 'No'

Yes"
487,yes,"1. To determine if the chance of lung cancer is larger when observing the smoking gene, we compare the probabilities of lung cancer in two scenarios: with the smoking gene and without it. From the given data, the probability of having both the smoking gene and lung cancer is 34%. The probability of having the nonsmoking gene and lung cancer is 7%. Since 34% is greater than 7%, the presence of the smoking gene is associated with a higher probability of lung cancer. Therefore, the chance of lung cancer is indeed larger when observing the smoking gene.

2. Summary:
   - Probability of smoking gene and lung cancer: 34%
   - Probability of nonsmoking gene and lung cancer: 7%
   - Compare the two probabilities: 34% > 7%
   - Conclusion: Lung cancer chance is larger with the smoking gene.

3. Yes"
488,yes,"step-by-step summary of the reasoning:
- Method 1 offers a general correlation overview.
- Method 2 provides detailed case-by-case analysis.
- Method 2 allows for more nuanced understanding.
- Method 2 is more effective for understanding specific impacts.

3. The single word answer: 'Yes' or 'No':
No"
489,yes,"step-by-step summary of the reasoning:

- Method 1 considers unobserved confounders.
- It allows for a more nuanced analysis of education's impact on salary.
- Method 2 might oversimplify by not accounting for these confounders.
- Therefore, Method 1 is more likely to provide an accurate understanding.

3. The single word answer:

Yes"
490,no,"step-by-step summary of the reasoning:

- Small stones: 36% recovery with treatment vs. 5% without.
- Large stones: 95% recovery with treatment vs. 63% without.
- Both probabilities with treatment are higher than without.
- Hence, recovery is more likely with treatment.

3. The single word answer:

No"
491,no,"1. To determine if the chance of high infant mortality is smaller when observing a smoking mother, we need to compare the probabilities of high infant mortality in both scenarios: with smoking mothers and non-smoking mothers. Given the probability of smoking mothers is 8%, the probability of smoking mothers and high infant mortality is 3%. This means the chance of high infant mortality given a smoking mother is 3% / 8% = 37.5%. For non-smoking mothers, we are given a 31% chance of high infant mortality directly. Since 37.5% is greater than 31%, the chance of high infant mortality is not smaller when observing a smoking mother.

2. Summary:
   - Probability of smoking mother = 8%
   - Probability of smoking mother and high infant mortality = 3%
   - Chance of high infant mortality given smoking mother = 3% / 8% = 37.5%
   - Probability of high infant mortality with non-smoking mother = 31%
   - 37.5% > 31%, so high infant mortality chance is not smaller with smoking mother.

3. No"
492,no,"Step-by-step summary:
   - Calculate probability of lung cancer for smokers: 0.99 * 0.57 = 56.43%
   - Calculate probability of lung cancer for nonsmokers: 0.01 * 0.27 = 0.27%
   - Add both probabilities: 56.43% + 0.27% = 56.7%
   - Compare with 50%: Since 56.7% > 50%, lung cancer is more likely.

3. No"
493,no,"Step-by-step summary:
   - Compare lung cancer probabilities for nonsmokers: 82% (no tar), 56% (high tar).
   - Compare lung cancer probabilities for smokers: 79% (no tar), 53% (high tar).
   - Nonsmokers have higher lung cancer probabilities regardless of tar deposit.
   - Conclude that smokers would not be less likely to get lung cancer if they had been nonsmokers.

3. No"
494,yes,"step-by-step summary of the reasoning:

- Probability of fire without match: 80%
- Probability of fire with match: 49%
- 49% is less than 80%, so lighting a match decreases the probability.

3. The single word answer: 'Yes' or 'No'

No"
495,yes,"step-by-step summary of the reasoning:

- The correlation coefficient is -0.66, indicating a strong negative relationship.
- This suggests that as attractiveness increases, talent tends to decrease among famous people.
- The negative correlation does not imply that attractiveness has no effect on talent.
- Correlation does not imply causation; it shows how variables are related, not that one causes the other.

3. The single word answer: 'Yes' or 'No'

No"
496,yes,"1. To determine if broken bones are less likely than no broken bones overall, we need to calculate the overall probability of broken bones. We know the probability of respiratory issues is 49%, and the probability of broken bones is 19% for both people with and without respiratory issues. Therefore, the probability of broken bones overall is calculated by multiplying the probability of respiratory issues by the probability of broken bones in each condition, and then adding these probabilities. Since both probabilities are the same (19%), the calculation is straightforward: (0.49 * 0.19) + (0.51 * 0.19) = 0.19. This means the overall probability of broken bones is 19%. Since 19% is less than 81% (the complement of 19%), broken bones are indeed less likely than no broken bones.

2. Summary:
   - Calculate probability of broken bones for respiratory issues: 0.49 * 0.19
   - Calculate probability of broken bones for no respiratory issues: 0.51 * 0.19
   - Add both probabilities to get overall broken bones probability: 0.19
   - Compare 19% broken bones probability with 81% for no broken bones

3. Yes"
497,yes,"step-by-step summary of the reasoning:

- People without a degree: 24% probability of high salary.
- People with a degree: 47% probability of high salary.
- 47% is greater than 24%, indicating an increase.
- Therefore, a degree increases the chance of a high salary.

3. The single word answer: 'Yes' or 'No'

No"
498,yes,"step-by-step summary of the reasoning:
- The forest fires occur if either the camper or chain-smoker lights a match.
- The chain-smoker does not light a match.
- The camper lighting a match would satisfy the condition for the forest to catch fire.
- Therefore, if the camper lights a match, the forest burns.

3. The single word answer: 'Yes' or 'No':
Yes"
499,yes,"Step-by-step summary:
   - Calculate lung cancer probability for smokers: 11% * 51% = 0.0561
   - Calculate lung cancer probability for nonsmokers: 89% * 30% = 0.267
   - Add both probabilities: 0.0561 + 0.267 = 0.3231 (32.31%)
   - Compare to complementary probability of no lung cancer: 67.69%
   - Conclusion: 32.31% < 67.69%, so lung cancer is less likely.

3. Yes"
500,no,"step-by-step summary of the reasoning:
- Method 1 provides a general correlation overview.
- Method 2 considers each case individually, accounting for director influence.
- Method 2 captures nuances and context-specific details.
- Understanding manager effects on employees benefits from detailed, context-aware analysis.

3. The single word answer:
No"
501,yes,"step-by-step summary of the reasoning:

- Compare high salary probabilities for males and non-males.
- Males: 50% (blue-collar), 26% (white-collar).
- Non-males: 22% (blue-collar), 2% (white-collar).
- Males have higher probabilities in both categories.
- Gender does not negatively affect salary; it favors males.

3. The single word answer: 'Yes' or 'No'

No"
502,no,"step-by-step summary of the reasoning:

- Compare lifespan probabilities with and without diabetes for normal weight and obese groups.
- Note that both obesity and diabetes individually reduce lifespan probability.
- Observe that obesity combined with diabetes results in the lowest lifespan probability.
- Conclude that obesity does not positively affect lifespan through diabetes.

3. The single word answer:

No"
503,no,"1. To determine if medication positively affects heart condition while disregarding the mediation effect through blood pressure, we should compare the overall probability of a healthy heart for people taking medication versus those not taking medication. For individuals not taking medication, the healthy heart probability is 63% with low blood pressure and 91% with high blood pressure. Considering the probability of high blood pressure is 42%, the weighted probability of a healthy heart is \(0.63 \times 0.58 + 0.91 \times 0.42 = 36.54\% + 38.22\% = 74.76\%\). For those taking medication, the healthy heart probability is 37% with low blood pressure and 67% with high blood pressure. With a 62% probability of high blood pressure, the weighted probability is \(0.37 \times 0.38 + 0.67 \times 0.62 = 14.06\% + 41.54\% = 55.6\%\). The comparison shows that not taking medication results in a higher probability of a healthy heart. Thus, medication does not positively affect heart condition when disregarding the mediation effect through blood pressure.

2. - Calculate the weighted probability of a healthy heart for those not taking medication: 74.76%.
   - Calculate the weighted probability of a healthy heart for those taking medication: 55.6%.
   - Compare probabilities: 74.76% (no medication) is greater than 55.6% (with medication).
   - Conclusion: Medication does not positively affect heart condition when ignoring blood pressure effects.

3. No"
504,yes,"step-by-step summary of the reasoning:

- Examine high infant mortality probabilities for smoking vs. nonsmoking mothers.
- Smoking mothers have higher mortality probabilities (96% and 60%) than nonsmoking mothers (62% and 31%).
- Higher mortality with smoking indicates a negative effect on infant mortality.

3. The single word answer: 'Yes' or 'No'

No"
505,yes,"step-by-step summary of the reasoning:
- Method 1 considers diabetes as a factor, providing nuanced insights.
- Method 2 looks at general correlation, missing specific interactions.
- Controlling for diabetes gives a clearer understanding of obesity's impact.
- Therefore, Method 1 is more correct for understanding obesity's effect on lifespan.

3. The single word answer: 'Yes' or 'No':
Yes"
506,no,"1. To determine whether it would be less likely to see a healthy heart in people taking medication compared to those not taking medication, we compare the probabilities given. People not taking medication have a 42% chance of having a healthy heart, while those taking medication have a 60% chance. Since 60% is greater than 42%, it is more likely to see a healthy heart in people taking medication. Therefore, it is not less likely for people taking medication to have a healthy heart compared to those not taking medication.

2. Summary of reasoning:
   - Probability of healthy heart without medication: 42%
   - Probability of healthy heart with medication: 60%
   - 60% is greater than 42%, hence more likely with medication.

3. No"
507,yes,"step-by-step summary of the reasoning:
- Method 1 provides detailed, case-by-case analysis.
- It considers specific factors like tar deposit, offering deeper insights.
- Method 2 offers a general overview, possibly missing detailed nuances.
- For a thorough understanding, Method 1 is more precise and informative.

3. The single word answer:
Yes"
508,no,"Step-by-step summary:
   - Probability of increased supply = 83%
   - Probability of increased supply and increased price = 50%
   - Chance of increased price when observing increased supply = 50%
   - Overall probability of increased price not provided
   - Cannot compare without overall probability of increased price

3. No"
509,no,"1. To determine if the husband positively affects the alarm clock when disregarding the mediation effect through the wife, we need to compare the probabilities of the alarm ringing based on whether the husband sets the alarm or not. When the husband sets the alarm, the probabilities are 58% (wife doesn't set the alarm) and 13% (wife sets the alarm). When the husband doesn't set the alarm, the probabilities are 88% (wife doesn't set the alarm) and 45% (wife sets the alarm). Since both probabilities are higher when the husband does not set the alarm, this suggests that the husband's action of setting the alarm does not positively affect the probability of the alarm ringing.

2. Summary:
   - Compare probabilities for alarm ringing based on husband's action.
   - Higher probabilities occur when the husband does not set the alarm.
   - Conclusion: Husband setting the alarm does not positively affect the ringing.

3. No"
510,yes,"step-by-step summary of the reasoning:

- Method 1 analyzes gender and admission case-by-case by department.
- Method 2 analyzes overall correlation without department specifics.
- Method 1 reveals department-specific biases.
- Method 2 might overlook nuances and trends.
- Method 1 is more accurate for understanding gender effects.

3. The single word answer: 'Yes' or 'No'

Yes"
511,yes,"Step-by-step summary:
   - Probability of college degree or higher = 7%
   - Probability of college degree or higher and high salary = 5%
   - Calculate probability of high salary given college degree or higher = 5/7 ≈ 71.4%
   - Probability of high salary with high school degree or lower = 50%
   - Compare: 71.4% (college or higher) > 50% (high school or lower)

3. Yes"
512,yes,"step-by-step summary of the reasoning:

- Nonsmoking genes probability of lung cancer: 44%
- Smoking genes probability of lung cancer: 56%
- A nonsmoking gene is associated with a lower likelihood of lung cancer.
- Therefore, a person with smoking genes would have a lower probability of lung cancer if they also had a nonsmoking gene.

3. The single word answer: 'Yes' or 'No'

Yes"
513,no,"step-by-step summary of the reasoning:
- Compare probabilities of normal birth weight in low vs. high tax areas.
- Observe that high tax areas with more smoking mothers have higher normal birth weight probability.
- Conclude that smoking mothers do not decrease normal birth weight probability based on given data.

3. The single word answer: 'Yes' or 'No' (only one of these, nothing else)

No"
514,yes,"step-by-step summary of the reasoning:

- Nonsmokers have a 53% chance of college admission.
- Smokers have a 29% chance of college admission.
- 53% is greater than 29%.
- Therefore, a smoker would have a higher likelihood of admission if they were a nonsmoker.

3. The single word answer: 'Yes' or 'No'

Yes"
515,no,"1. To determine if attractive appearance is less likely than unattractive appearance overall, let's analyze the given probabilities. We know that 18% of people have kind personalities, and for both kind and mean personalities, the probability of being attractive is 96%. So, the probability of attractiveness is 96% for the entire population, irrespective of personality type. Since 96% represents the probability of being attractive, it is significantly higher than the 50% threshold that would suggest equal likelihood. Therefore, attractive appearance is more likely than unattractive appearance.

2. Summary:
   - 18% of people are kind; 96% of all people are attractive regardless of personality.
   - The probability of attractiveness (96%) is higher than 50%.
   - Therefore, attractive appearance is more likely than unattractive appearance.

3. No"
516,no,"1. To determine if the chance of lung cancer is larger when observing the smoking gene, we compare the probability of lung cancer given the smoking gene to the probability of lung cancer given the nonsmoking gene. The probability of the smoking gene and lung cancer is 6%. The probability of the nonsmoking gene and lung cancer is 34%. These probabilities suggest that observing the smoking gene results in a lower probability of lung cancer (6%) compared to the nonsmoking gene (34%). Therefore, the chance of lung cancer is not larger when observing the smoking gene.

2. Summary:
   - Probability of smoking gene and lung cancer: 6%
   - Probability of nonsmoking gene and lung cancer: 34%
   - Lung cancer probability is higher with the nonsmoking gene.

3. No"
517,no,"Step-by-step summary:
   - Probability of alarm ringing when set: 0.68%
   - Probability of alarm ringing when not set: 78.4%
   - Total probability of ringing alarm: 79.08%
   - Total probability of silent alarm: 20.92%
   - Ringing alarm is more likely than silent alarm.

3. No"
518,yes,"Step-by-step summary:
   - Calculate probability of survival given vaccination: \(0.06 / 0.10 = 0.60\) or 60%.
   - Calculate probability of survival given lack of vaccination: \(0.38 / 0.90 \approx 0.4222\) or 42.22%.
   - Compare the probabilities: 60% > 42.22%, so survival chance is larger with vaccination.

3. Yes"
519,yes,"step-by-step summary of the reasoning:

- Compare recovery probabilities for small stones: 83% (with treatment) vs. 96% (without treatment).
- Compare recovery probabilities for large stones: 6% (with treatment) vs. 18% (without treatment).
- In both cases, recovery is less likely with treatment compared to no treatment.

3. The single word answer: 'Yes' or 'No'

Yes"
520,yes,"step-by-step summary of the reasoning:

- Determine department competitiveness probabilities by gender.
- Note that males are more likely to apply to competitive departments.
- Recognize that competitive departments have lower acceptance rates.
- Conclude that gender affects admission status due to department choice.

3. The single word answer: 'Yes' or 'No' 

Yes"
521,yes,"step-by-step summary of the reasoning:
- Reduced yield usually leads to reduced supply.
- Low demand typically leads to reduced prices.
- Increased supply with low demand usually decreases prices.
- Therefore, with increased supply and low demand, prices would likely reduce.

3. The single word answer:
Yes"
522,yes,"step-by-step summary of the reasoning:
- Calculate healthy heart probability for no medication: (0.35 * 78%) + (0.65 * 30%) = 46.8%
- Calculate healthy heart probability for medication: (0.71 * 73%) + (0.29 * 41%) = 63.72%
- Compare probabilities: 63.72% (medication) vs 46.8% (no medication)
- Medication leads to a higher probability of a healthy heart.

3. The single word answer: 'Yes' or 'No'
No"
523,no,"step-by-step summary of the reasoning:

- Probability of a healthy heart without medication: 69%
- Probability of a healthy heart with medication: 47%
- 47% is less than 69%, indicating a decrease in probability.
- Therefore, taking medication does not increase the chance of a healthy heart.

3. The single word answer: 

No"
524,yes,"step-by-step summary of the reasoning:

- Both the camper and the chain-smoker lighting a match can cause the forest to catch fire.
- The chain-smoker lighting a match is observed, which is sufficient to cause the fire on its own.
- The camper not lighting a match does not prevent the forest from burning because the chain-smoker's action is already sufficient.

3. The single word answer: 'Yes' or 'No'

Yes"
525,no,"1. To determine if admission acceptance is more likely than rejection overall, we need to calculate the total probability of acceptance. We have two groups: males and non-males. The probability of being male is 17%, and the probability of being accepted if male is 31%. Therefore, the probability of a male being accepted is 0.17 * 0.31 = 0.0527 or 5.27%. For non-males, the probability is 83% (100% - 17%), and the probability of being accepted if not male is 40%. Therefore, the probability of a non-male being accepted is 0.83 * 0.40 = 0.332 or 33.2%. Adding these probabilities gives the total probability of acceptance: 5.27% + 33.2% = 38.47%. Since 38.47% is less than 50%, acceptance is less likely than rejection overall.

2. Summary:
   - Calculate male acceptance probability: 17% * 31% = 5.27%
   - Calculate non-male acceptance probability: 83% * 40% = 33.2%
   - Total acceptance probability: 5.27% + 33.2% = 38.47%
   - Since 38.47% < 50%, acceptance is less likely than rejection.

3. No"
526,yes,"step-by-step summary of the reasoning:

- Method 1 considers the impact of obesity on lifespan with a focus on diabetes.
- This approach allows for a more detailed analysis by controlling for diabetes as a variable.
- Method 2 provides a general overview but may miss important interactions.
- Method 1 offers more accurate insights into how obesity affects lifespan.

3. The single word answer: 'Yes' or 'No'

Yes"
527,no,"1. Based on the information given, cholera contraction is caused by either high poverty or clean water, and clean water is linked to high poverty or a global water company. In this scenario, the person is served by a local water company and the region has low poverty. This suggests that the clean water typically associated with a global water company or high poverty is not present. Therefore, the person is likely receiving clean water from another source and the conditions for cholera contraction are not met. Switching to polluted water would increase the risk of cholera, as polluted water is a common source of the bacteria causing the disease. Thus, the person would not avoid cholera by switching to polluted water.

2. Summary:
   - Cholera is linked to high poverty or global water company-provided clean water.
   - The person is in a low poverty area and served by a local water company.
   - Conditions for cholera are not met with clean water from a local source.
   - Switching to polluted water increases cholera risk.
  
3. No"
528,yes,"step-by-step summary of the reasoning:

- Probability of high salary without a college degree: 39%
- Probability of high salary with a college degree or higher: 57%
- 57% is greater than 39%
- A degree increases the likelihood of high salary
- Without the degree, probability drops from 57% to 39%

3. The single word answer: 'Yes' or 'No'

No"
529,yes,"1. To determine if the chance of broken bones decreases with respiratory issues among hospitalized individuals, we compare the probabilities given. For hospitalized individuals without respiratory issues, the probability of broken bones is 85%. For hospitalized individuals with respiratory issues, the probability is 71%. Since 71% is lower than 85%, the probability of broken bones decreases when respiratory issues are present for hospitalized individuals.

2. 
- Identify the probability of broken bones for hospitalized individuals without respiratory issues: 85%.
- Identify the probability of broken bones for hospitalized individuals with respiratory issues: 71%.
- Compare these probabilities: 71% < 85%.
- Conclusion: The chance of broken bones decreases with respiratory issues among hospitalized individuals.

3. Yes"
530,yes,"step-by-step summary of the reasoning:
- Confounder or high tax usually leads to smoking.
- Confounder or smoking leads to normal weight.
- Observed conditions: low tax and inactive confounder.
- Nonsmoking mother implies no negative impact from smoking.
- Likely outcome: normal infant birth weight.

3. The single word answer: 'Yes' or 'No'
Yes"
531,no,"Step-by-Step Summary:
   - Calculate wet ground probability in rainy season: 93% * 43% = 39.99%.
   - Calculate wet ground probability in dry season: 7% * 56% = 3.92%.
   - Add probabilities: 39.99% + 3.92% = 43.91%.
   - 43.91% < 50%, so wet ground is not more likely.

3. No"
532,no,"1. To determine if taking all assigned drugs increases the chance of low cholesterol, we need to compare the probabilities involved. For patients assigned the drug treatment, the probability of low cholesterol is 86%, and for those not assigned the treatment, it is 75%. However, the probability of taking all assigned drugs is lower for patients assigned the treatment (17%) compared to those not assigned (55%). This indicates that the act of taking all assigned drugs is not directly correlated with an increase in low cholesterol probability, since the group with higher compliance (not assigned the drug treatment) actually has a lower probability of low cholesterol. The increase in low cholesterol probability appears more related to the assignment of the drug treatment itself rather than taking all assigned drugs.

2. - Probability of low cholesterol is higher with drug treatment (86% vs. 75%).
   - Compliance (taking all drugs) is lower with drug treatment (17% vs. 55%).
   - Higher compliance doesn't correlate with higher low cholesterol probability.
   - Increase in low cholesterol is linked to drug treatment, not compliance.

3. No"
533,yes,"Step-by-step reasoning:
   - Probability of taking all drugs = 20%
   - Probability of low cholesterol and taking drugs = 14%
   - Probability of low cholesterol given taking drugs = 14%/20% = 70%
   - Probability of low cholesterol and not taking drugs = 65%
   - Compare 70% (with drugs) to 65% (without drugs)
   - 70% is greater than 65%, so chance is larger with drugs

3. Yes"
534,no,"Step-by-step summary:
   - Calculate the probability of normal birth weight given smoking: 3% / 29% = 10.34%.
   - Calculate the probability of normal birth weight given nonsmoking: 41% / 71% = 57.75%.
   - Compare: 10.34% < 57.75%.

3. No"
535,yes,"step-by-step summary of the reasoning:

- Increased yield usually leads to increased supply.
- Low demand with increased supply typically decreases price.
- Reduced supply with low demand could stabilize or increase price.
- Therefore, reduced supply likely avoids a price decrease.

3. The single word answer: 'Yes' or 'No'

Yes"
536,no,"step-by-step summary of the reasoning:

- Compare the probability of admission for nonsmokers (66%) and smokers (36%).
- Note that 36% is less than 66%.
- Conclude that smoking decreases, not increases, the chance of college admission.

3. The single word answer:

No"
537,no,"1. To determine whether the prisoner's death is less likely than the prisoner being alive overall, we need to calculate the overall probability of the prisoner's death and compare it to the probability of the prisoner being alive. The probability of the captain ordering execution is 69%, and the probability of death given execution is 64%. Thus, the probability of death via execution is 0.69 * 0.64 = 0.4416 or 44.16%. For captains who release prisoners, the probability of death is 23%, and the probability of release is 31% (since 100% - 69% = 31%). Thus, the probability of death via release is 0.31 * 0.23 = 0.0713 or 7.13%. The total probability of death is therefore 44.16% + 7.13% = 51.29%. Consequently, the probability of the prisoner being alive is 100% - 51.29% = 48.71%. Since 48.71% (alive) is less than 51.29% (death), the prisoner's death is more likely than the prisoner being alive.

2. - Calculate probability of death via execution: 0.69 * 0.64 = 44.16%
   - Calculate probability of death via release: 0.31 * 0.23 = 7.13%
   - Total probability of death: 44.16% + 7.13% = 51.29%
   - Probability of being alive: 100% - 51.29% = 48.71%
   - Compare: 48.71% (alive) < 51.29% (death)

3. No"
538,yes,"step-by-step summary of the reasoning:

- Compare probabilities: 59% for normal weight vs. 79% for obese.
- Obese individuals have a higher probability of long lifespan.
- Therefore, obesity does not decrease the chance of long lifespan.

3. The single word answer: 'Yes' or 'No'

No"
539,yes,"1. If it is the rainy season, it typically causes rain. According to the information provided, both rain and the sprinkler being on lead to wet ground. Since the rainy season implies that there will be rain, the ground will be wet even if the sprinkler is not considered. Therefore, the ground would indeed be wet during the rainy season as opposed to the dry season, where rain is not expected.

2. - Rainy season implies rain.
   - Rain causes the ground to be wet.
   - Therefore, during the rainy season, the ground is wet.

3. Yes"
540,no,"1. To determine how a gene affects lung cancer, Method 2 is more appropriate. This is because smoking is a significant risk factor for lung cancer, and it can influence gene expression and cancer development. By analyzing the correlation case by case according to smoking status, Method 2 provides a more nuanced understanding of the gene's role in lung cancer. Ignoring smoking status, as in Method 1, could lead to misleading conclusions because it treats all cases as homogeneous, potentially obscuring important interactions between the gene and smoking.

2. Summary:
   - Recognize smoking as a major factor in lung cancer.
   - Method 2 considers smoking status, allowing for a detailed analysis.
   - Method 1 ignores smoking, risking misleading results.
   - Therefore, Method 2 is more accurate.

3. No"
541,no,"step-by-step summary of the reasoning:
- The correlation of 0.20 is weak but positive.
- It indicates a slight tendency for kindness and attractive appearance to increase together.
- Correlation does not equal causation.
- A weak correlation does not imply no effect.

3. The single word answer:
No"
542,yes,"step-by-step summary of the reasoning:
- Confounder active can lead to a college degree, even if far from a college.
- A college degree or higher, influenced by the confounder, leads to a high salary.
- The person is active, making it likely they can obtain a degree.
- A higher degree is linked to a higher salary, given the active confounder.
- Therefore, having a college degree likely results in a high salary.

3. The single word answer: 'Yes' or 'No'
Yes"
543,yes,"step-by-step summary of the reasoning:

- The correlation coefficient is -0.66, indicating a strong negative relationship.
- A negative correlation means as one variable increases, the other tends to decrease.
- Correlation does not imply causation; it only shows the relationship.
- Attractive appearance affects talent negatively among famous people.

3. The single word answer: 'Yes' or 'No'

No"
544,yes,"Step-by-step summary:
   - Calculate high salary probability for males: 48% * 78% = 37.44%
   - Calculate high salary probability for non-males: 52% * 53% = 27.56%
   - Add the probabilities: 37.44% + 27.56% = 65%
   - Compare: 65% high salary probability is greater than 35% low salary probability

3. Yes"
545,no,"step-by-step summary of the reasoning:
- Probability of scurvy without citrus: 60%
- Probability of scurvy with citrus: 74%
- Patients consuming citrus have a higher scurvy probability
- Hence, more likely to see scurvy with citrus consumption than without

3. The single word answer:
No"
546,yes,"1. To determine if the chance of normal infant birth weight is smaller when observing a smoking mother, we need to compare the probabilities of normal birth weight for smoking and non-smoking mothers. We know the probability of a smoking mother is 15%, and the probability of a smoking mother with a normal birth weight is 5%. Therefore, the probability of a normal birth weight given that the mother smokes is \( \frac{5\%}{15\%} \approx 33.3\% \). The probability of a non-smoking mother and normal birth weight is 53%, and since the probability of a non-smoking mother is 85% (100% - 15%), the probability of normal birth weight given that the mother does not smoke is \( \frac{53\%}{85\%} \approx 62.4\% \). Comparing 33.3% with 62.4%, the chance of normal birth weight is indeed smaller when observing a smoking mother.

2. Summary:
   - Probability of normal birth weight given smoking mother: \( \frac{5\%}{15\%} \approx 33.3\% \)
   - Probability of normal birth weight given non-smoking mother: \( \frac{53\%}{85\%} \approx 62.4\% \)
   - 33.3% is less than 62.4%, so the chance is smaller for smoking mothers.

3. Yes"
547,no,"1. To determine if it would be more likely to see wet ground in the rainy season if the season had been dry, we need to compare the probabilities of wet ground in both seasons. The probability of wet ground in the dry season is 56%, while in the rainy season it is 43%. Since 56% is greater than 43%, it is less likely to see wet ground in the rainy season compared to the dry season. Therefore, it would not be more likely to see wet ground in the rainy season if the season had been dry.

2. Summary:
   - Compare probabilities: dry season (56%), rainy season (43%).
   - 56% is greater than 43%.
   - Therefore, less likely to see wet ground in the rainy season.

3. No"
548,yes,"1. To determine if a high salary is less likely than a low salary overall, we need to calculate the overall probability of a high salary. We know that 35% of people have a college degree or higher, with a 94% chance of a high salary. For the remaining 65% without a college degree, the chance of a high salary is 25%. We calculate the overall probability of a high salary by using the law of total probability: \( P(\text{High Salary}) = P(\text{High Salary | Degree}) \times P(\text{Degree}) + P(\text{High Salary | No Degree}) \times P(\text{No Degree}) \). Substituting the given values, we get \( (0.94 \times 0.35) + (0.25 \times 0.65) = 0.329 + 0.1625 = 0.4915 \) or 49.15%. Since 49.15% is less than 50%, a high salary is indeed less likely than a low salary.

2. Summary:
   - Calculate probability of high salary with a degree: \( 0.94 \times 0.35 = 0.329 \).
   - Calculate probability of high salary without a degree: \( 0.25 \times 0.65 = 0.1625 \).
   - Add both probabilities: \( 0.329 + 0.1625 = 0.4915 \).
   - Compare to 50%: 49.15% is less than 50%.

3. Yes"
549,yes,"step-by-step summary of the reasoning:
- Non-males have a 50% acceptance probability.
- Males have an 82% acceptance probability.
- 82% is greater than 50%.
- Thus, being male increases the chance of acceptance.

3. The single word answer: 'Yes'"
550,no,"1. To determine if the chance of arriving to school on time is smaller when observing waking up late, we need to compare the probability of arriving on time given that one wakes up late, to the overall probability of arriving on time. The probability of waking up late is 11%, and the probability of waking up late and arriving on time is 8%. So, the conditional probability of arriving on time given waking up late is \( \frac{8\%}{11\%} \approx 72.73\% \). Meanwhile, the overall probability of arriving on time is the sum of waking up on time and arriving on time (35%) and waking up late and arriving on time (8%), which is 43%. Since 72.73% (arriving on time given waking up late) is greater than 43% (overall arriving on time), the chance of arriving on time is actually larger when one wakes up late.

2. Summary:
   - Calculate conditional probability: \( \frac{8\%}{11\%} \approx 72.73\% \).
   - Calculate overall probability of arriving on time: 35% + 8% = 43%.
   - Compare: 72.73% > 43%.

3. No"
551,no,"Step-by-step summary:
1. Calculate probability of high salary for males: 0.47 * 0.78 = 36.66%.
2. Calculate probability of high salary for non-males: 0.53 * 0.39 = 20.67%.
3. Add probabilities: 36.66% + 20.67% = 57.33%.
4. Compare to 50%: 57.33% > 50%.

No"
552,yes,"Step-by-step summary:
   - Analyze probabilities when the husband does not set the alarm: 90% and 42%.
   - Analyze probabilities when the husband sets the alarm: 55% and 9%.
   - Compare: Probabilities are generally lower when the husband sets the alarm.
   - Conclusion: Husband setting the alarm correlates with a lower probability of it ringing, indicating a negative effect.

3. Yes"
553,no,"1. If the captain orders to execute the prisoner, it leads to the corporal shooting and the private not shooting. The combination of the corporal shooting and the private shooting is what causes the prisoner's death. In this scenario, since the private does not shoot, the combination required for the prisoner's death (both the corporal and private shooting) is not met. Therefore, the prisoner would not be dead if the captain ordered the execution.

2. - The captain's order to execute leads to the corporal shooting and the private not shooting.
   - The prisoner’s death requires both the corporal and private shooting.
   - With the private not shooting, the prisoner’s death condition is not met.

3. No"
554,yes,"step-by-step summary of the reasoning

- Females cause smoking.
- Smoking leads to no tar deposit.
- Lung cancer is caused by being female or having a high tar deposit.
- The person is female, fulfilling one condition for lung cancer.
- Smoking does not change the risk from being female.

3. The single word answer: 'Yes' or 'No'

No"
555,yes,"step-by-step summary of the reasoning:

- Non-males are more likely to apply to competitive departments (85%).
- Acceptance in competitive departments is lower for non-males (37%) than in non-competitive departments (75%).
- Males have a lower probability of applying to competitive departments (49%).
- Males also have lower acceptance rates in both department types.
- Overall, non-males face lower acceptance in their more likely department type, indicating no positive effect through competitiveness.

3. The single word answer: 'Yes' or 'No'

No"
556,yes,"step-by-step summary of the reasoning:

- Normal weight individuals: 68% chance of long lifespan.
- Obese individuals: 37% chance of long lifespan.
- 68% is greater than 37%, indicating a decrease in probability.
- Therefore, obesity decreases the chance of a long lifespan.

3. The single word answer: 'Yes' or 'No'

No"
557,yes,"step-by-step summary of the reasoning:

- Probability of healthy heart without medication: 38%
- Probability of healthy heart with medication: 61%
- 61% is greater than 38%, indicating a higher likelihood of a healthy heart with medication.
- Thus, it would be more likely, not less, to see a healthy heart with medication.

3. The single word answer: 'Yes' or 'No'

No"
558,yes,"step-by-step summary of the reasoning:
- Method 1 considers individual cases with detailed factors like tar deposit.
- Method 2 looks at the general correlation without specifics.
- Method 1 provides a more precise and detailed understanding.
- Method 1 is better for understanding the specific impact of smoking on lung cancer.

3. The single word answer: 'Yes' or 'No' (only one of these, nothing else):
Yes"
559,yes,"step-by-step summary of the reasoning:

- Scurvy is caused by vitamin C deficiency.
- Citrus fruits provide vitamin C.
- Probability of scurvy is lower (63%) for citrus consumers.
- Probability of scurvy is higher (74%) for non-consumers.
- Therefore, eating citrus positively affects scurvy risk.

3. The single word answer: 'Yes' or 'No'

Yes"
560,no,"step-by-step summary of the reasoning:
- Compare probabilities: Non-males have a 50% acceptance rate.
- Males have a 35% acceptance rate.
- 35% is less than 50%, indicating a lower chance for males.
- Conclusion: Being male decreases the chance of acceptance.

3. The single word answer:
No"
561,no,"1. To determine if low cholesterol is more likely than high cholesterol overall, we need to assess the probabilities of each. Given that 42% of patients take all assigned drugs, the probability of low cholesterol among these patients is 12%. For the 58% of patients who do not take the drugs, the probability of low cholesterol is 22%. We can calculate the overall probability of low cholesterol by considering both groups: \((0.42 \times 0.12) + (0.58 \times 0.22) = 0.0504 + 0.1276 = 0.178\), or 17.8%. This suggests that the overall probability of low cholesterol is 17.8%, which means that high cholesterol is more likely overall, as it would account for the remaining 82.2%.

2. Summary:
   - Calculate probabilities for each group: 12% for drug-takers (42%) and 22% for non-drug-takers (58%).
   - Compute overall low cholesterol probability: \(0.178\) or 17.8%.
   - Since 17.8% is less than 50%, high cholesterol is more likely.

3. No"
562,yes,"step-by-step summary of the reasoning:

- Compare recovery rates for young patients: 7% (low bill) vs. 17% (high bill).
- Compare recovery rates for old patients: 80% (low bill) vs. 92% (high bill).
- In both age groups, high bills correlate with higher recovery rates.
- Conclusion: High bills are associated with increased recovery chances.

3. The single word answer: 'Yes'"
563,yes,"1. To determine whether the decision to take the stairs or the elevator affects penguin survival positively, we need to compare the overall probabilities of survival by disregarding the penguin's mood. For those taking the stairs, the probability of death is a combination of the probabilities of being happy or sad and their respective death rates. The probability of a penguin being happy on the stairs is 61%, and sad is 39%. Thus, the death probability for stairs is (0.61 * 0.85) + (0.39 * 0.38) = 0.5185 + 0.1482 = 0.6667 or 66.67%. For the elevator, the probability of a penguin being happy is 42%, and sad is 58%. The death probability for the elevator is (0.42 * 0.93) + (0.58 * 0.53) = 0.3906 + 0.3074 = 0.6980 or 69.80%. Since 66.67% (stairs) is less than 69.80% (elevator), choosing the stairs positively affects penguin survival.

2. 
   - Calculate death probability for stairs: 0.61 happiness * 85% + 0.39 sadness * 38% = 66.67%.
   - Calculate death probability for elevator: 0.42 happiness * 93% + 0.58 sadness * 53% = 69.80%.
   - Compare: 66.67% (stairs) < 69.80% (elevator), so stairs improve survival.

3. Yes"
564,yes,"step-by-step summary of the reasoning:

- Method 1 examines individual cases for detailed analysis.
- Method 2 looks at the general relationship without specifics.
- Detailed understanding requires examining specific interactions.
- Therefore, Method 1 is more correct for understanding specific effects.

3. The single word answer:

Yes"
565,no,"1. To determine whether the chance of normal infant birth weight is larger when observing a smoking mother, we need to compare the probabilities of normal birth weight between smoking and non-smoking mothers. Given the probability of a smoking mother is 32% and the probability of a smoking mother with normal infant birth weight is 9%, we can calculate the conditional probability of normal birth weight given smoking by dividing the joint probability by the probability of smoking: \( P(\text{Normal Weight} | \text{Smoking}) = \frac{0.09}{0.32} \approx 0.281 \) or 28.1%. For non-smoking mothers, the probability of normal birth weight is already given as 43%. Since 28.1% is less than 43%, the chance of normal infant birth weight is not larger when observing a smoking mother.

2. - Calculate the conditional probability of normal birth weight given smoking: \( \frac{0.09}{0.32} \approx 0.281 \).
   - Compare with the probability of normal birth weight for non-smoking mothers: 43%.
   - Conclude that 28.1% is less than 43%.

3. No"
566,yes,"step-by-step summary of the reasoning:
- Identify the need to account for unobserved confounders.
- Recognize that Method 1 considers these confounders case by case.
- Acknowledge that Method 2 might overlook these factors.
- Conclude that Method 1 is more accurate for understanding the effect.

3. The single word answer: 'Yes' or 'No'
Yes"
567,yes,"1. To determine if the chance of a dark room is larger when observing blowing out the candle, we need to compare two conditional probabilities: the probability of a dark room given that the candle is blown out, and the probability of a dark room given that the candle is not blown out. We know the probability of blowing out the candle is 43%, the probability of a dark room and blowing out the candle is 31%, and the probability of a dark room and not blowing out the candle is 22%. 

For the probability of a dark room given that the candle is blown out, we calculate:

\[ P(\text{Dark Room} | \text{Blown Out}) = \frac{P(\text{Dark Room and Blown Out})}{P(\text{Blown Out})} = \frac{31\%}{43\%} \approx 0.7209 \]

For the probability of a dark room given that the candle is not blown out, we first find the probability of not blowing out the candle, which is:

\[ P(\text{Not Blown Out}) = 1 - P(\text{Blown Out}) = 1 - 43\% = 57\% \]

Now, calculate:

\[ P(\text{Dark Room} | \text{Not Blown Out}) = \frac{P(\text{Dark Room and Not Blown Out})}{P(\text{Not Blown Out})} = \frac{22\%}{57\%} \approx 0.3859 \]

Comparing these two probabilities, 0.7209 is greater than 0.3859, indicating that the chance of a dark room is indeed larger when observing blowing out the candle.

2. Summary:
   - Calculate \( P(\text{Dark Room} | \text{Blown Out}) = \frac{31\%}{43\%} \approx 0.7209 \)
   - Calculate \( P(\text{Dark Room} | \text{Not Blown Out}) = \frac{22\%}{57\%} \approx 0.3859 \)
   - Compare: 0.7209 > 0.3859

3. Yes"
568,no,"Step-by-step:
   - Calculate P(Cholera | Clean) = 0.14 / 0.33 ≈ 0.4242
   - Compare this with P(Polluted and Cholera) = 0.53
   - Since 0.4242 < 0.53, the chance is not larger with clean water.

3. No"
569,yes,"1. To determine if parents' intelligence positively affects a child's intelligence while disregarding the mediation effect through parents' social status, we compare the probabilities directly associated with parents' intelligence. For children with unintelligent parents, the probability of being intelligent is 50%, regardless of parental social status. For children with intelligent parents, the probability of being intelligent is 86%, also regardless of parental social status. This indicates that the probability of a child being intelligent is consistently higher when the parents are intelligent, irrespective of the parents' social status. Therefore, parents' intelligence positively affects a child's intelligence when the mediation effect through social status is disregarded.

2. 
   - Compare probabilities of intelligent children with unintelligent vs. intelligent parents.
   - Children with unintelligent parents: 50% chance of being intelligent.
   - Children with intelligent parents: 86% chance of being intelligent.
   - Regardless of social status, children with intelligent parents have a higher probability of being intelligent.
   - Conclusion: Parents' intelligence positively affects child's intelligence without considering social status mediation.

3. Yes"
570,no,"1. To determine if your decision positively affects penguin survival through their mood, we need to analyze the probabilities. When choosing the stairs, 86% of penguins are happy, with a 57% death rate for happy penguins and an 11% death rate for sad penguins. For the elevator, 39% are happy, with a 66% death rate for happy penguins and a 25% death rate for sad penguins. The overall death rate when choosing the stairs is calculated by weighing these probabilities: (0.86 * 0.57) + (0.14 * 0.11) = 0.4902 + 0.0154 = 0.5056 or 50.56%. For the elevator, it is: (0.39 * 0.66) + (0.61 * 0.25) = 0.2574 + 0.1525 = 0.4099 or 40.99%. Therefore, choosing the elevator results in a lower overall penguin death rate, indicating that the decision to take the stairs does not positively affect survival through mood.

2. Steps:
   - Calculate death rate for stairs: (86% happy * 57% death) + (14% sad * 11% death) = 50.56%
   - Calculate death rate for elevator: (39% happy * 66% death) + (61% sad * 25% death) = 40.99%
   - Compare: 50.56% (stairs) vs. 40.99% (elevator)
   - Conclusion: Elevator choice results in lower death rate.

3. No"
571,yes,"step-by-step summary of the reasoning:

- Compare lifespan probabilities for normal weight vs. obese people without diabetes.
- Compare lifespan probabilities for normal weight vs. obese people with diabetes.
- In both cases, normal weight individuals have higher lifespan probabilities.
- Conclusion: Obesity does not positively affect lifespan.

3. The single word answer: 'Yes' or 'No'

No"
572,yes,"step-by-step summary of the reasoning:
- Correlation of -0.09 indicates a very weak negative relationship.
- A value close to zero suggests little to no linear relationship.
- Thus, attractive appearance does not significantly affect talent.

3. The single word answer: 'Yes' or 'No'
Yes"
573,yes,"step-by-step summary of the reasoning:
- Calculate overall death probability for stairs using mood probabilities: 67.53%.
- Calculate overall death probability for elevator using mood probabilities: 63.67%.
- Compare: Elevator has lower death probability than stairs.
- Conclusion: Elevator positively affects penguin survival.

3. The single word answer: 'Yes' or 'No'
Yes"
574,no,"1. To determine if clean water increases the chance of cholera contraction, we need to analyze the given probabilities. For people served by a local water company, the probability of contraction is 46%, and the probability of clean water is 66%. For those served by a global water company, the probability of contraction is 47%, and the probability of clean water is 60%. Clean water is typically associated with a decreased risk of cholera. The data shows that the probability of cholera is higher with the global company, which provides a lower probability of clean water. Therefore, clean water does not increase but rather decreases the chance of cholera contraction.

2. - Evaluate cholera and clean water probabilities for both companies.
   - Note that higher clean water probability correlates with lower cholera probability.
   - Conclude that clean water decreases, not increases, cholera contraction risk.

3. No"
575,no,"1. To determine if high salary is more likely than low salary overall, we need to calculate the overall probability of high salary and compare it to the probability of low salary. Given that the probability of being male is 58%, we can infer that the probability of not being male is 42%. For males, the probability of high salary is 62%, and for non-males, it is 22%. We calculate the overall probability of high salary by considering both groups: 
   - Probability of high salary for males: 0.58 * 0.62 = 0.3596
   - Probability of high salary for non-males: 0.42 * 0.22 = 0.0924
   Adding these gives the total probability of having a high salary: 0.3596 + 0.0924 = 0.452. The probability of low salary is thus 1 - 0.452 = 0.548. Since 0.548 is greater than 0.452, a low salary is more likely than a high salary overall.

2. Summary:
   - Probability of being male = 58%
   - High salary for males = 62% -> 0.58 * 0.62 = 0.3596
   - Probability of being not male = 42%
   - High salary for non-males = 22% -> 0.42 * 0.22 = 0.0924
   - Total high salary probability = 0.3596 + 0.0924 = 0.452
   - Low salary probability = 1 - 0.452 = 0.548
   - Low salary is more likely than high salary.

3. No"
576,yes,"1. To determine whether it is less likely to see a ringing alarm if the husband had not set the alarm, we need to compare probabilities. For husbands that don't set the alarm, the probability of a ringing alarm is 72%. In contrast, for those who do set the alarm, the probability of a ringing alarm is 17%. Since 72% is greater than 17%, it is more likely to have a ringing alarm if the husband did not set the alarm. Therefore, if the husband did set the alarm, it is indeed less likely for the alarm to ring.

2. Summary:
   - Probability of ringing alarm without setting: 72%
   - Probability with setting: 17%
   - 72% > 17%, so less likely with setting

3. Yes"
577,yes,"1. To determine if the chance of admission acceptance is larger for males, we need to compare the probability of admission given male gender with the probability of admission given non-male gender. The probability of male gender and admission acceptance is 4%. The probability of non-male gender and admission acceptance is 53%. To find the probability of admission acceptance given male gender, we divide the probability of male gender and admission acceptance (4%) by the overall probability of male gender (7%). This calculation yields approximately 57.14%. For non-male gender, since the probability of non-male gender and admission acceptance is already given as 53%, we can directly use this value. Comparing the two, 57.14% (male) is greater than 53% (non-male), indicating that the chance of admission acceptance is indeed larger when observing male gender.

2. 
   - Calculate admission probability given male: \( \frac{4\%}{7\%} \approx 57.14\% \).
   - Compare with non-male admission probability: 53%.
   - 57.14% (male) > 53% (non-male).

3. Yes"
578,no,"step-by-step summary of the reasoning:

- Calculate overall acceptance for non-males: (0.37 * 0.21) + (0.63 * 0.63) = 47.46%.
- Calculate overall acceptance for males: (0.32 * 0.90) + (0.68 * 0.50) = 62.8%.
- Compare the rates: non-males 47.46% < males 62.8%.
- Conclusion: Non-males have a lower acceptance rate, indicating a negative effect of gender.

3. The single word answer:

No"
579,no,"1. To determine whether attractive appearance is more likely than unattractive appearance overall, we need to calculate the total probability of being attractive. We have two groups: people with mean personalities and people with kind personalities. Both groups have an attractive appearance probability of 40%. The overall probability of kindness is 58%, so the probability of meanness is 42% (100% - 58%). The overall probability of being attractive is calculated by combining these probabilities: (0.58 * 0.40) + (0.42 * 0.40) = 0.40 or 40%. Since 40% is less than 50%, attractive appearance is not more likely than unattractive appearance.

2. 
- Calculate probability of meanness: 100% - 58% = 42%
- Calculate combined probability of attractiveness: (0.58 * 0.40) + (0.42 * 0.40) = 0.40 or 40%
- Compare 40% to 50%: 40% is less than 50%, so attractive appearance is not more likely.

3. No"
580,no,"step-by-step summary of the reasoning:
- Compare probabilities of child intelligence with intelligent vs. unintelligent parents.
- Intelligent parents: 63% (low status), 34% (high status).
- Unintelligent parents: 93% (low status), 60% (high status).
- Higher probabilities of intelligent child with unintelligent parents.
- Conclusion: Parents' intelligence does not positively affect child's intelligence.

3. The single word answer:
No"
581,yes,"step-by-step summary of the reasoning:

- Education's effect on salary can be influenced by unobserved confounders.
- Method 1 accounts for these confounders, isolating the effect of education.
- Method 2 doesn't control for these confounders, risking biased results.
- Therefore, Method 1 provides a more accurate understanding.

3. The single word answer: 'Yes' or 'No' (only one of these, nothing else)

Yes"
582,no,"Step-by-step reasoning:
   - Check infant mortality rates based on birth weight for nonsmoking mothers.
   - Check infant mortality rates based on birth weight for smoking mothers.
   - Compare how smoking affects birth weight and mortality.
   - Conclude that smoking status does not negatively affect mortality through birth weight.

3. No"
583,yes,"step-by-step summary of the reasoning:

- Probability of alarm ringing without setting: 90%
- Probability of alarm ringing with setting: 25%
- Compare: 25% is less than 90%
- Conclusion: Setting the alarm decreases the chance of it ringing.

3. The single word answer:

Yes"
584,yes,"step-by-step summary of the reasoning:

- Compare survival probabilities: unvaccinated (41%) vs. vaccinated (42%).
- 42% is greater than 41%.
- An increase in probability, however small, indicates improved survival chances.

3. The single word answer: 'Yes' or 'No'

Yes"
585,yes,"step-by-step summary of the reasoning:

- Identify probabilities for children with unintelligent and intelligent parents across social statuses.
- Average probabilities for each category, disregarding social status.
- Compare averages: 62.5% (unintelligent) vs. 25.5% (intelligent).
- Result indicates a negative effect of parents' intelligence.

3. The single word answer:

Yes"
586,no,"Step-by-step:
   - Compare lifespan probabilities for normal weight vs. obese without considering diabetes.
   - Normal weight without diabetes: 43% lifespan probability.
   - Obese without diabetes: 48% lifespan probability.
   - Obese individuals have a higher probability, indicating no negative effect.

3. No"
587,yes,"step-by-step summary of the reasoning:

- Identify the probability of admission for males: 68%.
- Identify the probability of admission for non-males: 57%.
- Compare the two probabilities: 57% is less than 68%.
- Conclusion: Admission is less likely if the male individual were not male.

3. The single word answer: 'Yes' or 'No'

Yes"
588,no,"1. To determine if the chance of admission acceptance is smaller for males, we need to compare the probabilities of admission acceptance for both male and non-male genders. Given that the probability of a male gender is 55%, and the probability of male gender and admission acceptance is 20%, the probability of admission acceptance given male gender is \( \frac{20\%}{55\%} \approx 36.36\% \). For non-male gender, the probability of non-male gender is 45% (since 100% - 55% = 45%), and the probability of non-male gender and admission acceptance is 22%. Thus, the probability of admission acceptance given non-male gender is \( \frac{22\%}{45\%} \approx 48.89\% \). Therefore, the chance of admission acceptance is indeed smaller when observing male gender since 36.36% < 48.89%.

2. Summary:
   - Probability of male gender: 55%
   - Probability of male and admission: 20%
   - Probability of admission given male: \( \frac{20\%}{55\%} \approx 36.36\% \)
   - Probability of non-male gender: 45%
   - Probability of non-male and admission: 22%
   - Probability of admission given non-male: \( \frac{22\%}{45\%} \approx 48.89\% \)
   - Conclusion: 36.36% (male) < 48.89% (non-male)

3. No"
589,yes,"1. To determine the effect of the husband on the alarm clock, Method 1 involves examining the correlation case by case through the wife's perspective, while Method 2 examines the correlation in general. Method 1 provides a more personalized analysis, considering individual differences and specific contexts, which can offer deeper insights into the unique dynamics between the husband, wife, and alarm clock. However, Method 2 offers a broader, more generalized understanding that might overlook personal nuances but captures overall trends. If the goal is to gain detailed understanding and account for variability, Method 1 is more appropriate, focusing on individual cases rather than general trends.

2. Summary:
   - Method 1: Case-by-case analysis via the wife, offers personalized insights.
   - Method 2: General analysis, provides broader trends.
   - For detailed understanding with individual variability, Method 1 is preferable.

3. Yes"
590,yes,"step-by-step summary of the reasoning:
- Method 1 considers age, a key variable affecting costs and recovery.
- Age-specific analysis provides a detailed and accurate understanding.
- Method 2 generalizes, potentially missing crucial age-related differences.
- Method 1 is more suited to understanding costs' impact on recovery accurately.

3. The single word answer:
Yes"
591,no,"1. To determine if college admission is less likely than college rejection overall, we need to calculate the total probability of college admission and compare it to 50%. First, consider the probability of being a smoker (86%) and a nonsmoker (14%). For nonsmokers, the admission probability is 63%, so the contribution to overall admission probability is 0.14 * 0.63 = 0.0882. For smokers, with an admission probability of 54%, the contribution is 0.86 * 0.54 = 0.4644. Adding these gives a total admission probability of 0.0882 + 0.4644 = 0.5526, or 55.26%. Since 55.26% is greater than 50%, college admission is more likely than college rejection.

2. Summary:
   - Calculate nonsmokers' admission contribution: 14% * 63% = 0.0882
   - Calculate smokers' admission contribution: 86% * 54% = 0.4644
   - Total admission probability: 0.0882 + 0.4644 = 0.5526 (55.26%)
   - Compare 55.26% to 50%: Admission is more likely.

3. No"
592,yes,"1. The situation describes a scenario where the captain's order to execute results in the corporal shooting and the private not shooting. The death of the prisoner is caused by either the corporal shooting or the private shooting. If the captain orders the release instead of execution, the corporal would not shoot, and neither would the private, since both actions are dependent on the captain's order to execute. Without either shooting, the cause of death (either corporal or private) does not occur, meaning the prisoner would remain alive.

2. - The captain's order to execute leads to the corporal shooting.
   - The corporal shooting contributes to the prisoner's death.
   - If the captain orders release, neither the corporal nor the private shoots.
   - Without shooting, the cause of death is absent.
   - Therefore, the prisoner remains alive if released.

3. Yes"
593,yes,"step-by-step summary of the reasoning:
- With increased crop yield (66% chance of increased supply), there's a 35% chance of increased price.
- With reduced crop yield (24% chance of increased supply), there's a 52% chance of increased price.
- Increased supply correlates with a lower probability of increased price compared to reduced supply.
- Conclusion: Increased supply decreases the chance of increased price.

3. The single word answer: 'Yes' or 'No'
Yes"
594,yes,"1. To determine if the chance of an employee being fired is larger when observing the manager signing the termination letter, we need to compare conditional probabilities. The probability that the employee is fired given the manager signs the letter is given by the probability of both events happening divided by the probability of the manager signing the letter. This is calculated as \( \frac{P(\text{Manager signs and employee fired})}{P(\text{Manager signs})} = \frac{0.28}{0.43} \approx 0.651 \). Meanwhile, the probability that the employee is fired given the manager does not sign is \( \frac{P(\text{Manager does not sign and employee fired})}{P(\text{Manager does not sign})} = \frac{0.16}{0.57} \approx 0.281 \). Since 0.651 is greater than 0.281, the probability is indeed larger when observing the manager signing the letter.

2. Summary:
   - Calculate probability of firing given manager signs: \( \frac{0.28}{0.43} \approx 0.651 \).
   - Calculate probability of firing given manager does not sign: \( \frac{0.16}{0.57} \approx 0.281 \).
   - Compare: 0.651 is greater than 0.281.

3. Yes"
595,yes,"1. To determine if medication positively affects heart condition through blood pressure, we need to compare the probabilities of having a healthy heart across different groups. For people not taking medication, those with high blood pressure have a 46% probability of a healthy heart, whereas those with low blood pressure have a 71% probability. For people taking medication, those with high blood pressure have a 33% probability of a healthy heart, and those with low blood pressure have an 81% probability. While medication improves the heart health probability in the low blood pressure group (81% vs. 71%), it decreases it in the high blood pressure group (33% vs. 46%). Given that medication reduces the probability of high blood pressure from 75% to 31%, it seems to mostly help by reducing blood pressure rather than directly improving heart condition. Therefore, medication positively affects heart condition by reducing the incidence of high blood pressure.

2. Summary:
   - Compare healthy heart probabilities for those taking vs. not taking medication.
   - Medication improves heart health in low BP but not in high BP.
   - Medication reduces high BP probability from 75% to 31%.
   - Positive effect through reducing high blood pressure incidence.

3. Yes"
596,yes,"step-by-step summary of the reasoning:

- Compare infant mortality rates for smoking and nonsmoking mothers.
- For low birth weight: 32% (smoking) vs. 57% (nonsmoking).
- For normal birth weight: 55% (smoking) vs. 78% (nonsmoking).
- Smoking mothers have lower mortality probabilities in both cases.
- Disregarding mediation, smoking seems to positively affect mortality.

3. The single word answer:

Yes"
597,yes,"step-by-step summary of the reasoning:
- Calculate the probability of a high score for encouraged students, ignoring study habits: 41.06%.
- Calculate the probability of a high score for not encouraged students, ignoring study habits: 59.12%.
- Compare: Encouraged (41.06%) vs. Not Encouraged (59.12%).
- Conclusion: Encouragement does not increase the probability of a high score.

3. The single word answer: 'Yes' or 'No'
No"
598,yes,"1. To determine if penguin death is more likely than penguin lives overall, we need to calculate the total probability of penguin death across both scenarios: taking the stairs and taking the elevator. The probability of taking the elevator is 10%, which means the probability of taking the stairs is 90%. For those who take the stairs, the probability of penguin death is 64%, so the probability of penguin survival is 36%. For those who take the elevator, the probability of penguin death is 25%, so the probability of penguin survival is 75%. The overall probability of penguin death is calculated as follows: \( (0.9 \times 0.64) + (0.1 \times 0.25) = 0.576 + 0.025 = 0.601 \), or 60.1%. Since 60.1% is greater than 50%, penguin death is indeed more likely than penguin lives overall.

2. - Probability of taking stairs: 90%
   - Probability of penguin death on stairs: 64%
   - Probability of taking elevator: 10%
   - Probability of penguin death on elevator: 25%
   - Total probability of penguin death: \(0.576 + 0.025 = 0.601\)
   - Since 60.1% > 50%, penguin death is more likely overall.

3. Yes"
599,yes,"step-by-step summary of the reasoning:

- Evaluate death probabilities for stairs: 2% (sad), 54% (happy).
- Evaluate death probabilities for elevator: 20% (sad), 65% (happy).
- Assess happiness probabilities: stairs (65%), elevator (46%).
- Stairs have lower death rates for sad penguins and higher happiness.
- Conclusion: Choosing stairs supports penguin survival through mood.

3. The single word answer: 'Yes' or 'No'

No"
600,yes,"step-by-step summary of the reasoning:
- Nonsmokers have a 76% admission probability.
- Smokers have a 22% admission probability.
- If smokers were nonsmokers, their admission probability would increase to 76%.
- Therefore, it would be more likely, not less likely, for them to be admitted.

3. The single word answer: 'Yes' or 'No'
No"
601,yes,"step-by-step summary of the reasoning:

- Determine the probability of lung cancer for nonsmoking genes: 62%.
- Determine the probability of lung cancer for smoking genes: 70%.
- Compare the probabilities: 70% is greater than 62%.
- Conclude that smoking genes increase the chance of lung cancer.

3. The single word answer: 'Yes' or 'No'

Yes"
602,no,"1. To determine if wet ground is more likely than dry ground overall, we need to consider the probabilities of wet ground in both the rainy and dry seasons, along with the overall probability of the rainy season. First, the probability of being in the rainy season is 98%, and within this season, the probability of wet ground is 38%. This results in a 0.98 * 0.38 = 0.3724 or 37.24% chance of wet ground in the rainy season. For the dry season, which has a 2% probability (100% - 98%), the probability of wet ground is 41%, resulting in a 0.02 * 0.41 = 0.0082 or 0.82% chance of wet ground. Adding these probabilities gives us a total probability of wet ground as 37.24% + 0.82% = 38.06%. Therefore, the overall probability of wet ground is 38.06%, meaning dry ground has a probability of 100% - 38.06% = 61.94%. Since 38.06% is less than 61.94%, wet ground is not more likely than dry ground overall.

2. Summary:
   - Calculate rainy season wet ground probability: 0.98 * 0.38 = 37.24%
   - Calculate dry season wet ground probability: 0.02 * 0.41 = 0.82%
   - Total wet ground probability: 37.24% + 0.82% = 38.06%
   - Compare with dry ground probability: 100% - 38.06% = 61.94%
   - Wet ground is less likely than dry ground overall.

3. No"
603,no,"1. To determine if medication positively affects heart condition, we need to consider only the direct impact of medication, disregarding its effect through blood pressure. The probabilities of a healthy heart are 44% for those not on medication with low blood pressure, and 71% for those not on medication with high blood pressure. For those on medication, the probabilities are 9% with low blood pressure and 35% with high blood pressure. In both blood pressure categories, the probabilities of having a healthy heart are lower for individuals taking medication (9% vs. 44% and 35% vs. 71%). This suggests that, when ignoring the effect of medication on blood pressure, medication does not positively affect heart health compared to not taking medication.

2. Summary:
   - Compare healthy heart probability for low BP: 9% (medication) vs. 44% (no medication).
   - Compare healthy heart probability for high BP: 35% (medication) vs. 71% (no medication).
   - Lower probabilities with medication suggest a negative impact.

3. No"
604,no,"1. To determine if recovery is less likely than non-recovery, we need to calculate the overall probability of recovery. We have two groups: patients who receive treatment and those who do not. For the patients receiving treatment (52% of the total), the recovery probability is 64%. Therefore, the probability of recovery in this group is 0.52 * 0.64 = 0.3328 or 33.28%. For the patients not receiving treatment (48% of the total), the recovery probability is 46%. Hence, the probability of recovery in this group is 0.48 * 0.46 = 0.2208 or 22.08%. Adding these probabilities gives the overall probability of recovery: 33.28% + 22.08% = 55.36%. Since 55.36% is greater than 50%, recovery is more likely than non-recovery.

2. Summary of reasoning:
   - Calculate recovery probability for treated: 0.52 * 0.64 = 33.28%
   - Calculate recovery probability for untreated: 0.48 * 0.46 = 22.08%
   - Add these probabilities: 33.28% + 22.08% = 55.36%
   - Compare 55.36% with 50%: recovery is more likely

3. No"
605,no,"1. To determine if smoking decreases the chance of lung cancer, we need to compare the probabilities of lung cancer for smokers and nonsmokers. For nonsmokers, the probability is calculated using the probabilities of having high or no tar deposit and their respective lung cancer probabilities. The overall lung cancer probability for nonsmokers can be calculated as follows: 
- Probability of no tar deposit for nonsmokers = 82% (because 18% have high tar)
- Lung cancer probability given no tar deposit = 49%
- Lung cancer probability given high tar deposit = 82%
- Overall lung cancer probability for nonsmokers = (0.82 * 0.18) + (0.49 * 0.82) = 0.1476 + 0.4018 = 0.5494 or 54.94%

For smokers:
- Probability of high tar deposit = 70%
- Lung cancer probability given high tar deposit = 74%
- Lung cancer probability given no tar deposit = 40%
- Overall lung cancer probability for smokers = (0.74 * 0.70) + (0.40 * 0.30) = 0.518 + 0.12 = 0.638 or 63.8%

Since the probability of lung cancer for smokers (63.8%) is higher than for nonsmokers (54.94%), smoking does not decrease the chance of lung cancer.

2. Summary:
- Calculate lung cancer probability for nonsmokers with high and no tar.
- Calculate overall lung cancer probability for nonsmokers.
- Calculate lung cancer probability for smokers with high and no tar.
- Calculate overall lung cancer probability for smokers.
- Compare probabilities: smokers have a higher chance of lung cancer.

3. No"
606,no,"1. To determine if the chance of a dark room is larger when observing blowing out the candle, we need to compare conditional probabilities. We have the probability of blowing out the candle, P(B), as 10% or 0.1. The probability of a dark room given that the candle is not blown out, P(D|¬B), is derived from the probability of not blowing out the candle and a dark room, which is 75% or 0.75. The probability of blowing out the candle and a dark room, P(D|B), is 5% or 0.05. To find P(D|B), we know P(D and B) = 0.05 and P(B) = 0.1, so P(D|B) = P(D and B) / P(B) = 0.05 / 0.1 = 0.5 or 50%. Therefore, the probability of a dark room when the candle is blown out is 50%, while the probability of a dark room when the candle is not blown out is 75%. Thus, the chance of a dark room is not larger when observing blowing out the candle.

2. Summary:
   - Calculate P(D|B) = 0.05 / 0.1 = 0.5 (50%)
   - Given P(D|¬B) = 0.75 (75%)
   - Compare: 50% vs. 75%
   - Conclusion: 50% is not larger than 75%

3. No"
607,yes,"Step-by-step:
   - Identify the probability of being fired when the manager signs: 60%.
   - Identify the probability of being fired when the manager does not sign: 4%.
   - Compare the two probabilities: 60% > 4%.
   - Conclude that being fired is more likely when the manager signs.

3. Yes"
608,yes,"1. For a person to contract cholera, the presence of either high poverty or clean water is sufficient. In this scenario, the person is served by a local water company, which suggests the water may not be clean. The region is characterized by high poverty, which is a known factor for cholera contraction. Given these conditions, even if the water is polluted and not clean, the presence of high poverty alone is enough to lead to the contraction of cholera. Therefore, the person can get cholera because high poverty exists, regardless of the water quality.

2. - Cholera contraction can occur with high poverty or clean water.
   - The region has high poverty, a factor for cholera.
   - Polluted water does not negate the poverty factor.
   - High poverty alone can lead to cholera contraction.

3. Yes"
609,yes,"step-by-step summary of the reasoning:

- Compare mortality rates: Smoking mothers have higher mortality for both low and normal birth weights.
- Compare birth weight probabilities: Smoking mothers are less likely to have infants with normal birth weight.
- Conclusion: Smoking negatively impacts both birth weight and mortality, not positively.

3. The single word answer: 'Yes' or 'No'

No"
610,yes,"step-by-step summary of the reasoning:

- Probability of high salary without a degree: 45%
- Probability of high salary with a degree: 61%
- 61% is greater than 45%
- Thus, a degree increases the probability of a high salary

3. The single word answer:

Yes"
611,no,"1. To determine if the chance of cholera contraction is larger when observing clean water, we must compare the probabilities of contracting cholera with clean water and with polluted water. Given:  
   - Probability of clean water is 25% (0.25).
   - Probability of polluted water and cholera contraction is 34% (0.34).
   - Probability of clean water and cholera contraction is 23% (0.23).

   The probability of cholera contraction with clean water is directly given as 23%. To find the probability of cholera contraction with polluted water, we need to determine the probability of polluted water. The probability of polluted water is 1 - probability of clean water = 1 - 0.25 = 0.75.

   The probability of cholera contraction with polluted water can be found by dividing the probability of polluted water and cholera contraction by the probability of polluted water: \( \frac{0.34}{0.75} \approx 0.4533 \) or 45.33%.

   Comparing 23% (clean water) with approximately 45.33% (polluted water), the probability of cholera contraction is larger with polluted water than with clean water.

2. Summary:
   - Probability of clean water = 25%.
   - Probability of cholera contraction with clean water = 23%.
   - Probability of polluted water = 75%.
   - Probability of cholera contraction with polluted water = 34% / 75% = 45.33%.
   - 23% < 45.33%, so cholera contraction is more likely with polluted water than with clean water.

3. No"
612,yes,"step-by-step summary of the reasoning:
- Probability of acceptance if not male: 37%
- Probability of acceptance if male: 18%
- Compare probabilities: 18% < 37%
- Conclusion: Male gender decreases chance of acceptance

3. The single word answer: 'Yes' or 'No' (only one of these, nothing else)
Yes"
613,yes,"step-by-step summary of the reasoning:

- Method 1 offers a general correlation across a broad population.
- Method 2 considers individual differences, providing nuanced insights.
- Method 1 is straightforward for general trends.
- Method 2 is more accurate for understanding variations due to studying habits.
- Therefore, Method 1 is not more correct than Method 2.

3. The single word answer: 'Yes' or 'No'

No"
614,yes,"step-by-step summary of the reasoning:

- Increased supply with reduced yield correlates with a 74% chance of increased price.
- Increased supply with increased yield correlates with a 61% chance of increased price.
- Increased supply generally correlates with higher price probability in this data.
- Therefore, increased supply does not decrease the chance of increased price here.

3. The single word answer: 'Yes' or 'No'

No"
615,no,"1. To determine how respiratory issues affect broken bones, it is crucial to consider the context and variables that might influence this correlation. Method 1 provides a broad overview by looking at the general correlation but lacks specificity and may miss nuances such as differences in hospitalization status. Method 2, on the other hand, allows for a more detailed analysis by examining each case in the context of hospitalization, which could reveal important variations and causal factors that are not apparent in a general analysis. Therefore, Method 2 is more likely to provide a comprehensive understanding of the relationship between respiratory issues and broken bones.

2. Summary:
   - Method 1 offers a general correlation overview.
   - Method 2 analyzes cases in detail by hospitalization status.
   - Method 2 provides more comprehensive insights.
   
3. No"
616,no,"1. To determine if the chance of recovery is larger when treatment is received, we need to compare the conditional probabilities of recovery with and without treatment. The probability of receiving treatment and recovering is 15%, and the probability of receiving no treatment and recovering is 30%. The overall probability of receiving treatment is 52%. The probability of recovery given treatment can be calculated by dividing the probability of receiving treatment and recovering (15%) by the probability of receiving treatment (52%). This gives approximately 28.8% for recovery with treatment. Since 30% recover without treatment, recovery is slightly less likely with treatment.

2. - Calculate the conditional probability of recovery with treatment: 15% divided by 52%, which is approximately 28.8%.
   - Compare this with the 30% recovery rate without treatment.
   - Conclude that recovery is slightly less likely with treatment.

3. No"
617,no,"1. To determine if recovery is less likely than non-recovery overall, we need to find the total probability of recovery and compare it to the probability of non-recovery. We know that 51% of patients have a high hospital bill and the rest, 49%, have a low hospital bill. For patients with a high bill, the probability of recovery is 33%. For those with a low bill, the probability of recovery is 76%. We calculate the overall recovery probability as follows:  
   - High bill recovery probability: 0.51 * 0.33 = 0.1683  
   - Low bill recovery probability: 0.49 * 0.76 = 0.3724  
   - Total recovery probability: 0.1683 + 0.3724 = 0.5407 (54.07%)  
   Since the probability of recovery (54.07%) is greater than 50%, it is more likely than non-recovery (45.93%).

2. Summary:  
   - Calculate high bill recovery: 51% * 33% = 16.83%  
   - Calculate low bill recovery: 49% * 76% = 37.24%  
   - Total recovery: 16.83% + 37.24% = 54.07%  
   - Recovery (54.07%) is more likely than non-recovery (45.93%).

3. No"
618,no,"1. To determine whether recovery would be less likely if patients had received no treatment, we need to compare the probabilities of recovery for treated and untreated patients. For small kidney stones, the probability of recovery without treatment is 98%, compared to 85% with treatment. For large kidney stones, the probability of recovery without treatment is 23%, compared to 9% with treatment. In both cases, the probability of recovery is higher without treatment. Therefore, receiving treatment actually decreases the likelihood of recovery compared to not receiving treatment for both small and large kidney stones.

2. 
   - Compare recovery probabilities for small stones: 98% without treatment vs. 85% with treatment.
   - Compare recovery probabilities for large stones: 23% without treatment vs. 9% with treatment.
   - In both scenarios, recovery is more likely without treatment.

3. No"
619,no,"1. To determine if the chance of the alarm ringing is smaller when the alarm is set by the husband, we need to compare two probabilities: the probability of the alarm ringing given it is set by the husband and the probability of it ringing given it is not set by the husband. The probability of the alarm ringing when set by the husband is given as 34%, and the probability of the alarm not set and ringing is 6%. Since the overall probability of the alarm not set by the husband is 23% (100% - 77%), we can determine the probability of the alarm ringing when not set by the husband by dividing 6% by 23%, which is approximately 26.09%. Comparing these, 34% is greater than 26.09%, indicating that the chance of the alarm ringing is indeed smaller when observing the alarm set by the husband.

2. - Identify probabilities: Alarm set and ringing is 34%; not set and ringing is 6%.
   - Calculate probability of ringing when not set: 6% / 23% = 26.09%.
   - Compare: 34% (set) > 26.09% (not set).
   - Conclusion: Chance of ringing is smaller when the alarm is set by the husband.

3. No"
620,yes,"step-by-step summary of the reasoning:

- Method 1 looks at the general correlation, potentially missing nuances.
- Method 2 considers birth weight, a key confounding variable.
- Controlling for birth weight provides a more accurate analysis.
- Method 2 is more suitable for understanding the effect of smoking on infant mortality.

3. The single word answer: 'Yes' or 'No':

No"
621,no,"Step-by-step summary:
   - Calculate probability of low cholesterol for each group.
   - Weight these probabilities by the proportion of each group.
   - Add weighted probabilities to find overall probability of low cholesterol.
   - Compare overall probability to 50% to determine likelihood.

3. No"
622,no,"1. To determine if the chance of a high salary is smaller when observing a college degree or higher, we need to compare the conditional probabilities of having a high salary given each education level. The probability of having a college degree or higher is 42%, and the probability of having both a college degree and a high salary is 22%. Therefore, the probability of having a high salary given a college degree or higher is 22% / 42% = 52.38%. For those with a high school degree or lower, the probability of having a high salary is given as 18%. Thus, the chance of having a high salary is greater when observing a college degree or higher (52.38%) compared to a high school degree or lower (18%).

2. Summary:
   - Calculate the conditional probability of high salary for college degree: 22% / 42% = 52.38%.
   - Compare to the probability for high school or lower: 18%.
   - Conclusion: 52.38% (college) > 18% (high school).

3. No"
623,yes,"Step-by-step summary:
   - Probability of smoking gene = 88%
   - Probability of lung cancer with smoking gene = 40%
   - Probability of nonsmoking gene = 12%
   - Probability of lung cancer with nonsmoking gene = 56%
   - Overall probability of lung cancer = (0.88 * 0.40) + (0.12 * 0.56) = 40.96%
   - Probability of not having lung cancer = 59.04%
   - Conclusion: Lung cancer is less likely than absence of lung cancer.

3. Yes"
624,yes,"step-by-step summary of the reasoning:
- Probability of high salary for males: 33%
- Probability of high salary for non-males: 25%
- Compare probabilities: 33% (males) > 25% (non-males)
- Conclusion: High salary is less likely if the individual had not been male.

3. The single word answer: 'Yes' or 'No'
Yes"
625,yes,"1. To determine if the chance of broken bones increases for hospitalized individuals with respiratory issues, we compare the probabilities provided. For people with no respiratory issues and who are hospitalized, the probability of broken bones is 72%. For people with respiratory issues and who are hospitalized, the probability of broken bones is 76%. Since 76% is higher than 72%, this indicates that the chance of broken bones does indeed increase for hospitalized individuals with respiratory issues compared to those without respiratory issues.

2. Summary:
   - Probability of broken bones for hospitalized individuals with no respiratory issues: 72%.
   - Probability of broken bones for hospitalized individuals with respiratory issues: 76%.
   - 76% is greater than 72%, so the chance increases.

3. Yes"
626,yes,"step-by-step summary of the reasoning:

- Method 1 analyzes gender and salary correlations within specific occupations.
- It accounts for job roles and industry-specific factors.
- Method 2 averages across all occupations, potentially obscuring details.
- Method 1 offers a detailed and accurate understanding of gender pay disparities.

3. The single word answer:

Yes"
627,no,"1. To determine if the chance of recovery is smaller when observing treatment, we need to compare the probabilities of recovery with and without treatment. Given that the probability of receiving treatment is 60%, and the probability of receiving no treatment and recovering is 27%, we must first calculate the probability of receiving no treatment, which is 40% (since 100% - 60% = 40%). The probability of recovery without treatment is then 27% divided by 40%, which equals 67.5%. The probability of recovery with treatment is given as 18%. Since 18% is less than 67.5%, the chance of recovery is indeed smaller when observing treatment.

2. Summary:
   - Probability of no treatment: 40%
   - Probability of recovery without treatment: 27% / 40% = 67.5%
   - Probability of recovery with treatment: 18%
   - Compare: 18% < 67.5%, so recovery chance is smaller with treatment.

3. No"
628,no,"1. To determine if the chance of recovery is smaller when observing a high hospital bill, we need to compare the probability of recovery in the context of high and low hospital bills. We're given:  
   - Probability of high hospital bill, P(H), is 51% or 0.51.
   - Probability of low hospital bill and recovery, P(L and R), is 16% or 0.16.
   - Probability of high hospital bill and recovery, P(H and R), is 36% or 0.36.

   We need to find the conditional probability of recovery given a high hospital bill, P(R | H), and a low hospital bill, P(R | L).

   - P(R | H) = P(H and R) / P(H) = 0.36 / 0.51 ≈ 0.71 (71%).
   - The probability of a low hospital bill, P(L), is 1 - P(H) = 0.49 (49%).

   Now, we find P(R | L):
   - P(R | L) = P(L and R) / P(L) = 0.16 / 0.49 ≈ 0.33 (33%).

   Since P(R | H) ≈ 71% and P(R | L) ≈ 33%, the chance of recovery is actually higher when observing a high hospital bill. Therefore, the chance of recovery is not smaller when observing a high hospital bill.

2. Summary:
   - Calculate P(R | H) = 0.36 / 0.51 ≈ 71%.
   - Calculate P(L) = 1 - 0.51 = 0.49.
   - Calculate P(R | L) = 0.16 / 0.49 ≈ 33%.
   - Compare: P(R | H) ≈ 71% vs. P(R | L) ≈ 33%.
   - Conclusion: Recovery chance is higher with high bill, not smaller.

3. No"
629,yes,"1. When examining the data, the key factor is whether gender directly affects salary while ignoring the mediation effect of occupation. For individuals who are not male, the probability of high salary is higher both in blue-collar (70%) and white-collar (48%) positions compared to males in similar roles (44% for blue-collar and 17% for white-collar). Since the probability of high skill level is 95% for everyone, skill level shouldn't be a limiting factor. Therefore, gender seems to have a direct negative impact on salary, as non-males have a higher probability of earning a high salary across occupations.

2. - Compare salary probabilities by gender for similar occupations.
   - Notice non-males have higher probabilities for high salaries in both job types.
   - High skill level is uniform, so differences are not due to skill.
   - Conclude gender has a negative effect on salary when occupation is ignored.

3. Yes"
630,no,"1. To determine if the chance of a high salary is larger when observing a college degree or higher, we need to compare the conditional probabilities. The probability of having a high salary given a college degree or higher is 10%. However, the problem does not provide the probability of a high salary given a high school degree or lower directly. It gives the joint probability of having a high school degree or lower and a high salary as 43%. Without knowing the probability of just having a high school degree or lower (without any salary condition), we can't calculate the conditional probability needed for comparison. Therefore, we can't definitively say if the chance is larger with the given information.

2. Summary:
   - Identify the probabilities given.
   - Calculate conditional probabilities needed for comparison.
   - Lack of complete information prevents definitive comparison.

3. No"
631,yes,"Step-by-step:
   - Identify probability of recovery without treatment: 21%.
   - Identify probability of recovery with treatment: 38%.
   - Compare the two probabilities: 38% > 21%.
   - Conclusion: Recovery is more likely with treatment.

3. Yes"
632,no,"1. To determine whether the chance of smallpox survival is smaller when observing vaccination, we need to compare the probability of survival for vaccinated versus unvaccinated individuals. We have the probability of vaccination and smallpox survival as 1% and the probability of lack of vaccination and smallpox survival as 28%. Given that the overall probability of vaccination is 2%, the chance of survival for vaccinated individuals is 1% / 2% = 50%. For unvaccinated individuals, the overall probability is 100% - 2% = 98%, and the chance of survival is 28% / 98% ≈ 28.57%. Comparing these percentages, 50% is greater than 28.57%, suggesting that the chance of smallpox survival is actually larger, not smaller, when observing vaccination.

2. 
   - Calculate survival probability for vaccinated: 1% / 2% = 50%
   - Calculate survival probability for unvaccinated: 28% / 98% ≈ 28.57%
   - Compare: 50% (vaccinated) > 28.57% (unvaccinated)

3. No"
633,yes,"step-by-step summary of the reasoning:

- Blood pressure significantly impacts heart condition.
- Method 1 considers individual variations in blood pressure.
- This leads to a more precise understanding of medication effects.
- Method 2's general approach may overlook individual differences.

3. The single word answer: 'Yes' or 'No'

Yes"
634,no,"1. To determine if the ringing alarm is less likely than a silent alarm overall, we need to calculate the overall probability of a ringing alarm. We are given that 77% of husbands set the alarm, with a 90% chance it rings. For the 23% who don't set the alarm, there is a 27% chance it rings. The overall probability of a ringing alarm is calculated as follows: (0.77 * 0.90) + (0.23 * 0.27) = 0.693 + 0.0621 = 0.7551, or 75.51%. Since 75.51% represents the probability of a ringing alarm, and 100% - 75.51% = 24.49% is the probability of a silent alarm, the ringing alarm is indeed more likely than the silent alarm.

2. Summary:
   - Calculate probability of ringing with alarm set: 77% * 90% = 69.3%
   - Calculate probability of ringing without alarm set: 23% * 27% = 6.21%
   - Total ringing probability: 69.3% + 6.21% = 75.51%
   - Compare with silent probability: 100% - 75.51% = 24.49%
   - Ringing alarm probability (75.51%) is greater than silent alarm probability (24.49%).

3. No"
635,no,"1. To determine if gender negatively affects admission status, we need to compare acceptance rates based solely on gender while disregarding department competitiveness. For individuals who are not male, the average probability of acceptance is calculated from both competitive and non-competitive departments. We have: 
   - Non-male, non-competitive: 64%
   - Non-male, competitive: 39%
   The overall acceptance probability for non-males is a weighted average based on the likelihood of applying to competitive or non-competitive departments. The calculation requires further data on the distribution of non-males in each department type, which isn’t provided. Similarly, for males:
   - Male, non-competitive: 65%
   - Male, competitive: 39%
   The overall acceptance probability for males is also a weighted average. Without specific distributions, a direct comparison is not feasible. However, since the acceptance rates are nearly identical between genders for each department type, and given the lack of mediation effect through competitiveness, gender alone does not appear to negatively affect admission status directly.

2. 
   - Compare acceptance rates for non-males and males in both competitive and non-competitive departments.
   - Calculate overall acceptance probabilities based on these rates.
   - Given similar acceptance rates within department types, deduce that gender does not negatively impact acceptance.

3. No"
636,yes,"1. To determine if a healthy heart is less likely overall, we need to calculate the overall probability of a healthy heart and compare it to the probability of heart problems. The probability of taking medication is 6%, and the probability of not taking medication is 94%. Regardless of medication status, the probability of having a healthy heart is 37%. Thus, the overall probability of a healthy heart is 37%. Since the probability of a healthy heart is 37%, the probability of having heart problems (not healthy heart) is 63% (100% - 37%). Therefore, a healthy heart is less likely than heart problems overall.

2. Summary:
   - Probability of taking medication = 6%
   - Probability of not taking medication = 94%
   - Probability of a healthy heart = 37% for both groups
   - Overall probability of a healthy heart = 37%
   - Probability of heart problems = 63% (100% - 37%)
   - Conclusion: Healthy heart is less likely than heart problems.

3. Yes"
637,no,"1. To determine if gender negatively affects admission status when disregarding department competitiveness, we examine the probabilities of acceptance based solely on gender. For individuals who are not male, the probabilities are 47% for non-competitive and 65% for competitive departments. For males, the probabilities are 51% for non-competitive and 70% for competitive departments. In both cases, males have a higher acceptance probability than non-males, suggesting gender does not negatively affect males in terms of admission. Instead, the data indicates that males have a slightly higher probability of acceptance.

2. - Compare acceptance probabilities for non-males and males in both department types.
   - Non-males: 47% (non-competitive), 65% (competitive).
   - Males: 51% (non-competitive), 70% (competitive).
   - Males have higher acceptance probabilities in both cases.

3. No"
638,no,"1. To determine if the chance of admission acceptance is smaller when observing male gender, we need to compare the probabilities of admission for males and non-males. We know the probability of male gender and admission acceptance is 34%. This implies that 34% of the total population is both male and accepted. For non-males, the probability of non-male gender and admission acceptance is 45%. This means that 45% of the total population is both non-male and accepted. Since 45% is greater than 34%, the probability of admission acceptance is indeed smaller for males compared to non-males.

2. Summary:
   - Probability of male and acceptance: 34%
   - Probability of non-male and acceptance: 45%
   - 45% (non-male and acceptance) > 34% (male and acceptance)
   - Conclusion: Chance of admission is smaller for males.

3. No"
639,yes,"1. To determine whether it is more likely to see a ringing alarm if the husband had not set the alarm, we compare the probabilities associated with each scenario. For husbands that don't set the alarm, the probability of a ringing alarm is 77%. For husbands that do set the alarm, the probability of a ringing alarm is 25%. Since 77% is greater than 25%, it is indeed more likely to see the alarm ringing when the husband has not set the alarm.

2. Summary:
   - Probability of ringing alarm without setting: 77%
   - Probability of ringing alarm with setting: 25%
   - Compare: 77% > 25%

3. Yes"
640,no,"Step-by-step summary:
   - Probability of death if released: 27%
   - Probability of death if executed: 63%
   - Compare the probabilities: 27% (release) is less than 63% (execution)
   - Conclusion: More likely to die if executed than if released

3. No"
641,yes,"1. The question asks whether smoking negatively affects lung cancer through tar deposit. The data shows that smokers have a 34% probability of lung cancer, while nonsmokers have a 14% probability. This indicates a significant increase in risk for smokers. Tar in cigarette smoke is known to contain carcinogens that can damage lung tissue and contribute to cancer development. Therefore, it is reasonable to conclude that smoking negatively affects lung cancer through mechanisms like tar deposit.

2. Summary:
   - Compare probabilities: Smokers (34%) vs. Nonsmokers (14%).
   - Tar contains carcinogens that harm lung tissue.
   - Conclusion: Smoking increases lung cancer risk through tar.

3. Yes"
642,no,"1. To understand how treatment affects recovery, Method 2 is more appropriate than Method 1. Method 1 looks at the overall correlation between treatment and recovery without considering confounding variables, such as the size of the kidney stones. This can lead to misleading conclusions because the effectiveness of treatment might vary depending on these factors. Method 2, on the other hand, analyzes the correlation case by case according to kidney stone size, which allows for a more precise understanding of how treatment effectiveness might differ based on this specific characteristic. By controlling for kidney stone size, Method 2 provides a clearer and more accurate analysis of the treatment’s impact on recovery.

2. Summary of reasoning:
   - Method 1 ignores confounding variables like kidney stone size.
   - Method 2 controls for kidney stone size, offering a more accurate analysis.
   - Method 2 is more precise in evaluating treatment effectiveness.

3. No"
643,no,"1. To determine if smoking negatively affects college admission while disregarding the mediation effect through effort, we need to compare the overall probability of college admission between smokers and nonsmokers. For nonsmokers, the probability of being hard-working is 71%, and lazy is 29% (100% - 71%). The probability of college admission for nonsmokers is calculated as follows:  
   \[
   \text{Probability for nonsmokers} = (0.71 \times 0.66) + (0.29 \times 0.37) = 0.4686 + 0.1073 = 0.5759
   \]

   For smokers, the probability of being hard-working is 33%, and lazy is 67% (100% - 33%). The probability of college admission for smokers is calculated as follows:
   \[
   \text{Probability for smokers} = (0.33 \times 0.73) + (0.67 \times 0.41) = 0.2409 + 0.2747 = 0.5156
   \]

   Comparing these probabilities, 57.59% for nonsmokers and 51.56% for smokers, we observe that nonsmokers have a higher overall probability of college admission. This indicates that smoking negatively affects college admission when effort is disregarded.

2. Summary:
   - Calculate nonsmokers' admission probability: \((0.71 \times 0.66) + (0.29 \times 0.37) = 57.59%\)
   - Calculate smokers' admission probability: \((0.33 \times 0.73) + (0.67 \times 0.41) = 51.56%\)
   - Compare probabilities: nonsmokers (57.59%) > smokers (51.56%)
   - Conclusion: Smoking negatively affects college admission when effort is disregarded.

3. No"
644,yes,"step-by-step summary of the reasoning:

- Probability of lung cancer for nonsmokers: 40%
- Probability of lung cancer for smokers: 52%
- Smokers have a higher probability of lung cancer than nonsmokers.
- Therefore, a smoker would have a lower chance of lung cancer if they had been a nonsmoker.

3. The single word answer: 'Yes' or 'No'

No"
645,yes,"step-by-step summary of the reasoning:
- The correlation of -0.07 is very close to zero.
- This indicates a very weak negative linear relationship.
- Statistically, kindness and attractiveness appear unrelated in a linear sense.
- It does not rule out non-linear relationships or other influences.

3. The single word answer: 'Yes' or 'No'
No"
646,no,"Step-by-step Summary:**
1. Calculate probability of on-time arrival for on-time wake-up: 0.437
2. Calculate probability of on-time arrival for late wake-up: 0.039
3. Total probability of on-time arrival: 0.476
4. Calculate probability of arriving late: 0.524
5. Compare probabilities and conclude arriving on time is less likely.

No"
647,yes,"step-by-step summary of the reasoning:
- Acceptance rate for non-males is 67%.
- Acceptance rate for males is 64%.
- Non-males have a higher acceptance probability.
- If a male were not male, the probability would increase from 64% to 67%.
- Thus, it would be more likely, not less likely.

3. The single word answer: 'Yes' or 'No'
No"
648,no,"Step-by-step reasoning:
   - Calculate the probability of college admission given smoking: 5% / 8% = 62.5%.
   - Calculate the probability of college admission given nonsmoking: 40% / 92% ≈ 43.5%.
   - Compare the two probabilities: 62.5% is greater than 43.5%.

3. No"
649,yes,"1. To determine if the chance of lung cancer is larger when observing smoking, we need to compare the probabilities of lung cancer given smoking and lung cancer given nonsmoking. We know the probability of smoking is 13%, the probability of nonsmoking and lung cancer is 25%, and the probability of smoking and lung cancer is 7%. The probability of lung cancer given smoking can be calculated as the probability of smoking and lung cancer (7%) divided by the probability of smoking (13%). This gives us approximately 53.85%. The probability of lung cancer given nonsmoking can be calculated as the probability of nonsmoking and lung cancer (25%) divided by the probability of nonsmoking (87%, which is 100% - 13% smoking). This gives approximately 28.74%. Since 53.85% is greater than 28.74%, the chance of lung cancer is indeed larger when observing smoking.

2. Summary of reasoning:
   - Calculate probability of lung cancer given smoking: 7% / 13% = 53.85%
   - Calculate probability of lung cancer given nonsmoking: 25% / 87% = 28.74%
   - Compare the two probabilities: 53.85% > 28.74%

3. Yes"
650,yes,"step-by-step summary of the reasoning:

- The correlation is -0.08, indicating a very weak negative relationship.
- A correlation near 0 means no significant linear relationship.
- Attractiveness and talent appear independent in this context.
- Therefore, attractive appearance does not significantly affect talent.

3. The single word answer: 'Yes' or 'No'

Yes"
651,no,"1. To determine whether lung cancer is less likely than the absence of lung cancer overall, we need to calculate the overall probability of lung cancer and compare it to the probability of not having lung cancer. The probability of smoking is 99%, meaning only 1% are nonsmokers. For nonsmokers, the probability of lung cancer is 27%, and for smokers, it is 57%. Therefore, the overall probability of lung cancer is the sum of lung cancer probabilities among smokers and nonsmokers, weighted by their respective proportions in the population. For smokers, it's 0.99 * 0.57 = 0.5643, and for nonsmokers, it's 0.01 * 0.27 = 0.0027. Adding these gives an overall lung cancer probability of 0.567. The probability of not having lung cancer is 1 - 0.567 = 0.433. Since 0.567 (lung cancer) is greater than 0.433 (absence of lung cancer), lung cancer is more likely.

2. Summary:
   - Calculate probability of lung cancer for smokers: 0.99 * 0.57 = 0.5643
   - Calculate probability of lung cancer for nonsmokers: 0.01 * 0.27 = 0.0027
   - Add probabilities: 0.5643 + 0.0027 = 0.567 (overall lung cancer probability)
   - Calculate absence of lung cancer: 1 - 0.567 = 0.433
   - Compare: 0.567 (lung cancer) > 0.433 (no lung cancer)

3. No"
652,no,"1. To determine whether it would be more likely for a male to see admission acceptance if the individual had not been male, we need to compare the probabilities of admission acceptance for males and non-males. The probability for males is 67%, while for non-males, it is 46%. Since 67% is greater than 46%, a male already has a higher probability of admission acceptance as a male compared to if they were not male. Thus, it would not be more likely for a male to see admission acceptance if they had not been male.

2. 
   - Compare the probabilities: 67% for males and 46% for non-males.
   - 67% is greater than 46%.
   - It is more likely for males to see admission acceptance as males.

3. No"
653,yes,"1. To understand how eating citrus affects scurvy, it is more correct to use Method 1. Method 1 examines the correlation between citrus consumption and scurvy on a case-by-case basis, focusing on the role of vitamin C, which is the crucial factor in preventing scurvy. Vitamin C is the active component in citrus fruits that directly combats scurvy. By analyzing each case according to vitamin C intake, Method 1 provides more detailed and relevant insights into the effectiveness of citrus in preventing scurvy. In contrast, Method 2 looks at the correlation in a broader sense without specifically considering the role of vitamin C, which may overlook essential nuances.

2. Summary of reasoning:
   - Method 1 focuses on vitamin C, the key component in preventing scurvy.
   - It examines the relationship case-by-case, providing detailed insights.
   - Method 2 is broader and may miss specific nuances related to vitamin C.

3. Yes"
654,no,"1. To determine if lung cancer is more likely than its absence overall, we need to calculate the overall probability of lung cancer. We use the law of total probability, considering both smokers and nonsmokers. The probability of being a smoker is 5%, and for smokers, the probability of lung cancer is 83%. For nonsmokers, who make up 95% of the population, the probability of lung cancer is 41%. We calculate the overall probability of lung cancer as follows: 

Overall probability of lung cancer = (Probability of being a smoker × Probability of lung cancer for smokers) + (Probability of being a nonsmoker × Probability of lung cancer for nonsmokers) 
= (0.05 × 0.83) + (0.95 × 0.41) 
= 0.0415 + 0.3895 
= 0.431 or 43.1%.

The probability of not having lung cancer is the complement of the probability of having lung cancer, which is 100% - 43.1% = 56.9%. Since 43.1% < 56.9%, lung cancer is less likely than its absence.

2. Summary:
- Calculate overall lung cancer probability using total probability.
- For smokers: 5% smoke, with 83% lung cancer probability.
- For nonsmokers: 95% don’t smoke, with 41% lung cancer probability.
- Overall lung cancer probability: 43.1%.
- Compare with absence of lung cancer: 56.9%.
- Conclusion: Lung cancer is less likely than its absence.

3. No"
655,no,"step-by-step summary of the reasoning:
- The correlation coefficient is -0.07, indicating a weak relationship.
- A value close to zero suggests little to no linear correlation.
- Talent and being hard-working are almost independent in this context.
- Therefore, talent does not significantly affect being hard-working.

3. The single word answer:
No"
656,no,"1. To determine whether an intelligent child is more likely than an unintelligent child overall, we need to calculate the overall probability of an intelligent child. Given that the probability of having intelligent parents is 14%, we can deduce that the probability of having unintelligent parents is 86%. For children with unintelligent parents, the probability of being intelligent is 52%, and for children with intelligent parents, it is 35%. We calculate the total probability of an intelligent child by considering both scenarios: (0.14 * 0.35) + (0.86 * 0.52) = 0.049 + 0.4472 = 0.4962, or 49.62%. Since 49.62% is less than 50%, an intelligent child is less likely than an unintelligent child overall.

2. Summary of reasoning:
   - Probability of intelligent parents: 14%
   - Probability of intelligent child with intelligent parents: 35%
   - Probability of intelligent child with unintelligent parents: 52%
   - Calculated overall probability of intelligent child: 49.62%
   - 49.62% < 50%, so intelligent child is less likely than unintelligent child.

3. No"
657,no,"step-by-step summary of the reasoning:
- Method 1 provides a general overview of the correlation.
- Method 1 may miss subgroup differences, such as gender.
- Method 2 offers detailed insights by considering gender-specific variations.
- Method 2 is more suitable for understanding nuanced impacts.

3. The single word answer: 
No"
658,yes,"1. To determine if smoking increases the chance of lung cancer, we need to compare the probabilities of lung cancer for smokers and nonsmokers. For nonsmokers, the overall probability of high tar deposit is 18%, and the corresponding probability of lung cancer is 82%. For smokers, the probability of high tar deposit is 70%, with a lung cancer probability of 74%. The overall probability of smoking is 42%, meaning that the remaining 58% are nonsmokers. We also note that even with no tar deposit, smokers have a 40% probability of lung cancer, compared to 49% for nonsmokers. Since smokers have a higher probability of high tar deposit and a significant probability of lung cancer even without tar deposit, smoking indeed increases the chance of lung cancer.

2. Summary:
   - Compare lung cancer probabilities for smokers vs. nonsmokers.
   - Smokers have a higher chance of high tar and higher lung cancer probability.
   - Even without tar, smokers have significant lung cancer risk.
   - Conclusion: Smoking increases lung cancer risk.

3. Yes"
659,no,"1. To determine if arriving to school on time is less likely than arriving late, we need to calculate the overall probabilities of each scenario. The probability of waking up on time is 95% (100% - 5%). The probability of arriving on time given waking on time is 52%, so the overall probability of arriving on time from waking on time is 0.95 * 0.52 = 0.494 or 49.4%. The probability of arriving on time given waking up late is 87%, so the overall probability of arriving on time from waking up late is 0.05 * 0.87 = 0.0435 or 4.35%. Adding these together gives a total probability of arriving on time as 49.4% + 4.35% = 53.75%. Therefore, the probability of arriving late is 100% - 53.75% = 46.25%. Since 53.75% is greater than 46.25%, arriving on time is more likely than arriving late.

2. Summary:
   - Calculate probability of waking on time: 95%
   - Calculate arriving on time if waking on time: 49.4%
   - Calculate arriving on time if waking late: 4.35%
   - Total probability of arriving on time: 53.75%
   - Compare with probability of arriving late: 46.25%
   - Arriving on time is more likely.

3. No"
660,yes,"step-by-step summary of the reasoning:

- Probability without lighting a match: 38%
- Probability with lighting a match: 80%
- Lighting a match increases the probability from 38% to 80%
- Therefore, lighting a match does not decrease the chance of fire

3. The single word answer: 'Yes' or 'No'

No"
661,yes,"1. To determine if cholera contraction is more likely than cholera prevention overall, we need to calculate the overall probability of cholera contraction. We know 33% of people have access to clean water, and the rest, 67%, have only polluted water. For people with polluted water, the probability of contracting cholera is 79%, and for those with clean water, it is 43%. The overall probability of cholera contraction can be calculated by weighing these probabilities based on the population distribution: (0.67 * 0.79) + (0.33 * 0.43) = 0.5293 or 52.93%. Since 52.93% is greater than 50%, cholera contraction is more likely than prevention.

2. 
   - Calculate the percentage of people with polluted water: 100% - 33% = 67%.
   - Calculate the probability of cholera contraction for polluted water: 67% * 79% = 52.93%.
   - Calculate the probability of cholera contraction for clean water: 33% * 43% = 14.19%.
   - Add the two probabilities: 52.93% + 14.19% = 67.12%.
   - Since 67.12% > 50%, cholera contraction is more likely.

3. Yes"
662,yes,"step-by-step summary of the reasoning:

- Compare acceptance rates: male (55%) vs. non-male (43%).
- Male acceptance rate is higher.
- Therefore, male gender increases, not decreases, the chance of acceptance.

3. The single word answer: 'Yes' or 'No'

No"
663,yes,"step-by-step summary of the reasoning:

- Method 1 ignores other influencing factors like studying habits.
- Method 2 considers how studying habits interact with encouragement levels.
- Studying habits can alter the impact of encouragement on exam performance.
- Thus, Method 2 provides a more comprehensive analysis.

3. The single word answer: 'Yes' or 'No'

No"
664,no,"1. To determine if the chance of a high exam score is larger when observing encouragement, we need to compare probabilities. We know the probability of encouragement is 91% and the probability of encouragement and high exam score is 41%. The probability of high exam score given encouragement is the probability of encouragement and high exam score divided by the probability of encouragement. This is 41% / 91% ≈ 45.05%. Now, consider the probability of discouragement and high exam score, which is 5%. Since the probability of discouragement is 9% (100% - 91%), the probability of high exam score given discouragement is 5% / 9% ≈ 55.56%. Comparing these, the chance of a high exam score is actually larger when observing discouragement rather than encouragement.

2. - Calculate probability of high score given encouragement: 41% / 91% ≈ 45.05%
   - Calculate probability of high score given discouragement: 5% / 9% ≈ 55.56%
   - Compare: 45.05% (encouragement) vs 55.56% (discouragement)
   - Conclusion: Higher probability with discouragement

3. No"
665,no,"1. To determine if the chance of recovery is smaller when observing a high hospital bill, we need to compare the probability of recovery given a high bill with the overall recovery probability. The probability of high hospital bill and recovery is 23%. The probability of a high hospital bill is 38%. Thus, the probability of recovery given a high bill is 23% / 38% = 0.6053 or 60.53%. Without additional information, we cannot directly calculate the overall recovery probability. However, since the probability of recovery given a high bill (60.53%) must be compared to this unknown overall probability, we cannot definitively conclude if it is smaller.

2. Summary:
   - Probability of high bill and recovery: 23%
   - Probability of high bill: 38%
   - Probability of recovery given high bill: 60.53%
   - Overall recovery probability is unknown, so no definitive comparison can be made.

3. No"
666,yes,"step-by-step summary of the reasoning:

- Method 1 provides a broad overview of education's impact on salary.
- It shows general trends but misses specific skill-based nuances.
- Method 2 considers individual skill contexts, offering more detailed insights.
- A comprehensive understanding requires examining both general and specific cases.
- Thus, Method 1 alone is less correct for understanding the relationship fully.

3. The single word answer: 'Yes' or 'No'

No"
667,yes,"step-by-step summary of the reasoning:

- Method 1 provides a general overview without context.
- Method 2 considers hospitalization status, adding relevant context.
- Hospitalization status can affect both respiratory issues and broken bones.
- Method 2 offers a more specific and accurate analysis.

3. The single word answer: 'Yes' or 'No'

No"
668,yes,"step-by-step summary of the reasoning:

- Probability of intelligent child with unintelligent parents: 58%
- Probability of intelligent child with intelligent parents: 33%
- 58% is greater than 33%
- Therefore, intelligent parents decrease the chance of having an intelligent child.

3. The single word answer: 'Yes' or 'No'

Yes"
669,no,"To determine if recovery is less likely than non-recovery overall, we need to calculate the overall probability of recovery and compare it to the probability of non-recovery.

1. We know that 54% of patients receive treatment and 46% do not. For those receiving treatment, the probability of recovery is 36%, and for those not receiving treatment, it is 62%. We calculate the overall probability of recovery by considering both groups:
   - Probability of recovery for those receiving treatment: 0.54 * 0.36 = 0.1944
   - Probability of recovery for those not receiving treatment: 0.46 * 0.62 = 0.2852
   - Total probability of recovery = 0.1944 + 0.2852 = 0.4796 (or 47.96%)

   The probability of non-recovery is 1 - 0.4796 = 0.5204 (or 52.04%).

   Since 52.04% (non-recovery) is greater than 47.96% (recovery), recovery is indeed less likely than non-recovery.

2. Summary:
   - Calculate recovery probability for treated: 0.54 * 0.36 = 0.1944
   - Calculate recovery probability for untreated: 0.46 * 0.62 = 0.2852
   - Total recovery probability: 0.1944 + 0.2852 = 0.4796
   - Non-recovery probability: 1 - 0.4796 = 0.5204
   - Non-recovery (52.04%) > Recovery (47.96%)

3. No"
670,no,"1. To determine if maternal smoking status positively affects infant mortality while disregarding the mediation effect through infant's birth weight, we need to compare the probabilities of high infant mortality for infants with smoking and nonsmoking mothers, without considering birth weight. For nonsmoking mothers, the probabilities are 55% for low birth weight and 80% for normal birth weight. For smoking mothers, the probabilities are 25% for low birth weight and 50% for normal birth weight. Both probabilities for smoking mothers are lower than those for nonsmoking mothers. Therefore, maternal smoking status appears to negatively affect infant mortality, as it is associated with lower probabilities of high infant mortality compared to nonsmoking mothers when birth weight is not considered.

2. Summary:
   - Compare infant mortality probabilities for smoking vs. nonsmoking mothers.
   - Nonsmoking: 55% (low birth weight), 80% (normal birth weight).
   - Smoking: 25% (low birth weight), 50% (normal birth weight).
   - Smoking is associated with lower mortality rates.
   - Conclusion: Smoking negatively affects infant mortality.

3. No"
671,yes,"step-by-step summary of the reasoning:

- Method 1 controls for birth weight, a significant factor in infant mortality.
- It isolates the impact of maternal smoking more effectively.
- Method 2 does not account for specific variables, possibly missing interactions.
- Method 1 provides a clearer understanding of causality.

3. The single word answer:

Yes"
672,yes,"step-by-step summary of the reasoning:

- High skill level leads to a white-collar job.
- High skill level leads to a high salary.
- Male gender does not change the high salary outcome since high skill level already ensures it.

3. The single word answer: 'Yes' or 'No'

No"
673,yes,"Step-by-step summary:
   - Probability of broken bones given no respiratory issues: 85%
   - Probability of broken bones given respiratory issues: 85%
   - Complement probability of no broken bones: 15%
   - 85% (broken bones) is greater than 15% (no broken bones).

3. Yes"
674,yes,"1. To determine if the chance of an employee being fired is larger when observing the manager signing the termination letter, we need to compare two probabilities: (a) the probability of the employee being fired given the manager signed the termination letter, and (b) the probability of the employee being fired without any condition. 

First, we calculate the probability of an employee being fired when the manager signs the termination letter. This is the probability of both the manager signing and the employee being fired divided by the probability of the manager signing. Given that the probability of manager signing and employee being fired is 12% and the probability of manager signing is 19%, the conditional probability is 12% / 19%.

Next, we determine the overall probability of an employee being fired. This can be calculated by adding the probability of the manager not signing and the employee being fired (21%) with the probability of the manager signing and the employee being fired (12%). 

Thus, the overall probability of an employee being fired is 21% + 12% = 33%.

Finally, we compare the two probabilities: 12% / 19% for (a) and 33% for (b). Converting 12% / 19% to a percentage gives approximately 63.16%, which is greater than 33%. Therefore, the chance of the employee being fired is larger when observing the manager signing the termination letter.

2. Summary of reasoning:
   - Calculate the conditional probability of being fired given manager signs: 12% / 19%.
   - Calculate overall probability of being fired: 21% + 12% = 33%.
   - Compare: 63.16% (conditional) > 33% (overall).

3. Yes"
675,yes,"step-by-step summary of the reasoning:

- Probability of high salary for non-males: 36%
- Probability of high salary for males: 31%
- 31% is less than 36%, which means being male is linked to a lower chance of high salary.

3. The single word answer: 'Yes' or 'No'

Yes"
676,no,"1. To determine if the chance of tanned skin is smaller when observing tanning salon treatment, we need to compare the probabilities of tanned skin with and without the treatment. We know the probability of tanning salon treatment is 88%, and the probability of having tanned skin with the treatment is 26%. The probability of tanned skin without the treatment is 8%. Thus, the probability of tanned skin given no treatment is 8%, and the probability with treatment is 26%. Since 26% (with treatment) is greater than 8% (without treatment), the chance of tanned skin is not smaller when observing tanning salon treatment.

2. Summary:
   - Probability of treatment = 88%
   - Probability of tanned skin with treatment = 26%
   - Probability of tanned skin without treatment = 8%
   - Compare 26% (with treatment) vs. 8% (without treatment)
   - 26% > 8%, so the chance is not smaller

3. No"
677,no,"1. To determine if it's more likely to see recovery with a low hospital bill, we need to compare the probabilities of recovery for high and low bills. For high hospital bills, the recovery probabilities are 19% for young patients and 93% for old patients. The average probability of recovery for a high bill, considering the age distribution, is higher than the 5% recovery rate for young patients with a low bill. Therefore, recovery is more likely with a high bill than with a low bill for young patients. Among old patients, low bills correspond to an 80% recovery rate, which is lower than the 93% for high bills. Hence, for both age groups, recovery is more probable with a high hospital bill.

2. - Compare recovery rates for high vs. low bills.
   - High bills: Young (19%), Old (93%).
   - Low bills: Young (5%), Old (80%).
   - High bills have higher recovery rates for both age groups.

3. No"
678,no,"step-by-step summary of the reasoning:

- Low tax: 22% smoking rate, 20% normal birth weight.
- High tax: 70% smoking rate, 41% normal birth weight.
- Higher smoking rate correlates with a higher chance of normal birth weight in this dataset.
- Therefore, smoking mothers do not appear to decrease the chance of normal infant birth weight.

3. The single word answer:

No"
679,no,"1. To determine if smallpox survival is less likely than death overall, we calculate the overall probability of survival. We need to consider both vaccinated and unvaccinated groups. Given that 77% are vaccinated, the remaining 23% are unvaccinated. For vaccinated individuals, the probability of survival is 62%, and for unvaccinated individuals, it is 51%. 

The overall probability of survival is calculated as follows:

- Probability of vaccinated surviving: \(0.77 \times 0.62 = 0.4774\)
- Probability of unvaccinated surviving: \(0.23 \times 0.51 = 0.1173\)

Adding these probabilities gives the overall probability of survival:

\(0.4774 + 0.1173 = 0.5947\) or 59.47%.

Since the probability of survival (59.47%) is greater than 50%, survival is more likely than death.

2. Summary:
   - Calculate survival probability for vaccinated: 0.77 * 0.62 = 0.4774
   - Calculate survival probability for unvaccinated: 0.23 * 0.51 = 0.1173
   - Add both probabilities for total survival: 0.4774 + 0.1173 = 0.5947 (59.47%)
   - Compare to 50%: survival (59.47%) is greater than death (less than 50%).

3. No"
680,no,"step-by-step summary of the reasoning:
- Releasing prisoners leads to 40% death, but causes are unclear.
- Executing prisoners results in 83% death, directly due to the captain.
- No specific information on the corporal and private’s roles in these outcomes.
- Insufficient evidence to conclude a negative effect through intermediaries.

3. The single word answer:
No"
681,no,"1. To determine if medication positively affects heart condition disregarding the mediation effect through blood pressure, we need to compare the overall probability of having a healthy heart for people taking medication versus those not taking medication. For people not taking medication, the probability of having a healthy heart is a weighted average based on blood pressure: (0.46 * 40%) + (0.54 * 69%) = 55.54%. For people taking medication, the probability is: (0.72 * 7%) + (0.28 * 44%) = 16.44%. Comparing these probabilities shows that people not taking medication have a higher probability of a healthy heart. Therefore, without considering the mediation effect through blood pressure, medication does not positively affect heart condition.

2. - Calculate the probability of a healthy heart for non-medicated people as a weighted average based on blood pressure: 55.54%.
   - Calculate the probability of a healthy heart for medicated people as a weighted average based on blood pressure: 16.44%.
   - Compare the two probabilities: non-medicated people have a higher probability of a healthy heart.

3. No"
682,no,"1. To determine whether scurvy is less likely than no scurvy overall, we need to calculate the overall probability of scurvy and compare it to the probability of not having scurvy. Let's consider two groups: those consuming citrus and those not consuming citrus. 

- The probability of consuming citrus is 94%, and among them, the probability of scurvy is 51%. Therefore, the probability of scurvy among citrus consumers is 0.94 * 0.51 = 0.4794 or 47.94%.
- The probability of not consuming citrus is 6% (100% - 94%), and among them, the probability of scurvy is 68%. Therefore, the probability of scurvy among non-citrus consumers is 0.06 * 0.68 = 0.0408 or 4.08%.

Adding these probabilities gives us the total probability of scurvy: 47.94% + 4.08% = 52.02%.

Thus, the probability of having scurvy is 52.02%. Since 52.02% is greater than 50%, scurvy is more likely than not having scurvy.

2. Summary:
   - Calculate scurvy probability for citrus consumers: 47.94%
   - Calculate scurvy probability for non-citrus consumers: 4.08%
   - Add probabilities: 52.02%
   - Compare to 50% (more likely): Scurvy is more likely than no scurvy.

3. No"
683,yes,"step-by-step summary of the reasoning:

- Method 1 considers gender, providing a detailed analysis.
- Method 2 offers a general correlation, lacking nuance.
- Method 1 helps identify variations in treatment efficacy among different groups.
- Method 1 is more appropriate for a comprehensive understanding of treatment effects.

3. The single word answer: 'Yes' or 'No'

Yes"
684,yes,"step-by-step summary of the reasoning:

- Intelligent parents contribute to high social status and child's intelligence.
- Confounder and high social status are also needed for child's intelligence.
- Unintelligent parents remove a key factor for the child's intelligence.
- Thus, the likelihood of an intelligent child decreases.

3. The single word answer: 'Yes' or 'No'

Yes"
685,yes,"step-by-step summary of the reasoning:

- Method 1 analyzes salary differences within specific occupations.
- It accounts for variations in industry, job roles, and responsibilities.
- Method 2 examines overall correlation, potentially leading to aggregation bias.
- Method 1 provides a more accurate and context-specific understanding.

3. The single word answer: 'Yes' or 'No' 

Yes"
686,yes,"step-by-step summary of the reasoning:
- Tanned skin is caused by going to the beach or tanning salon treatment.
- The person does not go to the beach.
- Without tanning salon treatment, neither cause of tanned skin is present.
- Therefore, the person likely does not have tanned skin.

3. The single word answer: 'Yes' or 'No'
No"
687,yes,"1. To determine if the chance of tanned skin is larger when observing tanning salon treatment, we need to compare two probabilities: the probability of tanned skin given tanning salon treatment and the probability of tanned skin given no tanning salon treatment. The probability of tanning salon treatment and tanned skin is 1%. Given that the overall probability of tanning salon treatment is 1%, the probability of tanned skin given tanning salon treatment is 100% (since 1% of 1% is 1%). The probability of no tanning salon treatment is 99% (100% - 1%). The probability of no tanning salon treatment and tanned skin is 16%. Therefore, the probability of tanned skin given no tanning salon treatment is approximately 16.16% (16% out of 99%). Since 100% (tanned skin given tanning salon treatment) is greater than 16.16% (tanned skin given no tanning salon treatment), the chance of tanned skin is indeed larger when observing tanning salon treatment.

2. 
- Calculate probability of tanned skin given tanning salon treatment: 100%.
- Calculate probability of tanned skin given no tanning salon treatment: 16.16%.
- Compare: 100% > 16.16%.

3. Yes"
688,yes,"step-by-step summary of the reasoning:

- Probability with nonsmoking genes: 64%
- Probability with smoking genes: 77%
- 77% is greater than 64%
- Therefore, smoking gene increases the chance of lung cancer

3. The single word answer: 'Yes' or 'No'

No"
689,yes,"1. To determine if the chance of normal infant birth weight is larger when observing a smoking mother, we need to compare the probabilities of normal birth weight for smoking and nonsmoking mothers. We know the probability of a smoking mother is 30%, and the probability of a smoking mother with a normal birth weight is 17%. This means the probability of a normal birth weight given a smoking mother is 17% / 30% = 56.67%. For nonsmoking mothers, the probability of a normal birth weight is 19%, and since the probability of nonsmoking is 70% (100% - 30%), the probability of a normal birth weight given a nonsmoking mother is 19% / 70% = 27.14%. Since 56.67% is greater than 27.14%, the chance of normal infant birth weight is indeed larger when observing a smoking mother.

2. Summary:
   - Probability of smoking mother: 30%
   - Probability of normal birth weight with smoking mother: 17%
   - Probability of normal birth weight given smoking mother: 56.67%
   - Probability of nonsmoking mother: 70%
   - Probability of normal birth weight with nonsmoking mother: 19%
   - Probability of normal birth weight given nonsmoking mother: 27.14%
   - 56.67% is greater than 27.14%.

3. Yes"
690,yes,"step-by-step summary of the reasoning:
- Probability with nonsmoking mothers: 54%
- Probability with smoking mothers: 58%
- Increase of 4 percentage points
- Indicates higher risk with smoking

3. The single word answer: 'Yes' or 'No' 
Yes"
691,yes,"step-by-step summary of the reasoning:

- Determine the probability of a long lifespan for normal weight people: 79%.
- Determine the probability of a long lifespan for obese people: 72%.
- Compare the probabilities: 72% is less than 79%.
- Conclude that obesity is associated with a decreased chance of a long lifespan.

3. The single word answer: 

Yes"
692,no,"1. To determine if the chance of a high salary is smaller for those with a college degree or higher, we need to compare the conditional probabilities. The probability of having a high salary given a college degree or higher is 36%. The probability of having a high salary given a high school degree or lower is not directly given, but we know the probability of high school degree or lower and high salary is 17%. Since these two probabilities are directly provided, and 36% is greater than 17%, the chance of a high salary is actually higher for those with a college degree or higher. Therefore, the statement that the chance of a high salary is smaller when observing college degree or higher is incorrect.

2. 
   - Identify the probabilities: 
     - College degree or higher and high salary: 36%
     - High school degree or lower and high salary: 17%
   - Compare the probabilities: 36% (college or higher) is greater than 17% (high school or lower)
   - Conclusion: The chance of a high salary is not smaller for college degree or higher.

3. No"
693,yes,"step-by-step summary of the reasoning:

- Probability of acceptance for non-males: 71%
- Probability of acceptance for males: 68%
- 71% > 68%, indicating a higher likelihood for non-males
- Therefore, a male would have a higher chance of acceptance if not male

3. The single word answer: 'Yes' or 'No'

Yes"
694,no,"1. To determine if lung cancer is less likely than the absence of lung cancer overall, we need to calculate the overall probability of lung cancer and compare it to the absence of lung cancer. First, calculate the probability of lung cancer for both smokers and nonsmokers:

- Probability of being a smoker with lung cancer: 0.86 (probability of smoking) * 0.53 (probability of lung cancer for smokers) = 0.4558
- Probability of being a nonsmoker with lung cancer: 0.14 (probability of not smoking) * 0.37 (probability of lung cancer for nonsmokers) = 0.0518

Add these probabilities to find the overall probability of lung cancer:

- Overall probability of lung cancer = 0.4558 + 0.0518 = 0.5076

Now, calculate the probability of not having lung cancer:

- Overall probability of not having lung cancer = 1 - 0.5076 = 0.4924

Since 0.4924 (absence of lung cancer) is less than 0.5076 (presence of lung cancer), lung cancer is not less likely than its absence.

2. Summary:
- Calculate lung cancer probability for smokers: 0.4558
- Calculate lung cancer probability for nonsmokers: 0.0518
- Overall lung cancer probability: 0.5076
- Overall absence of lung cancer probability: 0.4924
- Compare probabilities: 0.5076 > 0.4924

3. No"
695,no,"To determine if an increased price is less likely than a reduced price overall, we need to calculate the overall probability of each outcome. We have two scenarios: reduced supply and increased supply. 

1. **Explanation:**
   - Overall probability of increased supply is 53%, so the probability of reduced supply is 100% - 53% = 47%.
   - Probability of increased price given reduced supply is 85%.
   - Probability of increased price given increased supply is 42%.
   - Overall probability of increased price = (Probability of reduced supply * Probability of increased price given reduced supply) + (Probability of increased supply * Probability of increased price given increased supply).
   - Overall probability of increased price = (0.47 * 0.85) + (0.53 * 0.42) = 0.3995 + 0.2226 = 0.6221 or 62.21%.
   - Since the only other options are increased price or reduced price, the probability of reduced price is 100% - 62.21% = 37.79%.
   - Therefore, increased price (62.21%) is more likely than reduced price (37.79%).

2. **Summary:**
   - Calculate probability of reduced supply: 100% - 53% = 47%
   - Calculate probability of increased price: (0.47 * 0.85) + (0.53 * 0.42) = 62.21%
   - Calculate probability of reduced price: 100% - 62.21% = 37.79%
   - Compare probabilities: 62.21% (increased price) > 37.79% (reduced price)

3. **Answer:**
   No"
696,no,"step-by-step summary of the reasoning:

- Compare probabilities of normal birth weight in low (36%) and high tax (41%) areas.
- Observe higher smoking rates in high tax areas (51%) vs. low tax (27%).
- Note that higher normal birth weight in high tax areas does not imply smoking causes it.
- Recognize that smoking is generally detrimental to infant birth weight.
- Conclude that smoking does not increase the chance of normal birth weight.

3. The single word answer:

No"
697,no,"1. To understand the effect of maternal smoking on infant mortality, Method 2 is more appropriate. Method 1, which looks at overall correlation, might miss important nuances. Smoking can influence birth weight, which in turn affects mortality. By analyzing the correlation case by case according to birth weight (Method 2), we can account for this intermediary factor and better understand the direct and indirect effects of smoking. This method allows for a more detailed analysis, helping to isolate the impact of smoking from other related factors.

2. Summary:
   - Method 1 looks at overall correlation and might miss nuances.
   - Method 2 accounts for birth weight, a factor influenced by smoking.
   - Method 2 provides a more detailed and accurate analysis.

3. No"
698,yes,"step-by-step summary of the reasoning

- Rainy season: Rain occurs, sprinkler is off.
- Wet ground caused by rain or sprinkler being on.
- Dry season: No rain, but sprinkler can be on.
- If sprinkler is on, ground is wet even in dry season.

3. The single word answer: 'Yes' or 'No'

Yes"
699,no,"1. To determine if smoking decreases the chance of lung cancer, we analyze the given probabilities. For smokers, the probability of high tar deposit is 1%, and for nonsmokers, it is 66%. The lung cancer probability is 65% for those with no tar deposit and 34% for those with high tar deposit, regardless of smoking status. With 95% of the population being smokers, we focus on the lung cancer probabilities. Since both smoking and nonsmoking have the same lung cancer probabilities for corresponding tar deposits, smoking does not decrease the chance of lung cancer. The factor influencing cancer risk here is the tar deposit status, not smoking itself.

2. Summary:
   - Smokers have 1% chance of high tar deposit; nonsmokers have 66%.
   - Lung cancer probabilities: 65% with no tar, 34% with high tar (same for smokers/nonsmokers).
   - The chance of lung cancer is tied to tar deposit, not smoking.
   - Smoking itself does not decrease lung cancer risk.

3. No"
700,no,"1. To determine whether being hard-working is less likely than being lazy overall, we need to calculate the overall probability of a student being hard-working. Given that 82% of students are talented, and for both talented and non-talented students, the probability of being hard-working is 89%, we can find the overall probability of being hard-working. Since the hard-working probability is the same for both groups, the overall probability of being hard-working is simply 89%. Since 89% is greater than 50%, being hard-working is more likely than being lazy (which would be 11%).

2. 
   - Calculate the overall probability of being hard-working.
   - Both talented and non-talented students have an 89% chance of being hard-working.
   - Therefore, the overall probability of being hard-working is 89%.
   - Since 89% > 50%, being hard-working is more likely than being lazy.

3. No"
701,no,"1. To determine if the chance of penguin death is larger when observing taking the elevator, we need to compare the probability of penguin death given taking the elevator to the probability of penguin death given taking the stairs. The probability of taking the elevator and penguin death is 0%, meaning there are no cases where taking the elevator results in penguin death. Therefore, the probability of penguin death given taking the elevator is 0%. On the other hand, the probability of taking the stairs and penguin death is 44%. Since 44% is greater than 0%, the chance of penguin death is not larger when observing taking the elevator.

2. - Calculate the probability of penguin death given taking the elevator: 0%.
   - Calculate the probability of penguin death given taking the stairs: 44%.
   - Compare the two probabilities: 0% < 44%.
   - Conclude that the chance of penguin death is not larger when taking the elevator.

3. No"
702,yes,"1. To determine if lung cancer is more likely than the absence of lung cancer overall, we need to calculate the overall probability of lung cancer. We know that 12% of people are smokers, and for smokers, the probability of lung cancer is 90%. Therefore, the probability of a smoker having lung cancer is 0.12 * 0.90 = 0.108 or 10.8%. For nonsmokers, who make up 88% of the population (100% - 12%), the probability of lung cancer is 52%, so the probability of a nonsmoker having lung cancer is 0.88 * 0.52 = 0.4576 or 45.76%. Adding these probabilities gives the total probability of lung cancer: 10.8% + 45.76% = 56.56%. The probability of not having lung cancer is 100% - 56.56% = 43.44%. Since the probability of lung cancer (56.56%) is greater than the probability of not having lung cancer (43.44%), lung cancer is more likely overall.

2. Summary:
   - Calculate lung cancer probability for smokers: 12% * 90% = 10.8%.
   - Calculate lung cancer probability for nonsmokers: 88% * 52% = 45.76%.
   - Total lung cancer probability: 10.8% + 45.76% = 56.56%.
   - Probability of no lung cancer: 100% - 56.56% = 43.44%.
   - Lung cancer probability (56.56%) > No lung cancer probability (43.44%).

3. Yes"
703,yes,"step-by-step summary of the reasoning:

- Confounder influences living close to a college and achieving a college degree.
- College degree or higher is linked to a higher salary.
- Person is likely to achieve a college degree due to proximity and confounder.
- College degree instead of high school degree likely results in a high salary.

3. The single word answer: 'Yes' or 'No':

Yes"
704,yes,"step-by-step summary of the reasoning:

- Probability of long lifespan for normal weight people: 53%
- Probability of long lifespan for obese people: 74%
- 74% is greater than 53%
- Therefore, obesity does not decrease the chance of a long lifespan.

3. The single word answer: 'Yes' or 'No':

No"
705,yes,"step-by-step summary of the reasoning:

- Compare high salary probabilities: 81% with degree, 61% without.
- Identify a 20% increase for those with a degree.
- Consider other factors besides skill, like networking or field.
- Lack of direct evidence linking education to skill and salary.

3. The single word answer: 'Yes' or 'No'

No"
706,yes,"1. To determine if the husband positively affects the alarm clock through the wife's action, we need to analyze how the husband's action of setting or not setting the alarm influences the probability of the alarm being set by the wife. The probability of the wife setting the alarm when the husband doesn't is 22%, and when he does, it rises to 59%. This increase from 22% to 59% suggests that the husband's action of setting the alarm has a positive influence on the probability that the wife will also set the alarm. Thus, there is evidence that the husband's behavior positively affects the likelihood of the wife setting the alarm.

2. - Identify that the husband's action affects the wife's behavior.
   - Compare probabilities: Wife sets alarm 22% (if husband doesn't) vs. 59% (if husband does).
   - Conclude that the increase from 22% to 59% indicates a positive effect.

3. Yes"
707,yes,"step-by-step summary of the reasoning

- Scurvy is caused by a lack of vitamin C.
- Citrus fruits are rich in vitamin C.
- Probability of scurvy without citrus: 58%.
- Probability of scurvy with citrus: 32%.
- Consuming citrus lowers the probability from 58% to 32%.
- Thus, citrus intake decreases the chance of scurvy.

3. The single word answer: 'Yes' or 'No'

Yes"
708,no,"step-by-step summary of the reasoning:

- Compare admission probabilities: nonsmokers 36%, smokers 15%.
- 36% is greater than 15%.
- Smoking decreases the chance of admission.

3. The single word answer:

No"
709,yes,"step-by-step summary of the reasoning

- Compare lung cancer probabilities for smokers vs. nonsmokers.
- Smokers: 42% (no tar) and 69% (high tar).
- Nonsmokers: 34% (no tar) and 59% (high tar).
- Nonsmokers consistently have lower probabilities.
- Thus, being a nonsmoker reduces the likelihood of lung cancer for a smoker.

3. The single word answer: 'Yes' or 'No'

Yes"
710,no,"Step-by-step summary:
   - Compare lung cancer probabilities: 64% for nonsmokers, 80% for smokers.
   - Smoking increases the likelihood of lung cancer.
   - Therefore, smokers have a higher probability compared to if they were nonsmokers.

3. No"
711,no,"1. To determine whether smallpox survival is less likely than smallpox death overall, we need to calculate the overall probability of survival. We have two groups: vaccinated and unvaccinated individuals. The probability of survival for vaccinated individuals is 52%, and they make up 78% of the population. For unvaccinated individuals, who make up 22% of the population (100% - 78%), the probability of survival is 57%. We calculate the weighted average probability of survival: (0.78 * 0.52) + (0.22 * 0.57) = 0.4056 + 0.1254 = 0.531. This means the overall probability of survival is 53.1%, which is greater than 50%. Therefore, survival is more likely than death.

2. 
- Calculate the probability of survival for each group.
- Determine the population proportion for each group (vaccinated: 78%, unvaccinated: 22%).
- Compute the weighted average probability of survival.
- Compare the overall survival probability (53.1%) to 50%.
- Conclude that survival (53.1%) is more likely than death.

3. No"
712,yes,"step-by-step summary of the reasoning:

- Students not encouraged have higher probabilities of high scores regardless of study habits.
- Encouraged students have lower high score probabilities whether they study hard or not.
- Encouragement correlates with less studying and lower exam scores.
- Therefore, encouragement negatively affects exam scores through studying habits.

3. The single word answer:

Yes"
713,yes,"step-by-step summary of the reasoning:

- Nonsmokers have a 53% admission probability.
- Smokers have a 27% admission probability.
- Compare the two probabilities.
- Smokers have a lower probability than nonsmokers.
- Conclude that smoking decreases college admission chances.

3. The single word answer:

Yes"
714,yes,"step-by-step summary of the reasoning:
- Compare probabilities: 50% (rainy) vs. 41% (dry).
- Determine which is higher: 50% > 41%.
- Conclude that wet ground is more likely in the rainy season than if dry.

3. The single word answer: 'Yes' or 'No':
No"
715,yes,"1. To determine if the chance of high salary is smaller when observing male gender, we need to compare the probability of high salary given male gender versus non-male gender. We know the probability of male gender is 2%, and the probability of male gender and high salary is 1%. This means the probability of high salary given male gender is 1% out of 2%, which simplifies to 50%. For non-male gender and high salary, we have 58%. Since 50% is smaller than 58%, the chance of high salary is indeed smaller when observing male gender.

2. Summary:
   - Probability of male gender: 2%
   - Probability of male gender and high salary: 1%
   - High salary given male: 1%/2% = 50%
   - Probability of non-male and high salary: 58%
   - 50% (male) < 58% (non-male)

3. Yes"
716,yes,"step-by-step summary of the reasoning:

- Analyze probabilities of child intelligence based on parental intelligence and social status.
- Compare the impact of social status within each parental intelligence group.
- Minimal differences suggest social status does not significantly mediate the effect.
- Probabilities of high social status are higher for intelligent parents but do not show strong mediation.

3. The single word answer: 'Yes' or 'No'

No"
717,no,"step-by-step summary of the reasoning:

- Compare high infant mortality rates between smoking and nonsmoking mothers for both low and normal birth weights.
- Mortality rates are lower for smoking mothers in both categories.
- Without considering birth weight, smoking mothers have lower infant mortality rates.
- Conclude that maternal smoking does not negatively affect infant mortality in this context.

3. The single word answer:

No"
718,no,"1. The question asks whether smoking positively affects lung cancer through tar deposit. The given probabilities indicate that nonsmokers have a 72% chance of lung cancer, while smokers have a 93% chance. These probabilities suggest that smoking is associated with an increased risk of lung cancer. The term ""positively affect"" in this context refers to contributing to or increasing the likelihood of lung cancer. Since smokers have a higher probability of lung cancer compared to nonsmokers, it implies that smoking, potentially through tar deposit, increases the risk of lung cancer. Therefore, smoking does not have a beneficial effect; rather, it contributes negatively by increasing the risk.

2. - Nonsmokers have a 72% probability of lung cancer.
   - Smokers have a 93% probability of lung cancer.
   - The increased probability for smokers suggests smoking increases lung cancer risk.
   - ""Positively affect"" here means contributing to the increase in risk.
   - Therefore, smoking negatively contributes to lung cancer risk.

3. No"
719,yes,"Step-by-step summary:
   - Probability of penguin death on stairs: 57%
   - Probability of penguin death on elevator: 59%
   - Compare: 57% < 59%
   - Conclusion: Less likely to see penguin death if stairs are taken

3. Yes"
720,no,"1. To determine if talent is less likely than lack of talent overall, we need to consider the probability of being talented and not talented across the entire population. Given that 94% are deemed attractive, both attractive and unattractive people have an 83% chance of being talented. Therefore, the probability of being talented is 83% for the entire population, regardless of attractiveness. This means that the probability of lacking talent is 17% (100% - 83%). Since 83% is greater than 17%, talent is more likely than lack of talent overall.

2. Summary:
   - Probability of talent for both groups is 83%.
   - Probability of lack of talent is 17% overall.
   - 83% (talent) is greater than 17% (lack of talent).

3. No"
721,yes,"step-by-step summary of the reasoning:

- Method 1 examines the general correlation without specific factors.
- Method 2 considers individual differences like blood pressure.
- Understanding individual variations can lead to more accurate insights.
- Method 2 is more comprehensive and informative.

3. The single word answer: 'Yes' or 'No'

No"
722,no,"step-by-step summary of the reasoning:

- Analyze the probability of the wife setting the alarm based on the husband's actions.
- Probability of wife setting alarm when husband doesn't: 60%.
- Probability of wife setting alarm when husband does: 13%.
- The husband's action of setting the alarm decreases the probability of the wife setting the alarm.
- Conclusion: The husband does not positively affect the alarm clock through the wife.

3. The single word answer:

No"
723,yes,"step-by-step summary of the reasoning:

- Good health is present, which is positive for infant health.
- A smoking mother is removed and replaced by a nonsmoking mother.
- A nonsmoking mother reduces one cause of high infant mortality.
- With good health and a nonsmoking mother, conditions favor low infant mortality.

3. The single word answer: 'Yes'"
724,yes,"Step-by-step summary:
   - Kind people are 94% of the population.
   - Both kind and mean people have a 97% probability of being attractive.
   - Thus, attractive appearance is highly probable overall.

3. Yes"
725,no,"step-by-step summary of the reasoning:
- Method 1 evaluates general correlation without individual context.
- Method 2 considers individual case-by-case variation.
- Method 2 offers a more detailed understanding by including specific dynamics.
- Method 1 might miss nuanced factors influencing the correlation.

3. The single word answer:
No"
726,yes,"step-by-step summary of the reasoning:
- Method 1 is biased by focusing on fame and individual cases.
- Fame can skew perceptions due to external factors.
- Method 2 analyzes the correlation in a general, unbiased manner.
- Method 2 provides a clearer, more objective understanding.

3. The single word answer: 'Yes' or 'No'
No"
727,yes,"step-by-step summary of the reasoning:

- Probability of death if released: 28%
- Probability of death if executed: 62%
- Compare probabilities: 62% is greater than 28%
- Conclusion: Execution increases the chance of death

3. The single word answer: 'Yes' or 'No'

Yes"
728,yes,"step-by-step summary of the reasoning:

- Infants with nonsmoking mothers: 59% chance of high mortality
- Infants with smoking mothers: 26% chance of high mortality
- 26% is lower than 59%, indicating a lower chance with smoking mothers
- Conclusion: Smoking mothers decrease the chance of high infant mortality according to the data

3. The single word answer: 'Yes' or 'No' 

Yes"
729,yes,"1. To determine if a high exam score is less likely than a low exam score overall, we need to calculate the overall probability of a high exam score. We will use the law of total probability. Given the probability of encouragement is 57%, this means the probability of not being encouraged is 43%. For encouraged students, the probability of a high score is 66%, and for those not encouraged, it is 18%. The overall probability of a high score is calculated as follows: (0.57 * 0.66) + (0.43 * 0.18). This equals 0.3762 + 0.0774 = 0.4536, or 45.36%. Since 45.36% is less than 50%, high exam scores are less likely than low exam scores.

2. Summary:
   - Calculate probability of encouragement: 57% and not encouraged: 43%.
   - Probability of high score if encouraged: 66%, if not encouraged: 18%.
   - Use total probability: (0.57 * 0.66) + (0.43 * 0.18) = 45.36%.
   - Since 45.36% < 50%, high scores are less likely.

3. Yes"
730,no,"1. To determine if the chance of being hard-working increases with talent among students accepted to elite institutions, we compare the probability of being hard-working for talented versus non-talented students who are accepted. For non-talented students accepted to elite institutions, the probability of being hard-working is 18%. For talented students accepted to elite institutions, the probability of being hard-working is 14%. Since 18% is greater than 14%, the chance of being hard-working does not increase with talent in this context.

2. - Identify probabilities for hard-working students among those accepted to elite institutions.
   - Non-talented: 18%
   - Talented: 14%
   - Compare: 18% > 14%
   - Conclusion: Chance of being hard-working does not increase with talent.

3. No"
731,yes,"step-by-step summary of the reasoning:

- Method 1 examines gender-salary correlation within specific occupations.
- This provides a detailed view, accounting for job-specific dynamics.
- Method 2 looks at overall correlation, risking oversimplification.
- Method 1 is more suitable for understanding specific patterns.

3. The single word answer: 'Yes' or 'No'

Yes"
732,no,"step-by-step summary of the reasoning:
- Calculate conditional probability of intelligent child given intelligent parents: \( \frac{22\%}{41\%} \approx 53.66\% \).
- Lack overall probability of an intelligent child for comparison.
- Cannot determine if the probability is smaller without the overall probability.

3. The single word answer:
No"
733,yes,"step-by-step summary of the reasoning:
- Method 1 considers age, which influences recovery and costs.
- It allows for identification of patterns or differences by age.
- Method 2 offers a broader, less detailed correlation.
- Method 1 provides a more comprehensive understanding.

3. The single word answer:
Yes"
734,no,"Step-by-step summary:
   - All campers light a match (100% probability).
   - Probability of fire with a match is 53%.
   - 53% is greater than 50%, so fire is more likely than no fire.

3. No"
735,yes,"step-by-step summary of the reasoning:
- Probability of long lifespan: 81% for normal weight, 49% for obese.
- Question implies considering if an obese person was previously normal weight.
- A higher probability (81%) exists for normal weight compared to obese (49%).
- Remaining normal weight would increase likelihood of long lifespan.

3. The single word answer: 'Yes' or 'No'
No"
736,yes,"1. To determine if scurvy is more likely than no scurvy overall, we need to calculate the overall probability of scurvy. Given that the probability of consuming citrus is 3%, the probability of not consuming citrus is 97%. For those consuming citrus, the probability of scurvy is 74%, and for those not consuming citrus, it is 60%. We use the law of total probability: \( P(\text{Scurvy}) = P(\text{Citrus}) \times P(\text{Scurvy | Citrus}) + P(\text{No Citrus}) \times P(\text{Scurvy | No Citrus}) \). Plugging in the values: \( P(\text{Scurvy}) = 0.03 \times 0.74 + 0.97 \times 0.60 = 0.0222 + 0.582 = 0.6042 \), or 60.42%. Since this probability is greater than 50%, scurvy is more likely than no scurvy.

2. 
   - Calculate probability of citrus consumption: 3%.
   - Calculate probability of scurvy for citrus consumers: 74%.
   - Calculate probability of scurvy for non-citrus consumers: 60%.
   - Use the law of total probability to find overall scurvy probability: \( 0.03 \times 0.74 + 0.97 \times 0.60 = 60.42\% \).
   - Compare overall scurvy probability with 50%.

3. Yes"
737,no,"1. To determine if recovery is less likely than non-recovery overall, we need to calculate the overall probability of recovery. We know that 65% of patients receive treatment, and 35% do not. For those receiving treatment, the probability of recovery is 63%, and for those not receiving treatment, it is 37%. The overall probability of recovery can be calculated as follows: (0.65 * 0.63) + (0.35 * 0.37). This simplifies to 0.4095 + 0.1295 = 0.539 or 53.9%. Since the probability of recovery (53.9%) is greater than the probability of non-recovery (46.1%), recovery is more likely than non-recovery overall.

2. Summary of reasoning:
   - 65% receive treatment, 35% do not.
   - Probability of recovery with treatment: 63%.
   - Probability of recovery without treatment: 37%.
   - Overall recovery probability = (0.65 * 0.63) + (0.35 * 0.37) = 53.9%.
   - Since 53.9% > 46.1%, recovery is more likely than non-recovery.

3. No"
738,no,"Step-by-step:
   - Probability of smoking mother: 81%
   - Probability of nonsmoking mother: 19%
   - Calculate high infant mortality for smoking mothers: 81% * 65% = 52.65%
   - Calculate high infant mortality for nonsmoking mothers: 19% * 85% = 16.15%
   - Overall high infant mortality: 52.65% + 16.15% = 68.8%
   - Low infant mortality: 100% - 68.8% = 31.2%
   - High infant mortality is more likely than low infant mortality.

3. No"
739,no,"1. To determine if the chance of smallpox survival is smaller when observing vaccination, we need to compare the probabilities of survival with and without vaccination. The probability of vaccination is 71%, and among those vaccinated, the probability of survival is 35%. This implies that the probability of survival given vaccination is \( \frac{35\%}{71\%} \approx 49.3\% \). For those not vaccinated, the probability of survival is given as 16%. Since 49.3% is greater than 16%, the chance of smallpox survival is actually higher when observing vaccination.

2. Summary:
   - Probability of vaccination is 71%.
   - Probability of survival with vaccination is 35%, so survival given vaccination is about 49.3%.
   - Probability of survival without vaccination is 16%.
   - Compare: 49.3% (with vaccination) > 16% (without vaccination).

3. No"
740,yes,"step-by-step summary of the reasoning:

- Probability for non-males: 54%
- Probability for males: 55%
- Probability for males is higher.
- Conclusion: Male gender increases chance.

3. The single word answer: 'Yes' or 'No'

No"
741,yes,"1. To determine if gender negatively affects admission status through department competitiveness, we need to analyze the probabilities given. For individuals who are not male, the chances of being in a competitive department are 25%, with a 40% acceptance rate in those departments. For non-competitive departments, the acceptance rate is 71%. For males, 73% apply to competitive departments with a 32% acceptance rate, and 82% acceptance in non-competitive departments. The higher likelihood of males being in competitive departments, where the acceptance rate is lower, suggests that gender does influence admission through department choice. Males are more likely to face the lower acceptance rates of competitive departments, indicating a negative impact of gender through this path.

2. Summary:
   - Not male, 25% in competitive with 40% acceptance.
   - Male, 73% in competitive with 32% acceptance.
   - Males are more likely to face lower acceptance due to department competitiveness.
   - Gender influences admission negatively through department competitiveness.

3. Yes"
742,yes,"step-by-step summary of the reasoning:

- Identify the probability of scurvy without citrus: 58%.
- Identify the probability of scurvy with citrus: 40%.
- Compare probabilities: 40% is lower than 58%.
- Conclusion: Citrus intake decreases the chance of scurvy.

3. The single word answer: 'Yes' or 'No':

No"
743,yes,"step-by-step summary of the reasoning:

- The correlation coefficient is -0.05, indicating a very weak relationship.
- A near-zero correlation suggests no meaningful connection between talent and being hard-working.
- Correlation does not imply causation.
- Therefore, talent does not affect being hard-working in this context.

3. The single word answer: 'Yes' or 'No'

No"
744,yes,"1. To determine if lung cancer is more likely than its absence overall, we need to calculate the total probability of lung cancer across both smokers and nonsmokers. The probability of lung cancer for nonsmokers is 51%, and for smokers, it is 57%. The overall probability of smoking is 39%, meaning the probability of not smoking is 61%. We calculate the overall probability of lung cancer by considering both groups:

   - Probability of lung cancer for nonsmokers: \(0.51 \times 0.61 = 0.3111\)
   - Probability of lung cancer for smokers: \(0.57 \times 0.39 = 0.2223\)

   Adding these probabilities gives the total probability of lung cancer: \(0.3111 + 0.2223 = 0.5334\) or 53.34%.

   Since 53.34% is greater than 50%, lung cancer is indeed more likely than the absence of lung cancer overall.

2. Summary:
   - Calculate probability of lung cancer for nonsmokers: \(0.51 \times 0.61\)
   - Calculate probability of lung cancer for smokers: \(0.57 \times 0.39\)
   - Add both probabilities to get total lung cancer probability: \(0.5334\)
   - Compare to 50%: lung cancer probability is greater

3. Yes"
745,no,"step-by-step summary of the reasoning:
- Probability of death taking stairs: 45%
- Probability of death taking elevator: 34%
- 34% is less than 45%
- Therefore, taking the elevator decreases the chance of death.

3. The single word answer: 'Yes' or 'No' (only one of these, nothing else)
No"
746,no,"1. To determine whether penguin death is less likely than penguin lives, we need to calculate the overall probability of penguin death and compare it to the probability of penguin survival. First, let's calculate the probability of penguin death. The probability of taking the elevator is 10%, and the probability of penguin death given the elevator is 23%. Hence, the probability of death by elevator is 0.10 * 0.23 = 0.023 or 2.3%. The probability of taking the stairs is 90% (since 100% - 10% = 90%), and the probability of penguin death given the stairs is 73%. Hence, the probability of death by stairs is 0.90 * 0.73 = 0.657 or 65.7%. Therefore, the total probability of penguin death is 2.3% + 65.7% = 68%. Since the probability of penguin death (68%) is greater than the probability of penguin survival (32%), penguin death is more likely than penguin lives.

2. Summary:
   - Calculate death via elevator: 0.10 * 0.23 = 2.3%
   - Calculate death via stairs: 0.90 * 0.73 = 65.7%
   - Total death probability: 2.3% + 65.7% = 68%
   - Compare death probability (68%) to survival probability (32%)
   - Death probability is higher

3. No"
747,no,"step-by-step summary of the reasoning:  
- Probability without lighting a match: 79%  
- Probability with lighting a match: 44%  
- 44% is less than 79%, indicating a decrease in probability  
- Lighting a match decreases the chance of fire

3. The single word answer: 'No'"
748,yes,"step-by-step summary of the reasoning:

- Method 1 examines individual cases for detailed understanding.
- Method 2 provides a general overview without specifics.
- Detailed analysis is needed to understand specific effects.
- Therefore, Method 1 is more appropriate for understanding specific dynamics.

3. The single word answer: 'Yes' or 'No'

Yes"
749,no,"Step-by-step:
   - Calculate the conditional probability of cholera given clean water: 17% / 81% ≈ 21%.
   - Calculate the conditional probability of cholera given polluted water: 13% / 19% ≈ 68%.
   - Compare the two probabilities: 21% (clean) vs. 68% (polluted).
   - Conclude that the chance is larger with polluted water.

3. No"
750,yes,"step-by-step summary of the reasoning:

- Method 1 analyzes smoking and lung cancer correlations by gender.
- This approach identifies gender-specific trends and risk factors.
- Method 2 looks at the general population, potentially missing subgroup differences.
- Method 1 is more detailed and accurate for understanding the impact.

3. The single word answer: 'Yes' or 'No'

Yes"
751,no,"Step-by-Step Summary:**
   - Calculate male acceptance: \(0.6 \times 0.44 = 0.264\)
   - Calculate non-male acceptance: \(0.4 \times 0.24 = 0.096\)
   - Total acceptance probability: \(0.264 + 0.096 = 0.36\)
   - Calculate rejection probability: \(1 - 0.36 = 0.64\)
   - Compare: 36% (acceptance) < 64% (rejection)

3. **Answer:**
   No"
752,yes,"Step-by-step summary:
   - Calculate overall probability of male: 16%
   - Calculate overall probability of not male: 84%
   - Calculate acceptance probability for males: 16% * 39%
   - Calculate acceptance probability for non-males: 84% * 62%
   - Add both probabilities: 0.0624 + 0.5208 = 0.5832 (58.32%)
   - Compare to 50%: 58.32% > 50%

3. Yes"
753,yes,"1. To determine if the chance of admission acceptance is smaller when observing male gender, we need to compare the probabilities of admission acceptance for both male and non-male genders. The probability of male gender and admission acceptance is 1%, and the probability of non-male gender and admission acceptance is 51%. This indicates that the probability of admission acceptance for males is significantly lower than for non-males. Therefore, the chance of admission acceptance is indeed smaller when observing male gender.

2. Summary:
   - Probability of male and acceptance: 1%
   - Probability of non-male and acceptance: 51%
   - Compare both probabilities: 1% < 51%
   - Conclusion: Admission acceptance is smaller for males.

3. Yes"
754,yes,"step-by-step summary of the reasoning:

- Probability of high salary given college degree or higher = 43%
- Probability of high salary given high school degree or lower = 19%
- Compare the two probabilities: 43% > 19%
- Conclusion: Higher probability of high salary with college degree or higher

3. The single word answer: 'Yes' or 'No'

Yes"
755,no,"1. The original conditions state that a male gender causes a non-competitive department, and a combination of male gender and competitive department results in admission acceptance. If an applicant is of a non-male gender, the condition ""male gender causes non-competitive department"" does not apply, which implies that the applicant could be in either a competitive or non-competitive department. However, since the condition for admission acceptance explicitly requires both male gender and competitive department, and the applicant is of non-male gender, they lack the necessary criteria for guaranteed admission acceptance. Therefore, based on the given information, the applicant would not be guaranteed admission.

2. Summary:
   - Condition 1: Male gender leads to non-competitive department.
   - Condition 2: Male gender and competitive department lead to admission.
   - Non-male gender lacks the necessary condition for guaranteed admission (male and competitive).
   - Conclusion: Non-male applicant is not guaranteed admission.

3. No"
756,no,"1. To determine if the chance of low cholesterol is smaller when taking all assigned drugs, we need to compare the probabilities of having low cholesterol in both scenarios. We know the probability of taking all assigned drugs is 57%, and within this group, the probability of also having low cholesterol is 6%. In the scenario of not taking any assigned drugs, the probability of having low cholesterol is 5%. Therefore, the probability of low cholesterol is higher (6%) when taking all assigned drugs than when not taking them (5%). Thus, the chance of low cholesterol is not smaller when observing the taking of all assigned drugs.

2. - Probability of taking all drugs and low cholesterol: 6%
   - Probability of not taking drugs and low cholesterol: 5%
   - 6% > 5%, so low cholesterol is not smaller when taking all drugs.

3. No"
757,yes,"1. To determine how education level affects salary, the choice between Method 1 and Method 2 depends on the level of detail and specificity required. Method 1, which analyzes the correlation case by case according to skill, allows for a more nuanced understanding of how education affects salary within specific skill sets or industries. This can be crucial if the relationship varies significantly across different fields. On the other hand, Method 2 provides a general overview without considering the variability across different skills. If the goal is to understand the broad, overall impact of education on salary without delving into specific sectors, Method 2 might suffice. However, for a more precise analysis that accounts for variability, Method 1 is more appropriate.

2. Summary:
   - Method 1 offers detailed, skill-specific insights.
   - Method 2 provides a general overview.
   - For specific and precise analysis, Method 1 is better.

3. Yes"
758,no,"step-by-step summary of the reasoning:
- Assignment of drug treatment and active confounder are needed for taking drugs.
- Taking drugs with active confounder leads to low cholesterol.
- Patient has no assignment and inactive confounder.
- Without these, taking drugs and low cholesterol don't occur.

3. The single word answer:
No"
759,no,"step-by-step summary of the reasoning:
- Method 1 provides a general overview.
- Method 2 offers detailed insights by gender.
- Gender-based analysis can reveal important differences.
- Method 2 is likely more accurate and informative.

3. The single word answer:
No"
760,yes,"1. To determine how eating citrus affects scurvy, it is crucial to consider the role of vitamin C, which is the active component in citrus that prevents scurvy. Method 1 involves correlating citrus consumption with scurvy on a case-by-case basis according to vitamin C levels, thus directly addressing the biological mechanism behind the prevention of scurvy. Method 2, on the other hand, looks at the general correlation without considering the specific role of vitamin C. By focusing on the underlying cause of scurvy prevention, Method 1 provides a more precise and scientifically valid approach to understanding the relationship. Therefore, it is more correct to use Method 1.

2. - Method 1 focuses on vitamin C, the key factor in preventing scurvy.
   - It addresses the biological mechanism behind scurvy prevention.
   - Method 2 does not consider the specific role of vitamin C.
   - Method 1 gives a more precise and valid understanding.

3. Yes"
761,no,"1. To determine whether the prisoner's death is less likely than the prisoner being alive overall, we need to calculate the overall probability of the prisoner being alive and compare it to the probability of death. The probability of the captain ordering execution is 44%, with a 66% chance of death if executed. Thus, the probability of death given execution is \(0.44 \times 0.66 = 0.2904\) or 29.04%. The probability of a captain releasing the prisoner is 56% (since \(100\% - 44\% = 56\%\)), with a 53% chance of death if released. Thus, the probability of death given release is \(0.56 \times 0.53 = 0.2968\) or 29.68%. Therefore, the total probability of death is \(0.2904 + 0.2968 = 0.5872\) or 58.72%. Since 58.72% (probability of death) is greater than 41.28% (probability of being alive, calculated as \(100\% - 58.72\%\)), the prisoner's death is more likely than being alive.

2. - Calculate probability of death if executed: \(0.44 \times 0.66 = 0.2904\)
   - Calculate probability of death if released: \(0.56 \times 0.53 = 0.2968\)
   - Total probability of death: \(0.2904 + 0.2968 = 0.5872\)
   - Probability of being alive: \(100\% - 58.72\% = 41.28\%\)
   - Since 58.72% > 41.28%, death is more likely than being alive.

3. No"
762,yes,"step-by-step summary of the reasoning:

- Probability of wet ground in dry season: 43%
- Probability of wet ground in rainy season: 54%
- 54% is greater than 43%
- Therefore, wet ground is more likely in the rainy season.

3. The single word answer: 'Yes' or 'No'

No"
763,no,"step-by-step summary of the reasoning:

- The correlation coefficient is -0.27, indicating a weak negative correlation.
- A weak correlation means there is a slight association between attractiveness and talent.
- The correlation is not zero, indicating some effect, though weak.
- Therefore, attractiveness does have some effect on talent, though minimal.

3. The single word answer:

No"
764,yes,"step-by-step summary of the reasoning:
- Method 1 provides a general correlation between tanning salon treatment and skin.
- Method 2 adds complexity with additional variables like beach exposure.
- To understand the direct impact of tanning salons, Method 1 is more straightforward.
- Therefore, Method 1 is more correct for the primary goal.

3. The single word answer: 
Yes"
765,yes,"1. To determine if the chance of scurvy is smaller when observing citrus intake, we need to examine the probability of scurvy with and without citrus intake. The probability of citrus intake is 11%, and the probability of citrus intake and scurvy is 5%. This means that out of those who consume citrus, 5% have scurvy. We have the probability of absence of both citrus and scurvy as 67%, so we can deduce the probability of scurvy without citrus intake. The probability of not consuming citrus is 89% (100% - 11%). Therefore, the probability of scurvy without citrus is calculated as follows: Total probability of scurvy without citrus = 1 - Probability of absence of citrus and scurvy - Probability of citrus and scurvy = 1 - 67% - 5% = 28%. The chance of scurvy given no citrus intake is thus higher (28%) compared to when there is citrus intake (5%).

2. Summary:
   - Probability of citrus intake = 11%
   - Probability of citrus and scurvy = 5%
   - Probability of scurvy with citrus = 5% / 11% = approx. 45%
   - Probability of no citrus and no scurvy = 67%
   - Probability of scurvy without citrus = 28%
   - Chance of scurvy is smaller with citrus intake (5% vs. 28%)

3. Yes"
766,yes,"1. To determine if the chance of recovering from the disease is smaller when observing getting the vaccine, we need to calculate the probabilities of recovery in both cases: with and without the vaccine. The probability of getting the vaccine is 59%, and the probability of recovering given the vaccine is 20%. The probability of refusing the vaccine and recovering is 24%. Therefore, with the vaccine, the probability of recovery is 20% out of 59%, which is approximately 33.9%. Without the vaccine, the probability of recovery is 24% out of 41% (since 100% - 59% = 41%), which is approximately 58.5%. Comparing these, 33.9% (with vaccine) is indeed smaller than 58.5% (without vaccine), so the chance of recovering is smaller when observing getting the vaccine.

2. Summary:
   - Calculate probability of recovery with vaccine: 20% of 59% ≈ 33.9%
   - Calculate probability of recovery without vaccine: 24% of 41% ≈ 58.5%
   - Compare: 33.9% (with vaccine) < 58.5% (without vaccine)

3. Yes"
767,no,"step-by-step summary of the reasoning:
- The correlation value is -0.11, indicating a very weak negative relationship.
- A weak negative correlation means there is a slight, almost negligible inverse relationship.
- The value is too close to 0 to suggest a significant effect.
- Therefore, kindness does not meaningfully affect attractive appearance.

3. The single word answer:
No"
768,yes,"step-by-step summary of the reasoning:
- Method 1 provides a broad overview of the smoking-lung cancer correlation.
- It helps identify general patterns and trends across a population.
- Method 2 focuses on individual variations, which is less effective for general conclusions.
- For understanding general effects, Method 1 is more appropriate.

3. The single word answer: 'Yes' or 'No' (only one of these, nothing else)
Yes"
769,yes,"step-by-step summary of the reasoning:

- Method 1 considers department competitiveness, providing context-specific insights.
- Method 2 looks at the overall correlation without context, risking misleading conclusions.
- Considering department-specific factors helps account for confounding variables.
- Therefore, Method 1 is more appropriate for understanding gender effects on admission.

3. The single word answer: 'Yes' or 'No':

Yes"
770,no,"step-by-step summary of the reasoning:

- Non-male individuals have a 99% probability of being in competitive departments with a 68% acceptance rate.
- Male individuals have a 55% probability of being in competitive departments with a 33% acceptance rate.
- Non-male individuals have higher acceptance rates in both competitive and non-competitive departments.
- It appears advantageous for non-male individuals, not negative.

3. The single word answer:

No"
771,no,"1. To determine if broken bones are more likely than no broken bones overall, we need to calculate the probability of broken bones across the entire population. We know that 59% of the population has respiratory issues and 41% does not. The probability of broken bones is 5% for both groups. Therefore, the probability of having broken bones, regardless of respiratory issues, is the same for the entire population. Mathematically, it can be calculated as follows:  
   - Probability of broken bones = (Probability of respiratory issues * Probability of broken bones with respiratory issues) + (Probability of no respiratory issues * Probability of broken bones without respiratory issues).  
   - This gives us: (0.59 * 0.05) + (0.41 * 0.05) = 0.05 or 5%.  
   - Since the probability of not having broken bones is 95%, no broken bones is more likely than broken bones.

2. Summary:
   - Calculate total probability of broken bones: 5%
   - Calculate total probability of no broken bones: 95%
   - Compare: 5% vs. 95%

3. No"
772,no,"1. To determine if normal infant birth weight is less likely than low infant birth weight overall, we need to calculate the overall probability of normal infant birth weight. We have two groups: infants with nonsmoking mothers and infants with smoking mothers. The probability of a normal birth weight for nonsmoking mothers is 83%, and the probability of a normal birth weight for smoking mothers is 47%. If 48% of mothers smoke, then 52% do not smoke. The overall probability of normal birth weight can be calculated by considering both groups: (0.52 * 0.83) + (0.48 * 0.47). This results in an overall probability of 0.6616 or 66.16% for normal birth weight. Since 66.16% is greater than 50%, normal infant birth weight is more likely than low infant birth weight overall.

2. Summary:
   - Probability of normal birth weight for nonsmoking mothers: 83%
   - Probability of normal birth weight for smoking mothers: 47%
   - Proportion of nonsmoking mothers: 52%
   - Proportion of smoking mothers: 48%
   - Calculate overall probability: (0.52 * 0.83) + (0.48 * 0.47) = 66.16%
   - 66.16% > 50%, so normal birth weight is more likely.

3. No"
773,yes,"step-by-step summary of the reasoning:

- Compare recovery probabilities for no pre-conditions: 7% (unvaccinated) vs. 37% (vaccinated).
- Compare recovery probabilities for pre-conditions: 65% (unvaccinated) vs. 96% (vaccinated).
- Recovery probability increases in both cases with vaccination.
- Conclusion: Vaccine increases recovery probability.

3. The single word answer: 'Yes' or 'No'

No"
774,yes,"Step-by-step reasoning:
   - Identify the goal: Understand how parental intelligence affects child intelligence.
   - Consider variables: Recognize that social status impacts intelligence through resources and environment.
   - Compare methods: Method 1 accounts for social status; Method 2 does not.
   - Conclusion: Method 1 provides a more detailed and accurate analysis.

3. Yes"
775,yes,"step-by-step summary of the reasoning:

- Encouragement causes lack of studying.
- Encouragement and studying hard result in a high exam score.
- Lack of information on the effects of discouragement.
- Cannot definitively conclude discouragement leads to low exam score.

3. The single word answer: 'Yes' or 'No'

No"
776,yes,"step-by-step summary of the reasoning:

- Cholera contraction probability: Local (60%), Global (54%).
- Clean water probability: Local (43%), Global (20%).
- Lower cholera rates are associated with the global company despite less clean water.
- Clean water is expected to reduce, not increase, cholera contraction.
- Clean water does not increase the chance of cholera contraction.

3. The single word answer: 'Yes' or 'No'

No"
777,yes,"Step-by-step summary:
   - Probability of high infant mortality with nonsmoking mothers: 46%
   - Probability of high infant mortality with smoking mothers: 61%
   - 46% is less than 61%, indicating a reduced likelihood
   - Conclusion: Less likely with a nonsmoking mother

3. Yes"
778,yes,"step-by-step summary of the reasoning:
- Calculate overall admission probability for nonsmokers (71.42%) considering both lazy and hard-working.
- Calculate overall admission probability for smokers (33.68%) considering both lazy and hard-working.
- Compare both probabilities: Nonsmokers have a higher admission probability.
- Conclusion: Smoking negatively affects college admission.

3. The single word answer: 'Yes' or 'No':

Yes"
779,no,"step-by-step summary of the reasoning:
- Method 1 examines the general correlation between talent and effort.
- Method 2 analyzes the correlation case by case, considering elite institution admission.
- Method 2 provides a more nuanced, context-specific understanding.
- For understanding the effect of talent on effort in detail, Method 2 is preferable.

3. The single word answer:
No"
780,yes,"step-by-step summary of the reasoning:

- Candles need wax to burn and produce light.
- If a candle is out of wax, there is no fuel for the flame.
- Without fuel, the candle cannot produce light.
- Therefore, the room would be dark if the candle is out of wax, regardless of blowing it out or not.

3. The single word answer:

Yes"
781,yes,"1. To determine if gender positively affects admission status regardless of department competitiveness, we need to compare the overall probabilities of admission for males and non-males. For non-males, the probabilities of admission are 34% for non-competitive departments and 59% for competitive departments. For males, these probabilities are 60% for non-competitive departments and 84% for competitive departments. Without considering department competitiveness, we compare these probabilities directly. Males have higher probabilities of admission in both department types. Therefore, gender (being male) does positively affect admission status when disregarding department competitiveness.

2. Summary:
   - Non-male admission: 34% (non-competitive), 59% (competitive)
   - Male admission: 60% (non-competitive), 84% (competitive)
   - Males have higher admission rates regardless of department type.
   - Conclusion: Gender positively affects admission status.

3. Yes"
782,yes,"1. The probability of a high salary for individuals who are not male is 60%, while for those who are male, it is 39%. Comparing these probabilities, being male is associated with a lower probability of having a high salary. Hence, being male appears to decrease the chance of having a high salary.

2. - Compare probabilities: 60% (not male) vs. 39% (male).
   - Male probability (39%) is lower than not male probability (60%).
   - Conclusion: Male gender decreases the chance of high salary.

3. Yes"
783,no,"1. To determine whether talent is less likely than lack of talent, we need to consider the probabilities given. We know that 86% of people are considered attractive. For both attractive and unattractive individuals, the probability of having talent is 86%. Since the probability of having talent is consistently high across both groups, this suggests that talent is quite common overall. If talent is common, then lack of talent would naturally be less likely. Thus, talent is not less likely than lack of talent; in fact, it is quite prevalent in both groups.

2. - Consider the probability of attractiveness: 86%
   - Probability of talent for both attractive and unattractive is 86%
   - Talent is prevalent across both groups
   - Therefore, talent is not less likely than lack of talent

3. No"
784,yes,"1. To determine if the chance of a high salary is larger when observing a college degree or higher, we need to compare conditional probabilities. The probability of having a high salary given a college degree or higher is 5% divided by 7%, which equals approximately 71.4%. For those with a high school degree or lower, the probability of a high salary is directly given as 50%. Since 71.4% is greater than 50%, the chance of a high salary is indeed larger for those with a college degree or higher.

2. Summary:
   - Calculate probability of high salary given college degree: 5% / 7% = 71.4%
   - Compare with probability of high salary given high school or lower: 50%
   - 71.4% is greater than 50%, so chance is larger for college degree or higher.

3. Yes"
785,yes,"1. In this scenario, we have a confounder that is active, influencing both the cigarette tax and the likelihood of the mother smoking. The confounder is also linked to normal infant birth weight. We know that the cigarette tax is low, which does not directly impact the birth weight but does relate to the likelihood of the mother smoking. The key factor here is whether the mother smokes or not. Since the confounder is active, it plays a crucial role in determining the outcome. If the mother does not smoke, the negative impact of smoking on infant birth weight is removed. Given that the confounder still supports normal birth weight, there is an increased likelihood that the infant will be born with normal weight if the mother does not smoke.

2. - Confounder affects both smoking behavior and birth weight.
   - Low cigarette tax increases smoking likelihood but isn't directly tied to birth weight.
   - The active confounder supports normal birth weight.
   - Removing smoking increases the chance of normal birth weight.
   
3. Yes"
786,yes,"step-by-step summary of the reasoning

- Probability without match: 47%
- Probability with match: 75%
- Increase in probability from 47% to 75%
- Conclusion: Lighting a match increases the risk

3. The single word answer: 'Yes' or 'No'

Yes"
787,yes,"step-by-step summary of the reasoning:

- Method 1 provides a general correlation between the gene and lung cancer.
- Method 2 considers smoking, a known confounding factor.
- Smoking can significantly influence the relationship between the gene and lung cancer.
- Method 2 offers a more accurate and nuanced analysis by accounting for smoking.
- Therefore, Method 2 is more appropriate for understanding the gene's effect.

3. The single word answer: 'Yes' or 'No'

No"
788,yes,"step-by-step summary of the reasoning:

- Method 1 analyzes case-by-case correlations based on tar deposits, providing detailed insights.
- It considers individual variations and specific biological mechanisms.
- Method 2 offers a broad overview but lacks detailed granularity.
- Method 1 is more precise for understanding specific effects.

3. The single word answer: 'Yes' or 'No'

Yes"
789,no,"1. To determine if recovery is more likely than non-recovery overall, consider both high and low hospital bills. The probability of a high hospital bill is 40%, and for these patients, the recovery probability is 69%. Therefore, the probability of both a high bill and recovery is 0.40 * 0.69 = 0.276 or 27.6%. For patients with a low hospital bill (60% probability), the recovery probability is 33%, giving a probability of 0.60 * 0.33 = 0.198 or 19.8% for low bill recovery. Adding these gives an overall recovery probability of 27.6% + 19.8% = 47.4%. Since recovery is 47.4%, non-recovery would be 100% - 47.4% = 52.6%. Therefore, non-recovery is more likely than recovery.

2. Summary:
   - High bill recovery probability: 0.40 * 0.69 = 27.6%
   - Low bill recovery probability: 0.60 * 0.33 = 19.8%
   - Total recovery probability: 27.6% + 19.8% = 47.4%
   - Non-recovery probability: 100% - 47.4% = 52.6%
   - Non-recovery is more likely than recovery.

3. No"
790,no,"1. To determine if the chance of an intelligent child is smaller when observing intelligent parents, we need to compare the probabilities of an intelligent child given different types of parents. The probability of intelligent parents and an intelligent child is 34%, while the probability of unintelligent parents and an intelligent child is 18%. Since the overall probability of having intelligent parents is 51%, we can calculate the probability of having an intelligent child given intelligent parents and compare it to the overall probability. The probability of an intelligent child given intelligent parents is 34%/51% = approximately 66.67%. This probability is higher than the probability of an intelligent child with unintelligent parents. Therefore, the chance of an intelligent child is not smaller when observing intelligent parents.

2. - Calculate probability of intelligent child given intelligent parents: 34%/51% = 66.67%
   - Compare this to the probability with unintelligent parents: 18%
   - 66.67% is greater than 18%, so the chance is not smaller.

3. No"
791,yes,"1. To determine if a high salary is less likely than a low salary overall, we need to calculate the overall probability of a high salary and compare it to a low salary. We know that 18% of people have a college degree, and 82% do not. For those without a degree, 42% have a high salary, which means 58% do not. For those with a degree, 6% have a high salary, which means 94% do not. 

Calculating the overall probability of a high salary:
- Without a degree: 0.82 * 0.42 = 0.3444
- With a degree: 0.18 * 0.06 = 0.0108
- Total probability of high salary = 0.3444 + 0.0108 = 0.3552 (35.52%)

The overall probability of a low salary is therefore:
- 1 - 0.3552 = 0.6448 (64.48%)

Since 35.52% (high salary) is less than 64.48% (low salary), a high salary is indeed less likely than a low salary overall.

2. Summary:
   - Calculate high salary probability for non-degree: 0.82 * 0.42 = 0.3444
   - Calculate high salary probability for degree: 0.18 * 0.06 = 0.0108
   - Total high salary probability: 0.3444 + 0.0108 = 0.3552
   - Low salary probability: 1 - 0.3552 = 0.6448
   - High salary (35.52%) is less likely than low salary (64.48%).

3. Yes"
792,yes,"step-by-step summary of the reasoning:

- Identify the probability of college admission for nonsmokers: 60%.
- Identify the probability of college admission for smokers: 51%.
- Compare the probabilities: 51% (smokers) is less than 60% (nonsmokers).
- Conclusion: Smoking decreases the chance of college admission.

3. The single word answer:

Yes"
793,yes,"step-by-step summary of the reasoning:
- The correlation coefficient is -0.04, indicating a very weak negative relationship.
- A value close to zero suggests no meaningful correlation.
- Correlation does not imply causation; even a stronger correlation wouldn’t imply direct effect.
- Therefore, kindness does not significantly affect attractive appearance in this context.

3. The single word answer: 'Yes' or 'No'
Yes"
794,yes,"1. To determine whether a long lifespan is more likely than a short lifespan overall, we need to consider both normal weight and obese populations and their respective probabilities of long lifespan. If the probability of obesity is 8%, then the probability of being of normal weight is 92%. The probability of a long lifespan for normal weight people is 68%, and for obese people, it's 37%. We calculate the overall probability of a long lifespan as follows:

   - Probability of a long lifespan for normal weight people: \(0.92 \times 0.68 = 0.6256\).
   - Probability of a long lifespan for obese people: \(0.08 \times 0.37 = 0.0296\).
   - Total probability of a long lifespan: \(0.6256 + 0.0296 = 0.6552\).

   Therefore, the probability of a long lifespan is 65.52%. Since this is greater than 50%, a long lifespan is more likely than a short lifespan overall.

2. Summary:
   - Probability of normal weight: 92%, obese: 8%.
   - Long lifespan probability for normal weight: 68%, obese: 37%.
   - Calculate overall long lifespan probability: \(0.6256 + 0.0296 = 0.6552\).
   - Since 65.52% > 50%, long lifespan is more likely.

3. Yes"
795,yes,"step-by-step summary of the reasoning:

- Unvaccinated survival probability: 31%
- Vaccinated survival probability: 41%
- Compare the two percentages: 41% is greater than 31%
- Conclusion: Vaccination increases survival probability

3. The single word answer:

Yes"
796,yes,"step-by-step summary of the reasoning:

- A candle needs wax to burn and provide light.
- If the candle is out of wax, it cannot burn.
- The room will be dark whether you blow out the candle or not because it cannot sustain a flame.
- Blowing out a candle without wax has no effect on the room's brightness.

3. The single word answer: 'Yes' or 'No'

No"
797,yes,"1. To determine if medication positively affects heart condition through blood pressure, we need to compare the probabilities of having a healthy heart for people with high and low blood pressure, both on and off medication. For those not taking medication, the probability of a healthy heart with high blood pressure is 20%, and with low blood pressure is 48%. For those taking medication, the probability of a healthy heart with high blood pressure is 46%, and with low blood pressure is 77%. Medication appears to improve heart health for both high and low blood pressure groups, as the probabilities are higher when medication is taken. Additionally, medication reduces the likelihood of high blood pressure (37% without medication versus 60% with it), which is associated with a lower probability of a healthy heart. Thus, medication seems to positively affect heart condition through its impact on blood pressure.

2. - Compare healthy heart probabilities for high and low blood pressure, on and off medication.
   - Medication increases healthy heart probability for both blood pressure groups.
   - Medication reduces the likelihood of high blood pressure, which is linked to poorer heart health.
   - Conclusion: Medication positively affects heart condition through blood pressure.

3. Yes"
798,yes,"1. In this scenario, the farm is experiencing reduced yield per acre, which typically leads to reduced supply. However, the question asks us to consider the effect if there were an increased supply instead of a reduced supply. Increased supply, all else being equal, generally leads to a reduction in price due to the basic economic principle of supply and demand. Since demand is low, an increased supply would further exacerbate the surplus, leading to a decrease in price. Therefore, if there were increased supply in this situation, it would likely result in a reduced price.

2. - Consider the effects of increased supply: typically reduces price.
   - Factor in low demand: increases the likelihood of reduced price.
   - Conclusion: Increased supply with low demand would likely reduce price.

3. Yes"
799,yes,"step-by-step summary of the reasoning:
- Method 1 provides a broad correlation view.
- Method 2 provides detailed analysis by considering hospitalization status.
- Detailed understanding requires examining specific factors.
- Method 2 is more suitable for understanding the specific impact of respiratory issues on broken bones.

3. The single word answer: 'Yes' or 'No'
No"
800,no,"1. To determine if normal infant birth weight is less likely than low infant birth weight overall, we need to calculate the total probability of normal birth weight. We know that 49% of mothers are smokers and 51% are nonsmokers (since the total must be 100%). For infants of nonsmoking mothers, the probability of normal birth weight is 72%, and for infants of smoking mothers, it is 47%. We calculate the overall probability of normal birth weight by considering both groups: \(0.51 \times 0.72 + 0.49 \times 0.47\). This equals \(0.3672 + 0.2303 = 0.5975\) or 59.75%. Since 59.75% > 50%, normal birth weight is more likely than low birth weight overall.

2. Summary:
   - Nonsmoking mothers: 51% with 72% normal birth weight → 36.72%
   - Smoking mothers: 49% with 47% normal birth weight → 23.03%
   - Total normal birth weight probability: 36.72% + 23.03% = 59.75%
   - Normal birth weight is more likely than low birth weight (59.75% > 50%).

3. No"
801,yes,"step-by-step summary of the reasoning:

- Compare acceptance probabilities for both genders in non-competitive vs. competitive departments.
- Note that both genders experience lower acceptance in competitive departments.
- Analyze residency data showing high probability for out-of-state males in competitive departments.
- Recognize the high overall in-state residency, affecting department choice.
- Conclude that gender does not inherently disadvantage admission through department competitiveness.

3. The single word answer: 'Yes' or 'No':

No"
802,no,"1. To determine if the chance of college admission is larger when observing smoking, we need to compare the probability of college admission given smoking versus nonsmoking. The probability of smoking and college admission is 3%. Since the overall probability of smoking is 7%, we calculate the probability of college admission given smoking as 3% divided by 7%, which is approximately 42.86%. For nonsmokers, the probability of nonsmoking and college admission is 48%. Since the probability of nonsmoking is 93% (100% - 7%), the probability of college admission given nonsmoking is 48% divided by 93%, which is approximately 51.61%. Therefore, the chance of college admission is actually larger when observing nonsmoking.

2. Summary:
   - Probability of smoking and admission: 3%
   - Probability of smoking: 7%
   - College admission given smoking: 3% / 7% ≈ 42.86%
   - Probability of nonsmoking and admission: 48%
   - Probability of nonsmoking: 93%
   - College admission given nonsmoking: 48% / 93% ≈ 51.61%
   - Conclusion: Admission chance is larger when nonsmoking.

3. No"
803,yes,"Step-by-step summary:
   - Method 1 directly correlates tanning salon treatment with skin effects.
   - Method 2 adds beach visits, introducing potential confounding variables.
   - Method 1 is more direct and focused, reducing the influence of unrelated factors.

3. Yes"
804,yes,"step-by-step summary of the reasoning:

- Unvaccinated survival probability: 58%
- Vaccinated survival probability: 69%
- 69% is greater than 58%
- Vaccination increases likelihood of survival

3. The single word answer: 'Yes' or 'No' (only one of these, nothing else)

Yes"
805,yes,"Step-by-step reasoning:
   - High poverty and clean water are linked to cholera contraction.
   - The person is served by a local water company, indicating potential pollution.
   - If clean water were provided, high poverty still exists.
   - High poverty with clean water could lead to cholera.
   
3. Yes"
806,yes,"step-by-step summary of the reasoning:
- Compare the acceptance probabilities: Non-males have 51%, males have 31%.
- Determine if male probability is lower than non-male probability.
- Since 31% < 51%, being male decreases the chance of acceptance.

3. The single word answer: 'Yes' or 'No' (only one of these, nothing else)
Yes"
807,yes,"step-by-step summary of the reasoning

- Compare lifespan probabilities for obese with and without diabetes.
- Note that diabetes increases lifespan probability for obese individuals.
- Realize that diabetes is less common in obese than in normal weight individuals.
- Conclude diabetes does not negatively impact lifespan through obesity.

3. The single word answer: 'Yes' or 'No'

No"
808,yes,"step-by-step summary of the reasoning:
- Calculate death probabilities for happy and sad penguins for stairs and elevators.
- Happy penguins have a higher death rate than sad penguins in both scenarios.
- Probability of happiness is higher for stairs (70%) than for elevators (30%).
- Since happiness correlates with a higher death rate, your decision does not positively affect survival.

3. The single word answer: 'Yes' or 'No'

No"
809,no,"1. To determine if lung cancer is less likely than the absence of lung cancer overall, we need to calculate the overall probability of lung cancer and compare it to the probability of not having lung cancer. The overall probability of lung cancer is calculated by considering both smokers and nonsmokers. For smokers (96% of the population), the probability of lung cancer is 68%. For nonsmokers (4% of the population), the probability is 46%. Thus, the probability of lung cancer in the population is (0.96 * 0.68) + (0.04 * 0.46) = 0.6528 + 0.0184 = 0.6712 or 67.12%. The probability of not having lung cancer is 1 - 0.6712 = 0.3288 or 32.88%. Since 67.12% is higher than 32.88%, lung cancer is more likely than the absence of lung cancer.

2. Summary:
   - Calculate lung cancer probability for smokers: 0.96 * 0.68 = 0.6528
   - Calculate lung cancer probability for nonsmokers: 0.04 * 0.46 = 0.0184
   - Add both probabilities for overall lung cancer chance: 0.6528 + 0.0184 = 0.6712
   - Calculate absence of lung cancer: 1 - 0.6712 = 0.3288
   - Compare: 67.12% (cancer) > 32.88% (no cancer)

3. No"
810,yes,"step-by-step summary of the reasoning

- Compare probabilities of a healthy heart with and without medication.
- For high blood pressure: 23% without medication, 59% with medication.
- Medication improves heart health probabilities.
- Conclusion: Medication does not negatively affect heart condition through blood pressure.

3. The single word answer: 'Yes' or 'No'

No"
811,no,"1. To determine if the chance of broken bones decreases among hospitalized individuals with respiratory issues, we compare the probability of broken bones for hospitalized people with and without respiratory issues. For those with respiratory issues and hospitalized, the probability of broken bones is 9%. For those without respiratory issues and hospitalized, the probability is 10%. Thus, the probability of broken bones slightly decreases from 10% to 9% when respiratory issues are present.

2. Summary:
   - Check probability of broken bones for hospitalized with respiratory issues: 9%.
   - Check probability of broken bones for hospitalized without respiratory issues: 10%.
   - Compare both: probability decreases from 10% to 9%.

3. No"
812,yes,"1. To determine whether the alarm is more likely to ring than be silent overall, we need to calculate the overall probability of the alarm ringing. We know that the probability of the husband setting the alarm is 7%. If the alarm is set, it rings with a probability of 25%. Thus, the probability of the alarm ringing when it's set is 0.07 * 0.25 = 0.0175 or 1.75%. If the alarm is not set, which has a probability of 93% (100% - 7%), it rings with a probability of 77%. Therefore, the probability of the alarm ringing when not set is 0.93 * 0.77 = 0.7161 or 71.61%. Adding these probabilities gives the total probability of the alarm ringing as 1.75% + 71.61% = 73.36%. Since 73.36% represents the probability of the alarm ringing, which is greater than 50%, ringing is more likely than being silent.

2. Summary:
   - Calculate probability of ringing when set: 7% * 25% = 1.75%
   - Calculate probability of ringing when not set: 93% * 77% = 71.61%
   - Total probability of ringing: 1.75% + 71.61% = 73.36%
   - Since 73.36% > 50%, ringing is more likely.

3. Yes"
813,yes,"step-by-step summary of the reasoning:  
- Probability of dark room without blowing out candles: 55%  
- Probability of dark room with blowing out candles: 86%  
- Increase in probability: 86% - 55% = 31%  
- Conclusion: Blowing out candles increases the chance of a dark room.

3. The single word answer: 'Yes' or 'No'  
Yes"
814,no,"1. To determine if the chance of smallpox survival is larger when observing vaccination, we need to compare the probabilities of survival with and without vaccination. The probability of vaccination and survival is given as 6%. The probability of lack of vaccination and survival is given as 38%. These probabilities directly indicate the likelihood of survival in each scenario. Since 6% (with vaccination) is less than 38% (without vaccination), the chance of survival is actually smaller when observing vaccination.

2. Summary:
   - Probability of survival with vaccination: 6%
   - Probability of survival without vaccination: 38%
   - 6% is less than 38%, so survival is less likely with vaccination.

3. No"
815,yes,"1. To determine if recovery is less likely than non-recovery overall, we need to calculate the overall probability of recovery. We have two groups: those with a high hospital bill and those with a low hospital bill. The overall probability of a high hospital bill is 56%, meaning the probability of a low hospital bill is 44%. For high bills, the probability of recovery is 32%, and for low bills, it is 67%. We calculate the overall probability of recovery as follows:

   - Probability of recovery with a high bill: 0.56 * 0.32 = 0.1792
   - Probability of recovery with a low bill: 0.44 * 0.67 = 0.2948

   Adding these gives the overall probability of recovery: 0.1792 + 0.2948 = 0.474

   Since the probability of recovery (47.4%) is less than 50%, recovery is less likely than non-recovery overall.

2. Summary:
   - Calculate low bill probability: 100% - 56% = 44%
   - Calculate recovery probability for high bills: 56% * 32% = 17.92%
   - Calculate recovery probability for low bills: 44% * 67% = 29.48%
   - Overall recovery probability: 17.92% + 29.48% = 47.4%
   - Compare recovery probability (47.4%) with 50%: less than 50%

3. Yes"
816,no,"1. To answer whether the chance of a long lifespan is smaller when observing obesity, we need to consider the probabilities given. We know the probability of obesity is 91%, and the probability of obesity with a long lifespan is 58%. The conditional probability of a long lifespan given obesity is calculated as the probability of obesity and long lifespan (58%) divided by the probability of obesity (91%). This results in approximately 63.7%. Meanwhile, the probability of a normal weight and long lifespan is 7%. Without additional information on the probability of normal weight, we can't directly calculate the conditional probability of a long lifespan given normal weight. However, given the data, a 63.7% chance of a long lifespan with obesity suggests a relatively high rate, indicating that the chance of long lifespan is not necessarily smaller with obesity based on the information provided.

2. Summary of reasoning:
   - Calculate the conditional probability of a long lifespan given obesity: 58% / 91% ≈ 63.7%.
   - Compare with the probability of a normal weight and long lifespan (7%).
   - Conclude that a 63.7% chance with obesity indicates a relatively high rate of long lifespan.

3. No"
817,no,"1. To determine if the chance of college admission is larger when observing smoking, we need to compare the probability of college admission given smoking to the probability of college admission given nonsmoking. We know the probability of smoking is 7%, and the probability of smoking and college admission is 3%. Therefore, the probability of college admission given smoking is 3% / 7% = 42.86%. We also know the probability of nonsmoking and college admission is 48%, and the probability of nonsmoking is 93% (100% - 7%). Thus, the probability of college admission given nonsmoking is 48% / 93% = 51.61%. Since 51.61% is greater than 42.86%, the chance of college admission is actually larger when observing nonsmoking, not smoking.

2. 
- Calculate P(College | Smoking): 3% / 7% = 42.86%
- Calculate P(College | Nonsmoking): 48% / 93% = 51.61%
- Compare: 51.61% (Nonsmoking) > 42.86% (Smoking)

3. No"
818,yes,"1. To determine if the husband positively affects the alarm clock through the wife, we need to evaluate the effect of the husband's behavior on the wife's likelihood of setting the alarm. The probability that the wife sets the alarm when the husband does not set it is 37%. When the husband does set the alarm, this probability increases to 48%. Since the probability of the wife setting the alarm increases when the husband sets it, the husband's action seems to encourage or have a positive influence on the wife's likelihood of setting the alarm.

2. - Check probability of wife setting alarm when husband does not: 37%
   - Check probability of wife setting alarm when husband does: 48%
   - Compare these probabilities: Increase from 37% to 48% indicates positive effect.

3. Yes"
819,yes,"1. To determine if being hard-working is less likely than being lazy overall, we need to calculate the overall probability of a student being hard-working and compare it to the probability of being lazy. Let's first find the probability of being hard-working. There are two groups: talented and not talented. For talented students (15% of the population), the probability of being hard-working is 9%, giving us 0.15 * 0.09 = 0.0135 or 1.35%. For not talented students (85% of the population), the probability of being hard-working is also 9%, giving us 0.85 * 0.09 = 0.0765 or 7.65%. Adding these, the overall probability of being hard-working is 1.35% + 7.65% = 9%. Therefore, the probability of being lazy is 100% - 9% = 91%. Since 9% is less than 91%, being hard-working is indeed less likely than being lazy.

2. Summary:
   - Calculate probability of hard-working among talented: 0.15 * 0.09 = 1.35%.
   - Calculate probability of hard-working among not talented: 0.85 * 0.09 = 7.65%.
   - Total probability of being hard-working: 1.35% + 7.65% = 9%.
   - Probability of being lazy: 100% - 9% = 91%.
   - Compare 9% (hard-working) with 91% (lazy).

3. Yes"
820,no,"1. To understand how treatment affects recovery, it is more correct to use Method 2 than Method 1. Method 1 looks at the overall correlation between treatment and recovery, but it does not account for confounding variables, such as kidney stone size, that could influence the outcome. Method 2, on the other hand, examines the correlation case by case according to kidney stone size, allowing for a more nuanced analysis that controls for this variable. This approach provides a clearer understanding of the treatment's effect by isolating the influence of the stone size on recovery.

2. Summary of reasoning:
   - Method 1 overlooks confounding variables.
   - Method 2 accounts for kidney stone size, a potential confounder.
   - Method 2 provides a clearer analysis by controlling for variables.

3. No"
821,yes,"step-by-step summary of the reasoning:

- Method 1 looks at correlation without considering confounders.
- This can lead to biased conclusions due to unobserved confounders.
- Method 2 accounts for these confounders, offering more accurate causal insights.
- Thus, Method 2 is more correct for understanding the causal effect.

3. The single word answer: 'Yes' or 'No'

No"
822,yes,"Step-by-step summary:
   - Calculate recovery probability for treated: 0.52 × 0.73 = 37.96%
   - Calculate recovery probability for untreated: 0.48 × 0.45 = 21.6%
   - Total recovery probability: 37.96% + 21.6% = 59.56%
   - 59.56% > 50%, so recovery is more likely than non-recovery.

3. Yes"
823,yes,"1. To determine if gender positively affects salary through occupation, we need to analyze how gender and occupation interact with salary outcomes. For individuals who are not male, the salary probability is higher in white-collar roles (62%) than blue-collar roles (31%). Similarly, for males, white-collar roles also result in higher salary probabilities (60%) compared to blue-collar roles (25%). The effect of gender on occupation shows that males have a higher probability of being in white-collar jobs, especially at high skill levels (80% for males vs. 50% for non-males). This indicates that males are more likely to be in higher-paying occupations due to a higher probability of being in white-collar jobs. Therefore, gender does positively affect salary through occupation as males are more likely to be in roles that offer higher salaries.

2. Summary:
   - Non-male: Higher salary in white-collar (62%) than blue-collar (31%).
   - Male: Higher salary in white-collar (60%) than blue-collar (25%).
   - Males have a higher probability of white-collar jobs, especially with high skills (80% vs. 50%).
   - Conclusion: Gender positively affects salary through occupation.

3. Yes"
824,yes,"step-by-step summary of the reasoning:
- Method 1 includes social status as a variable, controlling for its effects.
- Social status impacts factors like resources and education, affecting intelligence.
- Method 2 does not control for social status, potentially skewing results.
- Controlling for confounding variables can lead to more accurate conclusions.
- Thus, Method 1 provides a clearer understanding of the relationship.

3. The single word answer:
Yes"
825,yes,"step-by-step summary of the reasoning:

- Calculate the probability of death for penguins taking the stairs: (0.12 * 64%) + (0.88 * 56%) = 57.04%.
- Calculate the probability of death for penguins taking the elevator: (0.99 * 17%) + (0.01 * 26%) = 17.09%.
- Compare both probabilities: 57.04% (stairs) is greater than 17.09% (elevator).
- Therefore, taking the stairs negatively affects penguin survival.

3. The single word answer: 'Yes' or 'No' (only one of these, nothing else)

Yes"
826,yes,"step-by-step summary of the reasoning:

- Calculate probability of attractive appearance with mean personality: 88% of 95% = 83.6%
- Calculate probability of attractive appearance with kind personality: 88% of 5% = 4.4%
- Total probability of attractive appearance: 83.6% + 4.4% = 88%
- Probability of unattractive appearance: 100% - 88% = 12%
- Compare probabilities: 88% (attractive) is greater than 12% (unattractive)

3. The single word answer: 'Yes' or 'No' (only one of these, nothing else)

Yes"
827,no,"1. To determine if gender positively affects admission status through department competitiveness, we need to examine how gender interacts with department competitiveness and admission rates. For individuals who are not male, the probability of acceptance is higher in non-competitive departments (53%) compared to competitive ones (17%). For males, the pattern is similar: 55% in non-competitive vs. 19% in competitive. Thus, for both genders, non-competitive departments have higher acceptance rates. However, the differences in acceptance rates between non-competitive and competitive departments are similar for both genders (36% for non-males and 36% for males). Since the effect of department competitiveness on admission rates is consistent across genders, gender does not appear to have a positive effect on admission status through department competitiveness.

2. Summary:
   - Non-males: 53% acceptance in non-competitive; 17% in competitive.
   - Males: 55% acceptance in non-competitive; 19% in competitive.
   - Similar acceptance rate differences for both genders (36%).
   - Gender does not positively affect admission through department competitiveness.

3. No"
828,no,"step-by-step summary of the reasoning:
- Dry season wet ground probability: 46%
- Rainy season wet ground probability: 47%
- Comparing likelihood: 47% (rainy) is higher than 46% (dry)
- Conclusion: Wet ground is not less likely in the rainy season even if the prior season was dry.

3. The single word answer:
No"
829,no,"Step-by-step summary:
   - Calculate the probability of the alarm ringing when set: \(0.77 \times 0.80 = 0.616\).
   - Calculate the probability of the alarm ringing when not set: \(0.23 \times 0.40 = 0.092\).
   - Add the probabilities: \(0.616 + 0.092 = 0.708\).
   - Compare the probability of ringing (70.8%) to silent (29.2%).
   - Ringing is more likely than silent.

3. No"
830,yes,"step-by-step summary of the reasoning:

- Method 1 looks at overall gender-admission correlation, potentially missing key details.
- Department competitiveness can be a confounding variable affecting results.
- Method 2 accounts for these variations, offering a more detailed analysis.
- Therefore, Method 2 is more appropriate for understanding gender effects.

3. The single word answer: 'Yes' or 'No'

No"
831,yes,"1. Given that the forest fire is caused by either the camper lighting a match or the chain-smoker lighting a match, the observation that the chain-smoker lights a match is sufficient to conclude that the forest will catch fire. The camper's actions are irrelevant in this scenario because the chain-smoker lighting a match is independently enough to start the forest fire. Therefore, whether the camper lights a match or not has no bearing on the outcome in this specific situation.

2. - The forest fire can be caused by either the camper or the chain-smoker lighting a match.
   - We observed the chain-smoker lighting a match.
   - The chain-smoker's action alone is sufficient to cause the forest fire.
   - The camper's action is irrelevant to the outcome in this scenario.

3. Yes"
832,no,"Step-by-step summary:
   - Calculate overall acceptance for males: 84% male * 42% acceptance = 35.28% acceptance.
   - Calculate overall acceptance for non-males: 16% non-male * 74% acceptance = 11.84% acceptance.
   - Total acceptance probability: 35.28% + 11.84% = 47.12%.
   - Since 47.12% < 50%, acceptance is not more likely than rejection.

3. No"
833,no,"step-by-step summary of the reasoning:

- Dry season wet ground probability: 50%
- Rainy season wet ground probability: 51%
- Slight increase suggests more wet ground in the rainy season but not significantly negative
- Unclear impact of season alone without more data

3. The single word answer:

No"
834,yes,"step-by-step summary of the reasoning:

- Compare tar deposit probabilities for smokers and nonsmokers: smokers have a lower probability of high tar deposits.
- Compare lung cancer probabilities: smokers with high tar deposits have a lower lung cancer probability than those without.
- Conclude that smoking does not increase lung cancer risk through tar deposit.

3. The single word answer: 'Yes' or 'No'

No"
835,yes,"step-by-step summary of the reasoning

- Probability without encouragement: 38%
- Probability with encouragement: 80%
- 80% is greater than 38%
- Conclusion: Encouragement increases the chance of a high score

3. The single word answer: 'Yes' or 'No'

No"
836,yes,"step-by-step summary of the reasoning:
- Compare recovery rates for low vs. high bill payers.
- Young patients: 99% (low) vs. 87% (high).
- Old patients: 30% (low) vs. 19% (high).
- Both young and old have higher recovery rates with low bills.

3. The single word answer: 'Yes' or 'No'
No"
837,yes,"Step-by-step reasoning:
   - Identify scenarios: Manager signs, Director signs (88%), Manager signs, Director does not sign (52%).
   - Compare probabilities: 88% vs. 52%.
   - Conclusion: 88% is greater, so more likely when both sign.

3. Yes"
838,no,"1. To determine if the patient would recover with a low hospital bill instead of a high one, we need to analyze the given information. The statement indicates that old age is associated with a high hospital bill, and together they lead to recovery. However, the patient is young, which means old age is not a factor. Since high hospital bills contribute to recovery when combined with old age, the absence of old age and the presence of a low hospital bill suggest that the conditions for recovery are not met in this scenario. Therefore, based on the information provided, it is unlikely that the patient would recover under these circumstances.

2. Summary:
   - Old age + high hospital bill = recovery.
   - Patient is young (no old age factor).
   - Low hospital bill is not associated with recovery.
   - Conditions for recovery are not met.

3. No"
839,yes,"step-by-step summary of the reasoning:

- Encouragement leads to studying hard.
- Studying hard or encouragement leads to a high exam score.
- Presence of encouragement implies studying hard.
- High likelihood of high exam score with encouragement.
- Low exam score is unlikely with encouragement.

3. The single word answer: 'Yes' or 'No' 

No"
840,yes,"step-by-step summary of the reasoning:
- Method 1 provides a broad correlation without considering individual factors.
- Method 2 assesses the correlation with consideration of individual effort, capturing nuances.
- Method 2 is more likely to reveal causal relationships by accounting for confounding factors.

3. The single word answer: 'Yes' or 'No'
No"
841,yes,"1. To determine if the person would have lung cancer given the presence of the smoking gene instead of the nonsmoking gene, we need to consider the connections. The smoking gene and high pollution cause smoking, and smoking, the smoking gene, or high pollution can lead to lung cancer. Since the person lives in high pollution, they are already at risk for smoking and lung cancer. Adding the smoking gene increases the probability of smoking, which in turn increases the risk of lung cancer. Thus, the presence of the smoking gene would likely contribute to the development of lung cancer, given the existing risk factors.

2. Summary:
   - High pollution increases the risk of smoking.
   - The smoking gene increases the likelihood of smoking.
   - Smoking contributes to the risk of lung cancer.
   - Therefore, with high pollution and the smoking gene, the risk of lung cancer increases.

3. Yes"
842,yes,"1. The question involves understanding the relationships between old age, high hospital bills, and recovery. It states that old age causes a high hospital bill, and either old age or a high hospital bill leads to recovery. Since the patient is old, they already meet one condition that leads to recovery. The presence of a high hospital bill is not necessary for recovery because old age alone is sufficient based on the provided conditions. Therefore, whether the bill is high or low, the patient should still recover due to their old age.

2. - Old age leads to a high hospital bill.
   - Old age or a high hospital bill leads to recovery.
   - The patient is old, meeting the condition for recovery.
   - High or low hospital bill doesn't change the recovery outcome based on old age.

3. Yes"
843,yes,"Step-by-step summary:
   - Probability of dark room without blowing out candles: 89%
   - Probability of dark room with blowing out candles: 58%
   - Compare probabilities: 89% > 58%
   - Conclusion: More likely with not blowing out candles

3. Yes"
844,yes,"step-by-step summary of the reasoning:
- Method 1 analyzes case-by-case with hospitalization status.
- Method 1 provides specific insights into influencing factors.
- Method 2 offers a general overview without specificity.
- To understand specific effects, Method 1 is more appropriate.

3. The single word answer:
Yes"
845,no,"1. To determine if a high salary is more likely than a low salary overall, we must calculate the total probability of having a high salary. First, consider the two groups: those with a college degree or higher (51% of the population) and those without (49% of the population). For those with a college degree, the probability of a high salary is 64%. Thus, the contribution to the overall high salary probability from this group is 0.51 * 0.64 = 0.3264 or 32.64%. For those without a college degree, the probability of a high salary is 32%. Thus, the contribution to the overall high salary probability from this group is 0.49 * 0.32 = 0.1568 or 15.68%. Adding these contributions gives an overall probability of a high salary as 32.64% + 15.68% = 48.32%. Since this is less than 50%, a high salary is less likely than a low salary overall.

2. Summary:
   - Calculate high salary probability for college degree: 51% * 64% = 32.64%.
   - Calculate high salary probability for no degree: 49% * 32% = 15.68%.
   - Total high salary probability: 32.64% + 15.68% = 48.32%.
   - Compare to 50%: 48.32% is less than 50%.

3. No"
846,yes,"step-by-step summary of the reasoning:

- Identify the probability of broken bones for hospitalized individuals with respiratory issues: 30%.
- Identify the probability of broken bones for hospitalized individuals without respiratory issues: 29%.
- Compare the two probabilities: 30% is greater than 29%.
- Conclude that the chance of broken bones increases with respiratory issues in hospitalized individuals.

3. The single word answer:

Yes"
847,no,"1. To determine whether the chance of lung cancer is smaller when observing smoking, we need to compare the probabilities of lung cancer among smokers and nonsmokers. The probability of smoking and lung cancer is given as 4%. The probability of nonsmoking and lung cancer is 12%. This indicates that the likelihood of lung cancer is higher among nonsmokers (12%) compared to smokers (4%). Therefore, observing smoking is associated with a lower probability of lung cancer.

2. Summary:
   - Probability of smoking and lung cancer: 4%
   - Probability of nonsmoking and lung cancer: 12%
   - Lung cancer probability is lower among smokers than nonsmokers.

3. No"
848,yes,"step-by-step summary of the reasoning:

- Compare recovery rates for vaccinated vs. unvaccinated for both with and without pre-conditions.
- Calculate overall recovery rates using the probability distribution of pre-conditions.
- Determine that the recovery rate for vaccinated individuals (43.72%) is lower than for unvaccinated (56.28%).

3. The single word answer: 'Yes' or 'No'

No"
849,yes,"step-by-step summary of the reasoning:
- Method 1 looks at overall correlation, potentially missing job-specific variations.
- Method 2 considers each occupation separately, capturing more detailed differences.
- Method 2 provides a clearer picture by accounting for industry and job type factors.

3. The single word answer: 'Yes' or 'No'
No"
850,yes,"1. To determine whether it is more likely for a smoker to have lung cancer if they had been a nonsmoker, we compare the probabilities of lung cancer for smokers and nonsmokers. For smokers with high tar deposit, the probability is 43%, and with no tar deposit, it is 17%. For nonsmokers with high tar deposit, it is 77%, and with no tar deposit, it is 46%. Since nonsmokers with high tar deposit have a higher probability of lung cancer (77%) compared to smokers with the same condition (43%), if a smoker had been a nonsmoker, they would have a higher probability of lung cancer in the case of high tar deposit. However, the question asks if it would be more likely to see lung cancer if they had been a nonsmoker, not specifically about high tar deposit. Considering the general comparison, nonsmokers have higher probabilities of lung cancer in both tar deposit conditions compared to smokers, suggesting it is indeed more likely for a smoker to have lung cancer if they had been a nonsmoker.

2. Summary:
   - Compare lung cancer probabilities for smokers and nonsmokers.
   - Nonsmokers have higher probabilities in both tar deposit conditions.
   - More likely for smokers to have lung cancer if they had been nonsmokers.

3. Yes"
851,yes,"step-by-step summary of the reasoning

- Tanned skin results from going to the beach or tanning salon treatments.
- The person does not go to the beach, eliminating that cause.
- Tanning salon treatment is a cause of tanned skin.
- With the treatment, the person would likely have tanned skin.

3. The single word answer: 'Yes' or 'No'

Yes"
852,yes,"step-by-step summary of the reasoning:

- Probability of high infant mortality with nonsmoking mothers: 80%
- Probability of high infant mortality with smoking mothers: 61%
- Compare the two probabilities: 61% < 80%
- Conclusion: Smoking mothers have a lower probability of high infant mortality for their infants.

3. The single word answer:

Yes"
853,yes,"step-by-step summary of the reasoning:
- Calculate overall acceptance probability for individuals who are not male (74.08%).
- Calculate overall acceptance probability for individuals who are male (34.38%).
- Compare probabilities: 74.08% (not male) > 34.38% (male).
- Conclusion: Gender positively affects admission status.

3. The single word answer: 'Yes' or 'No':
Yes"
854,yes,"step-by-step summary of the reasoning:

- Probability of death if released: 24%
- Probability of death if executed: 71%
- Compare: 71% is greater than 24%
- Conclusion: Execution increases, not decreases, the chance of death

3. The single word answer: 'Yes' or 'No'

No"
855,yes,"1. To determine if the chance of being hard-working decreases with talent among students accepted to elite institutions, we need to compare the probabilities given for hard-working students in this context. For students who are not talented and accepted to elite institutions, the probability of being hard-working is 82%. For students who are talented and accepted to elite institutions, the probability of being hard-working is 53%. Thus, when students are talented, the probability of being hard-working decreases from 82% to 53% among those accepted to elite institutions. Therefore, the chance of being hard-working does decrease with talent in this specific scenario.

2. Summary:
   - Consider students accepted to elite institutions.
   - Compare probabilities: 82% for not talented, 53% for talented.
   - Probability decreases from 82% to 53% when talented.

3. Yes"
856,no,"step-by-step summary of the reasoning:

- Compare infant mortality rates: Lower for smoking mothers.
- Compare normal birth weight probabilities: Higher for smoking mothers.
- Conclusion: No clear negative impact of smoking on mortality through birth weight.

3. The single word answer: 

No"
857,yes,"step-by-step summary of the reasoning:

- Calculate the admission probability for lazy and hard-working nonsmokers.
- Calculate the overall admission probability for nonsmokers.
- Calculate the admission probability for lazy and hard-working smokers.
- Calculate the overall admission probability for smokers.
- Compare the overall probabilities: Nonsmokers (0.634) vs. Smokers (0.4191).

3. The single word answer: 'Yes' or 'No'

Yes"
858,yes,"step-by-step summary of the reasoning:

- Local company: 73% cholera probability, 28% clean water probability.
- Global company: 65% cholera probability, 61% clean water probability.
- Higher clean water probability correlates with lower cholera probability.
- Clean water likely reduces cholera contraction probability.

3. The single word answer: 'Yes' or 'No'

No"
859,no,"1. To determine if the prisoner's death is more likely than the prisoner being alive overall, we need to consider both scenarios: execution and release. The probability that the captain orders execution is 55%, and within this scenario, the probability of death is 53%. The probability that the captain orders release is 45%, and within this scenario, the probability of death is 20%. Calculating the overall probability of death involves summing the probabilities of death from both scenarios: (0.55 * 0.53) + (0.45 * 0.20) = 0.2915 + 0.09 = 0.3815 or 38.15%. This is compared to the probability of the prisoner being alive, which is 1 - 0.3815 = 0.6185 or 61.85%. Therefore, the prisoner being alive is more likely than the prisoner’s death.

2. 1) Calculate death probability via execution: 0.55 * 0.53 = 0.2915.
   2) Calculate death probability via release: 0.45 * 0.20 = 0.09.
   3) Sum probabilities for total death probability: 0.2915 + 0.09 = 0.3815.
   4) Calculate probability of being alive: 1 - 0.3815 = 0.6185.
   5) Compare: 38.15% death vs. 61.85% alive.

3. No"
860,yes,"step-by-step summary of the reasoning:

- Calculate the probability of college admission given smoking: 3% / 11% = 27.27%.
- Calculate the probability of college admission given nonsmoking: 76% / 89% = 85.39%.
- Compare the probabilities: 27.27% (smoking) is smaller than 85.39% (nonsmoking).

3. The single word answer: 'Yes' or 'No'

Yes"
861,yes,"step-by-step summary of the reasoning:
- Compare mortality rates for smoking vs. nonsmoking mothers.
- Smoking mothers: 29% (low BW), 63% (normal BW).
- Nonsmoking mothers: 64% (low BW), 89% (normal BW).
- Higher mortality rates for nonsmoking mothers.
- Disregarding birth weight, smoking correlates with lower mortality.

3. The single word answer: 'Yes' or 'No'
No"
862,no,"1. To determine if the chance of tanned skin is smaller when observing tanning salon treatment, we need to compare the probabilities of having tanned skin with and without the treatment. The probability of tanning salon treatment and tanned skin is 27%. The probability of no tanning salon treatment and tanned skin is 6%. We must first find the overall probability of having tanned skin when there is tanning salon treatment. Given that the overall probability of tanning salon treatment is 91%, the probability of tanned skin with tanning salon treatment can be calculated as the probability of tanning salon treatment and tanned skin (27%) divided by the overall probability of tanning salon treatment (91%), which results in approximately 29.67%. Therefore, the probability of having tanned skin without tanning salon treatment is 6%. Comparing the two, 29.67% (with treatment) is larger than 6% (without treatment). Thus, the chance of tanned skin is not smaller when observing tanning salon treatment.

2. Summary:
   - Probability of tanning salon treatment and tanned skin: 27%.
   - Probability of no tanning salon treatment and tanned skin: 6%.
   - Probability of tanned skin with treatment: 27% / 91% ≈ 29.67%.
   - Compare 29.67% (with treatment) to 6% (without treatment).
   - 29.67% is larger than 6%.

3. No"
863,yes,"step-by-step summary of the reasoning:

- Small stones: 98% recovery without treatment, 85% with treatment.
- Large stones: 23% recovery without treatment, 9% with treatment.
- Both small and large stones show higher recovery without treatment.
- 57% probability of having large stones.
- Overall, recovery more likely without treatment.

3. The single word answer:

Yes"
864,yes,"step-by-step summary of the reasoning:

- Probability without lighting a match: 71%
- Probability with lighting a match: 57%
- Compare: 57% < 71%
- Conclusion: Lighting a match decreases the probability of fire.

3. The single word answer: 'Yes' or 'No'

No"
865,no,"step-by-step summary of the reasoning:
- Method 1 provides a broad overview of vaccine impacts on populations.
- Method 2 offers personalized insights based on individual pre-conditions.
- Both methods are important but serve different purposes.
- Method 1 is not more correct than Method 2; both are necessary for comprehensive understanding.

3. The single word answer:
No"
866,yes,"Step-by-step:
   - Calculate probability of intelligent child with intelligent parents.
   - Calculate probability of intelligent child with unintelligent parents.
   - Combine probabilities based on parent distribution.
   - Compare overall probability to 50%.

3. Yes"
867,yes,"1. To determine how season affects the ground, Method 1, which looks at the general correlation between season and ground, provides a broader perspective. It gives an overall view without considering specific variables like sprinklers, which may introduce additional factors affecting the ground. In contrast, Method 2 focuses on individual cases by considering how sprinklers might influence this correlation. While Method 2 can offer detailed insights for specific scenarios, Method 1 is more appropriate for understanding the general effect of season on the ground since it eliminates confounding variables like sprinklers and focuses solely on the season's impact.

2. Summary:
   - Method 1 examines the general impact of season on ground.
   - Method 2 considers individual cases with sprinkler influence.
   - For a broad understanding of season's effect, Method 1 is more correct.

3. Yes"
868,no,"1. To determine if the chance of penguin death is larger when observing taking the elevator, we need to compare the conditional probabilities of penguin death given taking the elevator and taking the stairs. The probability of taking the elevator and penguin death is 30%, and the overall probability of taking the elevator is 72%. Therefore, the conditional probability of penguin death given taking the elevator is \( \frac{30\%}{72\%} \approx 41.67\% \). For taking the stairs, the probability of taking the stairs is \( 100\% - 72\% = 28\% \), and the probability of taking the stairs and penguin death is 14%. Thus, the conditional probability of penguin death given taking the stairs is \( \frac{14\%}{28\%} = 50\% \). Since 41.67% is less than 50%, the chance of penguin death is not larger when observing taking the elevator.

2. Summary:
   - Calculate conditional probability of penguin death given elevator: \( \frac{30\%}{72\%} \approx 41.67\% \)
   - Calculate conditional probability of penguin death given stairs: \( \frac{14\%}{28\%} = 50\% \)
   - Compare: 41.67% (elevator) < 50% (stairs)

3. No"
869,yes,"step-by-step summary of the reasoning:
- Probability of healthy heart without medication: 45%
- Probability of healthy heart with medication: 31%
- Compare the probabilities: 31% is less than 45%
- Conclusion: Taking medication decreases the chance of a healthy heart.

3. The single word answer: 'Yes' or 'No'
No"
870,yes,"step-by-step summary of the reasoning:
- Method 1 considers gender differences, potentially revealing interaction effects.
- Method 2 aggregates data, possibly obscuring important variations.
- Understanding treatment effects may require accounting for gender differences.
- Therefore, Method 1 is more suitable for a comprehensive analysis.

3. The single word answer:
Yes"
871,no,"Step-by-step reasoning:
   - Probability of ringing alarm when not set: 90%
   - Probability of ringing alarm when set: 25%
   - Compare: 90% is greater than 25%
   - Conclusion: It is less likely to see a ringing alarm when the alarm is set.

3. No"
872,no,"step-by-step summary of the reasoning:

- Compare probabilities: Low tax areas (more smoking) have a lower probability of normal birth weight (21%).
- High tax areas (less smoking) have a higher probability of normal birth weight (34%).
- More smoking mothers correlate with lower normal birth weight probability.
- Conclusion: Smoking mothers do not increase the chances of normal birth weight.

3. The single word answer: 'No'"
873,yes,"step-by-step summary of the reasoning:
- Calculate P(Lung Cancer | Smoking) = 44% / 85% ≈ 51.76%
- Calculate P(Lung Cancer | Nonsmoking) = 9% / 15% = 60%
- Compare: 51.76% < 60%

3. The single word answer: 'Yes' or 'No'
Yes"
874,yes,"step-by-step summary of the reasoning:

- Probability of an intelligent child with unintelligent parents is 73%.
- Probability of an intelligent child with intelligent parents is 46%.
- 73% is greater than 46%, making it more likely with unintelligent parents.
- Therefore, it is not less likely to see an intelligent child with unintelligent parents.

3. The single word answer: 'Yes' or 'No' 

No"
875,no,"Step-by-step summary:
   - Compare probabilities: Non-male acceptance is 68%, male acceptance is 38%.
   - Non-male probability is higher than male probability.
   - If a male were not male, acceptance probability would increase.
   - It would not be less likely for non-male acceptance.

3. No"
876,yes,"step-by-step summary of the reasoning:

- Method 1 considers different traffic conditions, offering a detailed analysis.
- Method 2 looks at the general correlation, potentially missing specific factors.
- Understanding specific conditions provides a more accurate picture.
- Thus, Method 1 is more likely to yield better insights.

3. The single word answer: 'Yes'"
877,no,"Step-by-step:
   - Calculate tanned skin from salon users: 85% * 35% = 29.75%
   - Calculate tanned skin from non-salon users: 15% * 75% = 11.25%
   - Total tanned skin probability = 29.75% + 11.25% = 41%
   - Calculate pale skin from salon users: 85% * 65% = 55.25%
   - Calculate pale skin from non-salon users: 15% * 25% = 3.75%
   - Total pale skin probability = 55.25% + 3.75% = 59%
   - Compare: 41% tanned vs 59% pale

3. No"
878,yes,"step-by-step summary of the reasoning:

- Method 1 looks at overall correlations in general.
- Method 2 examines specific cases influenced by the candle.
- For understanding broad impacts, a general approach (Method 1) is more suitable.

3. The single word answer:

Yes"
879,yes,"Step-by-step summary:
   - Calculate \( P(\text{penguin death | elevator}) = \frac{38\%}{77\%} \approx 49.35\% \).
   - Calculate \( P(\text{penguin death | stairs}) = \frac{10\%}{23\%} \approx 43.48\% \).
   - Compare: 49.35% (elevator) > 43.48% (stairs).

3. Yes"
880,yes,"1. Based on the information given, Alice's timely arrival at school is affected by two factors: waking up late and heavy traffic. Since it is observed that there is no traffic, the only remaining factor that could cause Alice to be late is waking up late. Therefore, if Alice wakes up late, it is likely that she will arrive at school late, as there is no traffic to mitigate the delay caused by waking up late.

2. - Identify the factors affecting timely arrival: waking up late and heavy traffic.
   - Note that traffic is not present, leaving waking up late as the only factor.
   - Conclude that waking up late will likely result in being late to school.

3. Yes"
881,yes,"1. To determine if a long lifespan is more likely than a short lifespan overall, we need to calculate the overall probability of a long lifespan. We have two groups: normal weight and obese people. The probability of obesity is 19%, meaning that 81% of people are not obese. The probability of a long lifespan for normal weight people is 78%, and for obese people, it is 47%. To find the overall probability of a long lifespan, we calculate the weighted average: (0.81 * 0.78) + (0.19 * 0.47) = 0.6318 + 0.0893 = 0.7211, or 72.11%. Since 72.11% is greater than 50%, a long lifespan is more likely than a short lifespan overall.

2. 
- Determine non-obese probability: 81%.
- Calculate long lifespan for non-obese: 81% * 78% = 63.18%.
- Calculate long lifespan for obese: 19% * 47% = 8.93%.
- Add probabilities: 63.18% + 8.93% = 72.11%.
- 72.11% > 50%, so long lifespan is more likely.

3. Yes"
882,no,"1. The question asks if the prisoner would be alive if the captain ordered execution instead of release. The captain's order to execute directly causes the corporal and private to shoot. This shooting, in turn, causes the prisoner's death. If the captain ordered release instead, neither the corporal nor the private would shoot, and the prisoner would remain alive. Therefore, if the captain orders execution, the prisoner cannot be alive since their death is a direct consequence of the shooting triggered by the order.

2. - The captain's order to execute leads to shooting.
   - Shooting by the corporal or private causes death.
   - If the captain orders execution, the prisoner cannot be alive.

3. No"
883,yes,"step-by-step summary of the reasoning:

- Identify probabilities for scenarios where managers do not sign (54%, 70%).
- Identify probabilities for scenarios where managers do sign (14%, 27%).
- Compare probabilities: 14% and 27% are lower than 54% and 70%.
- Conclude that signing correlates with a lower probability of firing.

3. The single word answer: 'Yes' or 'No'

No"
884,yes,"step-by-step summary of the reasoning:

- Calculate the probability of lung cancer for nonsmokers: \(27.32%\).
- Calculate the probability of lung cancer for smokers: \(36.18%\).
- Compare the probabilities: smokers have a higher probability.
- Conclusion: Smoking increases the chance of lung cancer.

3. The single word answer: 'Yes' or 'No'

No"
885,yes,"step-by-step summary of the reasoning:
- The correlation coefficient is -0.04, indicating a very weak relationship.
- This value is close to zero, suggesting no meaningful statistical connection.
- Thus, kindness does not have a significant effect on attractive appearance.

3. The single word answer: 'Yes' or 'No'
No"
886,yes,"1. To understand how water quality affects cholera, Method 1, which examines the correlation case by case according to poverty, may provide a more nuanced understanding. Poverty can influence access to clean water and sanitation, and it may also affect the severity and spread of cholera. By considering the variable of poverty, Method 1 can potentially identify underlying factors and reveal more targeted insights into how water quality specifically impacts cholera in different contexts. On the other hand, Method 2 offers a broader view without considering socio-economic factors. While both methods are valuable, Method 1 is more likely to provide a comprehensive understanding by addressing an influential variable like poverty.

2. Summary:
   - Method 1 includes poverty as a variable affecting water quality and cholera.
   - Poverty impacts access to clean water and sanitation.
   - Method 1 offers a more detailed understanding of specific contexts.
   - Method 2 provides a broader, less detailed correlation.

3. Yes"
887,no,"1. To determine if the chance of tanned skin is smaller when observing tanning salon treatment, we need to compare probabilities. We know the probability of tanning salon treatment is 93%, and the probability of tanning salon treatment and tanned skin is 26%. Thus, the probability of tanned skin given tanning salon treatment is 26% / 93% ≈ 27.96%. Meanwhile, the probability of tanned skin without tanning salon treatment is 5%. Since 27.96% is greater than 5%, the chance of tanned skin is actually larger when observing tanning salon treatment.

2. - Calculate the probability of tanned skin with tanning salon treatment: 26% / 93% ≈ 27.96%.
   - Compare with the probability of tanned skin without treatment: 5%.
   - Since 27.96% > 5%, the chance is larger with treatment.

3. No"
888,no,"1. To determine if the forest is less likely to be on fire than not, we need to calculate the overall probability of the forest being on fire. We have two scenarios: campers lighting a match and those not lighting a match. First, calculate the probability of the forest being on fire if the camper lights a match: 93% of campers light a match, and in this case, there's a 65% chance of fire. Thus, the probability contribution from this scenario is 0.93 * 0.65 = 0.6045 or 60.45%. For campers who don't light a match (7% of cases), the probability of fire is 79%, yielding a contribution of 0.07 * 0.79 = 0.0553 or 5.53%. Adding these, the overall probability of the forest being on fire is 60.45% + 5.53% = 65.98%. Since this is greater than 50%, the forest is more likely to be on fire than not.

2. Summary:
   - Calculate fire probability with match: 93% * 65% = 60.45%
   - Calculate fire probability without match: 7% * 79% = 5.53%
   - Total fire probability = 60.45% + 5.53% = 65.98%
   - Since 65.98% > 50%, the forest is more likely to be on fire.

3. No"
889,no,"1. To determine how vaccination affects disease, Method 1 provides a broad view by examining the general correlation between vaccination rates and disease occurrence. This can highlight overall trends and the general effectiveness of vaccines. However, Method 2, which analyzes the correlation on a case-by-case basis considering pre-conditions, allows for a more detailed understanding of how different factors influence vaccine effectiveness. This method can identify specific conditions under which vaccines work best or are less effective. Therefore, while Method 1 provides a general picture, Method 2 offers a more nuanced analysis, making it a more correct approach for understanding the complexities of vaccination effects.

2. Summary:
   - Method 1 gives a broad correlation view.
   - Method 2 considers individual pre-conditions.
   - Method 2 offers a more detailed understanding.
   - Method 2 is more correct for nuanced analysis.

3. No"
890,no,"1. To determine if the chance of a high salary is larger for those with a college degree or higher, we need to compare conditional probabilities. We are given that the probability of having a college degree or higher (P(C)) is 50%, and that the probability of having a college degree or higher and a high salary (P(C ∩ H)) is 16%. Hence, the conditional probability of having a high salary given a college degree or higher (P(H|C)) is calculated as P(C ∩ H) / P(C) = 16% / 50% = 0.32 or 32%. For those with a high school degree or lower, the probability of a high salary (P(L ∩ H)) is 34%. Since the probability of high school degree or lower (P(L)) is 50% (complement of college degree or higher), the conditional probability of having a high salary given a high school degree or lower (P(H|L)) is 34% / 50% = 0.68 or 68%. Therefore, the chance of a high salary is actually larger for those with a high school degree or lower, not for those with a college degree or higher.

2. Summary:
   - Calculate P(H|C) = P(C ∩ H) / P(C) = 16% / 50% = 32%
   - Calculate P(H|L) = P(L ∩ H) / P(L) = 34% / 50% = 68%
   - Compare: 32% for college degree or higher vs. 68% for high school degree or lower
   - Conclusion: The chance of high salary is not larger for college degree or higher.

3. No"
891,no,"step-by-step summary of the reasoning:

- Small stones: 95% recovery without treatment, 81% with treatment.
- Large stones: 17% recovery without treatment, 6% with treatment.
- Treatment decreases recovery probability for both small and large stones.
- Therefore, treatment does not increase the overall chance of recovery.

3. The single word answer: 'No'

No"
892,yes,"1. Since arriving at school on time is affected by either waking up late or encountering heavy traffic, and given that there is no traffic as observed, the only factor left that could cause a delay is waking up late. If Alice wakes up on time, the absence of traffic ensures there are no additional delays. Therefore, she is likely to arrive at school on time.

2. - Identify factors causing delay: waking up late and heavy traffic.
   - Observe no traffic: eliminates one delay factor.
   - Consider waking up on time: removes the other delay factor.
   - Conclusion: Alice should arrive on time.

3. Yes"
893,yes,"Step-by-step summary:
   - Probability of intelligent parents and intelligent child is 5%.
   - Probability of intelligent parents is 19%.
   - Calculate conditional probability: 5% / 19% = 26.32%.
   - Without other data, 26.32% suggests a larger chance given intelligent parents.

3. Yes"
894,no,"1. To determine if the child would be intelligent with unintelligent parents, we must consider the causal relationships given. Intelligent parents or an active confounder lead to high parental social status, which, along with intelligent parents and an active confounder, causes an intelligent child. Since the confounder is inactive, it can't contribute to high social status or directly to the child's intelligence. With unintelligent parents, high parental social status is unlikely, removing a key factor for the child's intelligence. Therefore, without intelligent parents or an active confounder, the likelihood of the child being intelligent is reduced.

2. Summary:
   - Intelligent parents or active confounder needed for high social status.
   - High social status, intelligent parents, and active confounder needed for intelligent child.
   - Confounder is inactive, limits pathways to intelligence.
   - Unintelligent parents unlikely to provide high social status.
   - Child likely not intelligent without these factors.

3. No"
895,yes,"1. To determine if the chance of lung cancer is larger when observing smoking, we need to compare the probability of lung cancer among smokers with that among nonsmokers. The probability of smoking is 45%. The probability of nonsmoking and lung cancer is 42%, and the probability of smoking and lung cancer is 41%. For smokers, the probability of lung cancer given smoking is calculated as (Probability of smoking and lung cancer) / (Probability of smoking) = 41% / 45%. For nonsmokers, the probability of lung cancer given nonsmoking is (Probability of nonsmoking and lung cancer) / (Probability of nonsmoking) = 42% / (1 - 45%). Calculating these values, the probability of lung cancer given smoking is approximately 91.11%, and the probability of lung cancer given nonsmoking is approximately 76.36%. Therefore, the chance of lung cancer is larger when observing smoking.

2. Summary:
   - Calculate lung cancer probability among smokers: 41% / 45% ≈ 91.11%
   - Calculate lung cancer probability among nonsmokers: 42% / 55% ≈ 76.36%
   - Compare the probabilities: 91.11% (smokers) > 76.36% (nonsmokers)

3. Yes"
896,yes,"Step-by-step summary:
   - Method 1 considers kidney stone size, allowing for detailed analysis.
   - Method 2 aggregates data, potentially obscuring important variables.
   - Method 1 avoids misleading results due to Simpson's paradox.
   - Therefore, Method 1 provides a more accurate understanding.

3. Yes"
897,yes,"1. The question involves several causal relationships. Initially, intelligent parents and an active confounder lead to high parental social status. Separately, intelligent parents, an active confounder, or high parental social status can lead to an intelligent child. Since the confounder is inactive, its influence is removed from the scenario. Thus, the primary factors influencing the child's intelligence are the parents' intelligence and their social status. If the parents are unintelligent, the child's intelligence would depend on parental social status, which is influenced by the confounder. However, since the confounder is inactive, high parental social status cannot be assumed. Therefore, if the parents are unintelligent and the confounder is inactive, the child is less likely to be intelligent.

2. - Intelligent parents and active confounder lead to high social status.
   - Intelligent parents or high social status lead to intelligent child.
   - Confounder is inactive, removing its influence.
   - Unintelligent parents and inactive confounder likely result in low social status.
   - Low social status and unintelligent parents reduce chances of intelligent child.

3. Yes"
898,no,"1. To determine if the chance of penguin death is larger when taking the elevator, we need to compare the conditional probabilities of penguin death given the mode of transport. The probability of taking the elevator is 16%, and the probability of taking the elevator and penguin death is 9%. Thus, the probability of penguin death given taking the elevator is 9% / 16% = 56.25%. On the other hand, the probability of taking the stairs is 84% (100% - 16%), and the probability of taking the stairs and penguin death is 76%. Thus, the probability of penguin death given taking the stairs is 76% / 84% ≈ 90.48%. Since 90.48% (stairs) is greater than 56.25% (elevator), the chance of penguin death is not larger when observing taking the elevator.

2. Summary:
   - Calculate the probability of penguin death given taking the elevator: 9% / 16% = 56.25%.
   - Calculate the probability of penguin death given taking the stairs: 76% / 84% ≈ 90.48%.
   - Compare the two probabilities: 90.48% (stairs) > 56.25% (elevator).

3. No"
899,yes,"1. To determine how season affects the ground, Method 1, which considers the general correlation between season and ground, provides a broad perspective. It allows us to identify overall trends and patterns without being influenced by specific variables like sprinklers. Method 2, on the other hand, considers the correlation on a case-by-case basis, factoring in the presence of sprinklers. While this method may offer more detailed insights, it introduces a specific variable that could skew the understanding of the direct impact of season alone. Therefore, if the goal is to understand how season affects the ground in general, Method 1 is more appropriate as it isolates the variable of interest without confounding factors.

2. Summary:
   - Method 1 provides a general view of season-ground correlation.
   - Method 2 adds complexity by including sprinklers as a variable.
   - To isolate the effect of season, Method 1 is more appropriate.

3. Yes"
900,yes,"1. To determine how supply affects price, it's crucial to consider the role of demand. Method 1 offers a more nuanced approach by examining specific cases where supply, price, and demand interact. This method accounts for variations in demand, which can significantly influence price fluctuations. In contrast, Method 2 looks at the correlation between supply and price without considering the demand factor, which might oversimplify the relationship. Thus, Method 1 is more comprehensive and likely to yield a more accurate understanding of how supply affects price.

2. - Method 1 considers supply, price, and demand case by case.
   - This approach accounts for demand variations affecting price.
   - Method 2 overlooks demand, potentially oversimplifying.
   - Therefore, Method 1 provides a more accurate analysis.

3. Yes"
901,yes,"step-by-step summary of the reasoning:

- Probability of high score without encouragement: 31%
- Probability of high score with encouragement: 69%
- 69% is greater than 31%
- Encouragement increases the probability of a high score

3. The single word answer:

Yes"
902,no,"1. To determine if the chance of admission acceptance is larger when observing male gender, we need to compare the probabilities of acceptance for males and non-males. The probability of male gender is 1%, and within this group, the probability of admission acceptance is also 1%. This implies that among males, the chance of being accepted is 1% of 1%, which is 0.01%. For non-males, the probability of being accepted is 80%. Since 80% is significantly larger than 0.01%, the chance of admission acceptance is not larger when observing male gender.

2. - Calculate probability of acceptance for males: 1% of 1% = 0.01%
   - Probability of acceptance for non-males: 80%
   - Compare: 0.01% (males) vs. 80% (non-males)
   - Conclusion: 80% is larger than 0.01%

3. No"
903,yes,"1. To determine if the chance of smallpox survival is larger when vaccinated, we need to compare the probabilities of survival with and without vaccination. The probability of survival with vaccination is given as 26%. The probability of lack of vaccination and survival is 8%, which suggests that without vaccination, the survival probability is lower. Since 26% (with vaccination) is greater than 8% (without vaccination), the chance of survival is indeed larger when vaccinated.

2. Summary:
   - Probability of survival with vaccination: 26%
   - Probability of survival without vaccination: 8%
   - Compare: 26% > 8%
   - Conclusion: Survival chance is greater with vaccination.

3. Yes"
904,yes,"step-by-step summary of the reasoning:

- Method 1 provides a general correlation without considering specific variables.
- Method 2 accounts for traffic, a critical factor affecting travel time.
- Understanding the impact of waking up on arrival time requires context-specific analysis.
- Therefore, Method 2 is more suitable for this purpose.

3. The single word answer: 'Yes' or 'No':

No"
905,yes,"Step-by-step summary:
   - Probability of not taking medication: 95%
   - Healthy heart probability for not taking medication: 69%
   - Healthy heart probability for taking medication: 51%
   - Overall healthy heart probability: \(0.95 \times 0.69 + 0.05 \times 0.51 = 0.681\)
   - Overall heart problem probability: \(1 - 0.681 = 0.319\)
   - Compare probabilities: 68.1% (healthy) > 31.9% (problems)

3. Yes"
906,no,"Step-by-step summary:
   - Probability of high score without encouragement: 28%
   - Probability of high score with encouragement: 71%
   - Encouragement increases the probability from 28% to 71%, not decreases it.

3. No"
907,no,"1. To determine if a high salary is less likely than a low salary overall, we need to calculate the overall probability of a high salary. We have two groups: those with a college degree or higher and those without. The probability of having a college degree is 23%, which means the probability of not having a degree is 77%. For those without a degree, the probability of a high salary is 79%, and for those with a degree, it is 29%. The overall probability of a high salary is calculated as follows:

\[ P(\text{High Salary}) = P(\text{High Salary | No Degree}) \times P(\text{No Degree}) + P(\text{High Salary | Degree}) \times P(\text{Degree}) \]

\[ P(\text{High Salary}) = 0.79 \times 0.77 + 0.29 \times 0.23 \]

\[ P(\text{High Salary}) = 0.6083 + 0.0667 = 0.675 \]

Thus, the probability of a high salary overall is 67.5%, which means the probability of a low salary is 32.5%. Since 67.5% (high salary) is greater than 32.5% (low salary), a high salary is more likely overall.

2. Summary:
   - Probability of a college degree: 23%, no degree: 77%
   - Calculate high salary for each group: 79% (no degree), 29% (degree)
   - Overall high salary probability: 67.5%
   - Compare to low salary probability: 32.5%
   - High salary is more likely

3. No"
908,yes,"step-by-step summary of the reasoning:
- Compare recovery probabilities for no pre-conditions: 14% (without) vs. 25% (with).
- Compare recovery probabilities for pre-conditions: 87% (without) vs. 98% (with).
- In both scenarios, the probability of recovery is higher with the vaccine.

3. The single word answer: 'Yes'"
909,yes,"step-by-step summary of the reasoning:
- Probability of intelligent child with unintelligent parents: 31%
- Probability of intelligent child with intelligent parents: 62%
- 62% is greater than 31%, indicating an increase, not a decrease.
- Intelligent parents increase the chance of an intelligent child.

3. The single word answer: 'Yes' or 'No'
No"
910,yes,"step-by-step summary of the reasoning:
- Probability of high salary without a degree: 61%
- Probability of high salary with a degree: 81%
- Compare 61% and 81%
- 81% is greater than 61%
- Conclusion: A degree increases the chance of a high salary

3. The single word answer: 'Yes' or 'No'
No"
911,yes,"step-by-step summary of the reasoning:

- Normal weight people have a 59% probability of a long lifespan.
- Obese people have a 79% probability of a long lifespan.
- 79% is greater than 59%, indicating a higher chance for obese people.
- Therefore, obesity does not decrease the chance of a long lifespan.

3. The single word answer: 'Yes' or 'No'

No"
912,yes,"step-by-step summary of the reasoning:

- A correlation of -0.00 indicates no relationship.
- Talent and being hard-working are not linearly related.
- Within this group, talent does not affect being hard-working.

3. The single word answer: 'Yes' or 'No'

No"
913,yes,"1. To determine how a husband affects an alarm clock, Method 1 evaluates the relationship on a case-by-case basis, considering individual differences as reported by the wife. This approach provides detailed insights into specific scenarios, capturing nuances and unique interactions. Method 2, however, looks at the correlation in a general sense, considering broader trends without delving into individual cases. While Method 2 offers a wider overview, it may miss specific factors that could be critical in understanding the exact nature of the interaction. Therefore, to gain a more accurate understanding by considering detailed personal contexts, Method 1 is more suited. 

2. Summary:
   - Method 1 evaluates case-by-case, capturing specific nuances.
   - Method 2 provides a general overview, possibly missing details.
   - Detailed understanding benefits more from individual context.

3. Yes"
914,yes,"step-by-step summary of the reasoning:

- Scurvy is linked to Vitamin C deficiency.
- Citrus fruits are rich in Vitamin C.
- Probability of scurvy is 58% without citrus.
- Probability of scurvy is 32% with citrus.
- The decrease in probability from 58% to 32% suggests citrus reduces scurvy risk.

3. The single word answer:

Yes"
915,yes,"1. To determine if low cholesterol is less likely than high cholesterol overall, we need to consider the probabilities provided. We have two groups: patients who have taken all assigned drugs and those who haven't taken any drugs. For those who have not taken any drugs, the probability of low cholesterol is 40%. For those who have taken all assigned drugs, the probability of low cholesterol is 66%. However, only 34% of patients have taken all assigned drugs. Let's calculate the overall probability of low cholesterol by considering both groups. Assume 100 patients for simplicity: 34 patients take all drugs and 66 do not. For the 34 patients, 66% have low cholesterol, resulting in about 22.44 patients. For the 66 patients, 40% have low cholesterol, resulting in about 26.4 patients. Overall, about 48.84 patients out of 100 have low cholesterol, which is approximately 48.84%. Since 48.84% is less than 50%, low cholesterol is less likely than high cholesterol overall.

2. Summary:
   - Calculate low cholesterol for drug-taking patients (34% of 100 patients).
   - Calculate low cholesterol for non-drug-taking patients (66% of 100 patients).
   - Sum these probabilities to find the overall probability of low cholesterol.
   - Compare to 50% to determine if low cholesterol is less likely than high cholesterol.

3. Yes"
916,no,"step-by-step summary of the reasoning:
- Check lifespan probabilities for normal weight and obese people with and without diabetes.
- Note that diabetes reduces lifespan probabilities in both weight categories.
- Recognize obesity increases the likelihood of diabetes and decreases lifespan.
- Conclude obesity does not improve lifespan outcomes through diabetes.

3. The single word answer:
No"
917,yes,"1. To determine whether a high exam score is less likely than a low exam score overall, we need to calculate the total probability of a high exam score. We know that 98% of students are encouraged, and for these students, the probability of a high exam score is 46%. For the 2% of students who are not encouraged, the probability of a high exam score is 72%. The total probability of a high exam score is calculated by weighting these probabilities by the percentage of students in each group: (0.98 * 0.46) + (0.02 * 0.72) = 0.4508 + 0.0144 = 0.4652, or 46.52%. Since 46.52% is less than 50%, a high exam score is indeed less likely than a low exam score overall.

2. Summary:
   - Encouraged students: 98% with 46% high score probability.
   - Not encouraged students: 2% with 72% high score probability.
   - Total high score probability: (0.98 * 0.46) + (0.02 * 0.72) = 46.52%.
   - High score probability (46.52%) is less than 50%.

3. Yes"
918,no,"1. To determine if the chance of lung cancer is larger when observing smoking, we compare the probabilities of lung cancer for smokers and nonsmokers. We know that the probability of smoking is 62%, the probability of nonsmoking and lung cancer is 19%, and the probability of smoking and lung cancer is 41%. The probability of lung cancer for smokers is 41% (since it's given directly). For nonsmokers, we need to consider the probability of lung cancer given nonsmoking. If the total probability of nonsmoking is 38% (100% - 62%), then the probability of lung cancer given nonsmoking is 19% divided by 38%, which is 50%. Therefore, the chance of lung cancer is actually larger when observing nonsmoking (50%) compared to smoking (41%).

2. - Probability of smoking is 62%.
   - Probability of smoking and lung cancer is 41%.
   - Probability of nonsmoking is 38%.
   - Probability of nonsmoking and lung cancer is 19%.
   - Probability of lung cancer given nonsmoking is 50%.
   - Compare: 50% (nonsmoking) vs. 41% (smoking).

3. No"
919,no,"Step-by-step:
   - Compare the probability of arriving on time when waking up on time (47%) with when waking up late (86%).
   - 86% is greater than 47%, indicating a higher likelihood when waking up late.
   - Conclude it is not less likely to arrive on time if she had gotten up on time.

3. No"
920,yes,"step-by-step summary of the reasoning:
- Probability of healthy heart without medication: 67%
- Probability of healthy heart with medication: 44%
- Comparison shows a decrease from 67% to 44%
- Conclusion: Taking medication decreases the probability, not increases it

3. The single word answer: 'Yes' or 'No'
No"
921,no,"Step-by-step summary:
   - Method 1 looks at overall correlation without context, which may hide nuances.
   - Method 2 examines department-specific correlations, considering competitiveness.
   - Method 2 offers a more detailed and accurate understanding of gender effects.

3. No"
922,no,"1. To determine whether an infant would be born with low weight if the mother is smoking instead of nonsmoking, we need to consider the relationships and conditions given. The confounder is active, which means it influences both the likelihood of a mother smoking and the infant's birth weight. A high cigarette tax, when combined with an active confounder, causes the mother to smoke. However, the cigarette tax is low in this scenario, which might suggest less likelihood of smoking, but the active confounder still has an influence. Since the confounder can lead to smoking and smoking is known to cause lower birth weights, if the mother smokes, it is more likely that the infant will have a low birth weight compared to a nonsmoking mother, given the confounder's influence.

2. Summary:
   - Confounder active influences smoking and birth weight.
   - Low cigarette tax might reduce smoking probability, but confounder still active.
   - Smoking mother, influenced by confounder, likely leads to low birth weight.
   - Compared to nonsmoking, smoking increases likelihood of low birth weight.

3. No"
923,yes,"step-by-step summary of the reasoning:

- Lung cancer risk is heavily influenced by smoking.
- Method 1 considers smoking, allowing for a clearer understanding of the gene's independent effect.
- Method 2 ignores smoking, possibly leading to confounded results.
- Method 1 provides a more accurate analysis of the gene's role in lung cancer.

3. The single word answer: 'Yes' or 'No':

Yes"
924,no,"To determine if recovering from the disease is more likely than dying, we must compare the probabilities of recovery and death. The probability of getting the vaccine is 50%. For those vaccinated, the recovery rate is 68%, so the probability of recovery for this group is 0.5 * 0.68 = 0.34 or 34%. For those not vaccinated, the recovery rate is 30%, so the probability of recovery for this group is 0.5 * 0.30 = 0.15 or 15%. The total probability of recovery overall is 34% + 15% = 49%. Since there are only two possible outcomes (recovery or death), the probability of dying is 1 - 0.49 = 0.51 or 51%. Therefore, dying is more likely than recovering.

1. Calculate the recovery probability for vaccinated and unvaccinated groups separately. Add them to get the overall recovery probability. Compare this to the probability of dying (1 - overall recovery probability). Since 49% is less than 51%, dying is more likely.
2. 1) Vaccinated recovery probability: 34%. 2) Unvaccinated recovery probability: 15%. 3) Overall recovery probability: 49%. 4) Probability of dying: 51%. 5) Conclusion: Dying is more likely.
3. No"
925,yes,"step-by-step summary of the reasoning:

- For normal weight people, diabetes increases lifespan probability from 32% to 60%.
- For obese people, diabetes increases lifespan probability from 57% to 86%.
- In both groups, diabetes correlates with a higher lifespan probability.
- Thus, obesity does not negatively affect lifespan through diabetes according to the given data.

3. The single word answer: 'Yes' or 'No'

No"
926,no,"Step-by-step summary:
   - Calculate overall lung cancer probability for smokers and nonsmokers.
   - Use weighted average: \(0.5 \times 0.37 + 0.5 \times 0.40 = 0.385\).
   - Compare 38.5% to 50%.
   - Conclude lung cancer is less likely than its absence.

3. No"
927,no,"1. To determine whether the chance of a healthy heart is larger when taking medication, we need to analyze the given probabilities. We know the probability of taking medication is 14%, and the probability of taking medication and having a healthy heart is 5%. The probability of not taking medication and having a healthy heart is 53%. First, we calculate the probability of a healthy heart when taking medication: this is 5% / 14% (since we're looking at the conditional probability). Second, we calculate the probability of a healthy heart when not taking medication, which involves using the complement of the probability of taking medication (86%) and the probability of not taking medication and having a healthy heart (53%). Comparing these, the probability of a healthy heart is lower when taking medication than when not taking medication, hence the chance of a healthy heart is not larger when observing taking medication.

2. - Calculate the probability of a healthy heart when taking medication: 5% / 14%
   - Calculate the probability of not taking medication: 86%
   - Probability of a healthy heart when not taking medication: 53% / 86%
   - Compare these probabilities: the chance is lower with medication

3. No"
928,yes,"step-by-step summary of the reasoning:

- Smoking increases the probability of high tar deposits (83% vs. 56% for nonsmokers).
- Smokers have a higher probability of lung cancer with no tar deposit (48% vs. 42% for nonsmokers).
- Overall, smoking correlates with increased lung cancer risk due to higher tar deposit probability, indicating a negative effect.

3. The single word answer: 'Yes'"
929,yes,"step-by-step summary of the reasoning:

- Smoking increases the likelihood of high tar deposits (93% for smokers vs. 62% for nonsmokers).
- The probability of lung cancer with high tar deposits is lower for smokers (70%) than for nonsmokers (96%).
- Therefore, smoking does not positively affect lung cancer through tar deposits.

3. The single word answer: 'Yes' or 'No'

No"
930,no,"Step-by-step reasoning:
   - Without medication, high BP probability: 37%; healthy heart with high BP: 77%.
   - With medication, high BP probability: 60%; healthy heart with high BP: 46%.
   - Medication increases high BP probability and decreases healthy heart probability.
   - Conclusion: Medication does not positively affect heart condition through BP.

3. No"
931,no,"Step-by-step summary:
   - Calculate fire probability with match: 0.99 * 0.45 = 44.55%.
   - Calculate fire probability without match: 0.01 * 0.78 = 0.78%.
   - Total fire probability: 44.55% + 0.78% = 45.33%.
   - Probability of not on fire: 100% - 45.33% = 54.67%.
   - Compare: 45.33% (fire) vs. 54.67% (not on fire).

3. No"
932,yes,"step-by-step summary of the reasoning:

- Patients not consuming citrus have a 54% chance of scurvy.
- Patients consuming citrus have a 24% chance of scurvy.
- The probability of scurvy is lower with citrus consumption.
- Therefore, citrus intake decreases the chance of scurvy.

3. The single word answer: 'Yes' or 'No'

No"
933,no,"1. To understand how education level affects salary, it's important to consider the presence of unobserved confounders that might influence the correlation. Method 1 involves looking at the general correlation between education and salary, which can provide a broad overview but might overlook specific circumstances that could affect the outcome. Method 2, on the other hand, takes into account these unobserved confounders on a case-by-case basis, providing a more detailed and potentially accurate analysis. Therefore, while Method 1 can offer general insights, Method 2 is likely more correct for understanding the causal relationship because it accounts for additional variables that might skew the results.

2. Summary:
   - Method 1 provides a general correlation overview.
   - Method 2 considers unobserved confounders case by case.
   - Method 2 likely offers a more accurate understanding of the causal relationship.

3. No"
934,yes,"1. To determine if the chance of low cholesterol is larger when taking all assigned drugs, we need to compare the probabilities of low cholesterol in two scenarios: taking all assigned drugs and not taking any drugs. We have the following probabilities: the probability of taking all assigned drugs and having low cholesterol is 13%, and not taking any drugs and having low cholesterol is 21%. Additionally, the probability of taking all assigned drugs overall is 51%. If we focus on low cholesterol when drugs are taken, it is 13% out of 51%, which is approximately 25.5%. This indicates a higher chance of low cholesterol when taking all drugs compared to not taking any drugs (21%).

2. Summary:
   - Probability of taking all drugs and low cholesterol: 13%
   - Probability of not taking any drugs and low cholesterol: 21%
   - Overall probability of taking all drugs: 51%
   - Calculate low cholesterol probability when taking all drugs: 13% out of 51% = 25.5%
   - Compare: 25.5% (taking drugs) vs. 21% (not taking drugs)

3. Yes"
935,yes,"step-by-step summary of the reasoning

- Method 1 considers individual differences (blood pressure) case by case.
- Method 2 considers general correlation, ignoring individual differences.
- Method 1 offers more precision and tailored insights.

3. The single word answer: 'Yes'"
936,no,"1. To determine if the patient would not recover with a low hospital bill, we need to examine the relationships given. Old age is stated to cause a high hospital bill, and both old age and a high hospital bill are necessary for recovery. If the hospital bill is low, one of the necessary components for recovery (high hospital bill) is missing. Therefore, the patient is unlikely to recover because both conditions (old age and high hospital bill) are required for recovery, and one is absent.

2. Summary:
   - Old age causes a high hospital bill.
   - Recovery requires both old age and a high hospital bill.
   - A low hospital bill means one recovery condition is missing.
   - Therefore, the patient is unlikely to recover.

3. No"
937,no,"1. To understand how gender affects salary, it is more correct to use Method 2 than Method 1. Method 1, which considers the overall correlation between gender and salary, may overlook important nuances and confounding variables. Different occupations have varying salary structures and gender distributions, which can significantly affect the overall results. Method 2, by analyzing the correlation within specific occupations, allows for a more detailed and accurate understanding of how gender affects salary in different contexts. This approach controls for the variable of occupation, providing insights that are not biased by the differences in job types or industries.

2. Summary:
   - Method 1 overlooks nuances and confounding variables.
   - Different occupations have varying salary structures.
   - Method 2 provides detailed analysis within specific occupations.
   - Method 2 controls for occupation, offering accurate insights.

3. No"
938,no,"1. To determine if a high exam score is more likely than a low exam score overall, we need to calculate the probability of a high exam score for the entire group of students. We have two groups: encouraged and not encouraged. The probability of encouragement is 92%, meaning the probability of not being encouraged is 8%. For encouraged students, the probability of a high score is 25%. For not encouraged students, it's 42%. We calculate the overall probability of a high score as follows:

P(High score) = P(High score | Encouraged) * P(Encouraged) + P(High score | Not Encouraged) * P(Not Encouraged)
= (0.25 * 0.92) + (0.42 * 0.08)
= 0.23 + 0.0336
= 0.2636 or 26.36%

Since the probability of a high exam score (26.36%) is less than 50%, a low exam score is more likely.

2. Summary:
   - Calculate probabilities for encouraged (92%) and not encouraged (8%).
   - Find high score probabilities: 25% for encouraged, 42% for not encouraged.
   - Calculate overall high score probability: 26.36%.
   - Since 26.36% < 50%, low score is more likely.

3. No"
939,no,"1. To determine if the patient would recover without treatment, we need to analyze the logical connections provided. The first statement indicates that being male is a cause for receiving treatment, while the second statement suggests that either being male or receiving treatment leads to recovery. Since the patient is not male, we eliminate the influence of gender on both receiving treatment and recovery. The question asks if the patient would recover without treatment. Given that receiving treatment is a direct cause of recovery, and the patient would not automatically recover without it, we conclude that without treatment, recovery is unlikely.

2. Summary:
   - Not being male eliminates gender as a factor for receiving treatment and recovery.
   - Recovery depends on receiving treatment when not male.
   - Without treatment, the patient is unlikely to recover.

3. No"
940,no,"1. To determine whether the chance of recovery is larger when receiving treatment, we need to compare the probability of recovery with treatment versus without treatment. The probability of receiving treatment and recovering is 15%. Meanwhile, the probability of receiving no treatment and recovering is 35%. Since 15% is less than 35%, the chance of recovery is actually smaller when treatment is received compared to when no treatment is received. Thus, the chance of recovery is not larger when receiving treatment.

2. Summary:
   - Probability of recovery with treatment: 15%
   - Probability of recovery without treatment: 35%
   - 15% is less than 35%, so recovery chance is smaller with treatment.

3. No"
941,yes,"step-by-step summary of the reasoning:

- Identify the importance of controlling for confounders in causal analysis.
- Method 1 considers unobserved confounders case by case.
- Method 2 looks at general correlation without confounder control.
- Method 1 provides a more accurate causal understanding.

3. The single word answer:

Yes"
942,no,"Step-by-step summary:
   - Probability of waking up late: 49%
   - Probability of waking up late and arriving on time: 13%
   - Conditional probability of arriving on time given waking up late: 13% / 49% = 26.5%
   - Probability of waking up on time and arriving on time: 31%
   - Compare: 26.5% < 31%, so it's not larger when waking up late.

3. No"
943,no,"1. To determine whether an increased price is more likely than a reduced price overall, we need to consider the probabilities given for different supply scenarios. The probability of increased supply is 60%, and hence the probability of reduced supply is 40% (100% - 60%). For increased supply, the probability of increased price is 40%, and for reduced supply, it's 63%. We can calculate the overall probability of increased price as follows:

   - Probability of increased price with increased supply: 60% * 40% = 24%
   - Probability of increased price with reduced supply: 40% * 63% = 25.2%
   - Total probability of increased price = 24% + 25.2% = 49.2%

   Since the total probability of increased price is 49.2%, the probability of reduced price must be 100% - 49.2% = 50.8%. Therefore, an increased price is slightly less likely than a reduced price overall.

2. Summary:
   - Probability of increased supply = 60%
   - Probability of reduced supply = 40%
   - Increased price with increased supply = 24%
   - Increased price with reduced supply = 25.2%
   - Total probability of increased price = 49.2%
   - Total probability of reduced price = 50.8%
   - Increased price is less likely than reduced price.

3. No"
944,no,"1. To understand how gender affects salary accurately, it is generally more effective to use Method 2, where the correlation between gender and salary is analyzed case by case according to occupation. This is because different occupations have varying pay scales, and examining them individually can reveal disparities that might be hidden in a general analysis. Method 1 could overlook important nuances and lead to incorrect conclusions due to the aggregation of data across diverse fields with different pay dynamics. Therefore, Method 2 provides a more detailed and context-specific understanding of how gender impacts salary.

2. Summary:
   - Method 1 analyzes overall gender-salary correlation.
   - Method 2 examines correlation within specific occupations.
   - Occupation-specific analysis reveals hidden disparities.
   - Method 2 offers a more accurate understanding.

3. No"
945,yes,"1. To determine if it would be more likely to see recovery in patients receiving no treatment compared to those receiving treatment, we need to compare the probabilities of recovery for both groups. For patients receiving treatment, the probability of recovery varies by gender: 66% for those who are not male and 7% for males. Since 48% of patients are male, we can calculate the overall probability of recovery for patients receiving treatment. This is computed as: (0.52 * 0.66) + (0.48 * 0.07) = 0.3432 + 0.0336 = 0.3768 or 37.68%. For patients receiving no treatment, the probability of recovery is 97% for those who are not male and 39% for males. The overall probability of recovery for patients not receiving treatment is: (0.52 * 0.97) + (0.48 * 0.39) = 0.5044 + 0.1872 = 0.6916 or 69.16%. Comparing these, 69.16% is greater than 37.68%, indicating a higher likelihood of recovery for patients who received no treatment.

2. Summary:
   - Calculate recovery probability for treated patients: (0.52 * 66%) + (0.48 * 7%) = 37.68%.
   - Calculate recovery probability for untreated patients: (0.52 * 97%) + (0.48 * 39%) = 69.16%.
   - Compare: 69.16% (no treatment) vs. 37.68% (treatment).

3. Yes"
946,yes,"step-by-step summary of the reasoning:

- Method 1 looks at the general correlation between a gene and lung cancer.
- Method 2 considers the gene-lung cancer correlation based on smoking status.
- Smoking is a significant factor in lung cancer development.
- Method 2 provides a more detailed and accurate understanding by accounting for smoking.

3. The single word answer: 'Yes' or 'No'

No"
947,no,"1. To determine if it would be less likely for a male individual to see admission acceptance if they had not been male, we need to compare the probabilities of admission acceptance for males and non-males. The probability of admission acceptance for non-males is 90%, while for males, it is 44%. If the individual had not been male, the probability of acceptance would have been 90%, which is higher than 44%. Therefore, it would not be less likely; rather, it would be more likely for a male individual to see admission acceptance if they had not been male.

2. Summary:
   - Compare probabilities: Non-males (90%) vs. Males (44%).
   - 90% is greater than 44%.
   - More likely to be accepted if not male.

3. No"
948,yes,"step-by-step summary of the reasoning:

- Calculate non-male admission probability: (16% * 68%) + (84% * 42%) = 46.16%.
- Calculate male admission probability: (65% * 78%) + (35% * 45%) = 66.45%.
- Compare overall probabilities: 66.45% (male) > 46.16% (non-male).
- Conclusion: Gender positively affects admission status for males.

3. The single word answer: 'Yes' or 'No'

Yes"
949,no,"1. To determine if lung cancer is less likely than the absence of lung cancer overall, we need to calculate the overall probability of lung cancer. We have the probability of smoking (42%) and the probabilities of lung cancer for smokers (64%) and nonsmokers (55%). The probability of not smoking is 58% (100% - 42%). We calculate the overall probability of lung cancer by adding the contributions from smokers and nonsmokers:

   - Probability of lung cancer for smokers: \(0.42 \times 0.64 = 0.2688\)
   - Probability of lung cancer for nonsmokers: \(0.58 \times 0.55 = 0.319\)

   Adding these, the overall probability of lung cancer is \(0.2688 + 0.319 = 0.5878\) or 58.78%. Since 58.78% is greater than 50%, lung cancer is more likely than the absence of lung cancer overall.

2. - Calculate probability for smokers: 42% smoking, 64% cancer → 26.88%
   - Calculate probability for nonsmokers: 58% nonsmoking, 55% cancer → 31.9%
   - Total lung cancer probability: 26.88% + 31.9% = 58.78%
   - 58.78% > 50%, so lung cancer is more likely than its absence.

3. No"
950,no,"1. To determine if the chance of college admission is larger when observing smoking, we need to compare the probabilities of college admission given smoking and college admission given nonsmoking. The probability of smoking is 82%, meaning the probability of nonsmoking is 18%. The probability of smoking and college admission is 39%, and the probability of nonsmoking and college admission is 16%. The probability of college admission given smoking is calculated by dividing the probability of smoking and college admission (39%) by the probability of smoking (82%). This gives approximately 47.56%. For nonsmokers, the probability of college admission is calculated by dividing the probability of nonsmoking and college admission (16%) by the probability of nonsmoking (18%), which equals approximately 88.89%. Comparing the two, the probability of college admission is higher for nonsmokers than smokers.

2. Summary:
   - Probability of smoking is 82%, nonsmoking is 18%.
   - Probability of smoking and admission is 39%.
   - Probability of nonsmoking and admission is 16%.
   - College admission probability given smoking: 39% / 82% ≈ 47.56%.
   - College admission probability given nonsmoking: 16% / 18% ≈ 88.89%.
   - Conclusion: Admission probability is higher for nonsmokers.

3. No"
951,yes,"step-by-step summary of the reasoning:

- Method 1 considers context and specific factors like relationship status.
- It allows for detailed insights into how personality affects appearance.
- Method 2 lacks this nuance and may miss variations.
- Therefore, Method 1 is more appropriate for understanding the correlation.

3. The single word answer: 'Yes' or 'No'

Yes"
952,no,"Step-by-step summary:
   - Calculate recovery probability given high bill: \( \frac{10\%}{51\%} \approx 19.6\% \).
   - Calculate recovery probability given low bill: \( \frac{30\%}{49\%} \approx 61.2\% \).
   - Compare: 19.6% (high bill) vs. 61.2% (low bill).
   - Conclusion: Recovery chance is smaller with high bill.

3. No"
953,yes,"step-by-step summary of the reasoning:

- Method 1 considers unobserved confounders, leading to a more nuanced analysis.
- Confounders like experience and location can affect the education-salary relationship.
- Method 2's general approach might miss these important variables.
- Method 1 is more suitable for understanding the causal relationship.

3. The single word answer: 'Yes' or 'No' (only one of these, nothing else)

Yes"
954,yes,"1. To determine if talent is less likely than lack of talent overall, we need to consider the probabilities given for attractiveness and talent. The probability of being attractive is 42%, and for both attractive and unattractive individuals, the probability of talent is 14%. This suggests that talent is equally probable regardless of appearance. To find the overall probability of talent, we calculate it as a weighted average: (0.42 * 0.14) + (0.58 * 0.14) = 0.0588 + 0.0812 = 0.14 or 14%. Therefore, the overall probability of talent is 14%, which is less than 86% (the probability of lack of talent). Thus, talent is indeed less likely than lack of talent overall.

2. - Calculate the overall probability of talent: (probability of attractive * probability of talent given attractive) + (probability of unattractive * probability of talent given unattractive).
   - Use 42% for attractive and 58% for unattractive since probabilities must sum to 100%.
   - Both attractive and unattractive have a 14% talent probability.
   - Overall talent probability is 14%; lack of talent probability is 86%.
   - Talent is less likely than lack of talent.

3. Yes"
955,yes,"step-by-step summary of the reasoning:

- Pre-conditions are needed for recovery when combined with the vaccine.
- The person has no pre-conditions.
- Without pre-conditions, the vaccine alone cannot lead to recovery.
- Therefore, the person would not recover from the disease by getting the vaccine.

3. The single word answer: 'Yes' or 'No'

No"
956,yes,"step-by-step summary of the reasoning:

- Identify lifespan probabilities without considering diabetes: 75% for normal weight, 54% for obese.
- Compare these probabilities directly.
- Obese individuals have a lower probability (54%) compared to normal weight individuals (75%).
- Conclusion: Obesity negatively affects lifespan without considering diabetes.

3. The single word answer:

Yes"
957,yes,"step-by-step summary of the reasoning:
- Method 1 provides a general overview of cost-recovery correlation.
- Method 2 provides detailed insights across different age groups.
- Detailed insights help understand variations better.
- Method 2 is more correct for nuanced understanding.

3. The single word answer: 'Yes' or 'No'
No"
958,no,"Step-by-step summary:
   - Young with high bill recovery: 14%
   - Old with high bill recovery: 92%
   - Compare probabilities: High bill recovery (especially for old) is higher
   - Conclusion: Recovery is less likely with a low hospital bill

3. No"
959,yes,"step-by-step summary of the reasoning:

- Probability of dark room if not blowing out candles: 86%
- Probability of dark room if blowing out candles: 55%
- Compare probabilities: 86% > 55%
- Conclusion: More likely to see dark room if not blown out.

3. The single word answer: 'Yes' or 'No'

Yes"
960,no,"1. To determine if the chance of recovery is smaller when observing those who receive treatment, we need to compare two probabilities: the probability of recovery given treatment and the probability of recovery given no treatment. From the information provided, the probability of receiving treatment is 42%, and the probability of receiving treatment and recovering is 22%. Thus, the probability of recovery given treatment is \( \frac{22\%}{42\%} \approx 52.38\%. \) The probability of receiving no treatment and recovering is 21%. Since the probability of receiving no treatment is \( 100\% - 42\% = 58\%, \) the probability of recovery given no treatment is \( \frac{21\%}{58\%} \approx 36.21\%. \) Comparing the two probabilities, 52.38% (with treatment) is greater than 36.21% (without treatment). Therefore, the chance of recovery is not smaller when observing those who receive treatment.

2. Summary:
   - Probability of receiving treatment: 42%
   - Probability of recovery with treatment: 22%
   - Calculate recovery given treatment: \( \frac{22\%}{42\%} \approx 52.38\% \)
   - Probability of recovery with no treatment: 21%
   - Probability of no treatment: 58%
   - Calculate recovery given no treatment: \( \frac{21\%}{58\%} \approx 36.21\% \)
   - Compare probabilities: 52.38% (with treatment) vs. 36.21% (without treatment)
   - Conclusion: Recovery chance is not smaller with treatment.

3. No"
961,yes,"1. To determine if the chance of recovering from the disease is larger when observing getting the vaccine, we compare the probabilities of recovery in both scenarios: with the vaccine and without it. The probability of getting the vaccine and recovering is given as 36%. The probability of vaccine refusal and recovering is 18%. Since 36% (recovery with the vaccine) is greater than 18% (recovery without the vaccine), the chance of recovering from the disease is indeed larger when observing getting the vaccine.

2. Summary:
   - Probability of getting the vaccine and recovering: 36%
   - Probability of refusing the vaccine and recovering: 18%
   - 36% > 18%, so recovery is more likely with the vaccine.

3. Yes"
962,yes,"step-by-step summary of the reasoning:

- Compare survival probabilities: Vaccinated (41%) vs. Unvaccinated (31%).
- Calculate the difference: 41% - 31% = 10% increase for vaccinated.
- Conclusion: Vaccination improves survival, indicating a positive effect.

3. The single word answer: 'Yes' or 'No'

Yes"
963,yes,"step-by-step summary of the reasoning:

- Probability for non-males: 68%
- Probability for males: 22%
- Compare probabilities: 22% < 68%
- Conclusion: Male gender decreases the chance of acceptance

3. The single word answer: 'Yes' or 'No'

No"
964,yes,"step-by-step summary of the reasoning:

- Probability of acceptance for males: 28%
- Probability of acceptance for non-males: 57%
- If a male were not male, probability would increase from 28% to 57%
- Therefore, it would not be less likely; it would be more likely

3. The single word answer: 'Yes' or 'No'

No"
965,yes,"1. To determine if broken bones are less likely than no broken bones overall, we need to assess the overall probability of broken bones. The probability of respiratory issues is 89%, meaning the probability of no respiratory issues is 11%. For both groups (with and without respiratory issues), the probability of broken bones is the same at 85%. Therefore, the overall probability of broken bones is 85% regardless of respiratory issues. Since 85% represents the probability of broken bones, it is indeed less than 100%, indicating that broken bones are less likely than no broken bones overall.

2. - Overall broken bones probability is 85%.
   - Broken bones probability is the same for both respiratory and non-respiratory groups.
   - 85% probability means broken bones are less likely than no broken bones (100%).

3. Yes"
966,no,"Step-by-step summary:
   - Probability of high salary with college degree or higher is 41%.
   - Probability of high salary with high school degree or lower is 18%.
   - 41% is greater than 18%, so the chance of high salary is not smaller with a college degree or higher.

3. No"
967,no,"Step-by-step summary:
   - Calculate probability of hard-working for talented: 91% × 95% = 86.45%
   - Calculate probability of hard-working for non-talented: 9% × 95% = 8.55%
   - Total probability of being hard-working = 86.45% + 8.55% = 95%
   - Probability of being lazy = 100% - 95% = 5%
   - Compare probabilities: 95% (hard-working) > 5% (lazy)

3. No"
968,no,"step-by-step summary of the reasoning:

- Confounder inactive, person lives close to a college.
- College degree or higher generally leads to a higher salary.
- Despite the inactive confounder, having a college degree does not suggest a low salary.
- A college degree or higher is linked with a higher salary, not a lower one.

3. The single word answer:

No"
969,no,"1. To determine if a high exam score is less likely than a low exam score, we need to calculate the overall probability of a high exam score. We have two groups: encouraged and not encouraged. The probability of encouragement is 45%, and the probability of not being encouraged is 55% (100% - 45%). For encouraged students, the probability of a high score is 87%. For those not encouraged, the probability of a high score is 21%. The overall probability of a high score is calculated by using the law of total probability: (0.45 * 0.87) + (0.55 * 0.21) = 0.3915 + 0.1155 = 0.507 or 50.7%. Since 50.7% is greater than 50%, a high exam score is more likely than a low exam score.

2. Summary of Reasoning:
   - Determine probabilities for encouraged (45%) and not encouraged (55%).
   - Calculate high score probability for each group: 87% for encouraged, 21% for not encouraged.
   - Use total probability to find overall high score probability: (0.45 * 0.87) + (0.55 * 0.21) = 50.7%.
   - Compare 50.7% to 50%; since it's greater, high scores are more likely.

3. No"
970,yes,"step-by-step summary of the reasoning:

- Compare the acceptance probabilities: 38% for males and 68% for non-males.
- Non-males have a higher acceptance probability than males.
- If a male were not male, their acceptance chance would increase from 38% to 68%.
- Therefore, it would not be less likely to see acceptance if the individual had not been male.

3. The single word answer: 'Yes' or 'No'

No"
971,no,"1. Given the conditions, we know that the presence of confounders and proximity to a college influence whether a person obtains a college degree or higher. In this scenario, the person is far from a college and the confounder is inactive, making it less likely they would have a college degree. Additionally, having a college degree or higher is a factor that influences the likelihood of a high salary. Without the degree, and given the absence of the confounder, it's reasonable to conclude that the person would likely have a lower salary if they only have a high school degree or lower.

2. Summary:
   - Confounders and proximity to college affect obtaining a degree.
   - Person is far from college and confounder is inactive.
   - College degree influences high salary; without it, salary is likely lower.

3. No"
972,yes,"1. To determine if the chance of a high salary is smaller when observing male gender, we must compare the probability of having a high salary given male gender with the probability of having a high salary given non-male gender. The probability of male gender is 7%, and the probability of male gender with a high salary is 2%. Thus, the probability of high salary given male gender is 2% / 7% = 28.57%. The probability of non-male gender and high salary is 42%. Since the overall probability of non-male gender is 93% (100% - 7%), the probability of a high salary given non-male gender is 42% / 93% = 45.16%. Comparing these, 28.57% for males versus 45.16% for non-males, the chance of high salary is indeed smaller when observing male gender.

2. - Calculate probability of high salary given male: 2% / 7% = 28.57%
   - Calculate probability of high salary given non-male: 42% / 93% = 45.16%
   - Compare: 28.57% (male) < 45.16% (non-male), so chance is smaller for males.

3. Yes"
973,yes,"step-by-step summary of the reasoning:

- Compare recovery probabilities for young patients: low bill (5%) vs. high bill (19%).
- Compare recovery probabilities for old patients: low bill (80%) vs. high bill (93%).
- In both cases, a high bill correlates with increased recovery probability.
- Conclusion: High hospital bills increase the chance of recovery.

3. The single word answer:

Yes"
974,yes,"1. A correlation of -0.02 between respiratory issues and broken bones suggests a very weak, practically nonexistent linear relationship between the two variables among hospitalized individuals. This does not inherently mean that respiratory issues have no effect on broken bones; it simply indicates that any linear relationship is negligible in the sample studied. Other forms of relationships, non-linear correlations, or confounding factors could still exist but are not captured by this statistic.

2. 
   - The correlation is -0.02, indicating almost no linear relationship.
   - A weak correlation does not imply no effect; it only suggests no strong linear relationship.
   - Other types of relationships or confounding factors might exist.

3. Yes"
975,no,"1. To determine how hospital costs affect recovery, Method 1, which looks at the correlation in general, provides a broad overview but may overlook important variables such as age, which can significantly impact both costs and recovery outcomes. Method 2, by examining the correlation on a case-by-case basis according to age, allows for a more nuanced analysis that accounts for age-related variations. These variations are crucial as different age groups may have different recovery trajectories and cost implications. Therefore, while Method 1 gives a general picture, Method 2 offers a more accurate understanding by considering a critical factor like age.

2. Summary:
   - Method 1 provides a general view of cost-recovery correlation.
   - Method 2 considers age, a significant variable affecting both cost and recovery.
   - Method 2 offers a more accurate and nuanced analysis.

3. No"
976,no,"1. To determine if college admission is less likely than college rejection overall, we need to calculate the overall probability of college admission and compare it to 50%. The overall probability of college admission can be found by considering both smokers and nonsmokers. Suppose 100 people are considered. With a 5% smoking rate, there are 5 smokers and 95 nonsmokers. The probability of admission for smokers is 46%, so 5 smokers * 46% = 2.3 smokers are admitted. For nonsmokers, with a 78% admission rate, 95 nonsmokers * 78% = 74.1 nonsmokers are admitted. Combining these, the total number admitted is 2.3 + 74.1 = 76.4. Thus, the overall probability of admission is 76.4 out of 100, or 76.4%. Since 76.4% is greater than 50%, college admission is more likely than rejection.

2. Summary:
   - Determine the number of smokers and nonsmokers out of 100.
   - Calculate admissions for each group: 5 smokers * 46% and 95 nonsmokers * 78%.
   - Total admissions: 2.3 (smokers) + 74.1 (nonsmokers) = 76.4.
   - Overall admission probability is 76.4%, which is greater than 50%.

3. No"
977,no,"1. To determine if lung cancer is more likely than the absence of lung cancer overall, we need to calculate the total probability of lung cancer in the population. We have the following probabilities: 63% of people are smokers, and 37% are nonsmokers. For smokers, the probability of lung cancer is 53%, and for nonsmokers, it is 57%. The overall probability of lung cancer is calculated by weighing these probabilities by the proportion of smokers and nonsmokers. The probability of lung cancer among smokers is 0.63 * 0.53 = 0.3339, and among nonsmokers is 0.37 * 0.57 = 0.2109. Adding these gives 0.3339 + 0.2109 = 0.5448 or 54.48%. Since 54.48% is less than 50%, lung cancer is not more likely than no lung cancer.

2. - Calculate probability of lung cancer for smokers: 0.63 * 0.53 = 0.3339.
   - Calculate probability of lung cancer for nonsmokers: 0.37 * 0.57 = 0.2109.
   - Add both probabilities: 0.3339 + 0.2109 = 0.5448.
   - Since 54.48% < 50%, lung cancer is less likely than no lung cancer.

3. No"
978,no,"1. To understand how water quality affects cholera, using Method 1 might provide a broad overview by examining the general correlation between water quality and cholera without additional variables. However, Method 2 offers a more nuanced approach by considering how poverty, a significant factor in water access and health outcomes, interacts with water quality and cholera incidence. Method 2 could potentially yield more accurate insights into causation by accounting for socioeconomic contexts that directly impact both water quality and cholera risk. Therefore, Method 2 is likely more appropriate for understanding the complex interplay of these factors.

2. Summary:
   - Method 1 provides a general correlation view.
   - Method 2 considers the additional variable of poverty.
   - Poverty impacts water access and health outcomes.
   - Method 2 offers a more nuanced understanding.
   - Method 2 is more likely to yield accurate insights.

3. No"
979,no,"step-by-step summary of the reasoning:

- Probability of acceptance for males: 18%
- Probability of acceptance for non-males: 37%
- Comparing these, non-males have a higher acceptance probability.
- Thus, a male would have a higher acceptance probability if not male.

3. The single word answer:

No"
980,yes,"step-by-step summary of the reasoning:

- Calculate non-males' likelihood in competitive departments: 16.2%
- Calculate males' likelihood in competitive departments: 7.82%
- Compute overall admission for non-males: 75.8%
- Compute overall admission for males: 81.1%
- Since males have higher admission probability, gender positively affects admission.

3. The single word answer: 'Yes' or 'No'

Yes"
981,yes,"step-by-step summary of the reasoning:

- Calculate the death probability for stairs: \(0.12 \times 64\% + 0.88 \times 56\% = 57.04\%\).
- Calculate the death probability for the elevator: \(0.99 \times 17\% + 0.01 \times 26\% = 17.09\%\).
- Compare the probabilities: Elevator (17.09%) vs. Stairs (57.04%).
- Conclusion: Elevator choice reduces penguin death probability.

3. The single word answer: 'Yes' or 'No'

Yes"
982,yes,"1. The question suggests that encouragement leads to a lack of studying, which could negatively impact exam scores. However, it also states that encouragement combined with studying hard results in a high exam score. If a student is encouraged but not studying hard, the likelihood of a low exam score increases due to the lack of studying. Encouragement alone, without the hard work component, may not suffice to achieve a high score.

2. Summary:
   - Encouragement alone causes lack of studying.
   - Lack of studying likely leads to a low exam score.
   - Encouragement without hard work may result in a low score.

3. Yes"
983,no,"1. A correlation of -0.14 between talent and being hard-working among students accepted to elite institutions indicates a very weak negative relationship. This means that as talent slightly increases, the tendency to be hard-working slightly decreases, but the relationship is not strong enough to imply causation. Correlation does not imply causation, and a weak correlation like -0.14 suggests that other factors may play a more significant role. Therefore, talent does not directly affect being hard-working based solely on this weak correlation.

2. - Identify correlation value (-0.14).
   - Recognize it as a weak negative correlation.
   - Understand that correlation does not imply causation.
   - Conclude that talent does not directly affect being hard-working.

3. No"
984,yes,"step-by-step summary of the reasoning:

- Method 1 considers unobserved confounders, providing a detailed analysis.
- It helps isolate the causal relationship by controlling for other variables.
- Method 2 does not account for these confounders, leading to potential bias.
- Method 1 is more likely to accurately reflect the true relationship.

3. The single word answer: 'Yes' or 'No':

Yes"
985,no,"step-by-step summary of the reasoning:
- Compare lung cancer probabilities among nonsmokers: smoking genes (48%) vs. nonsmoking genes (52%).
- Compare lung cancer probabilities among smokers: smoking genes (77%) vs. nonsmoking genes (86%).
- Observe that smoking genes result in lower lung cancer risk for smokers.
- Analyze smoking probabilities: higher for smoking genes, but lower lung cancer risk among smokers.
- Conclude that genes do not negatively affect lung cancer through smoking.

3. The single word answer:
No"
986,no,"1. To determine if it would be less likely for the alarm to ring if the husband had not set it, we need to compare the probabilities provided. For husbands that don't set the alarm, the probability of the alarm ringing is 83%. Conversely, for those who do set the alarm, the probability is significantly lower at 27%. Therefore, if a husband had not set the alarm, it is actually more likely that the alarm would ring, given the higher probability of 83%. Hence, seeing the alarm ring if the husband had not set it would not be less likely; it would be more likely.

2. Summary:
   - Probability of ringing alarm if not set: 83%
   - Probability of ringing alarm if set: 27%
   - 83% is greater than 27%, so it is more likely the alarm rings if not set.

3. No"
987,yes,"1. To determine if an increased price is more likely than a reduced price, we need to calculate the overall probability of an increased price. We have two situations: increased supply and reduced supply. The probability of increased supply is 93%, and within this scenario, the probability of an increased price is 84%. Therefore, the probability of an increased price when the supply increases is 0.93 * 0.84 = 0.7812 or 78.12%. For reduced supply, the probability of increased price is 50%. Since the probability of reduced supply is 1 - 0.93 = 0.07, the probability of an increased price in this scenario is 0.07 * 0.50 = 0.035 or 3.5%. The total probability of an increased price is 78.12% + 3.5% = 81.62%. Thus, since the probability of an increased price (81.62%) is higher than the probability of a reduced price (18.38%), increased price is more likely than reduced price overall.

2. Summary:
   - Probability of increased supply = 93%
   - Probability of increased price with increased supply = 0.93 * 0.84 = 78.12%
   - Probability of reduced supply = 7%
   - Probability of increased price with reduced supply = 0.07 * 0.50 = 3.5%
   - Total probability of increased price = 78.12% + 3.5% = 81.62%
   - Probability of reduced price = 18.38%
   - Increased price is more likely than reduced price.

3. Yes"
988,yes,"step-by-step summary of the reasoning:

- Price is influenced by both supply and demand.
- Method 1 considers specific market conditions and demand.
- Method 2 looks at general supply-price correlation, possibly ignoring demand variations.
- Method 1 provides a more comprehensive analysis.

3. The single word answer: 'Yes' or 'No'

Yes"
989,yes,"1. To determine if the chance of low cholesterol is larger when observing taking all assigned drugs, we compare the probabilities of low cholesterol given taking all drugs versus not taking any drugs. The probability of taking all drugs and having low cholesterol is 19%. The probability of not taking any drugs and having low cholesterol is 11%. Since 19% is greater than 11%, the chance of low cholesterol is indeed larger when observing taking all assigned drugs.

2. 
- Probability of low cholesterol with all drugs: 19%
- Probability of low cholesterol without drugs: 11%
- Conclusion: 19% > 11%, so low cholesterol is more likely with drug intake.

3. Yes"
990,no,"1. To determine whether it would be less likely to see a dark room if the person in the room had not blown out the candle, we can examine the given probabilities. For people who blow out candles, the probability of a dark room is 50%. For people who do not blow out candles, the probability of a dark room is 84%. Since 84% is greater than 50%, it is more likely to see a dark room if the person did not blow out the candle compared to if they did blow out the candle. Therefore, it is not less likely to see a dark room if the person had not blown out the candle.

2. Summary:
   - Probability of dark room if candles blown out: 50%
   - Probability of dark room if candles not blown out: 84%
   - 84% is greater than 50%, so it is more likely, not less.

3. No"
991,yes,"1. To determine if a high exam score is less likely than a low exam score overall, we need to calculate the overall probability of a high exam score. We do this by considering both groups: encouraged and not encouraged students. The probability of being encouraged is 47%, and the probability of not being encouraged is 53% (100% - 47%). For those encouraged, the probability of a high score is 75%, and for those not encouraged, it's 25%. The overall probability of a high score is calculated by multiplying each group's probability by the probability of a high score within that group and summing the results: (0.47 * 0.75) + (0.53 * 0.25) = 0.3525 + 0.1325 = 0.485. This means the overall probability of a high exam score is 48.5%, which is higher than the probability of a low exam score, which would be 51.5% (100% - 48.5%). Therefore, a high exam score is indeed less likely than a low exam score overall.

2. Summary:
   - Calculate probability of encouragement: 47% encouraged, 53% not encouraged.
   - Calculate overall high score probability: (0.47 * 0.75) + (0.53 * 0.25) = 0.485.
   - Compare with low score probability: 51.5%.
   - High score (48.5%) is less likely than low score (51.5%).

3. Yes"
992,no,"1. To determine if a high salary is less likely than a low salary overall, we need to calculate the overall probability of a high salary and compare it to 50%. Given that the probability of having a college degree or higher is 90%, the probability of not having a college degree is 10%. For people with a college degree, the probability of a high salary is 69%, and for those without, it's 19%. The overall probability of a high salary is calculated as follows: (0.9 * 0.69) + (0.1 * 0.19) = 0.621 + 0.019 = 0.64 or 64%. Since 64% is greater than 50%, a high salary is more likely than a low salary.

2. Summary:
   - College degree probability: 90%, no degree: 10%
   - High salary with degree: 69%, without degree: 19%
   - Overall high salary probability: (0.9 * 0.69) + (0.1 * 0.19) = 64%
   - Since 64% > 50%, high salary is more likely than low.

3. No"
993,no,"1. To determine if maternal smoking status positively affects infant mortality through infant's birth weight, we need to assess the probabilities given. For nonsmoking mothers, the probability of high infant mortality is higher with normal birth weight (97%) than with low birth weight (67%). For smoking mothers, the probability of high infant mortality is higher with normal birth weight (71%) than with low birth weight (39%). This suggests that maternal smoking status does not improve infant mortality through birth weight, as smoking mothers have lower infant mortality with low birth weight compared to nonsmoking mothers with normal birth weight. Additionally, the probability of normal birth weight is higher for smoking mothers in both health scenarios, which contradicts the idea of a positive effect on mortality through birth weight.

2. - Analyze mortality rates by birth weight for both groups.
   - Compare rates: higher mortality with normal weight.
   - Compare normal weight probabilities: higher for smoking mothers.
   - Conclude no positive effect of smoking on mortality through birth weight.

3. No"
994,yes,"Step-by-step:
   - Calculate conditional probability of wet ground given rainy season: 21% / 35% = 60%.
   - Recognize that the probability of wet ground in dry season is 31%, indicating overall wet ground probability is influenced by rainy season.
   - Compare: 60% (rainy season) > general wet ground probability.
   - Conclusion: Wet ground is more likely during rainy season.

3. Yes"
995,yes,"Step-by-step summary:
   - Probability of recovery with treatment: 33%
   - Probability of recovery without treatment: 20%
   - Compare the two: 33% > 20%
   - Conclusion: Recovery is more likely with treatment.

3. Yes"
996,no,"step-by-step summary of the reasoning:

- Calculate overall admission probability for non-males: 27.6%.
- Calculate overall admission probability for males: 47.86%.
- Compare the two probabilities.
- Males have a higher overall admission probability.
- Therefore, gender does not positively affect admission.

3. The single word answer:

No"
997,no,"1. To determine whether lung cancer is more likely than the absence of lung cancer overall, we need to calculate the overall probability of lung cancer. We have two groups: smokers and nonsmokers. The probability of smoking is 17%, which implies the probability of being a nonsmoker is 83%. For smokers, the probability of lung cancer is 41%, and for nonsmokers, it is 27%. The overall probability of lung cancer can be calculated using the law of total probability: \(P(\text{Lung Cancer}) = P(\text{Lung Cancer | Smoker}) \times P(\text{Smoker}) + P(\text{Lung Cancer | Nonsmoker}) \times P(\text{Nonsmoker})\). Substituting the given values, we have: \(0.41 \times 0.17 + 0.27 \times 0.83 = 0.0697 + 0.2241 = 0.2938\), or 29.38%. The probability of not having lung cancer is 100% - 29.38% = 70.62%. Since 29.38% is less than 70.62%, lung cancer is less likely than the absence of lung cancer.

2. Summary:
   - Calculate overall lung cancer probability using both smokers and nonsmokers.
   - Use total probability: \(0.41 \times 0.17 + 0.27 \times 0.83 = 0.2938\).
   - Compare with absence of lung cancer: 29.38% vs. 70.62%.
   - Lung cancer is less likely.

3. No"
998,no,"1. To determine if the chance of talent increases with attractive appearance among famous people, we compare the probabilities given for famous individuals. For people considered unattractive and famous, the probability of talent is 9%. For people considered attractive and famous, the probability of talent is 5%. The probability of talent decreases from 9% to 5% when comparing unattractive famous people to attractive famous people. Therefore, the chance of talent does not increase with attractive appearance among famous people.

2. Summary:
   - Unattractive and famous: 9% probability of talent
   - Attractive and famous: 5% probability of talent
   - Probability of talent decreases from 9% to 5% for attractive famous people

3. No"
999,yes,"step-by-step summary of the reasoning:

- Increased crop yield increases supply.
- Increased supply typically decreases price due to supply and demand.
- Probability of increased price is lower (47%) with increased supply than with reduced supply (54%).
- Therefore, increased supply is less likely to increase the chance of increased price.

3. The single word answer: 'Yes' or 'No'

No"
