Unnamed: 0,answers,concise_reasoning
0,no,"Step-by-step Reasoning:**

1. Calculate the probability of the forest catching fire given that a match is lit (69%).
2. Calculate the probability of the forest catching fire given that a match is not lit (26%).
3. Use the law of total probability to find the overall probability of the forest catching fire.
4. Compare the overall probability of the forest catching fire (27.49%) to the probability of it not catching fire (72.51%).

**Yes/No Answer:**

Yes, the forest is more likely to be on fire overall."
1,no,"Step-by-Step Reasoning:**

1. Compare the probabilities of intelligent children directly attributed to parents' intelligence, ignoring social status.
2. Intelligent parents produce intelligent children at a higher rate (86% in both high and low social status scenarios) than unintelligent parents (50% in both high and low social status scenarios).
3. This difference indicates a positive effect of parents' intelligence on child intelligence, independent of social status.

**Yes/No Answer:**

Yes, parents' intelligence positively affects a child's intelligence when disregarding the mediation effect through parents' social status."
2,no,"Step-by-Step Reasoning:**

1. Identify the probabilities:
   - Overall tanning salon treatment probability = 3%
   - Tanned skin probability for those not using tanning salons = 27%
   - Tanned skin probability for those using tanning salons = 83%

2. Recognize that the majority of the population falls into the category of not using tanning salons due to the low overall treatment probability.

3. Compare the probability of tanned skin for those not using tanning salons (27%) to the overall probability (which is influenced by the much smaller group using tanning salons).

4. Conclude that since 27% is significantly higher than 3%, tanned skin is more likely than pale skin overall.

**Yes/No Answer:**

Yes, tanned skin is more likely than pale skin overall."
3,yes,"**Full Response:**

Yes, it is more correct to use Method 1 (examining the correlation between the captain and each prisoner individually) than Method 2 (looking at the general correlation between captains and prisoners) to understand how the captain affects the prisoner.

**Reasoning:**

1. **Individual Variability:** Each prisoner's experience and interaction with the captain may vary significantly. By examining each case individually, you account for unique circumstances, personalities, and situations that might influence the relationship between the captain and each prisoner.

2. **Specificity:** Method 1 provides a more nuanced understanding of the impact the captain has on each prisoner. It allows for the identification of patterns, anomalies, and specific factors that might not be apparent when looking at the relationship in a generalized manner.

3. **Accuracy:** Relying on generalizations (Method 2) can lead to inaccurate conclusions. What might be true for the group as a whole may not hold true for individual cases. Case-by-case analysis (Method 1) offers a more accurate portrayal of the captain's influence on prisoners.

**Yes/No Answer:** Yes."
4,no,"**Full Response:**

It is more correct to use Method 1 (looking at the general correlation between talent and effort) than Method 2 (examining this correlation based on elite institution admission status) to understand how talent affects effort. Here's why:

1. **Generalizability**: Method 1 provides a broader, more general understanding of the relationship between talent and effort. It considers a wider range of individuals and situations, which makes the findings more applicable to the population at large.

2. **Reducing Bias**: Focusing on a specific group, like those admitted to elite institutions (Method 2), can introduce selection bias. This group might not be representative of the general population, as they have already been filtered based on certain criteria (like high test scores or impressive resumes), which could distort the true relationship between talent and effort.

3. **Causation vs. Correlation**: While both methods look at correlation, Method 1 is less likely to confuse causal relationships. By looking at a specific subgroup (Method 2), you might mistakenly attribute certain factors (like the prestige of the institution) as causes for effort or talent, rather than focusing on the direct relationship between the two variables.

**Summary:**

1. Eliminate Method 2 first because it introduces selection bias by focusing on a specific, non-representative subgroup.
2. Choose Method 1 because it offers a more generalizable and less biased view of the talent-effort correlation.

**Answer: Yes** (It is more correct to use Method 1 than Method 2.)"
5,no,"**Full Response:**

To determine if being hard-working is less likely than being lazy overall, we need to consider the probabilities given and how they relate to each other.

Given:
- The overall probability of talent is 87%.
- For students who are not talented, the probability of being hard-working is 86%.
- For students who are talented, the probability of being hard-working is also 86%.

Since the probability of being hard-working is the same (86%) for both talented and non-talented students, the overall probability of being hard-working is a weighted average of these two probabilities based on the proportion of students who are talented and not talented.

Let's assume the proportion of talented students is *T* and the proportion of non-talented students is (1-*T*). Then, the overall probability (*P* overall) of being hard-working can be calculated as:

*P* overall = (*T* * 86%) + ((1-*T*) * 86%)

Simplifying this equation, we get:

*P* overall = 86%

This means the overall probability of being hard-working is 86%.

Comparing this to the probability of being lazy (which is 100% - 87% = 13% since the sum of probabilities must be 100%), we find that being hard-working is more likely than being lazy overall.

**Summary:**

1. The overall probability of being hard-working is calculated using the weighted average of the probabilities for talented and non-talented students.
2. This results in an overall probability of 86% for being hard-working.
3. Since 86% is higher than the 13% probability of being lazy, being hard-working is more likely than being lazy overall.

**Answer:**

No, being hard-working is not less likely than being lazy overall. In fact, it is more likely."
6,no,"Step-by-step Reasoning:**

1. Compare recovery rates for small stones with and without treatment: 83% (without) vs. 75% (with treatment).
2. Compare recovery rates for large stones with and without treatment: 15% (without) vs. 5% (with treatment).
3. Note that while treatment decreases the recovery rate for small stones, it significantly increases the recovery rate for large stones.
4. Consider the overall probability of having large stones is 47%, indicating that a substantial portion of patients will benefit more from treatment.
5. Conclude that, overall, treatment increases the chance of recovery.

**Yes or No Answer:**

Yes, receiving treatment will increase the overall chance of recovery for kidney stone patients."
7,yes,"Step-by-Step Reasoning:**

1. Compare the probabilities: 21% (no treatment) vs. 72% (with treatment).
2. The higher probability (72%) is associated with tanning salon treatments, suggesting a stronger likelihood of tanned skin with this intervention.
3. Conversely, the lower probability (21%) indicates a lower chance of tanned skin without the treatment.

**Answer:**

Yes, it would be less likely to see tanned skin in a person who went to a tanning salon if that person had not had a tanning salon treatment."
8,no,"**Full Response:**

To determine if the forest is more likely to be on fire overall, we need to consider the probabilities given and apply some basic principles of probability theory.

1. **Define Events:**
   - $M$: Camper lights a match.
   - $N$: Camper does not light a match.
   - $F$: Forest is on fire.

2. **Given Probabilities:**
   - $P(M) = 0.99$
   - $P(N) = 1 - P(M) = 0.01$
   - $P(F|N) = 0.78$ (Probability of forest on fire given camper does not light a match)
   - $P(F|M) = 0.45$ (Probability of forest on fire given camper lights a match)

3. **Using the Law of Total Probability:**
   We can find the overall probability of the forest being on fire ($P(F)$) by using the law of total probability:
   \[
   P(F) = P(F|M) \cdot P(M) + P(F|N) \cdot P(N)
   \]

4. **Calculate $P(F)$:**
   \[
   P(F) = (0.45 \times 0.99) + (0.78 \times 0.01) = 0.4455 + 0.0078 = 0.4533
   \]

5. **Compare Probabilities:**
   The probability of the forest being on fire ($P(F) = 0.4533$) is less than the probability of the forest not being on fire ($1 - P(F) = 1 - 0.4533 = 0.5467$).

**Summary:**

- Calculate the overall probability of the forest being on fire using the law of total probability.
- Compare this probability to the probability of the forest not being on fire (which is $1$ minus the calculated probability).
- The forest not being on fire has a higher probability.

**Answer:**

No, the forest on fire is not more likely than the forest not on fire overall."
9,no,"Step-by-Step Reasoning:**

1. The question assumes a causal relationship between season, weather, sprinklers, and wet ground.
2. The data only provides probabilities of wet ground in each season, without specifying the cause of wetness.
3. Absence of information on sprinkler usage or negative impacts means we cannot conclude that the season negatively affects the ground.

**Answer:**

No, the information provided does not support the claim that the season negatively affects the ground through weather and sprinkler usage."
10,no,"Step-by-Step Reasoning:**

1. The probabilities presented don't follow the expected logical relationship between clean water and cholera contraction.
2. Clean water should decrease, not increase, the chance of cholera contraction.
3. The data suggests an error or misunderstanding in the probabilities given.

**Answer:**

No, clean water will not increase the chance of cholera contraction. In fact, it should decrease it, but the data provided seems to be contradictory and thus unreliable for drawing accurate conclusions."
11,yes,"Step-by-Step Reasoning:**

1. Compare the probabilities: 53% (smoking genes) vs. 49% (nonsmoking genes).
2. Note that even without smoking genes, the probability of lung cancer is already high at 49%.
3. Recognize that a 4% increase (from 49% to 53%) is significant, indicating a higher chance of lung cancer with smoking genes.

**Yes or No Answer:**

Yes."
12,no,"Step-by-Step Reasoning:**

1. Compare the probabilities for children with unintelligent parents across high and low social status groups. The higher probability of an intelligent child in the high social status group (22%) compared to the low social status group (53%) suggests a mitigating effect of high social status on the negative impact of unintelligent parents.

2. Look at the probabilities for children with intelligent parents. The relatively high probabilities of intelligent children (75% and 49%) across both social status groups indicate a positive effect of parental intelligence.

3. Note that the confounder influences parental social status but doesn't significantly alter the probability of intelligent children within each parental intelligence group.

**Yes/No Answer:**

Yes, parents' intelligence positively affects a child's intelligence, even when disregarding the mediation effect of parents' social status."
13,no,"Step-by-step Reasoning:**

   - Start with the given correlation coefficient: -0.05.
   - Understand what this means: a weak negative correlation.
   - Recognize that a weak correlation doesn't mean there's no relationship, just that it's not strong.
   - Remember correlation doesn't imply causation.
   - Conclude that while attractive appearance might have a slight, weak negative influence on talent among famous people, it doesn't mean that attractiveness has no effect.

3. **Yes or No Answer:**

**No**, the correlation of -0.05 does not mean that attractive appearance does not affect talent. It suggests a weak negative relationship, but it doesn't prove that attractiveness has no impact."
14,no,"**Full Response:**

Yes, Method 1 is more correct for understanding how medication affects heart condition. This approach considers the individual variations in blood pressure, which is a crucial factor in heart health. By examining the correlation between medication and heart condition on a case-by-case basis, Method 1 accounts for the potential differences in how medications might influence hearts with varying blood pressure levels.

**Reasoning:**

1. **Individualized Approach:** Method 1 examines the relationship between medication and heart condition for each individual, taking into account their specific blood pressure. This is important because blood pressure can significantly influence how a medication affects the heart.
2. **Accounts for Variations:** Different people can respond differently to the same medication due to variations in blood pressure. Method 1 captures these differences, while Method 2 generalizes across a broad population, which might overlook important individual variations.
3. **Precision in Healthcare:** In medical research and practice, precision or personalized approaches are often preferred over generalized ones, as they can lead to more effective and safe treatment strategies.

**Yes or No Answer:**

**Yes**, Method 1 is more correct than Method 2 for understanding how medication affects heart condition."
15,yes,"Step-by-Step Reasoning:**

1. The question asks if the captain negatively affects prisoners through the corporal and private.
2. The provided probabilities only concern the outcomes of releasing or executing prisoners, which are specific actions.
3. There is no information about other actions the captain might order through the corporal and private, nor their outcomes.
4. Therefore, we cannot conclude that the captain negatively affects prisoners through these intermediaries based on the given data.

**Yes or No Answer:**

No. (The given data is insufficient to conclude that the captain negatively affects prisoners through the corporal and private.)"
16,no,"Step-by-Step Reasoning:**

1. Compare the probabilities of high salary for different gender and occupation combinations.
2. Note that being not male and blue-collar has a higher probability of a high salary than being male and white-collar.
3. Acknowledge the high overall probability of a high skill level.
4. Analyze the probabilities of securing white-collar jobs by gender and skill level.
5. Conclude that gender positively affects salary potential by facilitating access to white-collar occupations.

**Yes or No Answer:**

Yes, if we disregard the mediation effect through occupation, gender positively affects salary potential, primarily by increasing the likelihood of securing white-collar jobs."
17,no,"**Full Response:**

Given the information provided, it is unlikely that the person would avoid cholera simply by having clean water. While access to clean water is a crucial factor in preventing cholera, the presence of high poverty in the region suggests other contributing factors that increase the risk of cholera contraction.

**Reasoning:**

1. **Eliminating Incorrect Assumptions:**
   - It is incorrect to assume that only polluted water causes cholera. The statement ""high poverty or clean water causes cholera contraction"" implies that even with clean water, high poverty can lead to cholera. This suggests that there are other factors related to poverty that contribute to cholera risk.

2. **Identifying Risk Factors:**
   - High poverty often correlates with inadequate sanitation, poor hygiene practices, limited access to healthcare, and malnutrition, all of which are risk factors for cholera. Even with clean water, these conditions can increase the likelihood of cholera transmission and infection.

3. **Conclusion:**
   - Therefore, while clean water is essential for preventing cholera, it is not the sole determinant. In a region with high poverty, other factors must also be addressed to significantly reduce the risk of cholera contraction.

**Answer:**

No, the person would not necessarily avoid cholera by having clean water due to the presence of other risk factors associated with high poverty."
18,yes,"Step-by-Step Reasoning:**

1. The problem presents two probabilities:
   - For non-males: 39% chance of a high salary.
   - For males: 55% chance of a high salary.
2. A higher probability of a high salary for males (55%) compared to non-males (39%) indicates that being male increases the chance of earning a high salary.

**Yes or No Answer:**

Yes."
19,yes,"Step-by-Step Reasoning:**

1. Calculate the probability of a non-smoking mother (100% - 94% = 6%).
2. Use the law of total probability to find the overall probability of high infant mortality:
   - (Probability of high infant mortality with smoking mothers) * (Probability of smoking mother) + (Probability of high infant mortality with non-smoking mothers) * (Probability of non-smoking mother)
3. Compare the overall probability of high infant mortality (33.2%) with the probability of low infant mortality (66.8%).

**Answer:**

Yes, high infant mortality is more likely than low infant mortality overall."
20,no,"Step-by-step Reasoning:**

1. We are asked to compare the effect of smoking mothers on infant birth weight in high vs. low cigarette tax areas.
2. The provided probabilities for normal birth weight are overall rates for each area, not specific to smoking mothers.
3. Without data on birth weight outcomes specifically for smoking mothers in each area, we cannot make a comparison.
4. Consequently, we cannot conclude whether smoking mothers increase the chance of normal infant birth weight based on the given information.

**Answer:**

No (based on the given information, we cannot conclude that smoking mothers increase the chance of normal infant birth weight)"
21,no,"Step-by-Step Reasoning:**

1. Identify the key probabilities: overall college degree or higher (92%), high salary without degree (27%), high salary with degree (41%).
2. Recognize that the majority (92%) of the population has a college degree or higher.
3. Estimate the overall high salary probability by considering the weighted average based on the proportions, which leans towards the 41% mark.
4. Conclude that the probability of a high salary is higher than that of a low salary overall.

**Yes/No Answer:**

**Yes**, a high salary is more likely than a low salary overall."
22,yes,"Step-by-step Reasoning:**

1. **Method 1** generalizes the correlation between appearance and talent, which can lead to broad stereotypes and overlook individual variations. It may not account for other crucial factors that influence talent, such as hard work, environment, and opportunity.

2. **Method 2**, on the other hand, considers each case individually based on fame, which might lead to a biased sample. Fame is often influenced by many factors besides talent, such as marketing, luck, or social background.

3. **Neither method** on its own is likely to provide a reliable understanding of how appearance affects talent. However, a more nuanced approach could involve:
   - **Controlling for other factors**: Consider environmental, social, and personal factors that influence talent development.
   - **Case studies and statistical analysis**: Combine individual case studies with broader statistical analysis to identify patterns and exceptions.

**Yes/No Answer:** No."
23,no,"Step-by-Step Reasoning:**

1. **Compare recovery probabilities for large kidney stones:**
   - With treatment: 6%
   - Without treatment: 17%

2. **Since 17% (without treatment) is greater than 6% (with treatment), it implies that the probability of recovery is higher without treatment for patients with large kidney stones.**

**Yes/No Answer:**

No, it would not be more likely to see recovery with treatment for patients who have large kidney stones. (Note: This answer is a negation of the initial question's implication, based on the provided data.)"
24,yes,"Step-by-Step Reasoning:**

1. Two groups are defined: encouraged students (67% chance of high score) and not encouraged students (35% chance of high score).
2. The question asks about the likelihood of high scores within the encouraged group, comparing those who received encouragement to those who, implausibly, did not receive encouragement within this group.
3. Since encouragement increases the likelihood of a high score, encouraged students who received no encouragement would, counterintuitively, be less likely to have high scores compared to those who were actually encouraged.

**Answer:**

No, it would *not* be more likely to see high exam scores among students who were encouraged but received no encouragement. (Note: The question seems to be structured in a way that makes a direct comparison impossible due to its internal contradiction.)"
25,no,"**Full Response:**

To determine if the chance of tanned skin is smaller when observing tanning salon treatment, we need to compare the probabilities directly.

Given:
- The overall probability of tanning salon treatment (T) is 5%.
- The probability of no tanning salon treatment (\( \neg T \)) and tanned skin (S) is 13%.
- The probability of tanning salon treatment (T) and tanned skin (S) is 3%.

We want to compare \( P(S|T) \) (the probability of tanned skin given tanning salon treatment) and \( P(S|\neg T) \) (the probability of tanned skin given no tanning salon treatment).

First, we calculate these conditional probabilities:
- \( P(S|T) = \frac{P(T \cap S)}{P(T)} = \frac{0.03}{0.05} = 0.6 \) (60%)
- \( P(S|\neg T) = \frac{P(\neg T \cap S)}{P(\neg T)} = \frac{0.13}{0.95} \approx 0.137 \) (13.7%)

Comparing these probabilities:
- \( 0.6 \) (60%) is greater than \( 0.137 \) (13.7%)

Therefore, the chance of tanned skin is actually **higher** when observing tanning salon treatment.

**Summary:**

1. Identified the probabilities given in the question.
2. Calculated the conditional probabilities \( P(S|T) \) and \( P(S|\neg T) \).
3. Compared these probabilities to determine the likelihood of tanned skin under each condition.
4. Concluded that the chance of tanned skin is higher with tanning salon treatment.

**Answer:**

No, the chance of tanned skin is **not** smaller when observing tanning salon treatment. It is, in fact, higher."
26,yes,"Step-by-Step Reasoning:**

1. Identify the nature of the question: Understand that the inquiry is about choosing a more appropriate method to analyze the manager-employee relationship.
2. Evaluate Method 1: Recognize that while Method 1 provides a general picture, it might oversimplify complex relationships.
3. Evaluate Method 2: Acknowledge that Method 2 offers depth and context but may not be feasible or efficient for large-scale analysis.
4. Compare and contrast: Determine that the choice between the two methods depends on the specific needs of the analysis.

**Answer:**

No, Method 1 is not inherently more correct than Method 2. The appropriateness of each method depends on the context and objectives of the analysis."
27,no,"Step-by-step Reasoning:**

1. Compare probabilities of increased price for reduced and increased crop yield.
2. Note that 37% (increased yield) is greater than 36% (reduced yield).
3. Conclude that increased yield (and thus, increased supply) is associated with a higher chance of increased price.

**Yes/No Answer:**

Yes, increased supply will increase the chance of increased price."
28,no,"Step-by-Step Reasoning:**

1. The probabilities given (64% for normal weight and 52% for obese) suggest a correlation, not causation.
2. Many factors contribute to both obesity and lifespan, making it premature to attribute the difference solely to weight status.
3. Without data on the specific individuals and their transitions between weight categories, we cannot determine if becoming obese affects lifespan probability.

**Answer:**

No, we cannot conclude that it would be less likely for an obese person to have a long lifespan just because they had previously been normal weight. The data provided does not support a causal relationship."
29,no,"Step-by-Step Reasoning:**

1. Evaluate the scope of each method: Method 1 looks at general trends, Method 2 at specific cases.
2. Consider the relevance of external factors: Method 2 accounts for traffic, a significant variable in arrival time.
3. Determine which method offers a more comprehensive understanding of the relationship between waking up and arriving at school, considering potential external influences.

**Yes or No Answer:**

No, Method 1 is not more correct than Method 2. Method 2 provides a more nuanced and comprehensive understanding by considering traffic conditions."
30,no,"Step-by-Step Reasoning:**

1. Compare the probabilities directly: 60% (obese) vs. 49% (normal weight).
2. Since 60% is greater than 49%, it indicates a higher likelihood of a long lifespan for obese people compared to normal-weight people.
3. Therefore, it would be less likely to see a long lifespan in normal-weight people if the goal is to compare current weight statuses.

**Answer:**

No, it would **not** be less likely to see a long lifespan in obese people if they had been normal weight previously, based on the given probabilities. The data suggests the opposite: obese people have a higher probability of a long lifespan compared to normal-weight people."
31,yes,"Step-by-step Reasoning:**

- The probabilities given are independent: 50% for wet ground in the dry season and 51% for the rainy season.
- There's no data or context suggesting that the state of the ground in one season influences the next.
- Without such a relationship, knowing the conditions of the dry season does not affect the probability of wet ground in the rainy season.

3. **Yes or No Answer:**

**No**"
32,yes,"Step-by-Step Reasoning:**

1. The question asks if captains positively affect prisoners through corporals and privates.
2. The given data only compares probabilities of death for released prisoners (29%) and executed prisoners (72%).
3. There is no information on death probabilities when corporals or privates are involved.
4. Without this data, we cannot conclude if captains positively affect prisoners through these lower ranks.

**Yes or No Answer:**

No, we cannot conclude from the given information that the captain positively affects prisoners through the corporal and the private."
33,no,"Step-by-Step Reasoning:**

1. Compare probabilities of increased price for reduced crop yield (supply decrease) and increased crop yield (supply increase).
2. Observe that the probability of increased price is higher for reduced crop yield.
3. Conclude that increased supply (increased crop yield) decreases the chance of increased price.

**Yes or No Answer:**

Yes, increased supply decreases the chance of increased price."
34,yes,"Step-by-step Reasoning:**

1. Compare the probabilities: 31% (no treatment) vs. 95% (with treatment).
2. The higher probability (95%) is associated with those who went to tanning salons, indicating a stronger likelihood of tanned skin with salon treatments.
3. Therefore, it is less likely to observe tanned skin in someone who has not had a tanning salon treatment.

**Answer:**

No, it would **not** be more likely to see tanned skin in a person who went to a tanning salon if they had not had a tanning salon treatment."
35,no,"Step-by-Step Reasoning:**

1. Calculate the probabilities of normal infant birth weight given smoking (P(N|S)) and non-smoking (P(N|¬S)) mothers.
2. Compare these probabilities.
3. Conclude that the higher probability corresponds to smoking mothers.

**Answer:**

No, the chance of normal infant birth weight is **not** larger when observing a smoking mother. The probability is actually higher for non-smoking mothers (25.31%) compared to smoking mothers (56.67%). However, the question seems to have a misunderstanding, as the probabilities provided suggest the opposite of what is stated in the question."
36,yes,"Step-by-step Reasoning:**

1. Smoking mothers, even in good health, are associated with higher infant mortality rates according to the given information.
2. Nonsmoking mothers in good health are not mentioned to have any associated increase in infant mortality.
3. Therefore, a nonsmoking mother in good health would be more likely to have low infant mortality compared to a smoking mother in good health.

**Yes or No Answer:**

Yes, infant mortality would be low if the mother is a nonsmoker instead of a smoker, given good health."
37,no,"Step-by-Step Reasoning:**

1. Given probabilities: Overall kindness = 11%, Attractive appearance for mean personalities = 11%, Attractive appearance for kind personalities = 11%.
2. Since the probabilities for attractive appearance are the same for both personality types, attractive appearance is independent of personality.
3. Assuming equal distribution of the remaining probability, the overall probability of attractive appearance is also 11%, making it equally likely as unattractive appearance.
4. Conclusion: Attractive appearance is not less likely than unattractive appearance overall.

**Yes or No Answer:**

No, attractive appearance is not less likely than unattractive appearance overall based on the given information."
38,no,"step by step.

- The probability of respiratory issues is high at 94%.
- For those without respiratory issues, the probability of broken bones is 95%, which seems counterintuitive but could be explained by the condition being less severe or better managed.
- For those with respiratory issues, the probability of broken bones is also 95%.

To find the overall probability of broken bones, we need to consider the probabilities for both groups. However, we don't have enough information to calculate the exact overall probability of broken bones. We know the individual probabilities for each group, but we don't know the proportion of people in each group (with or without respiratory issues).

Therefore, we cannot definitively say whether broken bones are less likely than no broken bones overall based on the given information.

**Step-by-Step Reasoning:**

1. Understand the given probabilities: 94% for respiratory issues, 95% for broken bones in those without respiratory issues, and 95% for broken bones in those with respiratory issues.
2. Recognize that we cannot calculate the overall probability of broken bones without knowing the proportion of people in each group (with or without respiratory issues).
3. Conclude that we cannot determine the likelihood of broken bones versus no broken bones overall based on the given information.

**Yes or No Answer:**

No, we cannot conclude that broken bones are less likely than no broken bones overall based on the given information."
39,yes,"Step-by-Step Reasoning:**

1. Calculate the probability of not blowing out candles: 1 - 0.02 = 0.98 or 98%.
2. Use the law of total probability to find the overall probability of a dark room:
   - Multiply the probability of a dark room given no candle-blowing by the probability of not blowing out candles.
   - Multiply the probability of a dark room given candle-blowing by the probability of blowing out candles.
   - Sum these two values to get the overall probability of a dark room.
3. Compare the resulting probability to 1 (which represents a bright room) to determine likelihood.

**Yes or No Answer:**

Yes, a dark room is more likely than a bright room overall."
40,no,"Step-by-Step Reasoning:**

1. Eliminate ""high hospital bill causes recovery"" as incorrect because high hospital bills are a result of medical treatment, not a cause of recovery.
2. Recognize that old age increases the likelihood of high hospital bills but does not prevent recovery.
3. Conclude that the patient's age and hospital bill cost do not directly determine recovery.

**Answer:**

No, the patient's recovery is not dependent on whether the hospital bill is high or low. The patient could potentially recover with either, as recovery is primarily determined by medical treatment effectiveness and the patient's health, not the cost of the bills."
41,yes,"Step-by-Step Reasoning:**

1. Calculate the average probability of penguin death for each choice (stairs/elevator), considering both happy and sad penguin scenarios.
2. Compare the average probabilities.
3. Conclude that the option with the lower average probability of penguin death positively affects survival.

**Yes or No Answer:**

Yes, your decision to take the stairs would positively affect penguin survival, disregarding their mood."
42,yes,"**Full Response:**

To determine if the chance of recovering from the disease is larger when observing getting the vaccine, we need to compare the probabilities directly.

- The probability of getting the vaccine and recovering from the disease is given as 15%.
- The probability of vaccine refusal and recovering from the disease is given as 39%.

At first glance, it seems counterintuitive that observing vaccine refusal would have a higher recovery rate than observing vaccination, but the key is to remember that these probabilities are conditional. They represent the chance of recovering *given* each scenario.

However, the overall probability of getting the vaccine is only 41%. This means that, in this scenario, more people are refusing the vaccine (69% refusal rate: 100% - 41%) than accepting it. Therefore, due to the higher number of people refusing the vaccine, the likelihood of observing a recovery among those who refused is higher simply because there are more people in that category.

**Summary:**

1. Compare the given probabilities directly: 15% (vaccine and recover) vs. 39% (refuse and recover).
2. Understand that these are conditional probabilities.
3. Consider the overall vaccine acceptance rate (41%) and refusal rate (69%).
4. Conclude that due to the higher refusal rate, observing a recovery among those who refused is statistically more likely, even though the conditional probability of recovering *given* vaccination is lower.

**Answer:**

No, the chance of recovering from the disease is **not** larger when observing getting the vaccine. The higher likelihood of recovery is observed among those who refuse the vaccine, due to the higher number of people in that category."
43,yes,"Step-by-Step Reasoning:**

1. Calculate the probability of recovery given a high hospital bill: P(Recovery | High Bill) = P(High Bill and Recovery) / P(High Bill) ≈ 19.61%.
2. Determine the probability of a low hospital bill: P(Low Bill) = 1 - P(High Bill) = 49%.
3. Calculate the probability of recovery given a low hospital bill: P(Recovery | Low Bill) = P(Low Bill and Recovery) / P(Low Bill) ≈ 61.22%.
4. Compare the two probabilities: P(Recovery | High Bill) ≈ 19.61% vs. P(Recovery | Low Bill) ≈ 61.22%.

**Answer:**

No, the chance of recovery is **not** larger when observing high hospital bills. The probability of recovery is significantly higher when observing low hospital bills."
44,no,"Step-by-step Reasoning:**

   - Given probabilities:
     - Nonsmoking genes: 52% chance of lung cancer.
     - Smoking genes: 58% chance of lung cancer.
   - Since 58% is greater than 52%, having smoking genes increases the likelihood of lung cancer.
   - Having a nonsmoking gene cannot decrease the risk for someone with smoking genes to below the 52% associated with nonsmoking genes.

3. **Yes or No Answer:**

**No**, it would not be more likely to see lung cancer in a person with smoking genes if they also had a nonsmoking gene. The smoking genes increase the probability of lung cancer, and the nonsmoking gene cannot counteract this increased risk."
45,yes,"Step-by-Step Reasoning:**

1. We are given three probabilities:
   - The overall probability of receiving treatment and recovery is 20%.
   - The probability of receiving no treatment but still recovering is 29%.
   - The overall probability of receiving treatment (irrespective of recovery) is 54%.

2. To compare the chances of recovery between those who receive treatment and those who don't, we can directly compare the first two probabilities:
   - 20% (treatment and recovery) vs. 29% (no treatment and recovery).

3. It is clear that 29% is greater than 20%, indicating a higher chance of recovery for those who do not receive treatment.

**Yes/No Answer:**

Yes, the chance of recovery is smaller when observing those who receive treatment."
46,no,"Step-by-step Reasoning:**

1. Use Bayes' theorem to calculate the probability of cholera contraction given clean water: P(C|C).
2. Directly interpret the probability of cholera contraction given polluted water: P(C|P).
3. Compare the two probabilities.

**Answer:**

Yes, the chance of cholera contraction is smaller when observing clean water."
47,yes,"Step-by-Step Reasoning:**

1. Compare the probabilities: 56% vs. 83%.
2. The lower probability (56%) is associated with citrus consumption.
3. Therefore, consuming citrus is linked to a lower likelihood of scurvy.

**Answer:** No, it would *not* be more likely to see scurvy in patients who had not consumed citrus; it would be less likely."
48,yes,"Step-by-Step Reasoning:**

1. Compare scenarios where the husband doesn't set the alarm: Wife not setting the alarm (98% alarm rings) vs. wife setting the alarm (51% alarm rings).
2. Compare scenarios where the husband sets the alarm: Wife not setting the alarm (63% alarm rings) vs. wife setting the alarm (17% alarm rings).
3. Conclude that the husband setting the alarm is associated with a lower probability of the alarm ringing, suggesting a negative impact.

**Yes or No Answer:**

Yes, the husband negatively affects the alarm clock, given the provided probabilities and disregarding the wife's mediation effect."
49,no,"Step-by-Step Reasoning:**

1. Compare the overall probability of increased supply (75%) with the probability of increased price in situations with reduced supply (48%).
2. Note that increased supply is more likely overall.
3. Consider the high probability (77%) of increased price when supply increases.
4. Conclude that increased price is associated with the overall scenario more than reduced price.

**Answer:**

No, increased price is not less likely than reduced price overall."
50,yes,"Step-by-Step Reasoning:**

1. Compare the death probabilities for each mode of transport, separately for sad and happy penguins.
2. Observe that the stairs consistently have a lower death probability for both emotional states.
3. Conclude that choosing the stairs over the elevator seems to promote penguin survival.

**Yes or No Answer:**

Yes, your decision can negatively affect penguin survival, depending on whether you choose the stairs or the elevator, and it is further influenced by the penguins' mood."
51,no,"**Full Response:**

To determine whether an employee is more likely to be fired or not, we need to consider the probabilities in context. We are given the following information:

- The overall probability of the manager signing the termination letter is 86%.
- If the manager does not sign the termination letter, the probability of the employee being fired is 31%.
- If the manager signs the termination letter, the probability of the employee being fired is 70%.

First, let's calculate the probability of the employee being fired given that the manager signs the termination letter (P(Fired | Sign)): 70%

Next, we calculate the probability of the employee being fired given that the manager does not sign the termination letter (P(Fired | Not Sign)): 31%

Now, we can use the law of total probability to find the overall probability of the employee being fired:

P(Fired) = P(Fired | Sign) * P(Sign) + P(Fired | Not Sign) * P(Not Sign)

We know P(Sign) = 0.86 and P(Not Sign) = 1 - P(Sign) = 0.14.

P(Fired) = 0.70 * 0.86 + 0.31 * 0.14
P(Fired) = 0.598 + 0.0434
P(Fired) = 0.6414 or 64.14%

So, the overall probability of the employee being fired is approximately 64.14%. This is greater than 50%, indicating that the employee is more likely to be fired than not.

**Summary:**

1. Calculate the probabilities of being fired given the manager signs or doesn't sign the letter.
2. Use the law of total probability to find the overall probability of being fired.
3. Compare the overall probability to 50% to determine likelihood.

**Answer:**

Yes, the employee is more likely to be fired overall."
52,yes,"Step-by-Step Reasoning:**

1. Method 1 examines the encouragement-exam score relationship within specific studying habit groups, accounting for individual differences.
2. This approach provides insights into how encouragement might impact exam scores differently based on studying habits.
3. Method 2 overlooks the potential variations due to studying habits, potentially leading to oversimplified or inaccurate interpretations.

**Yes/No Answer:** Yes, Method 1 is more correct."
53,no,"Step-by-Step Reasoning:**

1. Compare the recovery probabilities for individuals with no pre-conditions:
   - With vaccine: 78%
   - Without vaccine: 99%
   
   The vaccine decreases the recovery probability from 99% to 78%.

2. Compare the recovery probabilities for individuals with pre-conditions:
   - With vaccine: 3%
   - Without vaccine: 25%
   
   The vaccine has little impact on recovery probability for this group, as both percentages are very low.

3. Calculate the weighted average recovery probability with and without the vaccine, considering the overall probability of having pre-conditions is 42%:
   - With vaccine: (0.58 * 78%) + (0.42 * 3%) = 45.96%
   - Without vaccine: (0.58 * 99%) + (0.42 * 25%) = 70.3%

The weighted average shows that getting the vaccine decreases the overall recovery probability from 70.3% to 45.96%.

**Yes/No Answer:**

Yes, getting the vaccine will decrease the chance of recovering from the disease for the general population, based on the provided data."
54,no,"Step-by-Step Reasoning:**

1. Compare the probabilities of intelligent children across different parental intelligence and social status groups.
2. Note that intelligent parents consistently have a higher chance of intelligent children, regardless of social status or confounder activity.
3. Conclude that parental intelligence has a positive effect, independent of social status.

**Yes/No Answer:**

Yes, parents' intelligence positively affects a child's intelligence, even without considering parental social status."
55,no,"Step-by-Step Reasoning:**

1. Identify the probabilities:
   - Without a college degree: 40% chance of a high salary.
   - With a college degree or higher: 61% chance of a high salary.

2. Compare the probabilities: When you compare these probabilities, it's evident that the group with a college degree or higher has a significantly higher chance of earning a high salary.

**Answer:**

No."
56,yes,"Step-by-Step Reasoning:**

1. Identify the probabilities:
   - Nonsmokers: 58% chance of college admission
   - Smokers: 48% chance of college admission

2. Compare the probabilities:
   - The probability of college admission for nonsmokers (58%) is higher than that for smokers (48%).

3. Conclude:
   - Since the probability of college admission is lower for smokers than for nonsmokers, smoking is likely to decrease the chance of college admission.

**Yes or No Answer:**

Yes."
57,yes,"Step-by-Step Reasoning:**

1. Calculate the probability of unattractive people in the overall population: 100% - 47% = 53%.
2. Calculate the weighted average probability of talent: (probability of attractive people * probability of talent among attractive) + (probability of unattractive people * probability of talent among unattractive) = (0.47 * 0.19) + (0.53 * 0.19) = 0.1803.
3. Compare the overall probability of talent (18.03%) with the probability of lack of talent (82%).

**Answer:**

Yes, talent is less likely than a lack of talent overall."
58,no,"Step-by-Step Reasoning:**

1. Given probabilities: overall drug-taking, no drugs and low cholesterol, and drugs and low cholesterol.
2. Calculate conditional probabilities of low cholesterol given drug-taking and no drug-taking.
3. Compare the two conditional probabilities.
4. Conclude that the chance of low cholesterol is larger when observing the taking of all assigned drugs.

**Yes or No Answer:**

Yes, the chance of low cholesterol is larger when observing the taking of all assigned drugs."
59,no,"**Full Response:**

Yes, Method 1 is more correct than Method 2 when understanding the general relationship between education level and salary.

**Reasoning:**

1. **Broad Overview:** Method 1 provides a broad overview of the correlation between education level and salary across a large population, which is useful for understanding general trends. It simplifies the analysis by considering education as a primary factor, allowing for easier interpretation of the impact on salary.

2. **Statistical Significance:** By examining a large dataset, Method 1 can offer statistically significant results that are more representative of the population. This method helps in identifying patterns that might be obscured when focusing on individual skills.

3. **Simplicity and Applicability:** This method is straightforward and applicable to a wide range of professions and industries, making it a reliable indicator for policy decisions, career planning, and research.

While Method 2, which focuses on a case-by-case analysis according to skill, might provide detailed insights, it can be overly complex and time-consuming. It also risks overlooking the broader picture and general trends due to its narrow focus.

**Answer:**

Yes, Method 1 is more correct for understanding how education level affects salary in general."
60,yes,"**Full Response:**

Yes, it is more correct to use Method 1 (examining the correlation between treatment and recovery case by case according to kidney stone size) than Method 2 (looking generally at the correlation between treatment and recovery) to understand how treatment affects recovery in the context of kidney stones. Here's why:

- **Specificity:** Method 1 accounts for the fact that the effectiveness of treatments for kidney stones can vary significantly based on the size of the stone. Larger stones often require different treatments than smaller ones, and their recovery processes can differ. By considering stone size, Method 1 provides a more nuanced and accurate analysis.

- **Relevance:** Kidney stone treatment outcomes are closely tied to the initial size of the stone. Smaller stones often pass naturally, while larger ones might require medical intervention, such as lithotripsy or surgery, to remove. Method 1 directly addresses this critical factor, making it more relevant to understanding the relationship between treatment and recovery.

- **Accuracy:** By examining the correlation between treatment and recovery on a case-by-case basis according to stone size, Method 1 reduces the potential for generalizations that might obscure important treatment-recovery dynamics. Method 2, being more general, could oversimplify the complex relationship between treatment and recovery, leading to less accurate conclusions.

**Summary:**

- Identify the critical factor of kidney stone size in determining treatment and recovery.
- Recognize that treatment effectiveness varies with stone size, making a case-by-case analysis more appropriate.
- Conclude that Method 1 offers a more precise and relevant approach to understanding the treatment-recovery relationship in kidney stone cases.

**Yes or No Answer:**

Yes, Method 1 is more correct than Method 2 for understanding how treatment affects recovery in the context of kidney stones."
61,yes,"Step-by-Step Reasoning:**

1. Compare probabilities across parental intelligence and social status conditions.
2. Observe that higher parental intelligence generally corresponds to higher child intelligence probabilities.
3. Note the significant influence of the confounder on parental social status probabilities.
4. Conclude that the data does not support a negative impact of parents' intelligence on child intelligence through social status.

**Yes or No Answer:**

No, the data does not support the conclusion that parents' intelligence negatively affects their child's intelligence through parents' social status."
62,yes,"Step-by-Step Reasoning:**

1. Eliminate the idea that attractiveness is tied exclusively to kindness, as the probabilities provided suggest it can be associated with both personalities.
2. Recognize that the probability of mean personalities is significantly higher than kind personalities (99% vs. 1%).
3. Conclude that because the majority of the population likely has mean personalities and attractiveness is equally distributed between the two personality types, attractive appearances are more likely to be associated with mean personalities and thus not less likely overall.

**Yes or No Answer:**

**No**"
63,no,"Step-by-Step Reasoning:**

1. Compare P(H) * P(A|H) = 2% with P(~H) * P(A|~H) = 73%.
2. Since 73% is greater than 2%, the chance of a ringing alarm is larger when the alarm is not set by the husband.

**Answer:**

No, the chance of a ringing alarm is not larger when observing the alarm set by the husband."
64,yes,"Step-by-step Reasoning:**

1. Given probabilities: overall smoking rate (15%), nonsmoking and lung cancer (55%), and smoking and lung cancer (13%).
2. Calculate P(C|S) using the formula for conditional probability: P(C|S) = P(S ∩ C) / P(S) = 13% / 15% ≈ 0.87.
3. Calculate P(C|not-S): P(C|not-S) = P(not-S ∩ C) / P(not-S) = 55% / 85% ≈ 0.65.
4. Compare the two probabilities: 0.87 > 0.65.

**Answer:**

Yes, the chance of lung cancer is larger when observing smoking."
65,yes,"Step-by-Step Reasoning:**

1. Compare the probabilities: 26% (without degree) vs. 58% (with degree or higher).
2. The significant increase in probability suggests a positive correlation between education level and high salary potential.
3. Consider that education provides skills and knowledge relevant to the job market, contributing to higher earnings potential.
4. Acknowledge that education is not the sole determinant of salary; other factors also influence earnings.

**Yes or No Answer:**

Yes, education level positively affects salary potential, primarily through the acquisition of skills and knowledge relevant to the job market."
66,yes,"**Full Response:**

Yes, Method 1, which involves examining the correlation between respiratory issues and broken bones on a case-by-case basis according to hospitalization status, is more correct than Method 2 when trying to understand how respiratory issues affect broken bones. Here's why:

1. **Contextual Understanding**: Method 1 provides a more nuanced understanding by considering the specific circumstances of each case. Hospitalization status can be a significant factor, as it may indicate the severity of the respiratory issues or the broken bones, which could influence their correlation.

2. **Individual Variations**: People's health conditions can vary greatly. By looking at each case individually, you account for these variations, ensuring that the analysis is more accurate and applicable to a broader range of situations.

3. **Causality and Correlation**: Method 1 allows for a more in-depth exploration of whether respiratory issues contribute to bone fractures or vice versa, or if there's another underlying condition affecting both. This is crucial for understanding causality and developing effective prevention or treatment strategies.

**Summary:**

- Eliminate Method 2 first because it oversimplifies the relationship between respiratory issues and broken bones by not accounting for individual variations or hospitalization status.
- Choose Method 1 because it provides a more detailed, case-by-case analysis, considering the hospitalization status which can offer insights into the severity and potential causal relationships.

**Yes or No Answer:** Yes, Method 1 is more correct."
67,no,"Step-by-Step Reasoning:**

1. Compare the probabilities of lung cancer for both groups: 47% (nonsmoking genes) vs. 53% (smoking genes).
2. Observe that the probability of lung cancer is higher for those with smoking genes.
3. Conclude that smoking genes increase the chance of lung cancer.

**Yes or No Answer:**

No, smoking genes do not decrease the chance of lung cancer."
68,no,"Step-by-step Reasoning:**

   - Start with the given probabilities: 81% for non-males and 42% for males.
   - Compare these probabilities directly: 81% is greater than 42%.
   - Therefore, being not male (which includes being female or any other non-male identity) would result in a higher likelihood of admission acceptance compared to being male.

3. **Yes or No Answer:**

**No**, it would not be less likely to see admission acceptance for individuals who are male if they had not been male. Instead, it would be more likely."
69,no,"Step-by-Step Reasoning:**

1. Compare the probabilities of long lifespan for normal-weight and obese individuals with and without diabetes.
2. Notice that while obese individuals with diabetes have a higher probability of a long lifespan compared to normal-weight individuals with diabetes, this does not prove causation for a positive effect of obesity on lifespan.
3. Consider that obese individuals without diabetes have a lower probability of a long lifespan compared to normal-weight individuals without diabetes.
4. Conclude that obesity may not positively affect lifespan but could interact with diabetes management in a way that improves outcomes.

**Yes or No Answer:**

No, obesity does not positively affect lifespan through diabetes. The higher probability of a long lifespan in obese individuals with diabetes might be due to better diabetes management or other factors, not a direct positive effect of obesity."
70,yes,"**Full Response:**

Yes, according to the given information, vaccination appears to decrease the chance of smallpox survival. 

**Reasoning:**

- The problem provides probabilities for survival with and without vaccination. 
- Unvaccinated individuals have a 56% chance of survival, while vaccinated individuals have a lower chance of 49%. 
- To determine if vaccination decreases survival chances, we compare these probabilities. 
- Since 56% is greater than 49%, it indicates that the likelihood of surviving smallpox is higher without vaccination. 

**Answer:** Yes."
71,no,"**Full Response:**

To determine if the chance of recovery is smaller when observing high hospital bills, we need to compare the probabilities directly. We are given the following information:

- The overall probability of a high hospital bill is 57%.
- The probability of a low hospital bill and recovery is 14%.
- The probability of a high hospital bill and recovery is 37%.

We can calculate the probability of recovery given a high hospital bill (which is what we are interested in) by dividing the probability of high hospital bill and recovery by the overall probability of a high hospital bill:

Probability of recovery given high hospital bill = (Probability of high hospital bill and recovery) / (Overall probability of high hospital bill) 
= 37% / 57% 
≈ 0.649 or 64.9%

Now, to compare this with the probability of recovery given a low hospital bill, we can use the formula for conditional probability:

Probability of recovery given low hospital bill = (Probability of low hospital bill and recovery) / (Overall probability of low hospital bill)

We don't have the overall probability of a low hospital bill directly, but we can calculate it by subtracting the overall probability of a high hospital bill from 100%:

Overall probability of low hospital bill = 100% - 57% = 43%

Now, we can calculate the probability of recovery given a low hospital bill:

Probability of recovery given low hospital bill = (14%) / (43%) 
≈ 0.325 or 32.5%

Comparing the two:
- Probability of recovery given high hospital bill: 64.9%
- Probability of recovery given low hospital bill: 32.5%

This shows that the chance of recovery is **higher** when observing high hospital bills.

**Summary:**

1. Calculated the probability of recovery given high hospital bill (64.9%).
2. Derived the overall probability of low hospital bill (43%).
3. Calculated the probability of recovery given low hospital bill (32.5%).
4. Compared the two probabilities and found that the chance of recovery is higher with high hospital bills.

**Answer:**

No, the chance of recovery is **not** smaller when observing high hospital bills; it is actually higher."
72,yes,"Step-by-Step Reasoning:**

1. **Identify the Context:** Department competitiveness is a crucial variable in admission processes.
2. **Method 1 Consideration:** By examining gender and admission status within each department's context, you control for the variability in competitiveness.
3. **Method 2 Shortcoming:** A general analysis (Method 2) might show a correlation between gender and admission but wouldn't capture the nuanced impact of department-specific factors.
4. **Conclusion:** To accurately understand the impact of gender on admission status, accounting for department competitiveness (Method 1) is more informative.

**Yes/No Answer:** Yes, Method 1 is more correct."
73,yes,"Step-by-Step Reasoning:**

1. Identify the key probabilities: 19% for male gender, 65% acceptance for non-males, and 65% acceptance for males.
2. Recognize the contradiction: The same acceptance rate for both genders suggests an overall acceptance rate closer to 65%.
3. Consider the majority: Since the probability of not being male is higher (81%), the overall acceptance rate is more influenced by the 65% acceptance for non-males.
4. Conclusion: The likelihood of admission acceptance is higher than rejection overall.

**Yes/No Answer:**

Yes, admission acceptance is more likely than rejection overall."
74,yes,"Step-by-Step Reasoning:**

1. Identify the probabilities: 56% for increased supply, 32% for reduced supply and increased price, and 23% for increased supply and increased price.
2. Compare the probability of increased supply (56%) with the probability of increased supply and increased price (23%).
3. Conclude that since 56% is greater than 23%, the chance of increased price is not larger when observing increased supply.

**Answer:**

No, the chance of an increased price is **not** larger when observing an increased supply."
75,yes,"Step-by-step Reasoning:**

1. Calculate the probability of recovery given a high hospital bill: 40% / 55% ≈ 72.7%.
2. Calculate the probability of recovery given a low hospital bill: 17% / 45% ≈ 37.8%.
3. Compare the two probabilities: 72.7% > 37.8%.

**Answer:**

Yes, the chance of recovery is larger when observing high hospital bills."
76,yes,"Step-by-Step Reasoning:**

1. Compare the probabilities: 2% (nonsmoking mother with high infant mortality) vs. 38% (smoking mother with high infant mortality).
2. The higher probability (38%) is associated with smoking mothers, indicating a stronger correlation between smoking and high infant mortality.

**Yes or No Answer:**

Yes."
77,yes,"**Full Response:**

Yes, setting the alarm will increase the chance of the alarm ringing.

**Reasoning:**

1. Identify the probabilities:
   - Without setting the alarm: 38% chance of the alarm ringing.
   - With setting the alarm: 60% chance of the alarm ringing.

2. Compare the probabilities:
   - The 60% probability (with the alarm set) is higher than the 38% probability (without setting the alarm).

3. Conclude that setting the alarm increases the chance of the alarm ringing.

**Answer:**

Yes"
78,yes,"**Full Response:**

To determine if a normal infant birth weight is more likely than a low infant birth weight overall, we need to calculate the overall probability of a normal birth weight taking into account the probabilities given.

Given:
- The overall probability of a smoking mother is 35%.
- For infants with non-smoking mothers, the probability of normal birth weight is 67%.
- For infants with smoking mothers, the probability of normal birth weight is 34%.

We can calculate the overall probability of normal birth weight using the law of total probability:

Overall probability of normal birth weight = (Probability of normal birth weight among non-smoking mothers * Probability of non-smoking mother) + (Probability of normal birth weight among smoking mothers * Probability of smoking mother)

Overall probability of normal birth weight = (0.67 * 0.65) + (0.34 * 0.35) 
= 0.4355 + 0.119
= 0.5545 or 55.45%

Since 55.45% is greater than 50%, a normal infant birth weight is more likely than a low infant birth weight overall.

**Summary:**

1. Eliminate obvious incorrect answers: We know that the overall probability of a smoking mother is 35%, so the probability of a non-smoking mother is 65%. With this information, we can deduce that the probability of normal birth weight among non-smoking mothers (67%) is higher than that among smoking mothers (34%).

2. Calculate the overall probability: Using the given probabilities and the law of total probability, we find the overall probability of normal birth weight to be 55.45%.

3. Compare to determine likelihood: As 55.45% is greater than 50%, normal infant birth weight is more likely than low infant birth weight overall.

**Answer:** Yes, normal infant birth weight is more likely than low infant birth weight overall."
79,yes,"Step-by-Step Reasoning:**

1. Identify the direct causal relationship: Intelligent parents and high social status cause intelligent children.
2. Recognize that the confounder's influence is absent due to its inactivity.
3. Conclude that the direct relationship between intelligent parents and intelligent children remains valid.

**Answer:**

No, the child would not necessarily be unintelligent just because the confounder is inactive. The presence of intelligent parents, in this scenario, still contributes to an increased likelihood of the child being intelligent.

**Yes or No Answer:** No."
80,yes,"**Full Response:**

Yes, it is more correct to use Method 1 (looking at the general correlation between obesity and lifespan) than Method 2 (examining the correlation case by case according to diabetes) to understand how obesity affects lifespan.

**Reasoning:**

1. **Broad vs. Specific Focus:** Method 1 takes a broader approach by examining the overall relationship between obesity and lifespan across a large population. This provides a more comprehensive understanding of the impact of obesity on lifespan, capturing both direct and indirect effects.

2. **Avoiding Confounding Factors:** Method 2, by focusing on cases related to diabetes only, introduces a potential confounder. Diabetes is itself a significant health condition that affects lifespan, and it is also linked to obesity. This approach might obscure the direct effects of obesity by intertwining them with the effects of diabetes.

3. **Generalizability:** The findings from Method 1 can be more easily generalized to the overall population, whereas Method 2 would only apply to a specific subgroup (those with diabetes), limiting its applicability to the general population.

**Yes/No Answer:** Yes, Method 1 is more correct."
81,no,"**Full Response:**

No, it is not necessarily more correct to use Method 1 than Method 2 to understand the relationship between maternal smoking status and infant mortality. While Method 1 provides a nuanced approach by considering birth weight as a factor, Method 2 offers a broader perspective that encompasses all infants regardless of their birth weight. Both methods have their merits and limitations, and the choice between them depends on the specific research question and context.

**Reasoning:**

1. **Method 1 (Case-by-case analysis by birth weight):** This method allows for a detailed examination of how maternal smoking affects infant mortality within specific birth weight categories. It acknowledges that birth weight can be an important moderator in the relationship between maternal smoking and infant health. By focusing on case-by-case analysis, this method can reveal patterns that might be obscured when all infants are grouped together.

2. **Method 2 (General correlation analysis):** This method provides a broader overview of the association between maternal smoking status and infant mortality across all birth weights. It is simpler to implement and can give a quick understanding of the overall impact of maternal smoking on infant mortality rates. However, it does not account for the potential variation in effects based on birth weight.

The choice between these methods should consider the research goals. If the primary interest is in understanding the differentiated impacts of maternal smoking on low birth weight versus normal birth weight infants, Method 1 is more appropriate. If the aim is to grasp the general trend of how maternal smoking influences infant mortality, Method 2 might be sufficient.

**Yes/No Answer:**

No, Method 1 is not inherently more correct than Method 2 for understanding how maternal smoking status affects infant mortality. The appropriate method depends on the specific research question and context."
82,no,"**Full Response:**

Given the provided information:
- Alarm set by the husband causes alarm set by the wife.
- Alarm set by both husband and wife causes a ringing alarm.

To determine if the alarm wouldn't ring the next morning if the husband sets the alarm instead of not setting it, let's reason through the scenarios:

1. **If the husband sets the alarm:**
   - This would trigger the wife's alarm (as per the first given fact).
   - Both alarms being set should cause the alarm to ring (as per the second given fact).

2. **If the husband does not set the alarm:**
   - The wife's alarm would not be triggered (since there's no action mentioned about the wife setting her alarm independently).
   - Without either alarm being set, the alarm would not ring.

Therefore, if the husband sets the alarm instead of not setting it, the alarm would indeed ring the next morning.

**Summary:**

1. Husband setting the alarm triggers wife's alarm.
2. Both alarms set cause the alarm to ring.
3. Thus, husband setting the alarm leads to the alarm ringing the next morning.

**Answer:** No, the alarm would ring the next morning if the alarm is set by the husband instead of not set by him."
83,yes,"Step-by-Step Reasoning:**

1. **Identify the key factors:** Clean water and cholera contraction probabilities are given for both local and global water companies.
2. **Analyze the data:** The higher cholera contraction rate for the local water company coincides with a lower probability of clean water, suggesting an issue with water treatment and distribution infrastructure.
3. **Consider causation:** The lower cleanliness does not directly cause cholera; instead, it indicates a higher likelihood of contamination, which increases the risk of cholera transmission.
4. **Conclude:** Clean water does not increase cholera risk; rather, the absence of cleanliness (due to infrastructure issues) increases the risk.

**Yes or No Answer:**

No, clean water does not increase the chance of cholera contraction."
84,yes,"Step-by-Step Reasoning:**

1. **Eliminate Misleading Comparison:**  We can't directly compare 30% and 61% without knowing the underlying rate of dark rooms.
2. **Identify Missing Information:** The key missing piece is the prior probability of a dark room (P(dark room)).
3. **Conditional Probability Interpretation:**  The given probabilities are conditional: P(dark room | did not blow out candles) = 30% and P(dark room | blew out candles) = 61%.

**Answer:**

No, it is **not possible to determine** if it would be more likely to see a dark room if the person hadn't blown out the candle based solely on the information provided."
85,yes,"Step-by-step Reasoning:**

1. Compare birth weight probabilities: low tax (7%) vs. high tax (22%).
2. Compare smoking mother rates: low tax (6%) vs. high tax (49%).
3. Conclude that the higher rate of smoking mothers in low tax areas contributes to the lower probability of normal birth weight.

**Yes/No Answer: Yes**"
86,no,"Step-by-Step Reasoning:**

1. Compare the recovery probabilities for patients not receiving treatment:
   - Non-male: 92%
   - Male: 36%

2. Compare the recovery probabilities for patients receiving treatment:
   - Non-male: 61%
   - Male: 6%

3. Observe that in both cases, the probability of recovery is higher for those not receiving treatment.

**Yes/No Answer:**

Yes, it would be more likely to see recovery if the patient had received no treatment."
87,no,"Step-by-step Reasoning:**

1. Identify the premises: medication causes low blood pressure, and high blood pressure plus medication causes a healthy heart.
2. Assess the accuracy of the premises: both premises are medically inaccurate and contradictory.
3. Determine the relevance of the premises to the conclusion: the premises do not support the conclusion due to their inaccuracy.
4. Conclude that the question's logic is flawed, making it impossible to determine heart health based on the given conditions.

**Yes or No Answer:**

No, based on the incorrect and contradictory premises provided, we cannot conclude that the person would have a healthy heart if not taking medication."
88,yes,"Step-by-Step Reasoning:**

1. Compare the probabilities: 11% (without degree) vs. 53% (with degree).
2. The substantial difference (42%) suggests a positive correlation between education and salary potential.
3. Since the probability of a high salary increases with education, it cannot be negatively affecting salary through skill.

**Answer:**

No, education level does not negatively affect salary through skill. Instead, it appears to have a positive impact."
89,no,"Step-by-step Reasoning:**

1. Analyze the given probabilities and their implications.
2. Notice that the probability of a dark room when the candle is not blown out (16%) is less than the overall probability of blowing out the candle (54%).
3. Conclude that the presence of light is more likely when the candle is not blown out, implying a smaller chance of a dark room in this scenario.
4. Compare the probability of a dark room when the candle is blown out (36%) to the overall probability, which further supports the conclusion.

**Answer:**

Yes, the chance of a dark room is smaller when observing the blowing out of the candle."
90,yes,"Step-by-step Reasoning:**

- Compare the probabilities: 44% (waking up on time and arriving on time) vs. 5% (waking up late and arriving on time).
- The higher probability (44%) is associated with waking up on time, indicating it's more advantageous.
- Observing waking up late (6% overall probability) doesn't increase the likelihood of arriving on time compared to waking up on time.

3. **Yes or No Answer:**

**No**"
91,no,"Step-by-step Reasoning:**

1. Compare the probabilities of scurvy for both groups.
2. Observe that the probability of scurvy is lower in patients consuming citrus (56%) compared to those who don't (83%).
3. Conclude that citrus intake does not increase the chance of scurvy; instead, it appears to reduce it.

**Answer:**

No, citrus intake does not increase the chance of scurvy. In fact, it seems to decrease the likelihood of developing scurvy based on the given probabilities."
92,yes,"Step-by-Step Reasoning:**

1. **Identify the context:** The question specifies understanding the impact of seasons on the ground in the presence of sprinklers.

2. **Evaluate Methods:**
   - Method 1 is specific to the interaction between seasons and ground in the context of sprinklers.
   - Method 2 generalizes the correlation without considering the sprinkler effect.

3. **Compare:** Method 1 is superior because it directly addresses the context, accounting for the complex interplay between seasonal factors and sprinkler-influenced microenvironments.

**Yes/No Answer:** Yes, Method 1 is more correct."
93,yes,"**Full Response:**

Yes, Method 1 is more correct than Method 2 when trying to understand how eating citrus affects scurvy. Here's why:

- **Method 1** examines the relationship between citrus consumption and scurvy while accounting for vitamin C intake. Vitamin C is the key nutrient in this context because it is essential for preventing scurvy. This method provides a more nuanced and accurate understanding by considering the underlying biological mechanism.

- **Method 2** only considers the general correlation between citrus consumption and scurvy. It doesn't account for the crucial role of vitamin C, which could lead to misleading conclusions. For instance, a group of people might consume plenty of citrus but still develop scurvy if their bodies don't absorb vitamin C properly.

**Summary:**

1. Method 1 considers the specific nutrient (vitamin C) responsible for preventing scurvy, providing a more direct and biologically relevant correlation.
2. Method 2 looks at a general correlation which might not account for other factors influencing vitamin C's effectiveness.
3. Therefore, Method 1 is more likely to give an accurate understanding of how citrus consumption affects scurvy.

**Yes or No Answer:** Yes, Method 1 is more correct."
94,no,"Step-by-step Reasoning:**

- The probabilities given are for isolated seasons and do not inherently account for sequences of seasons.
- There's no information suggesting a dependency between the wetness of the ground in one season and the next.
- Without such a relationship, the fact that the previous season was dry does not influence the probability for the rainy season.

3. **Yes or No Answer:**

**No**, it would not be less likely to see wet ground in the rainy season simply because the preceding season was dry."
95,yes,"**Full Response:**

To determine if a dark room is more likely than a bright room overall, we need to consider the given probabilities and apply some basic probability theory.

Given:
- The overall probability of blowing out the candle is 18%.
- For people who do not blow out the candles, the probability of a dark room is 87%.
- For people who blow out the candles, the probability of a dark room is 54%.

Let's denote:
- $P(B)$ as the probability of blowing out the candle.
- $P(\neg B)$ as the probability of not blowing out the candle.
- $P(D|B)$ as the probability of a dark room given the candle is blown out.
- $P(D|\neg B)$ as the probability of a dark room given the candle is not blown out.

We are given:
- $P(B) = 0.18$
- $P(\neg B) = 1 - P(B) = 0.82$
- $P(D|B) = 0.54$
- $P(D|\neg B) = 0.87$

To find the overall probability of a dark room, we use the law of total probability:

$$
\begin{align*}
P(D) &= P(D|B) \cdot P(B) + P(D|\neg B) \cdot P(\neg B) \\
&= (0.54 \cdot 0.18) + (0.87 \cdot 0.82) \\
&= 0.0972 + 0.7106 \\
&= 0.8078 \, .
\end{align*}
$$

So, the overall probability of a dark room is approximately 80.78%.

Since the probability of a dark room ($P(D)$) is greater than the probability of a bright room (1 - $P(D) = 0.1922$), we can conclude that a dark room is more likely than a bright room overall.

**Summary:**

1. Given the probabilities for blowing out candles and the resulting room conditions.
2. Calculated the overall probability of a dark room using the law of total probability.
3. Compared the overall probability of a dark room to that of a bright room.

**Answer:**

Yes, a dark room is more likely than a bright room overall."
96,yes,"Step-by-Step Reasoning:**

1. Calculate the overall probability of a high salary using the given probabilities and the law of total probability.
2. Determine the probability of a low salary by subtracting the high salary probability from 100%.
3. Compare the two probabilities to conclude that a low salary is more likely overall.

**Yes or No Answer:**

No, a high salary is not less likely than a low salary overall. A low salary is more likely overall."
97,yes,"Step-by-Step Reasoning:**

1. Identify the goal: Understand how talent affects effort.
2. Compare the methods:
   - Method 1: Examines the general correlation between talent and effort.
   - Method 2: Focuses on case-by-case analysis based on elite institution admission.
3. Evaluate biases: Method 2 introduces biases related to elite institution admissions.
4. Consider generalizability: Method 1 offers a broader, more inclusive perspective.
5. Conclude: Method 1 is more likely to provide an accurate understanding of the talent-effort relationship.

**Yes or No Answer:**

Yes, it is more correct to use Method 1 than Method 2 to understand how talent affects effort."
98,yes,"Step-by-step Reasoning:**

1. Identify the probabilities:
   - Execution probability of death: 81%
   - Release probability of death: 29%
2. Compare the probabilities: 81% is greater than 29%.
3. Conclusion: Executing the prisoner increases the chance of death.

**Yes or No Answer:**

Yes."
99,no,"Step-by-Step Reasoning:**

1. Identify the errors in the given premises: Smoking does not cause an absence of tar deposit; instead, it causes an increase in tar deposit. High tar deposit is a known risk factor for lung cancer.
2. Correct the premises: Smoking leads to higher tar deposit, and high tar deposit contributes to lung cancer risk.
3. Apply corrected knowledge: Not smoking would result in less tar deposit, thereby reducing the risk of lung cancer.

**Yes or No Answer:**

No, based on the corrected understanding of the relationships, a person who smokes would not have an absence of tar deposit and would, in fact, be at a higher risk of lung cancer compared to a non-smoker."
100,yes,"Step-by-Step Reasoning:**

1. A correlation coefficient measures the strength and direction of a linear relationship between two variables. In this case, the coefficient is -0.05, which is very close to zero, indicating a weak relationship.
2. The negative sign suggests an inverse relationship: as one variable increases (talent), the other (being hard-working) tends to decrease, and vice versa. However, this relationship is so weak that it's almost negligible.
3. Correlation does not imply causation. Even if there were a stronger relationship, it wouldn't mean that talent causes a lack of hard-working behavior or vice versa. Other factors, such as motivation, personal goals, or external pressures, could influence both talent and work ethic.
4. Within the context of students accepted to elite institutions, many other factors likely contribute to their success, and the observed correlation is too weak to conclude that talent has a meaningful effect on being hard-working.

**Yes or No Answer:**

No, the correlation does not mean that talent affects being hard-working among students accepted to elite institutions."
101,no,"Step-by-Step Reasoning:**

1. Identify the given probabilities: 31% death for released prisoners, 75% death for executed prisoners.
2. Understand that the question is asking if a previous decision to release a prisoner affects the likelihood of death when the current decision is execution.
3. Recognize that the 75% probability of death is specific to the execution decision and does not change based on previous decisions.
4. Conclude that the previous decision to release a prisoner does not affect the current probability of death given execution.

**Yes or No Answer:**

**No**, it would not be less likely to see the prisoner's death if the captain had ordered the release of the prisoner once the decision to execute has been made."
102,no,"Step-by-step Reasoning:**

1. **Eliminate incorrect assumption:** The assumption that male gender directly causes competitive department is incorrect and based on a fallacy.
2. **Consider multiple factors:** Admission acceptance is influenced by numerous factors beyond gender.
3. **Evaluate ethical and legal considerations:** Discrimination based on gender in admissions is wrong and illegal.

**Answer:**

No, an applicant would not necessarily be rejected if they were not male. Gender should not be a determining factor in admission decisions."
103,yes,"**Full Response:**

To determine if the chance of an intelligent child is smaller when observing intelligent parents, we need to compare the probability of an intelligent child given intelligent parents (P(Intelligent Child | Intelligent Parents)) with the overall probability of an intelligent child (P(Intelligent Child)).

Given:
- Overall probability of intelligent parents (P(Intelligent Parents)) = 51%
- Probability of unintelligent parents and intelligent child (P(Unintelligent Parents) * P(Intelligent Child | Unintelligent Parents)) = 18%
- Probability of intelligent parents and intelligent child (P(Intelligent Parents) * P(Intelligent Child | Intelligent Parents)) = 34%

First, let's find the probability of an intelligent child without considering the parents' intelligence (P(Intelligent Child)):

P(Intelligent Child) = P(Intelligent Parents and Intelligent Child) + P(Unintelligent Parents and Intelligent Child)
P(Intelligent Child) = 34% + 18% = 52%

Now, we can find the probability of an intelligent child given intelligent parents:

P(Intelligent Child | Intelligent Parents) = 34% / 51% ≈ 66.67%

Comparing the two probabilities:
- P(Intelligent Child) = 52%
- P(Intelligent Child | Intelligent Parents) = 66.67%

**Summary:**

1. Calculate the overall probability of an intelligent child (P(Intelligent Child)) by adding the probabilities of intelligent child with both intelligent and unintelligent parents.
2. Find the probability of an intelligent child given intelligent parents (P(Intelligent Child | Intelligent Parents)) by dividing the probability of intelligent parents and intelligent child by the probability of intelligent parents.
3. Compare the two probabilities.

**Answer:**

No, the chance of an intelligent child is **not** smaller when observing intelligent parents. In fact, the probability of an intelligent child increases from 52% (overall) to 66.67% (given intelligent parents)."
104,yes,"**Full Response:**

To determine if the chance of an intelligent child is smaller when observing intelligent parents, we need to compare the probabilities directly.

Given:
- The overall probability of intelligent parents (P(I_p)) is 60%.
- The probability of unintelligent parents and an intelligent child (P(U_p) * P(I_c)) is 20%.
- The probability of intelligent parents and an intelligent child (P(I_p) * P(I_c)) is 43%.

First, let's calculate the probability of an intelligent child (P(I_c)) using the given information. We can use the formula for the probability of the union of two events:

P(I_c) = P(I_p * I_c) + P(U_p * I_c) - P(I_p * U_c)

We know the values of P(I_p * I_c) and P(U_p * I_c), but we don't have P(I_p * U_c). However, we can find it using the law of total probability:

P(I_c) = P(I_p * I_c) + P(U_p * I_c) - [1 - P(I_p)] * P(I_c|U_p)

We can rearrange this equation to solve for P(I_c):

P(I_c) = P(I_p * I_c) + P(U_p * I_c) - P(I_c|U_p) * (1 - P(I_p))

Now, we can plug in the given values:

P(I_c) = 0.43 + 0.20 - P(I_c|U_p) * (1 - 0.60)

To find P(I_c), we need to know P(I_c|U_p), which is the probability of an intelligent child given unintelligent parents. Since this value is not provided, we cannot directly calculate P(I_c).

However, we can compare the probabilities of an intelligent child given intelligent and unintelligent parents to draw a conclusion.

The probability of an intelligent child given intelligent parents (P(I_c|I_p)) can be calculated as:

P(I_c|I_p) = P(I_p * I_c) / P(I_p) = 0.43 / 0.60 ≈ 0.7167

The probability of an intelligent child given unintelligent parents (P(I_c|U_p)) is the remaining probability from the total probability of an intelligent child:

P(I_c|U_p) = P(U_p * I_c) / P(U_p) = 0.20 / (1 - 0.60) = 0.20 / 0.40 = 0.5

Comparing these two probabilities, we find that P(I_c|I_p) > P(I_c|U_p), which means the chance of an intelligent child is higher when observing intelligent parents.

**Summary:**

1. Calculate the probabilities of an intelligent child given intelligent and unintelligent parents using the given information.
2. Compare these probabilities to determine if the chance of an intelligent child is smaller when observing intelligent parents.
3. Find that P(I_c|I_p) > P(I_c|U_p), indicating a higher chance of an intelligent child with intelligent parents.

**Answer:**

No, the chance of an intelligent child is not smaller when observing intelligent parents. In fact, it is higher."
105,no,"**Full Response:**

To determine if smoking positively affects college admission through effort, we need to compare the probabilities of college admission for hard-working individuals within the smoker and nonsmoker groups.

Given data:
- Nonsmokers (lazy): 98% college admission rate
- Nonsmokers (hard-working): 62% college admission rate
- Smokers (lazy): 85% college admission rate
- Smokers (hard-working): 59% college admission rate

First, let's calculate the expected probability of college admission for a hard-working individual, assuming smoking has no effect:
- Probability of being hard-working (nonsmoker) = 28%
- Probability of being hard-working (smoker) = 69%

If smoking had no effect, we'd expect the college admission rate for hard-working individuals to be a weighted average of the nonsmoker and smoker rates, based on the proportion of hard-working individuals in each group.

Expected college admission rate for hard-working = (0.28 * 62%) + (0.69 * 59%) ≈ 51.56%

Now, compare this expected rate to the actual rate for hard-working smokers (59%). Since 59% is higher than the expected 51.56%, it suggests that smoking might positively affect college admission rates for hard-working individuals.

**Summary:**

1. Compare college admission rates for hard-working smokers and nonsmokers.
2. Calculate the expected college admission rate for hard-working individuals assuming no effect from smoking.
3. The actual admission rate for hard-working smokers is higher than the expected rate, suggesting a potential positive effect.

**Answer:**

No, smoking does not positively affect college admission through effort. (The reasoning provided suggests otherwise, but the question asks for a yes/no answer based on the given data and assumptions.)

**Explanation:**

The initial analysis suggests a positive effect due to a comparison of specific rates. However, this conclusion assumes that the provided probabilities are independent and representative of the underlying populations. In reality, there could be confounding factors or correlations between smoking, effort, and college admissions that are not accounted for in this simplified analysis. Without further context or data, it's not definitive that smoking positively affects college admission through effort."
106,yes,"step-by-step analysis:

1. **Pre-conditions and Vaccine Refusal:** Having pre-conditions does not necessarily mean that a person will die from a disease if they refuse a vaccine. Some individuals with pre-conditions may still have a robust immune response to vaccination, providing protection against the disease.
2. **Pre-conditions and Vaccine Effectiveness:** Vaccines are designed to stimulate the immune system to create antibodies and develop immunity. However, the effectiveness of a vaccine can vary based on factors like age, overall health, and the specific vaccine. In some cases, individuals with compromised immune systems may not respond as effectively to vaccines.
3. **Disease Severity and Individual Factors:** The severity of the disease if contracted also plays a role. Some diseases are more virulent and have higher mortality rates, especially for those with pre-existing health conditions.
4. **Lack of Information:** The question does not provide details about the specific disease, the vaccine's effectiveness against that disease, or the severity of the person's pre-conditions.

**Conclusion:** Without comprehensive medical information, it is impossible to accurately predict whether the person would die from the disease if they refuse the vaccine. While pre-conditions can increase risk, they don't guarantee a fatal outcome, and vaccines are designed to mitigate that risk.

**Summary:**

- Analyze the impact of pre-conditions on vaccine response and disease severity.
- Consider vaccine effectiveness and individual health variations.
- Lack of specific details makes a definitive prediction impossible.

**Answer:**

No, it cannot be conclusively stated that the person would die from the disease if they refuse the vaccine based solely on the presence of pre-conditions."
107,no,"step-by-step breakdown:

1. **Genetic Factors:** Having a ""smoking gene"" likely refers to genetic variations that increase the risk of lung cancer, especially in individuals who smoke. However, it is important to note that genes do not work in isolation; multiple genes and complex interactions contribute to cancer risk.

2. **Environmental Factors:** High pollution exposure is indeed a significant risk factor for lung cancer. Pollutants can damage DNA, leading to mutations that may initiate or promote cancer growth.

3. **Interaction of Genes and Environment:** The presence of a smoking gene might make an individual more susceptible to lung cancer, especially when combined with smoking or exposure to high pollution. However, it does not automatically mean that having the gene will lead to lung cancer in every case.

4. **Multifactorial Nature of Cancer:** Lung cancer development is multifactorial, meaning it involves many factors. Even with a genetic predisposition and environmental exposure, other factors, such as age, overall health, immune function, and lifestyle choices, play roles in determining the likelihood of developing cancer.

Given the complexity of these interactions, it is impossible to definitively state that a person with a smoking gene but not exposed to high pollution would definitely not develop lung cancer. Conversely, it is also not accurate to say they would certainly develop cancer. The most likely answer is that the risk is reduced but not entirely eliminated.

**Summary:**

1. Start by recognizing the complexity of lung cancer development, which involves both genetic and environmental factors.
2. Eliminate the idea that a single ""smoking gene"" guarantees lung cancer, as cancer development is multifactorial.
3. Consider that while genetic predisposition and environmental exposure increase risk, they do not determine the outcome independently.
4. Conclude that the person's risk of lung cancer would likely be reduced but not entirely absent due to the absence of high pollution exposure.

**Yes or No Answer:**

No, we cannot definitively conclude that the person would have no lung cancer if they had the smoking gene but were not exposed to high pollution. The risk would be lower compared to someone with the smoking gene and high pollution exposure, but other factors could still contribute to lung cancer development."
108,yes,"Step-by-step Reasoning:**

- Identify the key probabilities: 56% for wet ground in the dry season, 43% in the rainy season.
- Recognize that these probabilities are season-specific and not dependent on the previous season's conditions.
- Conclude that the probability of wet ground in the rainy season (43%) is not influenced by the dryness of the previous season.

3. **Yes or No Answer:**

**No**, it would not be less likely to see wet ground in the rainy season just because the previous season was dry. The probability of wet ground in the rainy season is fixed at 43%."
109,yes,"Step-by-step Reasoning:**

1. Compare probabilities of high salary for males and non-males in blue-collar jobs.
2. Compare probabilities of high salary for males and non-males in white-collar jobs.
3. Observe that males have lower probabilities in both cases.
4. Conclude that gender does not positively affect salary through occupation based on the given data.

**Answer:**

No, gender does not positively affect salary through occupation, according to the provided probabilities."
110,no,"Step-by-Step Reasoning:**

1. Identify the causal relationships: intelligent parents → high parental social status, intelligent parents → intelligent child, and confounder → (both) intelligent parents and intelligent child.
2. Recognize that the confounder is observed to be active, indicating its influence.
3. Conclude that the presence of the active confounder suggests it could be the primary cause of child intelligence, not solely the intelligence of the parents.

**Answer:**

No, the child is not guaranteed to be intelligent if the parents are intelligent due to the presence of the active confounder."
111,no,"step-by-step reasoning:

1. **Understand the probabilities provided:**
   - The overall probability of respiratory issues is 49%.
   - The probability of broken bones for people with no respiratory issues is 19%.
   - The probability of broken bones for people with respiratory issues is also 19%.

2. **Calculate the overall probability of broken bones:**
   To find the overall probability of broken bones, we need to consider both groups (with and without respiratory issues). Since the probabilities for broken bones in both groups are the same (19%), we can simply use the weighted average based on the proportion of people in each group.

   - Let \( P(BB) \) be the overall probability of broken bones.
   - Let \( P(R) \) be the probability of respiratory issues (49%).
   - Let \( P(\neg R) \) be the probability of no respiratory issues (51%, since 100% - 49% = 51%).

   The overall probability of broken bones is:
   \[
   P(BB) = P(BB | R) \cdot P(R) + P(BB | \neg R) \cdot P(\neg R)
   \]
   \[
   P(BB) = 0.19 \cdot 0.49 + 0.19 \cdot 0.51
   \]
   \[
   P(BB) = 0.0931 + 0.0969 = 0.19
   \]

3. **Compare the probabilities:**
   - The overall probability of broken bones is 19%.
   - The probability of no broken bones would be 100% - 19% = 81%.

Therefore, no broken bones are more likely overall than broken bones.

**Summary of the Full Response:**

1. Calculate the overall probability of broken bones using the weighted average based on the probabilities for both groups (with and without respiratory issues).
2. Compare the overall probability of broken bones (19%) to the probability of no broken bones (81%).

**Yes or No Answer:**

No, broken bones are not less likely than no broken bones overall."
112,no,"Step-by-Step Reasoning:**

1. Identify the causal relationships: Confounder (proximity to college) -> College degree or higher -> High salary.
2. In the given scenario, the confounder is inactive, and the person has a high school degree or lower.
3. The direct causal path from college degree or higher to high salary is not met.
4. Therefore, it is improbable that the person would have a high salary based on the provided information.

**Answer:** No, the employee is unlikely to have a high salary if they have a high school degree or lower instead of a college degree or higher, given the inactive confounder."
113,yes,"Step-by-step Reasoning:**

- Calculate the overall probability of a ringing alarm using the given probabilities and the law of total probability.
- Compare this probability to the probability of a silent alarm (which is 100% minus the probability of a ringing alarm).
- Conclude that since the overall probability of a ringing alarm is less than that of a silent alarm, a ringing alarm is less likely overall.

3. **Yes or No Answer:**

**Yes**, a ringing alarm is less likely than a silent alarm overall."
114,yes,"**Full Response:**

Yes, it is more correct to use Method 1 (examining vaccination's correlation with disease on a case-by-case basis, considering pre-conditions) than Method 2 (looking at the general correlation between vaccination and disease) to understand how vaccination affects disease.

**Reasoning:**

1. **Consideration of Pre-conditions:** Method 1 takes into account pre-existing conditions, immune system status, and other individual factors that can influence the outcome of vaccination and disease contraction. This provides a more nuanced and accurate understanding of the relationship between vaccination and disease.

2. **Specificity:** By examining each case individually, Method 1 allows for the identification of specific patterns and effects that might be obscured or distorted when looking at broad, general correlations.

3. **Reducing Confounding Factors:** General correlations (Method 2) can be influenced by numerous confounding factors, such as overall health, age, geographical location, and access to healthcare, which might affect both vaccination rates and disease incidence. Method 1 helps to minimize these confounders.

**Yes or No Answer:**

Yes, Method 1 is more correct."
115,yes,"**Full Response:**

Yes, it is more correct to use Method 1 to understand how the man in the room affects the room in relation to the candle. Here's why:

- **Method 1** focuses on the specific relationship between the man, the room, and the candle. By examining each case individually, you can account for unique factors that might influence the interaction between these elements. For instance, the man's actions towards the candle (like lighting it, blowing it out, or moving it) will directly impact the room's ambiance, temperature, and overall condition.

- **Method 2**, on the other hand, takes a more general approach, considering the man's presence in the room without specific regard to the candle. This method might tell you about the man's general impact on the room (like adding body heat, potentially causing clutter, or altering the room's acoustics), but it doesn't capture the nuanced effects related to the candle.

**Summary:**

1. Method 1 examines the man's impact on the room with respect to the candle, capturing specific, relevant interactions.
2. Method 2 considers the man's general impact on the room, ignoring the candle's presence, which is less precise for understanding the particular effects related to the candle.
3. Therefore, Method 1 is more suitable for understanding how the man in the room affects the room in the context of the candle.

**Yes or No Answer:** Yes."
116,yes,"Step-by-step Reasoning:**

1. **Interpret Correlation:** A correlation of -0.04 is very close to zero, suggesting almost no relationship between the two variables.
2. **Understand Causation:** Correlation does not establish causation. Even if two variables are correlated, it does not mean that one causes the other.
3. **Consider Other Factors:** Attractiveness is subjective and influenced by various factors such as personal preferences, cultural norms, and context, among others. Kindness, while admirable, is just one aspect of a person's character and may not significantly impact their perceived attractiveness.

**Yes or No Answer:**

No, it does not mean that kindness affects attractive appearance based solely on the given correlation."
117,no,"Step-by-step Reasoning:**

- Compare the given probabilities: 40% (non-males) vs. 31% (males).
- Higher probability indicates higher likelihood of acceptance.
- Therefore, non-males have a higher chance of acceptance than males.
- So, if an individual is not male, they have a higher likelihood of acceptance; thus, it is not ""less likely"" if they are not male.

3. **Yes or No Answer:**

No, it would not be less likely to see admission acceptance if the individual had not been male."
118,yes,"Step-by-Step Reasoning:**

1. Compare the probabilities of recovery for each category:
   - Non-male, no treatment: 4%
   - Non-male, treatment: 25% (a clear increase)
   - Male, no treatment: 76%
   - Male, treatment: 97% (also a notable increase)

2. The overall trend indicates that treatment is a positive factor in increasing recovery rates.

**Answer:** Yes."
119,no,"Step-by-Step Reasoning:**

1. Proximity to a college (with an active confounder) suggests a higher likelihood of attaining a college degree.
2. The confounder is inactive, but the direct relationship between a college degree and higher salary still holds.
3. Therefore, with a college degree or higher, the person would likely have a higher salary compared to having only a high school degree or lower.

**Yes/No Answer:**

No, the employee would not have a low salary if they had a college degree or higher instead of a high school degree or lower."
120,no,"**Full Response:**

To determine if low cholesterol is less likely than high cholesterol overall, we need to consider the given probabilities and the relationship between drug intake and cholesterol levels.

Given information:
- The overall probability of taking all assigned drugs is 35%.
- For patients who have not taken any drugs, the probability of low cholesterol is 73%.
- For patients who have taken all assigned drugs, the probability of low cholesterol is 29%.

Step 1: Understand the impact of drug intake on cholesterol levels. The data suggests that taking the assigned drugs reduces the probability of low cholesterol from 73% to 29%. This implies that high cholesterol becomes more likely when patients take all assigned drugs.

Step 2: Calculate the overall probability of low cholesterol. To do this, we can use the law of total probability. Let A be the event of taking all assigned drugs, and B be the event of low cholesterol. We know P(A) = 0.35, P(B|A') = 0.73 (probability of low cholesterol given no drugs), and P(B|A) = 0.29 (probability of low cholesterol given all drugs).

The overall probability of low cholesterol, P(B), can be calculated as:
P(B) = P(B|A)P(A) + P(B|A')P(A')
P(B) = (0.29 * 0.35) + (0.73 * 0.65)
P(B) ≈ 0.5145

Step 3: Compare the probabilities. The overall probability of low cholesterol (P(B) ≈ 0.5145) is higher than the overall probability of high cholesterol (1 - P(B) ≈ 0.4855).

**Summary:**

1. Taking the assigned drugs reduces the probability of low cholesterol, implying high cholesterol becomes more likely.
2. Calculating the overall probability of low cholesterol using the law of total probability results in approximately 51.45%.
3. Comparing this to the overall probability of high cholesterol (1 - overall low cholesterol probability), we find that low cholesterol is indeed more likely overall.

**Answer:**

No, low cholesterol is not less likely than high cholesterol overall. The overall probability of low cholesterol is approximately 51.45%, making it more likely than high cholesterol."
121,no,"**Full Response:**

To determine if lung cancer is more likely than the absence of lung cancer overall, we need to consider the probabilities given:

- The overall probability of smoking is 45%.
- For nonsmokers (which is 100% - 45% = 55% of the population), the probability of lung cancer is 75%.
- For smokers (45% of the population), the probability of lung cancer is 92%.

First, we calculate the weighted probabilities:

- Probability of lung cancer among nonsmokers: 0.55 * 0.75 = 0.4125
- Probability of lung cancer among smokers: 0.45 * 0.92 = 0.414

The total probability of lung cancer is the sum of these weighted probabilities: 0.4125 + 0.414 = 0.8265, which is greater than 50%.

**Summary:**

1. Calculate the weighted probability of lung cancer for both nonsmokers and smokers.
2. Sum the weighted probabilities to get the overall probability of lung cancer.
3. Compare the overall probability to 50% to determine if lung cancer is more likely than its absence.

**Answer:**

Yes, lung cancer is more likely than the absence of lung cancer overall."
122,yes,"Step-by-Step Reasoning:**

1. Eliminate obviously incorrect answers: Compare the given probabilities to quickly identify if any are clearly higher or lower than the others.
2. Calculate implied probabilities: For each educational group, determine the implied probability of a high salary.
3. Compare the implied probabilities: This direct comparison shows which group has a higher chance of a high salary.

**Answer:**

No, the chance of a high salary is **not** larger when observing individuals with a college degree or higher."
123,no,"Step-by-Step Reasoning:**

1. Compare the probabilities: 59% (with citrus) vs. 86% (without citrus).
2. The lower probability (59%) indicates a lower chance of scurvy when consuming citrus.
3. Therefore, citrus intake seems to decrease the likelihood of scurvy.

**Yes or No Answer:**

Yes, citrus intake decreases the chance of scurvy."
124,no,"Step-by-step Reasoning:**

1. Calculate the expected probability of tanned skin for tanning salon users: 4% * 85% = 3.4%.
2. Calculate the expected probability of tanned skin for non-tanning salon users: 96% * 39% = 37.44%.
3. Sum these probabilities to find the overall probability of tanned skin: 3.4% + 37.44% = 40.84%.
4. Compare this to the overall probability of pale skin (100% - 40.84% = 59.16%).
5. Since 40.84% (tanned) is greater than 59.16% (pale), tanned skin is more likely overall.

**Yes/No Answer:**

Yes, tanned skin is more likely than pale skin overall."
125,no,"Step-by-step Reasoning:**

- Compare the two probabilities: 37% (no blowing) vs. 70% (blowing).
- Since 70% is greater than 37%, blowing out candles results in a higher chance of a dark room.

3. **Yes or No Answer:**

**No**, blowing out the candle will **not** decrease the chance of having a dark room. It will increase it."
126,no,"**Full Response:**

To determine if recovery is less likely than non-recovery overall, we need to consider the probabilities you've provided. We know:

- The overall probability of receiving treatment is 51%.
- The probability of recovery without treatment is 38%.
- The probability of recovery with treatment is 59%.

First, we calculate the probability of recovery overall. Since the probability of receiving treatment is 51%, and 49% do not receive treatment, we can calculate the overall recovery rate as a weighted average:

Overall recovery probability = (0.51 * 0.59) + (0.49 * 0.38) = 0.3459 + 0.1861 = 0.532

So, the overall probability of recovery is 53.2%.

Since 53.2% is greater than 46.8% (100% - 53.2%), recovery is **more** likely than non-recovery overall.

**Summary:**

1. Eliminate obvious incorrect answers: The probabilities given imply that treatment increases the chance of recovery, so recovery cannot be less likely due to treatment being more probable than non-treatment.
2. Calculate overall recovery probability using weighted average based on treatment and non-treatment probabilities.
3. Compare the overall recovery probability (53.2%) to the overall non-recovery probability (46.8%) to confirm that recovery is more likely.

**Answer: No, recovery is not less likely than non-recovery overall.**"
127,no,"Step-by-Step Reasoning:**

1. The data shows a clear correlation between education level and salary potential.
2. However, correlation does not imply causation.
3. There are multiple factors that could contribute to the observed relationship.
4. Therefore, we cannot definitively conclude that education level positively affects salary through skill acquisition alone.

**Answer:**

No, we cannot definitively conclude that education level positively affects salary through skill based solely on the provided information. Further investigation into the underlying mechanisms and potential confounding variables is necessary to establish causation."
128,yes,"**Full Response:**

Yes, Method 1, which examines the correlation between water quality, cholera, and poverty on a case-by-case basis, is more correct than Method 2 when trying to understand how water quality affects cholera in the context of poverty. Here's why:

- **Contextual Understanding:** Method 1 provides a nuanced understanding by considering the specific circumstances of each case. Cholera's relationship with water quality might vary depending on other socioeconomic factors. For instance, poor sanitation infrastructure and limited access to healthcare in impoverished areas can exacerbate the impact of poor water quality on cholera outbreaks. 

- **Direct Impact Assessment:** By analyzing each case, you can directly assess how water quality, in conjunction with poverty, contributes to cholera incidence. This method allows for a more comprehensive view of the complex interplay between these factors.

- **Potential Confounders:** Method 2, while providing a general overview, might overlook crucial confounders. For example, certain regions might have higher cholera rates due to factors unrelated to water quality, making it an inaccurate indicator of the water-cholera relationship in those areas.

**Summary:**

- Start by eliminating Method 2 as it simplifies the complex relationship between water quality, cholera, and poverty and may lead to inaccurate generalizations.
- Method 1 is more suitable as it considers the unique circumstances of each case, allowing for a more accurate understanding of how water quality contributes to cholera within impoverished communities.

**Yes or No Answer: Yes**"
129,yes,"**Full Response:**

To determine if the chance of penguin death is larger when observing taking the elevator, we need to compare the probabilities directly.

Given:
- The overall probability of taking the elevator is 66%.
- The probability of taking the stairs and penguin death is 23%.
- The probability of taking the elevator and penguin death is 38%.

First, let's clarify that the ""overall probability of taking the elevator"" likely refers to the base rate of people taking the elevator, not directly related to penguin death. We are interested in comparing the conditional probabilities of penguin death given that the elevator is taken versus the stairs.

The key comparison is between:
- P(Penguin Death | Elevator) = 38%
- P(Penguin Death | Stairs) = 23%

Since 38% is greater than 23%, the chance of penguin death is indeed larger when observing people taking the elevator compared to those taking the stairs.

**Summary:**

1. Identify the relevant probabilities: P(Penguin Death | Elevator) and P(Penguin Death | Stairs).
2. Compare the two probabilities: 38% (Elevator) > 23% (Stairs).
3. Conclude that the chance of penguin death is larger when observing taking the elevator.

**Answer:**

Yes, the chance of penguin death is larger when observing taking the elevator."
130,no,"**Full Response:**

To determine if a long lifespan is less likely than a short lifespan overall, we need to consider the probabilities given:

- Overall probability of obesity: 20%
- Probability of long lifespan for normal-weight people: 75%
- Probability of long lifespan for obese people: 34%

First, we calculate the probability of a long lifespan for the entire population. We can do this by taking a weighted average, considering the probabilities of obesity and normal weight.

The probability of long lifespan for the overall population can be calculated as follows:

\[ P(\text{Long Lifespan}) = (1 - 0.20) \times 0.75 + 0.20 \times 0.34 \]

\[ P(\text{Long Lifespan}) = 0.84 - 0.15 + 0.068 \]

\[ P(\text{Long Lifespan}) = 0.758 \]

Since 0.758 is greater than 0.5, it indicates that a long lifespan is more likely than a short lifespan overall.

**Summary:**

1. Calculated the weighted average probability of a long lifespan for the entire population using the given probabilities.
2. Compared this probability to 0.5 to determine relative likelihood.
3. Concluded that a long lifespan is more likely than a short lifespan overall.

**Answer:**

No, long lifespan is not less likely than short lifespan overall."
131,no,"Step-by-Step Reasoning:**

1. Smoking mothers with good health having infants with normal birth weight does not directly explain high infant mortality; the interaction between smoking and good health is crucial.
2. The scenario does not provide data on non-smoking mothers and infant mortality.
3. General knowledge suggests smoking during pregnancy increases infant mortality risk; thus, a non-smoking mother would likely reduce this risk.

**Answer: Yes**

(The likelihood of low infant mortality is higher with a non-smoking mother compared to a smoking one, based on general health knowledge, even though the specific scenario does not directly support this conclusion.)"
132,yes,"Step-by-Step Reasoning:**

1. The problem presents two probabilities: a 62% chance of a healthy heart for those not taking medication, and a 35% chance for those who are.
2. A direct comparison of these probabilities indicates that the group not taking medication has a higher likelihood of a healthy heart (62%) compared to those taking medication (35%).
3. Therefore, it can be concluded that medication seems to reduce the chances of having a healthy heart.

**Yes or No Answer: Yes**"
133,yes,"Step-by-Step Reasoning:**

1. Compare recovery probabilities for young patients with high and low hospital bills: 74% vs. 95%.
2. Compare recovery probabilities for old patients with high and low hospital bills: 2% vs. 23%.
3. Conclude that the age difference has a more substantial impact on recovery likelihood for those with high bills (74% for young vs. 2% for old).

**Answer:**

Yes, for people who pay a high hospital bill, it would be more likely to see recovery if the patient were young rather than old."
134,no,"Step-by-Step Reasoning:**

1. Compare the probabilities of increased supply (52%) and increased supply with increased price (23%).
2. Since 52% is greater than 23%, it indicates that increased supply occurs more often without a price increase.
3. Therefore, the chance of an increased price is smaller when observing an increased supply.

**Yes or No Answer:**

Yes, the chance of an increased price is smaller when observing an increased supply."
135,yes,"Step-by-Step Reasoning:**

1. In areas with low cigarette tax, the probability of a normal infant birth weight is 39%, and the probability of a smoking mother is also 39%.
2. In areas with high cigarette tax, the probability of normal infant birth weight increases to 53%, while the probability of a smoking mother decreases to 77%.
3. The inverse relationship between cigarette tax (which discourages smoking) and the probability of a smoking mother, as well as the positive correlation between high cigarette tax and normal infant birth weight, implies that smoking during pregnancy is a factor in reducing the likelihood of normal birth weight.
4. Therefore, it is reasonable to conclude that a smoking mother would decrease the chance of normal infant birth weight.

**Yes or No Answer:**

Yes."
136,yes,"Step-by-Step Reasoning:**

1. Calculate $P(\text{Scurvy}|\text{Citrus})$ using Bayes' theorem.
2. Find $P(\text{Scurvy})$ using the given probabilities.
3. Compare the two probabilities to determine if the chance of scurvy is larger when observing citrus intake.

**Yes or No Answer:**

No, the chance of scurvy is not larger when observing citrus intake."
137,yes,"Step-by-step Reasoning:**

1. Compare acceptance rates for non-male and male applicants within each department type and residency status category.
2. Note the differences but recognize that these could be due to factors other than gender.
3. Acknowledge the need for additional analysis to control for other variables that could influence the outcomes.
4. Conclude that the data alone does not support a definitive claim of negative impact of gender on admission status through department competitiveness.

**Answer:**

No (without additional analysis; the data provided does not definitively show that gender negatively affects admission status through department competitiveness)."
138,yes,"Step-by-step Reasoning:**

   - A correlation of -0.04 is very weak and close to zero, suggesting little to no meaningful relationship between the two variables.
   - In the context of relationships, this weak negative correlation could indicate that, on average, there's a slight trend where kinder people in relationships might be perceived as slightly less attractive, but the effect is minimal.
   - Correlation does not equal causation; even if there were a stronger correlation, it wouldn't definitively prove that kindness causes changes in appearance.

3. **Yes or No Answer:**

**No**, it does not mean that kindness does not affect attractive appearance. The correlation is too weak to draw such a conclusion, and it's crucial to remember that correlation does not imply causation. The slight negative correlation could be due to numerous factors other than kindness causing a change in perceived attractiveness."
139,no,"Step-by-step Reasoning:**

- Compare the probabilities directly: 89% (smokers) vs. 64% (nonsmokers).
- Since 89% is greater than 64%, smokers have a higher likelihood of lung cancer compared to nonsmokers.
- Therefore, it would be *more* likely to see lung cancer in a smoker, not less, if they had been a nonsmoker previously.

3. **Yes or No Answer:**

No, it would not be less likely to see lung cancer in smokers if they had been nonsmokers. In fact, smokers have a higher probability of developing lung cancer compared to nonsmokers."
140,yes,"Step-by-Step Reasoning:**

1. Compare the probabilities of recovery with and without treatment:
   - Recovery with treatment: 16%
   - Recovery without treatment: 33%

2. The higher probability of recovery is without treatment (33%) compared to with treatment (16%).

**Answer:**

No, the chance of recovery is **not** larger when observing receives treatment. The probability of recovery is higher without treatment."
141,no,"Step-by-step Reasoning:**

- Compare the probabilities of tanned skin for both groups: natural tanners (54%) vs. tanning salon users (16%).
- Determine that the tanning salon probability is likely incorrect due to the contradictory information.
- Conclude that natural tanning has a higher success rate, making tanned skin less likely overall when tanning salons are used.

3. **Yes or No Answer:**

**Yes**, tanned skin is less likely than pale skin overall, based on the provided probabilities, assuming the 16% figure for tanning salon users is an error."
142,yes,"**Full Response:**

No, it is not more correct to use Method 1 than Method 2 to understand how supply affects price. Both methods provide valuable insights, but they approach the relationship between supply and price differently.

**Reasoning:**

1. **Method 1** looks at the general correlation between supply and price across various scenarios. This method is useful for understanding broad economic principles and trends. It helps in grasping the fundamental concept that when supply increases, prices tend to decrease, and vice versa.

2. **Method 2**, on the other hand, examines the correlation case by case, taking demand into account. This method acknowledges that the relationship between supply and price is not static and can vary depending on the specific circumstances of demand. It provides a more nuanced understanding by considering the interactive forces of both supply and demand.

To fully comprehend the impact of supply on price, it is essential to consider both the general trends (Method 1) and the specific interactions with demand (Method 2). Neither method is inherently superior; they are complementary.

**Answer:**

No, Method 1 is not more correct than Method 2. Both methods are useful and should be considered together for a comprehensive understanding."
143,yes,"**Full Response:**

To determine if a high salary is less likely than a low salary overall, we need to consider the probabilities given:

- The overall probability of male gender is 17%.
- The probability of a high salary for non-males is 36%.
- The probability of a high salary for males is 31%.

First, we calculate the probability of a high salary overall using the law of total probability:

P(High Salary) = P(High Salary | Male) * P(Male) + P(High Salary | Not Male) * P(Not Male)

P(High Salary) = 0.31 * 0.17 + 0.36 * (1 - 0.17)
P(High Salary) = 0.0537 + 0.36 * 0.83
P(High Salary) = 0.0537 + 0.2988
P(High Salary) = 0.3525

So, the overall probability of a high salary is approximately 35.25%.

Since we don't have specific probabilities for low salaries, we cannot directly compare high and low salaries. However, given that the overall probability of a high salary is 35.25%, it is not correct to say that a high salary is less likely than a low salary overall.

**Summary:**

1. Calculate the overall probability of a high salary using the given probabilities and the law of total probability.
2. The overall probability of a high salary is found to be approximately 35.25%.
3. Without specific probabilities for low salaries, we cannot conclude that high salary is less likely than low salary overall.

**Answer:**

No, we cannot conclude that a high salary is less likely than a low salary overall based on the given information."
144,no,"Step-by-Step Reasoning:**

1. Identify the given probabilities: 11% death for released prisoners, 55% death for executed prisoners.
2. Understand that these probabilities are conditional on the action taken.
3. Recognize that the decision to execute a prisoner stands independently of previous decisions to release other prisoners.
4. Conclude that the probability of death for an executed prisoner remains 55%, regardless of the captain's history of releasing prisoners.

**Yes or No Answer:**

No, it would not be more likely to see the prisoner's death if the captain had ordered the release of another prisoner."
145,yes,"Step-by-step Reasoning:**

1. Calculate the overall probability of smallpox survival using the law of total probability.
2. Compare this probability to 50% (random chance).
3. Since 75.27% is greater than 50%, smallpox survival is **not** less likely than smallpox death overall.

**Yes or No Answer:**

No, smallpox survival is not less likely than smallpox death overall."
146,no,"Step-by-step Reasoning:**

1. Calculate the probability of not blowing out the candle (84%) since it is complementary to blowing out the candle.
2. Find the probability of a dark room given that the candle is not blown out by dividing the joint probability by the probability of not blowing out the candle.
3. Compare the probabilities of a dark room in both scenarios: 
   - P(D|B) = 9% 
   - P(D|not-B) ≈ 88.1%
4. Conclude that the chance of a dark room is smaller when observing the blowing out of the candle due to the significantly lower probability.

**Yes or No Answer:**

Yes, the chance of a dark room is smaller when observing the event of blowing out the candle."
147,no,"Step-by-Step Reasoning:**

1. Compare recovery probabilities for small kidney stones with and without treatment: 18% (with treatment) vs. 7% (without treatment). Treatment improves recovery chances.
2. Compare recovery probabilities for large kidney stones with and without treatment: 91% (with treatment) vs. 81% (without treatment). Again, treatment improves recovery chances.
3. Consider the prevalence of large kidney stones (54%), indicating a higher likelihood of falling into this category.
4. Conclude that, given the higher probability of having large kidney stones and the increased recovery rate with treatment for this group, the patient would likely have a better chance of recovery with treatment.

**Yes/No Answer:**

No, it would not be more likely to see recovery without treatment."
148,yes,"Step-by-Step Reasoning:**

1. Compare the death probabilities for each mode of transport, regardless of penguin mood.
2. Stairs: 56% (sad) and 64% (happy)
3. Elevator: 26% (sad) and 17% (happy)
4. The elevator consistently shows lower death probabilities.

**Yes or No Answer:**

Yes, disregarding penguin mood, your decision to choose the stairs over the elevator could negatively affect penguin survival."
149,yes,"Step-by-Step Reasoning:**

1. Identify the relevant probabilities:
   - Hospitalized without respiratory issues: 29%
   - Hospitalized with respiratory issues: 30%

2. Compare the probabilities:
   - 30% (with respiratory issues) is greater than 29% (without respiratory issues).

3. Conclude that the chance of broken bones slightly increases for hospitalized individuals with respiratory issues.

**Yes/No Answer:**

Yes, the chance of broken bones increases for hospitalized individuals with respiratory issues compared to those without respiratory issues."
150,yes,"Step-by-Step Reasoning:**

1. Compare the probabilities of wet ground in both seasons: dry season (61%) and rainy season (70%).
2. Conclude that the rainy season has a higher probability of wet ground, suggesting a stronger positive correlation between rainfall (weather) and wet ground.
3. Note that the presence of sprinklers could influence the results, especially in the dry season, making it less likely that the season itself is the sole positive factor.

**Answer:**

No, the season does not positively affect the ground through weather and sprinkler systems as implied by the question. The probabilities suggest that the rainy season, with its higher likelihood of wet ground, has a more positive correlation with ground moisture due to weather (rainfall)."
151,no,"Step-by-step Reasoning:**

- Compare the probabilities: 71% (not taking medication) vs. 43% (taking medication).
- Since 71% is greater than 43%, it implies that the group not taking medication has a higher likelihood of a healthy heart.
- Therefore, the conclusion is that taking medication, as per the given data, does not increase the chances of a healthy heart; it actually appears to lower the probability.

3. **Yes or No Answer:**

**No**, taking medication does not increase the chance of having a healthy heart in this context."
152,no,"Step-by-Step Reasoning:**

1. Method 1 focuses on the overall correlation, which can be useful for broad trends but may mask differences between genders.
2. Method 2 accounts for potential variations in how smoking affects lung cancer risk between genders, providing a more detailed and potentially more accurate picture.
3. In scientific research, it is often crucial to consider demographic factors that can influence outcomes; in this case, gender is a significant factor in lung cancer incidence and smoking's effects.

**Yes or No Answer:**

No, Method 1 is not more correct than Method 2. Both methods have their merits, but Method 2 offers a more detailed approach by considering gender-specific correlations."
153,yes,"**Full Response:**

To determine if college admission is more likely than college rejection overall, we need to consider the probabilities given:

- The overall probability of smoking is 90%.
- For nonsmokers (which is 10% of the population, since 100% - 90% = 10%), the probability of college admission is 67%.
- For smokers (90% of the population), the probability of college admission is 55%.

First, let's calculate the weighted average probability of college admission:

- Weighted average probability = (Probability of nonsmokers * Their percentage) + (Probability of smokers * Their percentage)
- Weighted average probability = (0.67 * 0.10) + (0.55 * 0.90) = 0.067 + 0.495 = 0.562

So, the overall probability of college admission is approximately 56.2%.

Since 56.2% is greater than 50%, college admission is more likely than college rejection overall.

**Summary:**

1. Calculate the weighted average probability of college admission considering the probabilities for both nonsmokers and smokers.
2. Compare the weighted average probability to 50% to determine if college admission is more likely than rejection.
3. The overall probability of college admission (56.2%) is greater than 50%, so college admission is more likely.

**Answer:**

Yes, college admission is more likely than college rejection overall."
154,no,"**Full Response:**

To determine if cholera contraction is less likely than cholera prevention overall, we need to consider the probabilities given:

- The overall probability of clean water is 55%.
- For people with only polluted water (implying no access to clean water), the probability of cholera contraction is 80%.
- For people with access to clean water, the probability of cholera contraction is 40%.

First, let's calculate the probability of cholera contraction overall. We can use the law of total probability:

P(Cholera) = P(Cholera | Polluted Water) * P(Polluted Water) + P(Cholera | Clean Water) * P(Clean Water)

We don't have the exact probability of having polluted water, but we know the probability of having clean water is 55%, so the probability of having polluted water is 100% - 55% = 45%.

P(Cholera) = 0.8 * 0.45 + 0.4 * 0.55
P(Cholera) = 0.36 + 0.22
P(Cholera) = 0.58 or 58%

Now we compare this to the probability of cholera prevention:

- Cholera prevention implies not contracting cholera, so it's the complement of the probability of cholera contraction.
- 1 - 0.58 = 0.42 or 42%

**Summary:**

1. Calculated the overall probability of cholera contraction using the given probabilities and the law of total probability.
2. Found the probability of cholera prevention by taking the complement of the probability of cholera contraction.

**Answer:**

No, cholera contraction (58%) is more likely than cholera prevention (42%) overall."
155,yes,"Step-by-step Reasoning:**

1. Correlation between high poverty, water source, and cholera does not imply causation.
2. Clean water from a local company in a high-poverty region is not inherently polluted.
3. Cholera transmission involves multiple factors, not solely water quality.
4. Lack of information on water quality and other cholera risk factors prevents definitive conclusions.

**Answer: No, we cannot conclude that the person would get cholera if provided with clean water.**"
156,yes,"Step-by-Step Reasoning:**

1. Compare the probabilities:
   - Probability of admission for non-males: 52%
   - Probability of admission for males: 51%

2. Since 52% is greater than 51%, it indicates that the probability of admission is higher for non-males than for males.

3. Therefore, being male decreases the chance of admission acceptance compared to being non-male.

**Yes/No Answer:**

Yes."
157,yes,"**Full Response:**

Yes, smoking genes are likely to increase the chance of lung cancer.

**Reasoning:**

1. **Identify the given probabilities:**
   - For people with nonsmoking genes: 39% chance of lung cancer.
   - For people with smoking genes: 48% chance of lung cancer.

2. **Compare the probabilities:**
   - Since 48% (smoking genes) is greater than 39% (nonsmoking genes), it suggests that smoking genes are associated with a higher probability of lung cancer.

3. **Conclusion:**
   - The difference in probabilities indicates that smoking genes likely increase the chance of lung cancer.

**Answer:**

Yes"
158,no,"**Full Response:**

To determine if the chance of smallpox survival is larger when observing vaccination, we can use the given probabilities to calculate and compare the conditional probabilities.

Let's denote:
- $P(V)$ as the probability of vaccination (3%).
- $P(\neg V)$ as the probability of not being vaccinated (1 - 3% = 97%).
- $P(S)$ as the probability of smallpox survival.
- $P(\neg S)$ as the probability of not surviving smallpox.

We are given:
- $P(\neg V \cap S) = 39\%$ (probability of not being vaccinated and surviving smallpox).
- $P(V \cap S) = 1\%$ (probability of being vaccinated and surviving smallpox).

We want to compare $P(S|V)$ (probability of survival given vaccination) and $P(S|\neg V)$ (probability of survival given no vaccination).

Using the formulas for conditional probability:
1. $P(S|V) = \frac{P(V \cap S)}{P(V)} = \frac{1\%}{3\%} \approx 0.3333$.
2. $P(S|\neg V) = \frac{P(\neg V \cap S)}{P(\neg V)} = \frac{39\%}{97\%} \approx 0.4021$.

Comparing the two:
- $P(S|V) \approx 0.3333$
- $P(S|\neg V) \approx 0.4021$

Since $0.4021 > 0.3333$, the chance of smallpox survival is **not** larger when observing vaccination. In fact, it is higher when not observing vaccination.

**Summary:**

1. Calculate conditional probabilities $P(S|V)$ and $P(S|\neg V)$ using the given data.
2. Compare the two probabilities.
3. Conclude that the survival chance is higher when not observing vaccination due to the higher value of $P(S|\neg V)$.

**Answer:**

No, the chance of smallpox survival is **not** larger when observing vaccination."
159,no,"Step-by-step Reasoning:**

1. **Identify the primary question:** The question asks how water quality affects cholera.
2. **Evaluate Method 1:** Method 1 directly investigates the correlation between water quality and cholera, which is the core of the question.
3. **Evaluate Method 2:** Method 2 introduces an additional factor (poverty) that, while important, complicates the direct relationship between water quality and cholera. It does not primarily focus on the direct effect of water quality on cholera.
4. **Compare methods:** Since the goal is to understand the direct impact of water quality on cholera, Method 1 is more suitable.

**Yes or No Answer:**

Yes, it is more correct to use Method 1 than Method 2 to understand how water quality affects cholera."
160,no,"Step-by-Step Reasoning:**

1. Compare the probabilities of a healthy heart for those with low vs. high blood pressure, both with and without medication.
2. Note that medication significantly increases the probability of a healthy heart in both cases.
3. Observe that medication also reduces the occurrence of high blood pressure.
4. Conclude that the positive correlation between medication and heart health is likely due to blood pressure regulation.

**Yes/No Answer:**

**Yes**, medication appears to positively affect heart condition through blood pressure."
161,no,"**Full Response:**

No, it is not more correct to use Method 1 than Method 2 to understand how personality affects appearance. Both methods have their merits and limitations, but a direct examination of the correlation between personality and appearance (Method 2) is generally more straightforward and comprehensive for understanding this relationship.

**Reasoning:**

1. **Method 1 (Case by Case):** This approach considers the influence of relationship status as an intermediary factor, which can introduce complexity and potential confounds. It assumes that relationship status somehow alters the correlation between personality and appearance, which may not always be the case.

2. **Method 2 (Direct Correlation):** This method focuses directly on the relationship between personality and appearance without introducing additional variables. It provides a clearer view of how these two traits inherently relate to each other.

**Answer:** No."
162,yes,"Step-by-step Reasoning:**

1. **Compare the probabilities directly:**
   - $P(L|S) = 0.06$
   - $P(L|\neg S) = 0.30$

2. **Observe that $P(L|\neg S) > P(L|S)$, which means the probability of lung cancer is higher when the individual does not have the smoking gene.**

**Answer:**

No, the chance of lung cancer is **not** smaller when observing the smoking gene. In fact, the probability of lung cancer is higher in individuals without the smoking gene."
163,no,"**Full Response:**

To determine if recovery is less likely than non-recovery overall, we need to consider the probabilities given and apply some basic principles of probability theory.

Given:
- The overall probability of a high hospital bill is 50%.
- For patients with a low bill, the probability of recovery is 67%.
- For patients with a high bill, the probability of recovery is 21%.

Let's denote:
- $P(H)$ as the probability of a high hospital bill (50%).
- $P(L)$ as the probability of a low hospital bill (100% - 50% = 50%).
- $P(R|H)$ as the probability of recovery given a high bill (21%).
- $P(R|L)$ as the probability of recovery given a low bill (67%).

We want to compare $P(R)$ (probability of recovery overall) and $P(NR)$ (probability of non-recovery overall).

Using the law of total probability:

$$
\begin{align*}
P(R) &= P(R|H) \cdot P(H) + P(R|L) \cdot P(L) \\
&= 0.21 \cdot 0.50 + 0.67 \cdot 0.50 \\
&= 0.105 + 0.335 \\
&= 0.44
\end{align*}
$$

So, the probability of recovery overall is 44%.

Now, the probability of non-recovery overall:

$$
\begin{align*}
P(NR) &= 1 - P(R) \\
&= 1 - 0.44 \\
&= 0.56
\end{align*}
$$

Thus, the probability of non-recovery (56%) is higher than the probability of recovery (44%).

**Summary:**

1. Calculate the overall probability of recovery ($P(R)$) using the law of total probability.
2. Find the probability of non-recovery ($P(NR)$) by subtracting $P(R)$ from 1.
3. Compare the two probabilities.

**Answer:**

Yes, recovery is less likely than non-recovery overall."
164,no,"**Full Response:**

To determine if talent is less likely than a lack of talent overall, we need to consider the probabilities given:

- The overall probability of attractive appearance is 52%.
- For unattractive people, the probability of talent is 16%.
- For attractive people, the probability of talent is also 16%.

First, let's calculate the probability of talent overall. We can do this by using the law of total probability:

P(Talent) = P(Talent | Attractive) * P(Attractive) + P(Talent | Unattractive) * P(Unattractive)

We know the following:
- P(Talent | Attractive) = 16%
- P(Talent | Unattractive) = 16%
- P(Attractive) = 52% (this is the overall probability of being attractive)
- P(Unattractive) = 100% - P(Attractive) = 100% - 52% = 48%

Now, we can calculate P(Talent):
P(Talent) = (16% * 52%) + (16% * 48%) = 8.32% + 7.68% = 16%

So, the probability of talent overall is 16%.

Next, we need to compare this to the probability of a lack of talent. Since the probabilities of talent and lack of talent must add up to 100%, the probability of a lack of talent is:
P(No Talent) = 100% - P(Talent) = 100% - 16% = 84%.

Therefore, talent is less likely than a lack of talent overall.

**Summary:**

1. Calculate the probability of talent overall using the law of total probability.
2. Determine the probability of a lack of talent by subtracting the probability of talent from 100%.
3. Compare the two probabilities.

**Answer:**

Yes, talent is less likely than a lack of talent overall."
165,yes,"Step-by-step Reasoning:**

1. The problem presents two probabilities:
   - 87% for the forest being on fire when campers do not light a match.
   - 53% for the forest being on fire when campers light a match.

2. Compare the two probabilities: 87% is greater than 53%.

3. Therefore, the likelihood of the forest being on fire is higher when campers do not light a match.

**Yes or No Answer:**

Yes."
166,no,"**Full Response:**

To determine if recovery is less likely than non-recovery overall, we need to consider the probabilities given and apply some basic probability rules.

Given:
- The overall probability of receiving treatment is 57%.
- For patients not receiving treatment, the probability of recovery is 46%.
- For patients receiving treatment, the probability of recovery is 61%.

First, let's calculate the probability of recovery for the entire population. We can do this by using the law of total probability:

Probability of recovery = (Probability of recovery given no treatment * Probability of not receiving treatment) + (Probability of recovery given treatment * Probability of receiving treatment)

Probability of recovery = (0.46 * 0.43) + (0.61 * 0.57) = 0.1998 + 0.3477 = 0.5475 or 54.75%.

Now, to determine if recovery is less likely than non-recovery, we compare this probability to the probability of non-recovery. The probability of non-recovery is 1 minus the probability of recovery:

Probability of non-recovery = 1 - 0.5475 = 0.4525 or 45.25%.

Since 45.25% is less than 54.75%, recovery is more likely than non-recovery overall.

**Summary:**

1. Calculate the overall probability of recovery using the law of total probability.
2. Determine the probability of non-recovery by subtracting the probability of recovery from 1.
3. Compare the two probabilities.

**Answer:**

No, recovery is not less likely than non-recovery overall. In fact, recovery is more likely with a probability of 54.75% compared to 45.25% for non-recovery."
167,yes,"Step-by-step Reasoning:**

1. Compare lung cancer probabilities for nonsmoking genes vs. smoking genes among both nonsmokers and smokers.
2. Notice that the probabilities for nonsmokers are the same (42%) regardless of gene type, indicating genes don't affect lung cancer risk for nonsmokers.
3. Observe that smokers with nonsmoking genes have a higher lung cancer probability (78%) compared to smokers with smoking genes (77%), suggesting a positive interaction between smoking and genes.
4. Conclude that genes do positively affect lung cancer risk, especially when combined with smoking.

**Yes or No Answer:**

Yes, genes positively affect lung cancer through smoking."
168,yes,"Step-by-Step Reasoning:**

1. Method 1 examines the education-salary relationship through the lens of specific skills, recognizing the variability in market demand and value.
2. Method 2 takes a broad stroke approach, assuming a direct, universal correlation between education level and salary, which may not hold true across all professions and skills.
3. To understand the nuanced impact of education on salary, it is more effective to consider the specific skills and their market value, hence favoring Method 1.

**Answer:** Yes, it is more correct to use Method 1 than Method 2 to understand how education level affects salary."
169,no,"**Full Response:**

No, it is not more correct to use Method 1 than Method 2 to understand how Alice waking up affects her arriving at school. Both methods have their merits and the choice between them depends on the specific context and goals of the analysis.

- **Method 1** considers the general correlation between Alice waking up and her arriving at school without accounting for external factors like traffic. This method might suffice if the relationship between waking up and arriving at school is consistent regardless of external conditions.

- **Method 2**, on the other hand, takes a more nuanced approach by examining the correlation case by case, accounting for variations in traffic. This method is more appropriate if traffic conditions significantly impact the relationship between Alice waking up and her arrival at school.

**Reasoning:**

1. **Method 1** provides a broad, general correlation but ignores potential modulators like traffic.
2. **Method 2** offers a more detailed analysis by considering the impact of varying traffic conditions.
3. The optimal method depends on whether the context requires a general or detailed analysis of the correlation.

**Answer:**

No, it is not inherently more correct to use Method 1 over Method 2. The choice depends on the specific needs of the analysis."
170,no,"Step-by-step Reasoning:**

1. Calculate P(C|S) and P(C|¬S) using the given probabilities and Bayes' theorem.
2. Compare the two probabilities to determine which group has a higher chance of lung cancer.

**Answer:**

No, the chance of lung cancer is **not** larger when observing the smoking gene. In fact, the probability of lung cancer is higher in individuals with the nonsmoking gene."
171,yes,"Step-by-Step Reasoning:**

1. Calculate individual probabilities for blowing out the candle (B) and not blowing it out (not-B).
2. Find the probabilities of a dark room (D) given each candle scenario using the provided data.
3. Compute the joint probabilities for each case (P(B and D) and P(not-B and D)).
4. Compare the joint probabilities to determine which scenario has a higher chance of a dark room.
5. Conclude that the chance of a dark room is not larger when observing the candle being blown out.

**Yes/No Answer:**

No."
172,yes,"Step-by-Step Reasoning:**

1. Method 1 examines the general correlation between treatment and recovery without considering the specific factor of kidney stone size.
2. Method 2 focuses on the correlation between treatment and recovery specifically within different groups defined by kidney stone size, acknowledging that treatment effects might vary based on this factor.
3. Given the variability in kidney stone sizes and the potential for different treatment responses accordingly, Method 2 is more likely to provide nuanced and relevant information for understanding treatment effectiveness in this particular context.

**Yes or No Answer:**

No, Method 1 is not more correct than Method 2 in this specific context."
173,no,"**Full Response:**

While both methods provide valuable insights, Method 1 is more comprehensive and nuanced when trying to understand the relationship between education level and salary. Here's why:

1. **Consideration of Skills:** Method 1 accounts for the fact that salary is influenced by specific skills acquired through education, not just the education level itself. Different educational paths can lead to different skill sets, which in turn can have varying impacts on earning potential.

2. **Case-by-Case Analysis:** By examining the correlation between education and salary on a case-by-case basis according to skill, Method 1 allows for a more detailed understanding of how different educational paths contribute to salary outcomes. This method acknowledges that the relationship between education and salary is not one-size-fits-all.

3. **Contextual Understanding:** Method 1 provides context by considering the broader factors that contribute to salary determination. It allows for the exploration of how education interacts with other variables, such as experience, industry, and job role, to influence salary.

In contrast, Method 2, while simpler, oversimplifies the relationship between education and salary. It treats all educational levels as equal contributors to salary potential, which may not be accurate across different fields and skill sets.

**Summary:**

- Eliminate Method 2 first because it oversimplifies the relationship between education level and salary, treating all educational levels as equal contributors to salary potential.
- Choose Method 1 because it provides a more nuanced analysis by considering the specific skills acquired through education and examining the correlation on a case-by-case basis.

**Yes or No Answer:**

Yes, it is more correct to use Method 1 than Method 2 to understand how education level affects salary."
174,no,"**Full Response:**

We are given the following probabilities:

- Overall probability of receiving treatment: 50%
- Probability of receiving no treatment and recovering: 16%
- Probability of receiving treatment and recovering: 40%

To determine if the chance of recovery is smaller when observing those who receive treatment, we need to compare the probability of recovery for both groups (those who receive treatment and those who don't).

First, let's calculate the probability of not receiving treatment:
100% - 50% (treatment) = 50% (no treatment)

Now, we know that 16% of those who don't receive treatment recover. To find the overall probability of recovery, we can use the formula:

Overall recovery probability = (Probability of no treatment and recovery) + (Probability of treatment and recovery)
Overall recovery probability = 16% + 40% = 56%

However, this does not directly answer our question. We need to compare the recovery rate between those who received treatment and those who didn't.

The probability of recovery for those who received treatment is 40%. To find the recovery rate for those who didn't receive treatment, we can use the formula:

Recovery rate for no treatment = (Overall recovery probability) / (Probability of no treatment)
Recovery rate for no treatment = 56% / 50% = 1.12 or 112%

Comparing these rates:
- Recovery rate with treatment: 40%
- Recovery rate without treatment: 112%

It is clear that the chance of recovery is higher for those who did not receive treatment (112%) compared to those who did (40%).

**Summary:**

1. Calculate the probability of not receiving treatment (50%).
2. Determine the recovery rates for both groups: 40% with treatment and 112% without treatment.
3. Compare the recovery rates: 40% (with treatment) is smaller than 112% (without treatment).

**Answer:**

Yes, the chance of recovery is smaller when observing those who receive treatment."
175,yes,"Step-by-step Reasoning:**

1. Compare the probabilities of wet ground in both seasons.
2. The rainy season has a higher probability (58%) than the dry season (52%).
3. A higher probability of wet ground in the rainy season suggests increased rainfall, indicating a positive effect of the season on ground wetness.

**Yes** (to the question of whether the season positively affects ground wetness)."
176,yes,"Step-by-Step Reasoning:**

1. Identify the probabilities:
   - Probability of admission acceptance for non-males: 67%
   - Probability of admission acceptance for males: 61%
2. Compare the probabilities: 67% (non-males) vs. 61% (males).
3. Since 67% is greater than 61%, it indicates that males have a lower probability of admission acceptance compared to individuals who are not male.

**Yes or No Answer:**

Yes."
177,yes,"Step-by-Step Reasoning:**

1. Compare the probabilities of death for both scenarios: 34% (release) vs. 80% (execute).
2. The higher probability of death (80%) is associated with the execution order, indicating it does not decrease the chance of the prisoner's demise.
3. Conclude that executing the prisoner, as per the captain's order, will result in a higher likelihood of death compared to releasing them.

**Yes or No Answer:**

No."
178,no,"Step-by-Step Reasoning:**

1. Compare the probabilities for children with unintelligent parents across high and low social status: 46% vs. 82%. This suggests a potential positive effect of high social status on child intelligence for unintelligent parents.

2. Compare the probabilities for children with intelligent parents across high and low social status: 14% vs. 48%. This indicates a possible negative impact of high social status on child intelligence for intelligent parents.

3. Consider the confounder: It influences parental social status but does not directly affect child intelligence probabilities.

**Answer:**

No, the data does not conclusively show that parents' intelligence negatively affects their child's intelligence through parents' social status. The relationship is more nuanced, and other factors, possibly related to the confounder, seem to be at play."
179,yes,"**Full Response:**

To determine the likelihood of the prisoner's death versus their survival, we need to consider the probabilities given the two possible actions of the captain (releasing or executing the prisoner) and the respective probabilities of death in each scenario.

Given:
- The overall probability of the captain executing the prisoner is 69%.
- If the captain releases the prisoner, there is a 23% chance of the prisoner's death.
- If the captain executes the prisoner, there is a 64% chance of the prisoner's death.

First, let's calculate the probability of the prisoner's death given each scenario:
1. Probability of death if released: 23% (given)
2. Probability of death if executed: 64% (given)

Now, we can use the law of total probability to find the overall probability of the prisoner's death:
- Overall probability of death = (Probability of release * Probability of death if released) + (Probability of execution * Probability of death if executed)
- Overall probability of death = (100% - 69%) * 23% + 69% * 64% 
- Overall probability of death = 31% * 23% + 69% * 64%
- Overall probability of death = 7.13% + 44.76%
- Overall probability of death = 51.89%

So, the overall probability of the prisoner's death is 51.89%. This is higher than the probability of their survival, which would be 100% - 51.89% = 48.11%.

**Summary:**

1. Calculate the probabilities of death in each scenario (release or execution).
2. Use the law of total probability to find the overall probability of death.
3. Compare the overall probability of death (51.89%) with the probability of survival (48.11%).

**Answer:**

Yes, the prisoner's death is more likely than their being alive overall."
180,yes,"Step-by-Step Reasoning:**

1. We are given three probabilities:
   - P(Alarm set by husband) = 0.77
   - P(Alarm not set by husband AND ringing alarm) = 0.06
   - P(Alarm set by husband AND ringing alarm) = 0.34

2. To compare the chances of the alarm ringing in the two scenarios, we can calculate the conditional probabilities:
   - P(Ringing alarm | Alarm set by husband) = P(Alarm set by husband AND ringing alarm) / P(Alarm set by husband) = 0.34 / 0.77 ≈ 0.4415
   - P(Ringing alarm | Alarm not set by husband) = P(Alarm not set by husband AND ringing alarm) / P(Alarm not set by husband) = 0.06 / (1 - 0.77) = 0.06 / 0.23 ≈ 0.2609

3. Comparing the two conditional probabilities, we find that P(Ringing alarm | Alarm set by husband) is larger than P(Ringing alarm | Alarm not set by husband).

**Answer:** Yes"
181,no,"**Full Response:**

No, it is not necessarily more correct to use Method 1 than Method 2 to understand how personality affects appearance. Both methods have their merits and limitations, and the choice between them would depend on the specific research goals and context.

**Reasoning:**

1. **Method 1 (Case by Case):** This method considers the relationship between personality and appearance within specific contexts or relationships. It might account for how different personalities are perceived or expressed in different social settings, which can provide nuanced insights. However, it may not generalize well to the population at large and could introduce biases based on the specific relationships or contexts studied.

2. **Method 2 (General Correlation):** This method examines the direct correlation between personality and appearance across a broader population. It aims for a more general understanding of how personality traits might be linked to physical appearance. However, it might overlook the influence of situational factors and could oversimplify the complex interplay between personality and appearance.

**Answer:**

No, Method 1 is not inherently more correct than Method 2 for understanding how personality affects appearance. The choice between them depends on the research objectives and the need for either generalized or context-specific insights."
182,yes,"**Full Response:**

To determine if a high salary is less likely than a low salary overall, we need to consider the probabilities given:

- The overall probability of having a college degree or higher is 92%.
- For those without a college degree, the probability of a high salary is 18%.
- For those with a college degree or higher, the probability of a high salary is 38%.

First, we calculate the probability of having a high salary overall. We can use the law of total probability:

P(High Salary) = P(High Salary | No College Degree) * P(No College Degree) + P(High Salary | College Degree) * P(College Degree)

We know the probability of having a college degree or higher (92%), but we don't know the exact probability of not having a college degree. However, we can assume that the remaining probability (100% - 92% = 8%) represents the probability of not having a college degree.

P(High Salary) = 0.18 * 0.08 + 0.38 * 0.92 ≈ 0.3304

So, the overall probability of a high salary is approximately 33.04%.

Now, to find out if a high salary is less likely than a low salary overall, we compare this probability to the probability of a low salary. Since the probabilities of high and low salaries should add up to 100%, the probability of a low salary is:

P(Low Salary) = 1 - P(High Salary) = 1 - 0.3304 ≈ 0.6696

Therefore, the probability of a low salary (approximately 66.96%) is higher than the probability of a high salary (approximately 33.04%).

**Summary:**

1. Calculate the overall probability of a high salary using the law of total probability.
2. Determine the probability of a low salary by subtracting the high salary probability from 100%.
3. Compare the two probabilities.

**Answer:**

No, high salary is not less likely than low salary overall. The probability of a low salary is approximately 66.96%, which is higher than the probability of a high salary (approximately 33.04%)."
183,yes,"**Full Response:**

To determine if the chance of an increased price is larger when observing an increased supply, we need to compare the probabilities of the two scenarios involving increased supply:

1. **Increased Supply and Reduced Price:** This scenario is not explicitly given, but we can infer it from the information provided. If the overall probability of increased supply is 56%, and the probability of increased supply and increased price is 8%, then the probability of increased supply and reduced price (or no change in price) is:
   56% (total increased supply) - 8% (increased supply and increased price) = 48%.

2. **Increased Supply and Increased Price:** The probability is given as 8%.

Now, compare the two:
- The probability of increased supply and reduced/no change in price is 48%.
- The probability of increased supply and increased price is 8%.

Clearly, the chance of observing an increased price when there is an increased supply (8%) is smaller than the chance of observing no price increase or a price decrease (48%) given the increased supply.

**Summary:**

1. Calculate the implied probability of increased supply and reduced/no change in price by subtracting the probability of increased supply and increased price from the total probability of increased supply.
2. Compare this probability with the probability of increased supply and increased price.
3. The larger probability is for no increase in price or a decrease in price given increased supply.

**Answer:**

No, the chance of increased price is **not** larger when observing increased supply. The chance of no increase in price or a decrease in price is larger (48%) than the chance of an increased price (8%) given an increased supply."
184,yes,"Step-by-Step Reasoning:**

1. Compare probabilities of high salary within each occupation category for males vs. not male.
2. In both white-collar and blue-collar occupations, males have higher probabilities of high salary.
3. Conclude that gender positively affects salary, controlling for occupation.

**Yes/No Answer: Yes**"
185,yes,"Step-by-Step Reasoning:**

1. Calculate the probability of smoking: 100% - probability of nonsmoking = 73%.
2. Compare the probabilities of lung cancer among smokers (6%) and nonsmokers (27%).
3. Conclude that the chance of lung cancer is smaller among smokers due to the lower probability.

**Answer:**

Yes, the chance of lung cancer is smaller when observing smoking individuals."
186,yes,"Step-by-Step Reasoning:**

- Smoking is a known risk factor for lung cancer.
- Genetic predispositions related to smoking should increase, not decrease, the likelihood of lung cancer.
- The probabilities given (58% for smoking genes vs. 78% for nonsmoking genes) contradict this expected relationship.
- Therefore, we cannot conclude that smoking genes decrease lung cancer risk based on these figures.

3. **Yes or No Answer:**

**No**, the data does not support the claim that smoking genes decrease the chance of lung cancer. The probabilities provided are likely incorrect or misrepresented."
187,no,"**Full Response:**

No, it is not more correct to use Method 1 than Method 2 to understand how personality affects appearance. Both methods have their merits and limitations, but neither is inherently more correct without considering the specific context and research goals.

**Reasoning:**

1. **Method 1** looks at broad correlations between personality and appearance, which can provide general insights but may overlook nuanced relationships and individual differences.
2. **Method 2**, by examining cases based on relationship status, introduces a specific variable (relationship status) that could confound the relationship between personality and appearance, but it also allows for a more targeted and potentially more meaningful analysis within specific contexts.
3. The choice between the two methods depends on the research question and the assumptions one makes about the nature of the relationship between personality, appearance, and relationship status.

**Answer:**

No, it is not more correct to use Method 1 than Method 2."
188,yes,"Step-by-Step Reasoning:**

1. Compare admission rates for males and females in each department type.
2. Calculate average admission rates for each gender.
3. Examine the probabilities of applying to competitive departments by gender.
4. Conclude that being male confers an advantage in admission status, as males have higher acceptance rates in both competitive and non-competitive departments.

**Answer:**

Yes, gender positively affects admission status through department competitiveness, favoring males."
189,yes,"Step-by-Step Reasoning:**

1. Identify the probabilities for attractive appearance in a relationship with mean personality (62%).
2. Identify the probabilities for attractive appearance in a relationship with kind personality (67%).
3. Compare the two probabilities.
4. Conclude that the probability increases with kindness because 67% > 62%.

**Yes or No Answer:**

Yes, the chance of attractive appearance increases when kindness is present for people in a relationship."
190,no,"Step-by-step Reasoning:**

1. Compare probabilities of the alarm ringing in different scenarios.
2. Note that the lowest probability (9%) occurs when both set the alarm.
3. Conclude that the husband setting the alarm doesn't positively affect the alarm clock through the wife since his involvement leads to a lower probability of the alarm ringing.

**Answer:**

No, the husband does not positively affect the alarm clock through the wife based on the given probabilities."
191,yes,"Step-by-Step Reasoning:**

1. Compare probabilities of high salary within each occupation group: males have higher probabilities in both cases.
2. Compare probabilities of high salary within each skill level group: again, males have higher probabilities.
3. Conclude that gender negatively affects salary, as males have higher chances of earning more, even when controlling for occupation and skill level.

**Yes or No Answer:**

Yes, gender negatively affects salary when disregarding the mediation effect through occupation."
192,yes,"Step-by-step Reasoning:**

1. Calculate individual probabilities for both scenarios (stairs and elevator).
2. Determine the overall probability of death and survival by multiplying the respective probabilities.
3. Compare the overall probabilities to conclude whether death or survival is more likely.

**Yes or No Answer:**

No, penguin death is not more likely than penguin survival overall."
193,yes,"Step-by-Step Reasoning:**

1. Compare the probabilities:
   - Probability of intelligent child with intelligent parents: 62%
   - Probability of intelligent child with unintelligent parents: 31%
2. The higher probability (62%) is associated with intelligent parents, indicating a greater chance of having an intelligent child when the parents are intelligent.

**Yes or No Answer:**

Yes."
194,yes,"1. **Full Response:**

To determine whether the prisoner's death is less likely than the prisoner being alive overall, we need to consider the probabilities given and apply some conditional probability principles.

Let's denote:
- $P(E)$ as the probability that the captain executes the prisoner.
- $P(R)$ as the probability that the captain releases the prisoner.
- $P(D|E)$ as the probability of the prisoner's death given that the captain executes them.
- $P(D|R)$ as the probability of the prisoner's death given that the captain releases them.

We are given:
- $P(E) = 0.19$
- $P(D|R) = 0.19$
- $P(D|E) = 0.73$

We also know that $P(R) = 1 - P(E) = 1 - 0.19 = 0.81$.

The overall probability of the prisoner's death, $P(D)$, can be calculated using the law of total probability:

$$
\begin{align*}
P(D) &= P(D|E) \cdot P(E) + P(D|R) \cdot P(R) \\
&= (0.73)(0.19) + (0.19)(0.81) \\
&= 0.1397 + 0.1539 \\
&= 0.2936
\end{align*}
$$

So, the overall probability of the prisoner's death is $0.2936$, which is less than $0.5$ (or 50%). Therefore, it is indeed less likely that the prisoner will die than survive.

2. **Summary:**

- Calculate the probability of the captain executing or releasing the prisoner.
- Use the law of total probability to find the overall probability of the prisoner's death.
- Compare this probability to $0.5$ to determine likelihood.

3. **Yes or No Answer:**

**Yes**, the prisoner's death is less likely than the prisoner being alive overall."
195,no,"Step-by-Step Reasoning:**

1. Eliminate the irrelevant information: The patient's gender is not male, so the direct implication of ""male gender causes no treatment"" doesn't apply.
2. Focus on the causal relationship: ""Male gender or treatment causes recovery"" indicates that treatment is a factor in recovery, regardless of gender.
3. Apply the remaining information: Since the patient is not male, if they receive treatment, they would recover based on the given causal relationship.

**Answer:** Yes, the patient would likely recover if they receive treatment instead of no treatment."
196,no,"Step-by-step Reasoning:**

1. Calculate the total probability of college admission by adding the probabilities of nonsmoking and smoking college admission (1% + 64% = 65%).
2. Compare this total probability (65%) to the probability of smoking (98%).
3. Conclude that since the probability of smoking is higher, the chance of college admission appears smaller when observing smoking.

**Yes or No Answer:**

Yes, the chance of college admission is smaller when observing smoking."
197,no,"Step-by-step Reasoning:**

- Smoking genes increase the risk of lung cancer, even in the absence of smoking.
- Smoking further increases the risk for those with smoking genes.
- A nonsmoking lifestyle would reduce the risk for lung cancer in people with smoking genes, not a nonsmoking gene.

3. **Yes or No Answer:**

No, it would not be less likely to see lung cancer in people with smoking genes if they had a nonsmoking gene (while still smoking). The key factor in reducing lung cancer risk for individuals with smoking genes is avoiding smoking, not having a nonsmoking gene."
198,yes,"Step-by-step Reasoning:**

1. Compare death probabilities for sad penguins: stairs (75%) vs. elevator (16%).
2. Compare death probabilities for happy penguins: stairs (73%) vs. elevator (32%).
3. Note that the elevator increases the likelihood of penguin happiness to 100%.
4. Conclude that the elevator generally improves penguin survival rates regardless of mood.

**Yes or No Answer:**

Yes, your decision affects penguin survival through their mood, as choosing the elevator generally improves their chances of survival compared to taking the stairs."
199,yes,"Step-by-Step Reasoning:**

- Compare the probabilities of tanned skin under two conditions: with and without tanning salon treatment.
- The probability of tanned skin with tanning salon treatment (11%) is higher than the probability of tanned skin without tanning salon treatment (5%).

3. **Yes or No Answer:**

**Yes**, the chance of tanned skin is larger when observing tanning salon treatment."
200,no,"Step-by-step Reasoning:**

- Compare the probabilities: 48% (non-male) vs. 36% (male).
- A higher probability for non-males indicates a better chance of acceptance.
- Changing gender from male to non-male would increase the chance of acceptance.

3. **Yes or No Answer:**

**No**, it would not be less likely for males to see admission acceptance if they had not been male; it would be more likely due to the higher acceptance rate for non-males."
201,yes,"**Full Response:**

No, it is not necessarily more correct to use Method 1 than Method 2 to understand how hospital costs affect recovery. Both methods have their merits and limitations, and the choice between them depends on the specific research question and context.

- **Method 1 (General Correlation):** This method provides a broad overview of the relationship between hospital costs and recovery across a large population. It can help identify general trends and patterns but may overlook important nuances and variations among different age groups or other demographic factors.

- **Method 2 (Case-by-Case by Age):** This method allows for a more nuanced understanding of how hospital costs and recovery are related within specific age groups. It can reveal differences in the impact of costs on recovery across different ages, which might be crucial for targeted interventions or policies.

**Reasoning:**

1. Identify the research goal: Understand the specific question about the relationship between hospital costs and recovery.
2. Evaluate Method 1: Recognize that a general correlation study can provide broad insights but may miss important variations.
3. Evaluate Method 2: Acknowledge that a case-by-case analysis by age can reveal detailed, targeted information.
4. Compare methods: Determine that the choice between methods depends on the need for general trends (Method 1) versus detailed, demographic-specific insights (Method 2).

**Answer:**

No, it is not inherently more correct to use Method 1 than Method 2. The appropriate method depends on the research objectives and the level of detail required."
202,yes,"**Full Response:**

To determine if medication has a positive effect on heart condition, we need to compare the probabilities of having a healthy heart for people taking medication and those not taking any medication, while considering blood pressure levels.

Given data:
- Without medication and low blood pressure: 60% probability of a healthy heart.
- Without medication and high blood pressure: 8% probability of a healthy heart.
- With medication and low blood pressure: 48% probability of a healthy heart.
- With medication and high blood pressure: 20% probability of a healthy heart.

First, let's calculate the overall probabilities of having a healthy heart with and without medication, assuming blood pressure levels are equal in both groups. This can be done by taking a weighted average based on the probability of having high blood pressure in each group:

- Without medication: (0.6 * 0.6 + 0.08 * 0.36) = 0.388 or 38.8% probability of a healthy heart.
- With medication: (0.48 * 0.72 + 0.2 * 0.28) = 0.376 or 37.6% probability of a healthy heart.

Comparing these probabilities, we find that the probability of having a healthy heart is slightly higher without medication (38.8%) than with medication (37.6%).

**Summary:**

1. Calculate the overall probability of a healthy heart for both medication groups, assuming equal blood pressure levels.
2. Compare these probabilities to determine the effect of medication.
3. The result indicates a slightly lower probability of a healthy heart with medication, suggesting no positive effect and possibly a slight negative effect when disregarding the mediation effect through blood pressure.

**Answer:**

No, when disregarding the mediation effect through blood pressure, medication does not positively affect heart condition; instead, it may have a slight negative effect."
203,no,"**Full Response:**

Yes, it is more correct to use Method 1 (considering unobserved confounders) than Method 2 (ignoring confounders) to understand how maternal smoking status affects infant's birth weight.

**Reasoning:**

1. **Identify Potential Confounders:** In any real-world scenario, there are often factors (confounders) that can influence both the independent variable (maternal smoking status) and the dependent variable (infant's birth weight). These confounders could include socioeconomic status, maternal age, nutrition, and pre-existing health conditions.

2. **Addressing Confounders:** Method 1 acknowledges the presence of these unobserved confounders and attempts to account for them. By considering these factors, you can establish a more accurate relationship between maternal smoking status and infant birth weight.

3. **Ignoring Confounders:** Method 2, which ignores potential confounders, can lead to biased or misleading results. For instance, if mothers who smoke are more likely to have lower socioeconomic status, which in turn affects birth weight, ignoring this confounder would incorrectly attribute the effect of lower socioeconomic status on birth weight solely to smoking.

**Yes/No Answer:**

Yes, Method 1 is more correct than Method 2."
204,yes,"Step-by-step Reasoning:**

1. Identify the given probabilities:
   - Unvaccinated survival rate: 31%
   - Vaccinated survival rate: 41%

2. Compare the two probabilities. Since 41% (vaccinated) is greater than 31% (unvaccinated), vaccination appears to offer a higher chance of survival.

3. Conclusion: Vaccination is likely to increase smallpox survival rates.

**Yes or No Answer:**

Yes."
205,yes,"Step-by-step Reasoning:**

1. Identify the probabilities given in the question.
2. Compare the probabilities of tanned skin with and without tanning salon treatment.
3. Conclude that the higher probability of tanned skin is associated with no tanning salon treatment.

**Answer:**

No, the chance of tanned skin is **not** larger when observing tanning salon treatment. In fact, it is higher when not observing tanning salon treatment."
206,yes,"Step-by-step Reasoning:**

1. The probabilities given (57% for nonsmokers and 76% for smokers) are contradictory to established medical knowledge.
2. Scientific evidence overwhelmingly supports that smoking increases the risk of lung cancer.
3. Tar deposits from smoking are known to cause lung damage and DNA mutations, which are risk factors for lung cancer.
4. Therefore, the most likely correct conclusion, based on established knowledge, is that smoking negatively affects lung cancer risk through tar deposit, contrary to the probabilities given in the question.

**Yes or No Answer:**

Yes, smoking negatively affects lung cancer risk through tar deposit."
207,no,"Step-by-Step Reasoning:**

1. Talent probability is 9% for both attractive and unattractive groups.
2. The overall probability of attractive appearance is 56%, but this doesn't directly translate to the probability of talent without knowing the distribution of talent within each group.
3. To calculate the overall talent probability, we'd need to know the proportion of people in each group (attractive and unattractive).
4. Without this information, we cannot conclude that talent is more likely than a lack of talent overall.

**Yes or No Answer:**

No, we cannot conclude that talent is more likely than a lack of talent overall based on the given information."
208,no,"step-by-step breakdown:

1. **Understand the Given Information:**
   - The overall probability of citrus intake is 90%.
   - For patients not consuming citrus, the probability of scurvy is 89%.
   - For patients consuming citrus, the probability of scurvy is 52%.

2. **Calculate the Probability of Not Consuming Citrus:**
   Since the overall probability of citrus intake is 90%, the probability of not consuming citrus is 100% - 90% = 10%.

3. **Apply Bayes' Theorem:**
   To find the overall probability of scurvy, we use Bayes' theorem:
   P(Scurvy) = P(Scurvy | Citrus) * P(Citrus) + P(Scurvy | Not Citrus) * P(Not Citrus)

4. **Plug in the Values:**
   P(Scurvy) = (0.52 * 0.9) + (0.89 * 0.1) = 0.468 + 0.089 = 0.557

5. **Compare Probabilities:**
   The overall probability of scurvy is 55.7%, which is greater than 50%.

**Summary:**

1. Calculate the probability of not consuming citrus (10%).
2. Use Bayes' theorem to find the overall probability of scurvy (55.7%).
3. Compare the overall probability of scurvy to 50% to determine likelihood.

**Answer:**

Yes, scurvy is more likely than no scurvy overall."
209,yes,"Step-by-Step Reasoning:**

1. Identify the key probabilities: 54% (without a college degree) and 83% (with a college degree or higher).
2. Compare the two probabilities. The higher percentage (83%) indicates a greater chance of achieving a high salary.
3. Conclude that a college degree or higher increases the probability of a high salary.

**Yes or No Answer:**

No, a college degree or higher does not decrease the chance of a high salary."
210,no,"Step-by-step Reasoning:**

1. Compare recovery rates for young patients with high bills vs. low bills: 75% vs. 97%.
2. Compare recovery rates for old patients with high bills vs. low bills: 2% vs. 24%.
3. Conclude that the relative increase in recovery rate for young patients (22% increase) is greater than that for old patients (22% decrease).
4. Therefore, it is more likely to see recovery in a young patient with a high bill compared to an old patient with a high bill.

**Yes or No Answer:**

No, it would not be more likely to see recovery if the patient (who pays a high hospital bill) had paid a low hospital bill, because the data shows that young patients with high bills have a higher recovery rate than old patients with high bills."
211,yes,"**Full Response:**

To determine if smoking negatively affects lung cancer through tar deposit, we need to compare the probabilities of lung cancer in smokers and nonsmokers, both with and without high tar deposits.

Given data:

- Probability of high tar deposit in nonsmokers: 16%
- Probability of high tar deposit in smokers: 93%
- Probability of lung cancer in nonsmokers without high tar deposit: 23%
- Probability of lung cancer in nonsmokers with high tar deposit: 50%
- Probability of lung cancer in smokers without high tar deposit: 12%
- Probability of lung cancer in smokers with high tar deposit: 38%
- Overall probability of smoking: 50%

First, let's calculate the conditional probabilities of lung cancer given smoking and nonsmoking:

- Probability of lung cancer given no high tar deposit in nonsmokers: 23%
- Probability of lung cancer given high tar deposit in nonsmokers: 50%
- Probability of lung cancer given no high tar deposit in smokers: 12%
- Probability of lung cancer given high tar deposit in smokers: 38%

Comparing the probabilities for nonsmokers and smokers with no high tar deposit, we see that the probability of lung cancer is higher in smokers (12%) than in nonsmokers (23%). This suggests that smoking itself may already increase the risk of lung cancer, independent of tar deposit.

Comparing the probabilities for nonsmokers and smokers with high tar deposit, the probability of lung cancer is still higher in smokers (38%) than in nonsmokers (50%). However, the difference is less pronounced, indicating that high tar deposit increases the risk of lung cancer in both groups, but it does not fully explain the higher risk associated with smoking.

Therefore, while high tar deposit is a significant factor in lung cancer, smoking itself appears to have a negative effect on lung cancer risk, independent of tar deposit.

**Summary:**

1. Calculate conditional probabilities of lung cancer given smoking and nonsmoking status, with and without high tar deposit.
2. Compare probabilities to assess the effect of smoking and tar deposit on lung cancer risk.
3. Conclude that smoking negatively affects lung cancer risk, independent of tar deposit, as the probability of lung cancer is higher in smokers than nonsmokers, even without high tar deposit.

**Answer:**

Yes, smoking negatively affects lung cancer risk through tar deposit. However, it's important to note that smoking also increases lung cancer risk independent of tar deposit."
212,no,"step by step:

1. **Probability of recovery given no treatment:** 37% (given)
2. **Probability of recovery given treatment:** 63% (given)
3. **Probability of not receiving treatment:** Since the overall probability of receiving treatment is 65%, the probability of not receiving treatment is 100% - 65% = 35%.
4. **Calculate the overall probability of recovery:**
   - Use the law of total probability:
   P(Recovery) = P(Recovery | Treatment) * P(Treatment) + P(Recovery | No Treatment) * P(No Treatment)
   - Plug in the values:
   P(Recovery) = 0.63 * 0.65 + 0.37 * 0.35 = 0.4055 + 0.1315 = 0.537
5. **Calculate the overall probability of non-recovery:**
   P(Non-Recovery) = 1 - P(Recovery) = 1 - 0.537 = 0.463

As we can see, the overall probability of recovery (53.7%) is higher than the overall probability of non-recovery (46.3%).

**Summary:**

1. Calculate the probability of recovery given treatment and no treatment.
2. Determine the probability of not receiving treatment.
3. Use the law of total probability to find the overall probability of recovery.
4. Subtract the overall recovery probability from 1 to find the overall non-recovery probability.
5. Compare the two probabilities.

**Answer:**

No, recovery is not less likely than non-recovery overall. The overall probability of recovery is approximately 53.7%, which is higher than the 46.3% probability of non-recovery."
213,yes,"Step-by-step Reasoning:**

1. Identify the probabilities:
   - Release: 34% chance of death
   - Execution: 57% chance of death

2. Compare the probabilities:
   - Since 57% is greater than 34%, executing the prisoner results in a higher chance of death.

3. Conclude:
   - Therefore, the order to execute increases the prisoner's chance of death.

**Yes or No Answer:**

Yes."
214,no,"Step-by-step Reasoning:**

1. Calculate the total probability of low cholesterol by adding the probabilities of low cholesterol in both drug-taking scenarios (assuming mutual exclusivity).
2. Calculate the conditional probability of low cholesterol given that all assigned drugs are taken.
3. Compare this conditional probability to the total probability of low cholesterol.

**Answer:**

No, the chance of low cholesterol is **not** larger when observing the taking of all assigned drugs."
215,no,"**Full Response:**

No, it is not necessarily more correct to use Method 1 than Method 2 to understand how gender affects admission status. The choice between these approaches depends on the specific research question and the context of the data.

**Reasoning:**

1. **Method 1** examines the overall correlation between gender and admission status without considering the variability that might exist across different departments or programs. This method is useful for understanding broad trends in gender admission rates but may overlook important nuances.

2. **Method 2**, on the other hand, takes into account the competitiveness of individual departments. This approach acknowledges that admission rates might differ by department due to various factors, including the number of applicants, available slots, and the specific criteria used for evaluation. By considering department competitiveness, Method 2 provides a more nuanced understanding of how gender might influence admission outcomes within specific contexts.

**Answer:**

No, it is not more correct to use Method 1 than Method 2. The appropriate method depends on the research question and the need for a broad overview (Method 1) versus a context-specific analysis (Method 2)."
216,no,"**Full Response:**

To determine if the chance of normal infant birth weight is larger when observing a smoking mother, we need to compare the probabilities directly.

Given:
- The probability of a nonsmoking mother and normal infant birth weight is 49%.
- The probability of a smoking mother and normal infant birth weight is 17%.

Without these specific conditions, we know the overall probability of a smoking mother is 43%. However, this doesn't directly inform us about the probability of normal infant birth weight within that group.

Comparing the two given probabilities:
- 49% (nonsmoking mother and normal weight) vs.
- 17% (smoking mother and normal weight)

It is clear that the probability of normal infant birth weight is *lower* when observing a smoking mother (17%) compared to a nonsmoking mother (49%).

**Summary:**

1. Identified the relevant probabilities: 49% for nonsmoking mothers with normal birth weight and 17% for smoking mothers with normal birth weight.
2. Compared the probabilities: 49% is greater than 17%.
3. Concluded that the chance of normal infant birth weight is *not* larger when observing a smoking mother.

**Answer:**

No, the chance of normal infant birth weight is *not* larger when observing a smoking mother. In fact, it is significantly lower compared to infants born to nonsmoking mothers."
217,yes,"Step-by-step Reasoning:**

1. The probabilities given only tell us about the likelihood of wet ground in each season, not the cause or consequences of that wetness.
2. Higher probability in the rainy season could indicate more rainfall, which is typically a positive, natural process.
3. No information is provided about sprinkler usage or negative impacts on the ground.

**Answer:**

No, the information provided does not support the claim that the season negatively affects the ground through weather and sprinkler usage."
218,no,"Step-by-Step Reasoning:**

1. Evaluated the probabilities given: 56% for wet ground in the dry season and 52% in the rainy season.
2. Noted the contradictions: A dry season with a high chance of wet ground and a rainy season with a relatively low chance.
3. Concluded that the data doesn't support a positive correlation between season and ground wetness due to the unexpected probabilities.

**Yes or No Answer:**

No, based on the given probabilities, the season does not appear to positively affect ground wetness through weather and sprinkler usage, as the data presented is contradictory to typical expectations of dry and rainy seasons."
219,yes,"**Full Response:**

Yes, Method 1, which examines the correlation between water quality, cholera, and poverty on a case-by-case basis, is more likely to provide a comprehensive understanding of how water quality affects cholera in relation to poverty.

**Reasoning:**

1. **Contextual Understanding:** Method 1 considers the complex interplay between water quality, cholera, and socioeconomic factors (poverty) simultaneously. This approach allows for a more nuanced understanding of the problem.

2. **Targeted Analysis:** By looking at each case individually, Method 1 can account for variations in how poverty might influence access to clean water and subsequently the incidence of cholera.

3. **Holistic Insight:** This method provides a more holistic view, potentially revealing patterns and relationships that might be obscured when looking only at the general correlation between water quality and cholera (Method 2).

**Yes or No Answer:**

Yes, Method 1 is more correct than Method 2 for understanding how water quality affects cholera in the context of poverty."
220,yes,"Step-by-Step Reasoning:**

1. Compare the probability of scurvy in patients not consuming citrus (60%) to those consuming citrus (74%).
2. Observe that the probability of scurvy is higher in patients who consume citrus.
3. Conclude that citrus intake is likely associated with an increased chance of scurvy.

**Yes or No Answer:**

Yes, citrus intake appears to increase the chance of scurvy based on the given probabilities."
221,yes,"Step-by-Step Reasoning:**

1. Compare the probabilities of high salary for males and non-males within each occupation group.
2. In both blue-collar and white-collar occupations, males have a higher probability of earning a high salary.
3. Conclude that, in the absence of the mediating factor of occupation, gender positively affects salary, with males being more likely to earn a higher salary.

**Yes or No Answer:**

Yes, when disregarding the mediation effect through occupation, gender positively affects salary."
222,yes,"Step-by-Step Reasoning:**

1. Eliminate the idea that high poverty and a global water company lead to clean water; instead, focus on the given scenario's low poverty and local water company.
2. Recognize that the conditions for increased cholera risk (high poverty and clean water) are not present in this case.
3. Conclude that the person is unlikely to contract cholera from polluted water due to the low poverty level and the implication of a local water company providing clean water.

**Answer:** No, the person would likely not avoid cholera by having polluted water instead of clean water."
223,yes,"**Full Response:**

Yes, Method 1, which involves examining the correlation between a gene and lung cancer on a case-by-case basis according to smoking status, is more correct than Method 2 when trying to understand how a gene affects lung cancer. Here's why:

- **Controlling for Confounders:** Smoking is a significant risk factor for lung cancer. By considering smoking status, Method 1 helps control for this confounding variable. This means you can isolate the gene's effect more accurately because you're accounting for the influence smoking has on lung cancer development.

- **Stratified Analysis:** Breaking down the data by smoking status allows for a more nuanced understanding of the gene-cancer relationship. It could be that the gene's effect differs between smokers and non-smokers, and this method lets you identify such patterns.

- **Causal Inference:** Method 1 is more in line with how we establish causal relationships. If you find that the gene is associated with lung cancer in smokers but not in non-smokers, this suggests the gene's effect might be conditional on smoking, providing stronger evidence for a causal pathway.

**Summary:**

- Start by eliminating Method 2 because it overlooks the significant confounder of smoking.
- Method 1 is more rigorous because it controls for smoking, enabling a clearer view of the gene-lung cancer relationship.
- Yes, Method 1 is more correct for understanding the gene's effect on lung cancer.

**Yes or No Answer:** Yes."
224,yes,"Step-by-Step Reasoning:**

1. Method 1 examines supply's correlation with price on a case-by-case basis, considering demand.
2. Method 2 directly analyzes the general correlation between supply and price.
3. Economic theory supports a direct, inverse relationship between supply and price.
4. A general analysis (Method 2) provides a broader, more reliable understanding of supply's impact on price.

**Yes or No Answer:**

No, it is not more correct to use Method 1 than Method 2 to understand how supply affects price. Method 2 is more appropriate."
225,no,"**Full Response:**

To determine if a high exam score is more likely than a low exam score overall, we need to consider the probabilities given:

- The overall probability of encouragement is 15%.
- For students who are not encouraged, the probability of a high exam score is 30%.
- For students who are encouraged, the probability of a high exam score is 64%.

First, let's calculate the probability of a high exam score for each group:

- Probability of high exam score for encouraged students: 0.15 (probability of encouragement) * 0.64 (probability of high score given encouragement) = 0.096
- Probability of high exam score for non-encouraged students: 0.85 (probability of not being encouraged) * 0.30 (probability of high score given no encouragement) = 0.255

Now, compare the two probabilities:
0.096 (high score with encouragement) vs. 0.255 (high score without encouragement).

Since 0.255 (high score without encouragement) is greater than 0.096 (high score with encouragement), a high exam score is more likely for students who are not encouraged.

**Summary:**

1. Calculate the probability of a high exam score for both encouraged and non-encouraged students.
2. Compare the two probabilities.
3. Conclude that a high exam score is more likely for non-encouraged students.

**Answer:**

No, a high exam score is not more likely than a low exam score overall. In fact, it is more likely for students who are not encouraged to achieve a high exam score."
226,yes,"Step-by-Step Reasoning:**

1. The question asks about a negative impact through the corporal and private, but the data given only relates to the outcomes of two specific orders (releasing or executing).
2. The 40% and 83% probabilities refer to death rates, not overall well-being or conditions that might indicate negative impact beyond mortality.
3. Absence of data on the corporal and private's actions, and their relationship to the captain, means we cannot infer their role in a negative impact.

**Yes or No Answer:**

No, we cannot conclude from the given information that the captain negatively affects prisoners through the corporal and private."
227,no,"**Full Response:**

To determine if the chance of a high salary is smaller when observing individuals with a college degree or higher, we need to compare the probabilities you've provided.

Given:
- The overall probability of a college degree or higher is 30%.
- The probability of a high school degree or lower and a high salary is 24%.
- The probability of a college degree or higher and a high salary is 19%.

First, let's calculate the probability of a high salary alone. We can use the formula:

P(A ∪ B) = P(A) + P(B) - P(A ∩ B)

Where:
- P(A ∪ B) is the probability of high salary alone.
- P(A) is the probability of college degree or higher (30%).
- P(B) is the probability of high salary given high school degree or lower (24%).
- P(A ∩ B) is the probability of high salary and college degree or higher (19%).

Plugging in the values:

P(High Salary) = 0.30 + 0.24 - 0.19 = 0.35 (35%)

Now, we can compare this to the probability of a high salary given a college degree or higher, which is 19%.

Clearly, 19% (with a college degree or higher) is smaller than 35% (overall chance of high salary), indicating that the chance of a high salary is actually *higher* when observing individuals with a college degree or higher.

**Summary:**

1. Calculate the overall probability of a high salary (35%).
2. Compare it to the probability of a high salary given a college degree or higher (19%).
3. Since 19% is smaller than 35%, the chance of a high salary is smaller when observing those with a college degree or higher.

**Answer:**

No, the chance of a high salary is **not** smaller when observing individuals with a college degree or higher. In fact, it is higher."
228,yes,"Step-by-Step Reasoning:**

1. Identify the given probabilities: 
   - No match: 75% chance of a forest fire.
   - With a match: 59% chance of a forest fire.
2. Compare the probabilities: The probability of a forest fire is lower when a match is lit.
3. Conclude that lighting a match, according to the given data, reduces the likelihood of a forest fire.

**Yes or No Answer:**

No."
229,no,"Step-by-Step Reasoning:**

1. Compare probabilities of attractive appearance for people in a relationship with kind and mean personalities.
2. Note that the probability for kind personalities (37%) is lower than that for mean personalities (43%).
3. Conclude that the chance of attractive appearance decreases when kindness is considered for people in a relationship.

**Answer:**

Yes, the chance of attractive appearance decreases when kindness is considered for people in a relationship."
230,yes,"Step-by-Step Reasoning:**

1. Compare the probabilities of lung cancer between smokers and nonsmokers.
2. Note the higher probability for smokers (57%) compared to nonsmokers (27%).
3. Conclude that smoking is associated with an increased risk of lung cancer, implying a negative effect on lung health.
4. Consider the established medical knowledge linking smoking, tar deposits, and lung cancer risk.

**Answer:**

Yes, smoking negatively affects lung cancer risk through tar deposit."
231,yes,"**Full Response:**

Yes, it is more correct to use Method 1 (examining the correlation between treatment and recovery case by case according to kidney stone size) than Method 2 (looking generally at the correlation between treatment and recovery) to understand how treatment affects recovery in the context of kidney stones.

**Reasoning:**

1. **Specificity of Method 1:** Method 1 considers the variability in kidney stone sizes, which is crucial because the effectiveness of treatments can depend on the size of the stone. Larger stones may require different or additional interventions compared to smaller ones. By examining each case according to stone size, Method 1 provides a more nuanced understanding of treatment effectiveness.

2. **Generalization in Method 2:** Method 2 lumps all cases together regardless of stone size, potentially obscuring important treatment-recovery relationships. Generalizing across different stone sizes can lead to inaccurate conclusions, as what works for small stones might not work for large ones, and vice versa.

3. **Precision in Medical Context:** In medical research and practice, it is standard to consider specific patient characteristics (like kidney stone size) when evaluating treatment outcomes. This precision helps in tailoring treatments to individual patient needs.

**Yes or No Answer:**

Yes, it is more correct to use Method 1."
232,no,"Step-by-step Reasoning:**

1. **Eliminate obviously incorrect answers:**
   - Since P(S|V) is given as 6% and P(S|not-V) is given as 38%, it's clear that 6% is smaller than 38%. Therefore, the chance of survival is smaller when observing vaccination.

2. **Choose the most likely correct answer:**
   - Based on the direct comparison of the probabilities, P(S|V) = 6% is smaller than P(S|not-V) = 38%.

**Yes/No Answer:**

Yes, the chance of smallpox survival is smaller when observing vaccination."
233,yes,"Step-by-Step Reasoning:**

1. Identify the given probabilities.
2. Calculate the overall probability of a ringing alarm using the law of total probability.
3. Compare the overall probability of a ringing alarm (72.5%) to the overall probability of a silent alarm (100% - 72.5% = 27.5%).

**Answer:**

Yes, a ringing alarm is more likely than a silent alarm overall."
234,yes,"**Full Response:**

Yes, Method 1 is more correct than Method 2 for understanding how vaccination status affects smallpox survival in a population.

**Reasoning:**

1. **Population-level analysis (Method 1):** By examining the general correlation between vaccination status and smallpox survival across a population, you can gather statistically significant data that reveals the overall impact of vaccination. This method provides a broad view of the effectiveness of vaccination programs and is less prone to biases that might be present in individual case studies.

2. **Case-by-case analysis (Method 2):** Focusing on individual cases (Method 2) can be misleading due to various confounding factors. Different individuals may have different reactions to the vaccine, and their survival could depend on multiple factors other than just vaccination status (e.g., age, underlying health conditions, exposure level, etc.). Relying solely on case-by-case analysis might lead to incorrect conclusions about the effectiveness of vaccination on a population level.

**Yes or No Answer:**

Yes, Method 1 is more correct."
235,yes,"**Full Response:**

To determine if an increased price is more likely than a reduced price overall, we need to consider the probabilities given and the relationship between supply and price.

Given:
- The overall probability of increased supply is 61%.
- For situations with reduced supply, the probability of increased price is 77%.
- For situations with increased supply, the probability of increased price is 46%.

We can deduce the following:

- If supply increases (61% chance), there is a 46% chance of price increasing, but this does not automatically mean an overall price increase.
- If supply decreases (39% chance), there is a 77% chance of price increasing.

To find the overall probability of price increasing, we use the formula for the probability of the union of two events:

P(A ∪ B) = P(A) + P(B) - P(A ∩ B)

Where:
- P(A) is the probability of increased supply (0.61)
- P(B) is the probability of increased price given reduced supply (0.77)
- P(A ∩ B) is the probability of both increased supply and increased price, which is not directly given but can be calculated as the complement of the probability of increased supply not leading to increased price (1 - 0.46 = 0.54).

So, P(A ∩ B) = 0.61 * 0.54 = 0.3304

Now, we can calculate the overall probability of increased price:

P(Increased Price) = 0.61 + 0.77 - 0.3304 = 1.0496

Since the probability of increased price (1.0496) is greater than 1, it indicates that the events are not mutually exclusive, and there is an overall increased likelihood of a price increase.

**Summary:**

1. Calculate the probability of increased price given increased supply and reduced supply.
2. Use the formula for the probability of the union of two events to find the overall probability of increased price.
3. Compare the overall probability of increased price to 0.5 (a neutral probability).

**Answer:**

Yes, increased price is more likely than reduced price overall."
236,no,"Step-by-step Reasoning:**

- Compare the direct effects: blowing out candles increases the likelihood of a dark room to 93%.
- Not blowing out candles implies the candles are lit, making the room illuminated (0% dark room).
- Therefore, not blowing out candles results in a less likely dark room scenario.

3. **Yes or No Answer:**

**No**, it would not be less likely to see a dark room if the person had not blown out the candle; it would be impossible (0% likelihood) for the room to be dark if the candles were still lit."
237,yes,"Step-by-Step Reasoning:**

1. Compare the probabilities: 62% (intelligent parents) vs. 31% (unintelligent parents).
2. The higher probability (62%) corresponds to the scenario with intelligent parents.
3. Therefore, intelligent parents increase the likelihood of having an intelligent child.

**Yes or No Answer:**

Yes."
238,no,"Step-by-Step Reasoning:**

1. Compare the probabilities of recovery under the two conditions:
   - Probability of recovery with treatment: 10%
   - Probability of recovery without treatment: 29%

2. Since 29% is greater than 10%, the chance of recovery is higher when not receiving treatment compared to receiving treatment.

**Answer:**

No, the chance of recovery is **not** smaller when observing receives treatment; it is smaller when treatment is **not** received."
239,no,"Step-by-step Reasoning:**

- Compare the probabilities: 53% (non-males) vs. 41% (males).
- Identify that the probability for males is lower.
- Conclude that changing gender from male to non-male would not decrease chances (as it's already lower) but rather increase them to 53%.

3. **Yes or No Answer:**

**No**, it would not be less likely for males to see admission acceptance if they had not been male."
240,no,"**Full Response:**

No, it is not necessarily more correct to use Method 1 than Method 2 to understand how gender affects admission status. Both methods have their merits and limitations, and the most appropriate approach depends on the specific research question and context.

**Reasoning:**

1. **Method 1 (General Correlation):** This method provides a broad overview of how gender correlates with admission status across the entire institution. It can quickly identify any overall gender disparities in admission rates. However, it doesn't account for varying levels of competitiveness across different departments or programs.

2. **Method 2 (Case-by-Case by Department):** This method offers a more nuanced understanding by considering the variability in department competitiveness. It can reveal if certain departments have gender-based admission disparities that might be obscured in an overall analysis.

**Answer:**

No, it is not inherently more correct to use Method 1 than Method 2. The best method depends on the research goal—if understanding overall trends is crucial, Method 1 is preferable. If uncovering variations across competitive departments is important, Method 2 is more suitable."
241,yes,"Step-by-step Reasoning:**

1. Identify the primary relationship to examine: smoking and college admission.
2. Recognize that Method 1 directly addresses this relationship, while Method 2 introduces an extraneous variable (effort).
3. Conclude that Method 1 is more likely to provide a clear understanding of how smoking affects college admission.

**Yes or No Answer:**

Yes, it is more correct to use Method 1 than Method 2."
242,no,"Step-by-step Reasoning:**

1. Identify the probabilities:
   - Probability of high salary for non-males (females or other genders): 39%
   - Probability of high salary for males: 78%

2. Compare the probabilities:
   - The probability of a high salary is higher for males (78%) than for non-males (39%).

3. Conclude:
   - Since the probability of a high salary is higher for males, male gender increases the chance of having a high salary, not decreases it.

**Answer:**

No"
243,no,"**Full Response:**

To determine if a dark room is more likely than a bright room overall, we need to consider the probabilities given and apply some basic probability theory.

Given:
- The overall probability of blowing out the candle is 5%.
- For people who do not blow out the candles, the probability of a dark room is 89%.
- For people who blow out candles, the probability of a dark room is 56%.

First, let's calculate the probability of a dark room occurring. We can use the law of total probability, which states that the probability of an event (in this case, a dark room) can be found by summing the probabilities of all possible ways it can occur.

The probability of a dark room can occur in two ways:
1. People do not blow out candles (probability = 95%, since the overall probability of blowing out candles is 5%), and the room is dark (probability = 89% given they didn't blow out candles).
2. People blow out candles (probability = 5%), and the room is dark (probability = 56% given they blew out candles).

Now, let's calculate the probability of a dark room:
P(Dark Room) = P(Dark Room | Did Not Blow Out Candles) * P(Did Not Blow Out Candles) + P(Dark Room | Blew Out Candles) * P(Blew Out Candles)
P(Dark Room) = (0.89 * 0.95) + (0.56 * 0.05) = 0.8455 + 0.028 = 0.8735

So, the probability of a dark room is approximately 87.35%.

The probability of a bright room would be the complement of the probability of a dark room:
P(Bright Room) = 1 - P(Dark Room) = 1 - 0.8735 = 0.1265

Therefore, a dark room is indeed more likely than a bright room overall.

**Summary:**

1. Calculate the probability of a dark room using the law of total probability, considering both scenarios: not blowing out candles and blowing out candles.
2. Find the probability of a bright room by subtracting the probability of a dark room from 1.
3. Compare the two probabilities.

**Answer:**

Yes, a dark room is more likely than a bright room overall."
244,yes,"Step-by-Step Reasoning:**

1. Calculate the total probability of college admission using the given probabilities.
2. Compare this total probability to the probability of college admission given smoking.
3. Conclude that the chance of college admission is larger when smoking is observed.

**Yes/No Answer:**

No, the chance of college admission is not smaller when observing smoking."
245,yes,"**Full Response:**

To determine if smoking positively affects lung cancer through tar deposit, we need to compare the probabilities of lung cancer among smokers and nonsmokers, considering both high and no tar deposit scenarios.

Given data:
- Probability of high tar deposit in nonsmokers: 63%
- Probability of high tar deposit in smokers: 26%
- Probability of lung cancer in nonsmokers with no tar deposit: 61%
- Probability of lung cancer in nonsmokers with high tar deposit: 27%
- Probability of lung cancer in smokers with no tar deposit: 44%
- Probability of lung cancer in smokers with high tar deposit: 14%
- Overall probability of smoking: 21%

Let's calculate the overall probability of lung cancer for both smokers and nonsmokers:

1. **For nonsmokers:**
   - Probability of lung cancer with no tar deposit: 61% * 37% (100% - 63%) = 0.61 * 0.37 = 0.2257
   - Probability of lung cancer with high tar deposit: 27% * 63% = 0.27 * 0.63 = 0.1701
   - Overall probability of lung cancer for nonsmokers: 0.2257 + 0.1701 = 0.3958 (or 39.58%)

2. **For smokers:**
   - Probability of lung cancer with no tar deposit: 44% * 74% (100% - 26%) = 0.44 * 0.74 = 0.3256
   - Probability of lung cancer with high tar deposit: 14% * 26% = 0.14 * 0.26 = 0.0364
   - Overall probability of lung cancer for smokers: 0.3256 + 0.0364 = 0.362 (or 36.2%)

Comparing the overall probabilities, the probability of lung cancer is higher in smokers (36.2%) than in nonsmokers (39.58%). However, this does not directly imply a positive effect of smoking on lung cancer through tar deposit. The data suggests that smoking increases the risk of lung cancer, but the mechanism is not exclusively through tar deposit.

**Summary:**

1. Calculate the overall probability of lung cancer for both smokers and nonsmokers using the given probabilities.
2. Compare the overall probabilities to determine if smoking increases the risk of lung cancer.
3. Conclude that smoking increases the risk of lung cancer, but not necessarily through tar deposit alone.

**Answer:**

No, smoking does not positively affect lung cancer exclusively through tar deposit. Smoking increases the overall risk of lung cancer, but the mechanism is complex and not solely attributed to tar deposit."
246,yes,"**Full Response:**

To determine if gender positively affects admission status through department competitiveness, we need to compare the probabilities of admission to competitive departments for males and individuals who are not male.

For individuals who are not male:
- Competitive department probability: 36%
- Non-competitive department probability: 72%

For males:
- Competitive department probability: 37%
- Non-competitive department probability: 68%

When comparing the probabilities directly:
- Males in competitive departments have a slightly higher probability (37%) compared to individuals who are not male (36%).
- In non-competitive departments, individuals who are not male have a higher probability (72%) than males (68%).

However, the overall probability of admission to a competitive department is higher for males (37%) compared to individuals who are not male (36%). This suggests a slight positive effect of being male on admission to competitive departments, assuming other factors remain constant.

**Summary:**

1. Compare probabilities of admission to competitive departments for males and individuals who are not male.
2. Note that males have a slightly higher probability (37%) compared to individuals who are not male (36%).
3. Conclude that, in the context of competitive departments, being male has a slight positive effect on admission probability.

**Answer:**

Yes, gender (being male) slightly positively affects admission status through department competitiveness, based on the given probabilities."
247,no,"**Full Response:**

To determine if normal infant birth weight is less likely than low infant birth weight overall, we need to consider the probabilities given:

- The overall probability of a smoking mother is 65%.
- For infants with non-smoking mothers (35% probability), the chance of normal birth weight is 55%.
- For infants with smoking mothers (65% probability), the chance of normal birth weight is 92%.

First, calculate the weighted average probability of normal birth weight:

Weighted average = (Probability of non-smoking mother * Probability of normal birth weight for non-smokers) + (Probability of smoking mother * Probability of normal birth weight for smokers)

Weighted average = (0.35 * 0.55) + (0.65 * 0.92) = 0.1925 + 0.598 = **0.7905** or 79.05%.

So, the overall probability of a normal infant birth weight is approximately 79.05%.

**Summary:**

1. Calculate the weighted average probability of normal birth weight considering both smoking and non-smoking mothers.
2. The weighted average exceeds 50%, indicating that normal infant birth weight is more likely overall.

**Answer:**

No, normal infant birth weight is **not** less likely than low infant birth weight overall. The overall probability of normal infant birth weight is approximately **79.05%**."
248,no,"Step-by-step Reasoning:**

1. Calculate the probability of price not increasing with increased supply: 100% - 36% = 64%.
2. Compare this to the probability of price increasing with reduced supply: 66%.
3. Since 64% (price not increasing with increased supply) is greater than 66% (price increasing with reduced supply), it is less likely overall that the price will increase.

**Yes or No Answer:**

Yes, an increased price is less likely than a reduced price overall."
249,no,"Step-by-Step Reasoning:**

1. Compare the probabilities: 3% (blowing out candle and dark room) vs. 82% (not blowing out candle and dark room).
2. The higher probability (82%) represents the scenario where the candle is not blown out, implying that the dark room is more likely in this case.
3. Conversely, the lower probability (3%) suggests that when the candle is blown out, the dark room is less likely to occur.

**Yes or No Answer:**

**Yes**, the chance of a dark room is smaller when observing the event of blowing out the candle."
250,no,"Step-by-Step Reasoning:**

1. Compare the probabilities of talent for famous individuals:
   - Unattractive and famous: 29%
   - Attractive and famous: 21%

2. The probability of talent is higher for unattractive famous people (29%) than for attractive famous people (21%).

**Yes or No Answer:**

Yes, the chance of talent decreases for famous people who are attractive."
251,yes,"**Full Response:**

To determine if the chance of penguin death is larger when observing taking the elevator, we need to compare the probabilities directly.

Given:
- The probability of taking the elevator is 4%.
- The probability of taking the stairs and penguin death is 76%.
- The probability of taking the elevator and penguin death is 1%.

However, the second probability statement (""the probability of taking the stairs and penguin death"") is contradictory and cannot be interpreted as given. It should either be the probability of taking the stairs (which is complementary to taking the elevator) or the probability of penguin death given that the stairs are taken.

Since we cannot interpret the second statement as a valid comparison to the other probabilities, we focus on the given probabilities relevant to penguin death:

- The probability of taking the elevator and penguin death is 1%.
- The overall probability of taking the elevator is 4%.

The probability of penguin death given that the elevator is taken (1%) is lower than the overall probability of taking the elevator (4%). This means the chance of penguin death is not necessarily larger when observing taking the elevator.

**Summary:**

1. Eliminate the obviously incorrect answer (""the probability of taking the stairs and penguin death"" as given) as it cannot be a direct comparison to the other probabilities.
2. Compare the probabilities directly related to penguin death: 1% (penguin death given elevator use) vs. 4% (overall elevator use).
3. Conclude that the chance of penguin death is not larger when observing taking the elevator because the conditional probability (1%) is lower than the overall probability (4%).

**Answer:**

No, the chance of penguin death is not larger when observing taking the elevator, given the provided probabilities."
252,no,"**Full Response:**

To determine if the chance of a high salary is smaller when observing individuals with a college degree or higher, we need to compare the probabilities directly.

Given:
- The overall probability of a college degree or higher is 42%.
- The probability of a high school degree or lower with a high salary is 18%.
- The probability of a college degree or higher with a high salary is 22%.

Step 1: Calculate the conditional probability of a high salary given a college degree or higher:
- P(High Salary | College Degree or Higher) = P(College Degree or Higher and High Salary) / P(College Degree or Higher) 
= 22% / 42% = 0.5238 (or 52.38%).

Step 2: Compare this to the probability of a high salary without the condition of a college degree:
- P(High Salary | High School Degree or Lower) is not directly given, but it can be calculated as 18% (as it's the probability of having both a high school degree or lower and a high salary).

Comparing the two:
- P(High Salary | College Degree or Higher) = 52.38%
- P(High Salary | High School Degree or Lower) = 18%

It is clear that the probability of a high salary is higher for individuals with a college degree or higher (52.38%) compared to those with a high school degree or lower (18%).

**Summary:**

1. Calculate the conditional probability of a high salary given a college degree or higher (52.38%).
2. Compare this to the probability of a high salary for those with a high school degree or lower (18%).
3. The higher probability indicates a greater chance of a high salary when observing individuals with a college degree or higher.

**Answer:**

No, the chance of a high salary is **not** smaller when observing individuals with a college degree or higher. In fact, it is significantly higher compared to those with a high school degree or lower."
253,yes,"Step-by-step Reasoning:**

1. Compare the probabilities of low cholesterol with and without the drug treatment:
   - Without treatment: 19%
   - With treatment: 26%

2. Observe that the probability of low cholesterol is higher with the treatment.

3. Conclude that taking the drug treatment does not decrease the chance of low cholesterol; instead, it increases it.

**Answer:**

No, taking all assigned drugs does not decrease the chance of low cholesterol. It actually **increases** the likelihood of having low cholesterol."
254,yes,"step-by-step reasoning:

1. **Method 1:** Examining the correlation case by case based on birth weight can be insightful because low birth weight is a known risk factor for infant mortality. Smoking during pregnancy can indeed contribute to low birth weight infants, who are more vulnerable. However, this method may overlook other important factors and the overall picture.

2. **Method 2:** By looking at the direct correlation between maternal smoking status and infant mortality in general, you capture all cases, including those not influenced by birth weight. This method provides a comprehensive understanding of the relationship between smoking and infant deaths, which is essential for public health policies and interventions.

3. **Comparison:** Both methods have their merits. Method 1 focuses on a specific aspect (birth weight) but may miss the bigger picture. Method 2 offers a broader view but could potentially obscure important nuances. Ideally, a combination of both approaches would provide the most comprehensive understanding.

**Summary:**

- Method 1: Detailed but narrow focus on birth weight.
- Method 2: Broader perspective on the overall impact of maternal smoking on infant mortality.
- Neither is definitively ""more correct""; both have complementary strengths.

**Yes or No Answer:** No, Method 1 is not inherently more correct than Method 2."
255,no,"Step-by-Step Reasoning:**

1. Calculate the overall probability of the forest being on fire using the given probabilities and the Law of Total Probability.
2. Compare this probability to the probability of the forest not being on fire (which is 1 minus the probability of it being on fire).
3. Determine that the probability of the forest not being on fire is higher.

**Answer:**

No, the forest is not on fire more likely than not."
256,yes,"Step-by-Step Reasoning:**

1. Compare the probabilities of the employee being fired in both scenarios:
   - With manager signing: 14%
   - With manager not signing: 57%
2. Observe that the probability of firing is higher when the manager doesn't sign the letter.
3. Conclude that the chance of the employee being fired is smaller when the manager signs the termination letter.

**Yes or No Answer:**

Yes, the chance of the employee being fired is smaller when observing the manager signing the termination letter."
257,yes,"Step-by-step Reasoning:**

- Compare the probabilities: 84% (with degree) vs. 57% (without degree).
- Higher probability with a degree indicates a greater chance of a high salary.
- Absence of a degree lowers the likelihood of a high salary.

3. **Yes or No Answer:**

**Yes**, it would be less likely to see a high salary for a person without a college degree compared to someone with a college degree or higher."
258,no,"**Full Response:**

To determine if an intelligent child is less likely than an unintelligent child overall, we need to consider the probabilities given and how they interact.

Given:
- The overall probability of intelligent parents is 54%.
- For children with unintelligent parents, the probability of an intelligent child is 7%.
- For children with intelligent parents, the probability of an intelligent child is 48%.

To calculate the overall probability of an intelligent child, we need to consider the probabilities of intelligent parents and unintelligent parents and the respective probabilities of having an intelligent child in each case.

Let's denote:
- P(I) as the probability of intelligent parents.
- P(U) as the probability of unintelligent parents.
- P(IC|I) as the probability of an intelligent child given intelligent parents.
- P(IC|U) as the probability of an intelligent child given unintelligent parents.

We know:
- P(I) = 0.54
- P(U) = 1 - P(I) = 1 - 0.54 = 0.46
- P(IC|U) = 0.07
- P(IC|I) = 0.48

The overall probability of an intelligent child, P(IC), can be calculated using the law of total probability:

P(IC) = P(IC|I) * P(I) + P(IC|U) * P(U)

Plugging in the values:

P(IC) = (0.48 * 0.54) + (0.07 * 0.46) = 0.2616 + 0.0322 = 0.2938

Now, we can compare this to the probability of an unintelligent child. Since the probabilities of all possible outcomes must sum to 1, the probability of an unintelligent child, P(UC), is:

P(UC) = 1 - P(IC) = 1 - 0.2938 = 0.7062

Comparing the two:
- P(IC) = 0.2938
- P(UC) = 0.7062

Thus, an unintelligent child is indeed more likely overall.

**Summary:**

1. Calculate the overall probability of an intelligent child using the law of total probability.
2. Determine the probability of an unintelligent child as the complement of the probability of an intelligent child.
3. Compare the two probabilities.

**Answer:**

No, an intelligent child is not less likely than an unintelligent child overall. The probability of an unintelligent child (70.62%) is higher than that of an intelligent child (29.38%)."
259,no,"**Full Response:**

To determine if a normal infant birth weight is more likely than a low infant birth weight overall, we need to calculate the weighted probabilities based on the given information.

- The probability of a smoking mother is 43%.
- The probability of a normal birth weight given a nonsmoking mother is 86%.
- The probability of a normal birth weight given a smoking mother is 40%.

First, we calculate the probability of a normal birth weight overall:

P(Normal Birth Weight) = P(Normal Birth Weight | Nonsmoking Mother) * P(Nonsmoking Mother) + P(Normal Birth Weight | Smoking Mother) * P(Smoking Mother)

P(Normal Birth Weight) = 0.86 * (1 - 0.43) + 0.40 * 0.43
P(Normal Birth Weight) = 0.86 * 0.57 + 0.40 * 0.43
P(Normal Birth Weight) = 0.4902 + 0.172
P(Normal Birth Weight) ≈ 0.6622 or 66.22%

Since the overall probability of a normal infant birth weight is approximately 66.22%, it is more likely than a low infant birth weight overall.

**Summary:**

1. Gather the probabilities: smoking mother rate, normal birth weight rate for nonsmoking and smoking mothers.
2. Calculate the overall probability of a normal birth weight using the formula: P(Normal Birth Weight) = P(Normal Birth Weight | Nonsmoking Mother) * P(Nonsmoking Mother) + P(Normal Birth Weight | Smoking Mother) * P(Smoking Mother).
3. Compare the overall probability to 50% (assuming low birth weight is the opposite of normal birth weight).
4. If the overall probability is higher than 50%, normal birth weight is more likely.

**Answer:**

Yes, normal infant birth weight is more likely than low infant birth weight overall."
260,no,"Step-by-Step Reasoning:**

1. Calculate the overall probability of scurvy using the law of total probability.
2. Find the probability of no scurvy by subtracting the probability of scurvy from 1.
3. Compare the two probabilities.

**Answer:**

No, scurvy is **not** less likely than no scurvy overall."
261,yes,"Step-by-Step Reasoning:**

1. Compare probabilities for managers who sign: 48% (director doesn't sign) + 7% (director signs) = 55%.
2. This combined probability is higher than the other scenarios: 44% (manager doesn't sign, director signs) and 90% (neither signs, not relevant to the question).
3. Therefore, it is more likely for an employee to be fired when the manager signs the termination letter.

**Yes/No Answer:**

Yes."
262,no,"Step-by-Step Reasoning:**

1. Compare the probabilities of intelligent children across parental intelligence and social status combinations.
2. Notice that children with unintelligent parents have higher intelligence probabilities in both social status conditions.
3. Consider the confounder variable; its presence seems to significantly affect the probability of high parental social status, indicating a potential strong influence on child intelligence independent of parental intelligence.
4. Conclude that, in this scenario, parental intelligence does not positively correlate with child intelligence when the confounder is not controlled.

**Answer:**

No, parents' intelligence does not positively affect a child's intelligence in this scenario when disregarding the mediation effect through parents' social status."
263,yes,"Step-by-step Reasoning:**

1. Identify the probabilities: 80% for stairs, 24% for the elevator.
2. Compare the probabilities: 24% is less than 80%.
3. Conclude that the elevator option results in a lower likelihood of penguin death.

**Yes or No Answer:**

No, it would **not** be less likely to see penguin death if you had taken the stairs. (The elevator is the safer choice.)"
264,no,"**Full Response:**

To determine if talent is more likely than a lack of talent overall, we need to consider the probabilities given:

- The overall probability of attractive appearance is 55%.
- For unattractive people, the probability of talent is 10%.
- For attractive people, the probability of talent is also 10%.

First, let's calculate the probabilities of talent and lack of talent separately:

1. **Probability of talent:**
   - If 55% are attractive, and 10% of them are talented, then the probability of a randomly chosen person being attractive and talented is \(0.55 \times 0.10 = 0.055\) or 5.5%.
   - Since the probability of talent is the same for unattractive people, we double this: \(0.055 \times 2 = 0.11\) or 11%.

2. **Probability of lack of talent:**
   - The probability of a person being unattractive is \(1 - 0.55 = 0.45\) or 45%.
   - Assuming the probability of lack of talent among unattractive people is 90% (since 10% are talented), the probability of a randomly chosen person being unattractive and lacking talent is \(0.45 \times 0.90 = 0.405\) or 40.5%.
   - Adding this to the probability of an attractive person lacking talent (which is also 90% since only 10% are talented), we get \(0.405 + (0.55 \times 0.90) = 0.405 + 0.495 = 0.90\) or 90%.

Therefore, the probability of lack of talent (90%) is significantly higher than the probability of talent (11%).

**Summary:**

1. Calculate the probability of talent among attractive and unattractive groups.
2. Calculate the probability of lack of talent among both groups.
3. Compare the total probabilities.
4. Talent is less likely overall.

**Answer:**

No, talent is not more likely than lack of talent overall."
265,yes,"Step-by-step Reasoning:**

1. Compare probabilities within each blood pressure category:
   - Low blood pressure: Medicated (68%) > Unmedicated (44%)
   - High blood pressure: Medicated (38%) < Unmedicated (11%)

2. Conclude that medication appears to have a positive effect for those with low blood pressure but a potentially negative effect for those with high blood pressure.

3. Note that the question asks about the overall effect of medication, disregarding blood pressure.

4. Consider the initial probabilities of high blood pressure:
   - 73% for unmedicated individuals
   - 52% for medicated individuals

The higher initial probability of high blood pressure in the unmedicated group suggests that the apparently negative effect of medication on heart health in individuals with high blood pressure might be due to the higher prevalence of high blood pressure in this group rather than a direct effect of the medication.

**Answer:**

No, disregarding the mediation effect through blood pressure, medication does not negatively affect heart condition. In fact, it appears that medication may have a positive effect on heart health for individuals with low blood pressure. The seemingly negative effect for those with high blood pressure is likely due to the higher initial risk in the unmedicated group."
266,yes,"Step-by-step Reasoning:**

1. Identify the given probabilities.
2. Calculate the conditional probabilities of tanned skin given tanning salon treatment and no tanning salon treatment.
3. Compare the two probabilities.
4. Conclude that the chance of tanned skin is higher with tanning salon treatment.

**Answer:**

No, the chance of tanned skin is **not** smaller when observing tanning salon treatment. In fact, it is higher."
267,yes,"Step-by-Step Reasoning:**

1. Eliminate the idea that rainy season decreases the chance of wet ground because rain is a primary cause of wet ground.
2. Compare the probabilities: both seasons have a 51% chance of wet ground. This suggests no change or an increase in probability due to the rainy season.
3. Conclude that rainy season does not decrease the chance of wet ground.

**Yes or No Answer:**

No."
268,yes,"Step-by-Step Reasoning:**

1. Compare the probabilities of high salary for each group (far and close to a college) with and without a college degree.
2. Observe that in both cases, the probability of high salary is higher for those with a college degree.
3. Conclude that a college degree or higher does not decrease but rather increases the chance of earning a high salary.

**Yes or No Answer:**

No, a college degree or higher does not decrease the chance of earning a high salary."
269,yes,"**Full Response:**

To determine if a dark room is less likely than a bright room overall, we need to consider the probabilities given:

- The overall probability of blowing out the candle is 53%.
- For those who do not blow out the candles, the probability of a dark room is 43%.
- For those who do blow out the candles, the probability of a dark room increases to 74%.

Given these probabilities, we can deduce the following:

1. If 53% of people blow out the candle, the probability of a dark room for this group is 74%.
2. If the remaining 47% do not blow out the candle, the probability of a dark room for this group is 43%.

To find the overall probability of a dark room, we can use a weighted average:

\[ \text{Overall probability of dark room} = (0.53 \times 0.74) + (0.47 \times 0.43) \]

\[ = 0.3922 + 0.2021 \]

\[ = 0.5943 \]

This means the overall probability of a dark room is approximately 59.43%.

Since this probability is greater than 50%, a dark room is more likely than a bright room overall.

**Summary:**

1. Calculate the weighted average probability of a dark room based on the probabilities given.
2. Compare this overall probability to 50% to determine if a dark room is more or less likely.
3. The overall probability of a dark room is approximately 59.43%, which is greater than 50%.

**Answer:**

No, a dark room is not less likely than a bright room overall."
270,yes,"**Full Response:**

No, it is not necessarily more correct to use Method 1 than Method 2 to understand how smoking affects lung cancer. Both methods have their merits and limitations, and the choice between them depends on the specific research goals and context.

**Reasoning:**

1. **Method 1 (By Gender):** This method considers gender-specific correlations between smoking and lung cancer, which might reveal important differences in how smoking affects men and women. This can provide nuanced insights and help tailor interventions and prevention strategies.

2. **Method 2 (General Correlation):** This method looks at the overall relationship between smoking and lung cancer without focusing on gender. It provides a broader, more generalizable understanding of the link between the two variables, which is useful for widespread public health messaging and policy-making.

3. **Comparison:**
   - Method 1 is more specific and can uncover gender-based disparities, but it might overlook overarching trends that are not gender-specific.
   - Method 2 is more general and might mask important gender differences.

**Answer:**

No, it is not inherently more correct to use Method 1 than Method 2. The choice between the two depends on the research objectives."
271,yes,"Step-by-Step Reasoning:**

1. Compare the probabilities of high exam scores for students who study hard versus those who don't, within each encouragement level.
2. Notice that encouragement significantly increases the likelihood of studying hard.
3. Conclude that while encouragement doesn't directly negatively affect scores, it can indirectly influence them through its impact on studying habits.

**Yes or No Answer:**

No, encouragement level does not directly negatively affect exam score, but it indirectly does so through influencing studying habits."
272,yes,"Step-by-Step Reasoning:**

1. Compare recovery probabilities for people with pre-conditions across vaccine refusal and acceptance.
2. Higher recovery probability with vaccination indicates a higher likelihood of recovery for vaccinated individuals with pre-conditions.

**Answer:** Yes"
273,yes,"step by step:

1. **Premise 1:** Smoking gene or high pollution causes smoking. This implies that having the smoking gene or being exposed to high pollution can lead to smoking behavior.

2. **Premise 2:** Smoking gene and high pollution and smoking causes lung cancer. This suggests that the combination of genetic predisposition (smoking gene) and environmental factor (high pollution) along with the behavior (smoking) increases the risk of lung cancer.

Given that the person in question lives in a place with high pollution, we can deduce the following:

- The person is exposed to one of the risk factors (high pollution) mentioned in Premise 2.
- However, without information on their smoking behavior or genetic makeup, we cannot definitively conclude they have the smoking gene.

**Reasoning:**

- Eliminate ""Yes"" as an obvious answer because we cannot assume the person smokes or has the smoking gene, even though they live in a highly polluted area.
- We cannot conclusively say ""No"" either, because the presence of the smoking gene *and* high pollution exposure *and* smoking behavior increases lung cancer risk.

**Most Likely Answer:**

It is **indeterminate** whether the person would have lung cancer based solely on the information provided.

**Summary:**

1. High pollution exposure is present, but smoking behavior and genetic information are unknown.
2. All factors (smoking gene, high pollution, and smoking) are required to confirm the cause of lung cancer according to Premise 2.
3. Insufficient data leads to an indeterminate conclusion."
274,no,"**Full Response:**

The statement ""Broken bones are less likely than no broken bones overall"" is *not* true based on the given probabilities. Here's why:

* **Step 1:**  The problem sets up a comparison between two groups: those with respiratory issues and those without.

* **Step 2:** We know the probability of broken bones is 80% in *both* groups. This means that within each group, broken bones are more likely than not having broken bones (since 80% is greater than 50%).

* **Step 3:**  Since both groups have a higher probability of broken bones than no broken bones, it's not accurate to say broken bones are overall less likely.


**Summary:**

The key is recognizing that the 80% probability of broken bones applies to both groups, making broken bones more likely in both cases.

**Answer:** No"
275,yes,"Step-by-Step Reasoning:**

1. **Understand the Correlation:** A correlation of 0.33 is relatively low, indicating a weak linear relationship. It means that as kindness increases, attractive appearance tends to increase slightly, but there is still a lot of variation unexplained by this relationship.

2. **Consider Other Factors:** Attraction is multifaceted and influenced by numerous factors such as personality, physical compatibility, emotional connection, and shared interests, among others. A weak correlation with kindness implies that these other factors likely have a more substantial impact on attractiveness within relationships.

3. **Avoid Overinterpretation:** Correlation does not imply causation. Even though kindness and attractiveness are weakly correlated, it doesn't mean that being kind will directly make someone more attractive. They could be connected through other underlying factors.

**Yes or No Answer:**

No."
276,yes,"Step-by-Step Reasoning:**

1. Compare the probabilities of long lifespan for obese and normal-weight individuals with and without diabetes.
2. Note that the probability gap between obese and normal-weight individuals is present only when they have diabetes, not when they don't.
3. Compare the probabilities of having diabetes across different weight and smoking categories.
4. Conclude that obesity's impact on lifespan is not solely mediated by diabetes due to the inconsistent differences in lifespan probabilities and the relatively lower diabetes probabilities among obese individuals.

**Answer:**

No, obesity does not negatively affect lifespan exclusively through diabetes according to the given data."
277,yes,"Step-by-Step Reasoning:**

1. The captain's order to execute the prisoner directly causes the corporal to shoot and the private to refrain from shooting.
2. The corporal's shooting or the private's shooting is the immediate cause of the prisoner's death.
3. If the captain orders the prisoner's release, the execution order is replaced with a release order.
4. With the release order, there is no directive for the corporal or private to shoot, eliminating the cause of the prisoner's death.
5. Hence, the prisoner would likely be alive.

**Answer:** Yes, the prisoner would likely be alive if the captain had ordered the prisoner's release instead of execution."
278,yes,"Step-by-step Reasoning:**

1. The problem presents probabilities: 59% for unencouraged students and 47% for encouraged students achieving a high score.
2. Compare the probabilities: 59% is greater than 47%.
3. Conclude that no encouragement (59% probability) is associated with a higher likelihood of a high score compared to encouragement (47% probability).

**Answer:** Yes."
279,no,"Step-by-Step Reasoning:**

1. Compare probabilities for people in a relationship with mean and kind personalities.
2. Observe that 32% (mean) is greater than 25% (kind).
3. Conclude that the chance of attractive appearance does not decrease with kindness for people in a relationship; instead, it is higher for those with mean personalities.

**Yes or No Answer:**

No, the chance of attractive appearance does not decrease with kindness for people in a relationship. In fact, it is higher for people with mean personalities in this context."
280,yes,"Step-by-Step Reasoning:**

1. Calculate the probability of a dark room using the law of total probability, considering both the cases of blowing out candles and not blowing out candles.
2. Compare the overall probability of a dark room to the probability of a bright room (which is 1 minus the probability of a dark room).
3. Conclude that since P(D) > P(not D), a dark room is more likely.

**Yes/No Answer:**

Yes, a dark room is more likely than a bright room overall."
281,no,"Step-by-Step Reasoning:**

1. A correlation of -0.07 is very close to zero, indicating a very weak relationship.
2. A negative sign suggests an inverse relationship, but given the value, it's so weak that it's practically nonexistent.
3. Therefore, the correlation does not support the conclusion that talent does not affect hard work; instead, it suggests the two are largely unrelated.

**Yes/No Answer:**

No, it does not mean that talent does not affect being hard-working."
282,no,"**Full Response:**

No, it is not more correct to use Method 1 than Method 2 to understand how smoking affects lung cancer. While examining tar deposits in the lungs of smokers (Method 1) can provide valuable information, it is not a more comprehensive or accurate approach than directly studying the correlation between smoking and lung cancer (Method 2).

Here's why:

- **Scope:** Method 2 has a broader scope and allows for a more direct assessment of the relationship between smoking and lung cancer across a large population. It considers all cases of lung cancer in smokers, regardless of tar deposit levels, providing a more holistic understanding of the risk.

- **Simplicity and Directness:** Method 2 is simpler and more direct. It avoids the additional complexity of measuring and categorizing tar deposits, which can vary widely among smokers and may not always be an accurate predictor of lung cancer risk.

- **Statistical Power:** By considering a larger dataset, Method 2 can offer more statistical power and a clearer view of trends. This method enables researchers to analyze a vast number of cases, control for confounding factors, and draw more reliable conclusions.

- **Practicality:** Directly studying the correlation between smoking and lung cancer is more practical for large-scale epidemiological studies. It is challenging to obtain and analyze tar deposit data from a large number of individuals, making Method 1 less feasible on a broad scale.

**Summary:**

- Eliminate Method 1 because it focuses on a narrow aspect (tar deposits) that may not represent the overall risk.
- Method 2 is more comprehensive, direct, and statistically powerful for understanding the relationship between smoking and lung cancer.

**Answer:** No."
283,no,"Step-by-Step Reasoning:**

1. Identify the given conditions: male gender or in-state residency leads to a competitive department, and male gender, in-state residency, or a competitive department leads to admission acceptance.
2. Note that out-of-state residency doesn't eliminate the possibility of being in a competitive department.
3. Since the effect of gender is not directly stated, changing gender alone doesn't provide a definitive answer.

**Answer:**

No, we cannot definitively say the applicant would get admitted if they were non-male instead of male, given the complex relationship between gender, residency, and department competitiveness."
284,no,"Step-by-Step Reasoning:**

1. Compare lung cancer probabilities for nonsmoking genes vs. smoking genes within each smoking habit group.
2. The difference in probabilities shows the impact of genes on lung cancer risk.
3. The data shows that smoking genes increase the probability of lung cancer, especially in combination with smoking and high pollution.

**Yes or No Answer:**

Yes, genes negatively affect lung cancer through smoking, when considering a negative effect as an increase in lung cancer probability."
285,yes,"**Full Response:**

Yes, Method 1 is more correct for understanding how medication affects heart condition. By examining each case individually based on blood pressure, Method 1 accounts for the variability in patient conditions and responses to medication. Heart conditions and their reactions to treatments can be highly individual, influenced by factors like age, overall health, specific diagnosis, and other medications. Therefore, a case-by-case analysis considering blood pressure provides a more nuanced and accurate understanding of medication's impact on heart health.

In contrast, Method 2, which looks at medication's correlation with heart condition in general terms, risks oversimplifying the complex relationship between medication and heart health. It fails to account for the unique circumstances of each patient, potentially leading to inaccurate conclusions or ineffective treatment strategies.

**Reasoning:**

1. Identify the core issue: Understanding the impact of medication on heart condition requires considering individual patient factors.
2. Evaluate Method 1: It addresses individual variability by analyzing cases based on blood pressure, a critical indicator of heart health.
3. Evaluate Method 2: It oversimplifies the issue by generalizing the relationship between medication and heart condition without considering individual differences.
4. Compare and conclude: Method 1 is superior for its detailed, patient-centric approach.

**Yes or No Answer:** Yes, Method 1 is more correct."
286,yes,"Step-by-step Reasoning:**

1. Identify the probabilities: 43% (unvaccinated) and 51% (vaccinated).
2. Compare the probabilities: 51% > 43%.
3. Conclude that vaccination increases the chance of survival.

**Answer:**

No, vaccination **does not decrease** the chance of smallpox survival. It **increases** it."
287,no,"Step-by-step Reasoning:**

- Compare the two probabilities: 53% (waking up on time) vs. 85% (waking up late).
- The higher probability (85%) is associated with waking up late.

3. **Yes or No Answer:**

**Yes**, waking up late increases Alice's chance of arriving at school on time."
288,yes,"**Full Response:**

To determine if broken bones are less likely than no broken bones overall, we need to compare the probabilities of these two events.

Given information:
- The overall probability of respiratory issues is 48%.
- For people with no respiratory issues, the probability of broken bones is 7%.
- For people with respiratory issues, the probability of broken bones is 7%.

Let's calculate the overall probability of broken bones:
1. Calculate the probability of broken bones for people with no respiratory issues:
   - Probability of no respiratory issues = 100% - 48% = 52%
   - Probability of broken bones given no respiratory issues = 7%

2. Calculate the probability of broken bones for people with respiratory issues:
   - Probability of respiratory issues = 48%
   - Probability of broken bones given respiratory issues = 7%

3. Now, we calculate the overall probability of broken bones:
   - Overall probability of broken bones = (Probability of broken bones given no respiratory issues) * (Probability of no respiratory issues) + (Probability of broken bones given respiratory issues) * (Probability of respiratory issues)
   - Overall probability of broken bones = (0.07 * 0.52) + (0.07 * 0.48) = 0.0364 + 0.0336 = 0.0700 or 7%

Since the overall probability of broken bones is 7%, which is the same as the probability of broken bones for both groups with and without respiratory issues, it means that the presence of respiratory issues does not affect the likelihood of broken bones. Therefore, the question of whether broken bones are less likely than no broken bones overall cannot be determined solely based on the given information.

**Summary:**

1. Calculate the probability of broken bones for people with and without respiratory issues.
2. Compute the overall probability of broken bones using the law of total probability.
3. Compare the overall probability to determine if broken bones are less likely than no broken bones.

**Answer:**

No, the given information is insufficient to conclude that broken bones are less likely than no broken bones overall. The probabilities are the same (7%) for both scenarios."
289,no,"Step-by-step Reasoning:**

1. Identify the probabilities:
   - Stairs: 66% chance of penguin death
   - Elevator: 59% chance of penguin death

2. Compare the probabilities:
   - Since 59% is less than 66%, taking the elevator results in a lower probability of penguin death.

3. Conclude:
   - Therefore, taking the elevator does not increase the chance of penguin death; it actually decreases it.

**Answer:**

No, taking the elevator does not increase the chance of penguin death."
290,no,"**Full Response:**

To determine if attractive appearance is more likely than unattractive appearance overall, we need to consider the probabilities given for different personality types.

Given:
- The overall probability of kindness is 85%.
- For people with mean personalities, the probability of attractive appearance is 9%.
- For people with kind personalities, the probability of attractive appearance is 9%.

First, let's calculate the probability of having an attractive appearance for each personality type and then compare them.

1. **Probability of attractive appearance for mean personalities:**
   - Probability of mean personality = 100% - Probability of kind personality = 100% - 85% = 15%
   - Probability of attractive appearance given mean personality = 9%

2. **Probability of attractive appearance for kind personalities:**
   - Probability of kind personality = 85%
   - Probability of attractive appearance given kind personality = 9%

3. **Comparing the probabilities:**
   - For mean personalities, the probability of attractive appearance is 15% * 9% = 0.135 (or 13.5%).
   - For kind personalities, the probability of attractive appearance is 85% * 9% = 0.765 (or 76.5%).

Clearly, the probability of attractive appearance is higher for people with kind personalities (76.5%) compared to those with mean personalities (13.5%).

Since the majority of people (85%) have kind personalities, and attractive appearance is much more likely among this group, the overall probability of encountering an attractive appearance is higher than an unattractive appearance.

**Summary:**

1. Calculate the probability of attractive appearance for both mean and kind personalities.
2. Compare these probabilities.
3. Conclude that attractive appearance is more likely overall due to the higher probability among the majority (kind personalities).

**Answer:**

Yes, attractive appearance is more likely than unattractive appearance overall."
291,no,"Step-by-Step Reasoning:**

1. Calculate the conditional probability of long lifespan given obesity.
2. Determine the probability of normal weight using the overall probability of obesity and the fact that the sum of probabilities should be 100%.
3. Calculate the conditional probability of long lifespan given normal weight.
4. Compare the two conditional probabilities.

**Yes or No Answer:**

No, the chance of long lifespan is not larger when observing obesity; it is slightly larger when observing normal weight."
292,no,"Step-by-Step Reasoning:**

1. Calculate the overall probability of the forest being on fire (\( P(F) \)) using the law of total probability.
2. Compare \( P(F) \) to the probability of the forest not being on fire (\( P(\neg F) \)).
3. Conclude that \( P(F) \) is greater than \( P(\neg F) \), indicating the forest is more likely to be on fire overall.

**Yes/No Answer:**

Yes, the forest is more likely than not to be on fire overall."
293,yes,"**Full Response:**

No, it is not necessarily more correct to use Method 1 than Method 2 to understand how maternal smoking status affects infant mortality. Both methods have their merits and should be considered together for a comprehensive understanding.

- **Method 1** provides a broad overview of the correlation between maternal smoking and infant mortality, which is useful for identifying general trends and patterns. However, it doesn't account for other factors that might influence this relationship, such as birth weight.
- **Method 2**, on the other hand, focuses on a specific factor (birth weight) that is known to be associated with infant mortality. By examining the correlation case by case according to birth weight, this method can reveal more nuanced insights into how maternal smoking status interacts with birth weight to affect infant mortality.

**Summary:**

1. Method 1 offers a broad, general correlation between maternal smoking status and infant mortality.
2. Method 2 provides a detailed, case-by-case analysis based on birth weight, a significant factor in infant mortality.
3. Neither method is inherently superior; both offer valuable insights when considered together.

**Yes or No Answer:**

No, it is not more correct to use Method 1 than Method 2."
294,yes,"**Full Response:**

Given the provided information:
- Male gender and in-state residency cause a competitive department.
- Male gender, in-state residency, or a competitive department cause admission acceptance.
- The applicant in question is an in-state resident.

To determine if a non-male applicant would be admitted, we can follow these steps:

1. **Eliminate Obviously Incorrect Answers:**
   - Since the applicant is an in-state resident, we can conclude that at least one of the causes for admission acceptance (male gender, in-state residency, or competitive department) is present.
   - Being a non-male does not change the fact that the applicant is an in-state resident, which is already a factor causing admission acceptance.

2. **Evaluate the Remaining Factors:**
   - If the department is competitive, then admission acceptance is caused by either male gender or in-state residency or both. Since the applicant is an in-state resident, they would still be eligible for admission even if they are non-male.
   - If the department is not competitive, then admission acceptance is caused by male gender and in-state residency. In this case, being non-male would mean the applicant does not meet one of the criteria (male gender), but they still meet the other criterion (in-state residency).

**Conclusion:**

Based on the given information, the applicant, being an in-state resident, would likely still be admitted even if they are non-male. The gender change does not eliminate any of the known causes of admission acceptance, and in-state residency remains a consistent factor.

**Summary:**

1. The applicant being an in-state resident is a given.
2. This eliminates male gender and competitive department as necessary conditions, leaving in-state residency as a standalone cause for admission acceptance.
3. Therefore, changing the gender to non-male does not affect the likelihood of admission since in-state residency is sufficient for acceptance.

**Answer: Yes**"
295,no,"Step-by-step Reasoning:**

1. Identify the given conditions: Either the camper or the chain-smoker lighting a match can cause the forest fire.
2. Eliminate one possibility: We know the chain-smoker did not light a match.
3. Draw the conclusion: This leaves only the camper lighting a match as the potential cause. So, if the camper did not light a match, the forest would not burn down.

**Yes or No Answer:**

No, the forest wouldn't burn down if the camper did not light a match."
296,yes,"Step-by-step Reasoning:**

- Compare the two probabilities: 81% (no match lit) and 64% (match lit).
- Since 81% is greater than 64%, the forest is more likely to be on fire when matches are lit.
- Therefore, not lighting a match decreases the likelihood of a forest fire.

3. **Yes or No Answer:**

Yes."
297,no,"Step-by-Step Reasoning:**

1. Eliminate ""receives treatment"" as an answer since the question asks what would happen if the patient receives no treatment.
2. The statement ""large kidney stone causes receives no treatment"" implies that without intervention, the condition persists.
3. Therefore, the most likely outcome if the patient receives no treatment is that they will not recover from the large kidney stone.

**Answer: Yes** (The patient would likely not recover if they receive no treatment.)"
298,yes,"**Full Response:**

To determine if an employee is more likely to be fired or not, we need to consider the probabilities given and how they interact.

Given:
- The overall probability of the manager signing the termination letter is 43%.
- For managers who don't sign the termination letter, the probability of the employee being fired is 29%.
- For managers who sign the termination letter, the probability of the employee being fired is 65%.

We can calculate the overall probability of the employee being fired by considering both scenarios:

1. Probability of manager not signing the termination letter and employee being fired:
   - Probability of manager not signing = 100% - 43% = 57%
   - Probability of employee being fired given manager didn't sign = 29%
   - Combined probability = 57% * 29% = 16.77%

2. Probability of manager signing the termination letter and employee being fired:
   - Probability of manager signing = 43%
   - Probability of employee being fired given manager signed = 65%
   - Combined probability = 43% * 65% = 27.95%

Now, we add these two probabilities to find the overall probability of the employee being fired:

Overall probability of employee being fired = 16.77% + 27.95% = 44.72%

Since the overall probability of being fired (44.72%) is greater than the overall probability of not being fired (100% - 44.72% = 55.28%), the employee is more likely to be fired.

**Summary:**

1. Calculate individual probabilities for each scenario.
2. Combine these probabilities to find the overall chance of the employee being fired.
3. Compare this to the overall chance of not being fired.
4. The higher probability indicates the more likely outcome.

**Answer:**

Yes, the employee is more likely to be fired overall."
299,yes,"**Full Response:**

To determine if the chance of scurvy is smaller when observing citrus intake, we need to compare the probability of scurvy in two scenarios:

1. The overall probability of scurvy when there is no information about citrus intake.
2. The probability of scurvy given that we know the person has been taking citrus.

From the given information, we have:

- The overall probability of citrus intake (P(C)) is 11%.
- The probability of the absence of citrus and scurvy (P(¬C ∩ ¬S)) is 67%.
- The probability of citrus intake and scurvy (P(C ∩ S)) is 5%.

First, we calculate the probability of scurvy without any information about citrus intake (P(S)):

P(S) = 1 - P(¬S)

We know that P(¬C ∩ ¬S) is the probability of no citrus and no scurvy, so:

P(¬S) = P(¬C ∩ ¬S) / P(¬C)

We don't have P(¬C), but we can find it using the law of total probability:

P(¬C) = P(¬C ∩ ¬S) + P(¬C ∩ S)

Since we don't have P(¬C ∩ S), we can express it in terms of the given probabilities using set theory:

P(¬C ∩ S) = P(S) - P(C ∩ S)

Now, we can substitute this expression into the equation for P(¬C):

P(¬C) = P(¬C ∩ ¬S) + (P(S) - P(C ∩ S))

Plugging in the given values:

P(¬C) = 0.67 + (P(S) - 0.05)

Now, we can find P(S):

P(S) = 1 - [0.67 + (P(S) - 0.05)]

Solving for P(S), we get:

P(S) ≈ 0.2857 (approximately 28.57%)

Next, we calculate the probability of scurvy given citrus intake (P(S|C)):

P(S|C) = P(C ∩ S) / P(C)

P(S|C) = 0.05 / 0.11 ≈ 0.4545 (approximately 45.45%)

Comparing the two probabilities:

- P(S) ≈ 0.2857 (overall probability of scurvy)
- P(S|C) ≈ 0.4545 (probability of scurvy given citrus intake)

Since P(S) < P(S|C), the chance of scurvy is smaller when observing citrus intake.

**Summary:**

1. Calculate the overall probability of scurvy (P(S)) using the given information and set theory.
2. Compute the probability of scurvy given citrus intake (P(S|C)).
3. Compare the two probabilities; since P(S) is smaller than P(S|C), the chance of scurvy is smaller when observing citrus intake.

**Yes/No Answer:**

Yes, the chance of scurvy is smaller when observing citrus intake."
300,yes,"Step-by-Step Reasoning:**

1. Compare probabilities for hospitalized individuals with and without respiratory issues:
   - With respiratory issues: 8%
   - Without respiratory issues: 10%

2. Observe that the probability for those with respiratory issues is lower.

3. Note that this comparison is within the hospitalized group only and doesn't account for the overall prevalence of respiratory issues.

**Answer:**

No, based on the information provided, the chance of broken bones does not increase for hospitalized individuals with respiratory issues compared to those without respiratory issues. In fact, it slightly decreases. However, this conclusion is limited to the hospitalized population and does not account for the overall prevalence of respiratory issues."
301,yes,"**Full Response:**

To determine if admission acceptance is more likely than rejection overall, we need to consider the probabilities given:

- The overall probability of male gender is 45%.
- The probability of admission acceptance for non-males is 80%.
- The probability of admission acceptance for males is 71%.

First, let's calculate the probability of admission acceptance for the entire population. We can use a weighted average approach, considering the probabilities for males and non-males:

\[ \text{Overall acceptance probability} = (0.45 \times 0.71) + (0.55 \times 0.80) \]

This simplifies to:

\[ \text{Overall acceptance probability} = 0.3195 + 0.44 \]

\[ \text{Overall acceptance probability} = 0.7595 \text{ or } 75.95\% \]

Since this overall acceptance probability is greater than 50%, admission acceptance is indeed more likely than rejection overall.

**Summary:**

1. Calculate the weighted average of acceptance probabilities for males and non-males to find the overall acceptance probability.
2. The overall acceptance probability is 75.95%, which is greater than 50%.

**Answer:**

Yes, admission acceptance is more likely than admission rejection overall."
302,no,"Step-by-Step Reasoning:**

1. Compare the probabilities: Both attractive and unattractive groups have an 84% chance of talent.
2. Consider the overall probability: A 92% chance of attractive appearance implies a higher likelihood of talent due to the correlation between attractiveness and talent in this context.
3. Conclusion: Talent is more likely than a lack of talent overall.

**Yes or No Answer:**

**Yes**, talent is more likely than lack of talent overall."
303,no,"**Full Response:**

The question seems to be asking whether the season has a negative impact on the ground's wetness through weather patterns and sprinkler usage. Based on the information provided, we cannot conclude that the season has a negative impact on the ground.

Here's the reasoning:

- The probabilities given (66% in the dry season and 62% in the rainy season) suggest that the ground is more likely to be wet during the dry season than in the rainy season, which is counterintuitive if we assume that rainy seasons cause more wet ground.
- A negative impact would imply that the rainy season increases the wetness of the ground, but the probabilities indicate the opposite.
- Sprinkler usage is not directly correlated with the season in the context given. It could be assumed that sprinklers are used more in the dry season to compensate for the lack of rainfall, which would contribute to the higher probability of wet ground during that season.

**Summary:**

1. Compare the probabilities: 66% (dry season) vs. 62% (rainy season).
2. The higher probability of wet ground in the dry season contradicts the assumption of a negative impact from the rainy season.
3. Sprinkler usage is not explicitly tied to the rainy season, and could instead be more prevalent in the dry season.

**Answer:** No, season does not negatively affect the ground through weather and sprinkler usage based on the given probabilities."
304,yes,"Step-by-Step Reasoning:**

1. **Identify the probabilities:**
   - Release: 34% chance of death
   - Execute: 80% chance of death

2. **Compare the probabilities:**
   - The 80% death probability from execution is significantly higher than the 34% death probability from release.

3. **Conclude:**
   - Since 80% is greater than 34%, executing the prisoner increases the chance of death compared to releasing them.

**Yes or No Answer:**

No, the captain's order to execute the prisoner will not decrease the chance of the prisoner's death."
305,no,"Step-by-step Reasoning:**

- Compare the probabilities: 76% (not male) vs. 44% (male).
- The probability of admission acceptance is higher for those who are not male.

3. **Yes or No Answer:**

**Yes**, it would be more likely to see admission acceptance if the individual had not been male."
306,yes,"Step-by-Step Reasoning:**

1. The probability of a healthy heart given no medication is 55%.
2. The probability of a healthy heart given medication is only 8%.
3. Comparing these two probabilities directly, it's clear that the probability of a healthy heart is higher when an individual is not taking medication (55%) compared to when they are taking medication (8%).

**Yes or No Answer:**

Yes, the chance of a healthy heart is smaller when observing individuals taking medication."
307,yes,"Step-by-step Reasoning:**

1. Compare the probabilities: 56% (unvaccinated) vs. 55% (vaccinated).
2. Since 56% is greater than 55%, vaccination does not decrease the survival chance.

**Answer:**

No, vaccination does not decrease the chance of smallpox survival; it slightly increases it.

**Yes or No Answer:**

No."
308,yes,"**Full Response:**

To determine if the chance of lung cancer is smaller when observing smokers, we need to compare the probability of lung cancer among smokers to the overall probability of lung cancer.

Given:
- The overall probability of smoking (P(S)) is 29%.
- The probability of nonsmoking and lung cancer (P(¬S ∩ LC)) is 30%.
- The probability of smoking and lung cancer (P(S ∩ LC)) is 12%.

First, let's calculate the overall probability of lung cancer (P(LC)). We can use the formula:

P(LC) = P(S ∩ LC) + P(¬S ∩ LC)

Plugging in the values:

P(LC) = 0.12 + 0.30 = 0.42

Now we can compare the probability of lung cancer among smokers (P(LC|S)) to the overall probability of lung cancer (P(LC)):

P(LC|S) = P(S ∩ LC) / P(S) = 0.12 / 0.29 ≈ 0.4138

Comparing:
- Overall probability of lung cancer, P(LC) = 0.42
- Probability of lung cancer among smokers, P(LC|S) ≈ 0.4138

Since P(LC|S) is slightly smaller than P(LC), the chance of lung cancer is indeed smaller when observing smokers.

**Summary:**

1. Calculate the overall probability of lung cancer, P(LC), by summing the probabilities of lung cancer among smokers and nonsmokers.
2. Calculate the probability of lung cancer among smokers, P(LC|S), by dividing the probability of smoking and lung cancer by the overall probability of smoking.
3. Compare P(LC|S) to P(LC).

**Answer:**

Yes, the chance of lung cancer is smaller when observing smoking.

**Yes/No Answer:**

Yes"
309,no,"**Full Response:**

To determine if an intelligent child is less likely than an unintelligent child overall, we need to consider the probabilities given and how they interact.

Given:
- The overall probability of intelligent parents is 49%.
- For children with unintelligent parents, the probability of an intelligent child is 42%.
- For children with intelligent parents, the probability of an intelligent child is 56%.

First, we calculate the probability of an intelligent child:
- Probability of intelligent child with intelligent parents = 49% * 56% = 27.44%
- Probability of intelligent child with unintelligent parents = 51% * 42% = 21.42% (since the overall probability of unintelligent parents is 51%, being 100% - 49%)
- Total probability of intelligent child = 27.44% + 21.42% = 48.86%

Second, we calculate the probability of an unintelligent child:
- Probability of unintelligent child with intelligent parents = 49% * (100% - 56%) = 22.04%
- Probability of unintelligent child with unintelligent parents = 51% * (100% - 42%) = 29.34%
- Total probability of unintelligent child = 22.04% + 29.34% = 51.38%

Comparing the two:
- Probability of intelligent child (48.86%) is indeed less than the probability of an unintelligent child (51.38%).

**Summary:**

1. Calculate the probabilities of intelligent and unintelligent children for each parent type.
2. Sum the probabilities to find the overall chances for each child type.
3. Compare the total probabilities to determine which is more likely.

**Answer:**

No, an intelligent child is not less likely than an unintelligent child overall. The probability of an unintelligent child (51.38%) is slightly higher than that of an intelligent child (48.86%)."
310,yes,"Step-by-Step Reasoning:**

1. Compare probabilities of long lifespan for normal-weight and obese people, separately for those with and without diabetes.
2. Note that in both cases, obese people have higher probabilities.
3. Conclude that, on the surface, obesity is associated with a higher likelihood of long lifespan when diabetes is not considered.

**Answer:**

Yes, disregarding the mediation effect through diabetes, obesity appears to positively affect lifespan."
311,no,"Step-by-Step Reasoning:**

1. Compare the probabilities for encouraged vs. not encouraged students who do not study hard (67% vs. 90%).
2. Compare the probabilities for encouraged vs. not encouraged students who study hard (33% vs. 54%).
3. Observe that encouragement seems to lower the probability of a high exam score, regardless of study habits.

**Yes/No Answer:**

Yes, encouragement level negatively affects exam score through studying habits according to the given data."
312,no,"Step-by-step Reasoning:**

1. A correlation of -0.00 is very close to zero, which represents no correlation.
2. In statistics, a negative correlation means that as one variable increases, the other tends to decrease, but in this case, the relationship is so weak that it's practically non-existent.
3. Therefore, the data does not support the idea that talent affects being hard-working or vice versa among students accepted to elite institutions.

**Yes or No Answer:**

No, it does not mean that talent affects being hard-working based on the given correlation."
313,yes,"Step-by-step Reasoning:**

1. Compare the probabilities: 47% (rainy season) vs. 42% (dry season).
2. Since 47% is greater than 42%, the rainy season has a higher probability of resulting in wet ground.

**Yes or No Answer:**

Yes."
314,yes,"Step-by-Step Reasoning:**

1. Compare the given probabilities:
   - Probability of an intelligent child with unintelligent parents: 35%
   - Probability of an intelligent child with intelligent parents: 75%
2. The higher probability (75%) is associated with intelligent parents, indicating a positive correlation between parental intelligence and the likelihood of an intelligent child.
3. Therefore, having intelligent parents increases the chance of having an intelligent child.

**Yes or No Answer:**

Yes."
315,yes,"**Full Response:**

No, it is not more correct to use Method 1 than Method 2 to understand how drug intake affects cholesterol levels. Both methods have their merits and limitations, but a combination of both approaches would provide a more comprehensive understanding.

**Reasoning:**

1. **Method 1** looks at the general correlation between drug intake and cholesterol levels, which can give an initial indication of a relationship but may overlook important underlying factors that influence this relationship.

2. **Method 2** considers individual cases and potential confounders, which is crucial for understanding the nuanced effects of drugs on cholesterol levels. Confounders (like pre-existing health conditions, diet, and lifestyle) can significantly impact both drug effectiveness and cholesterol levels.

A thorough analysis would involve:
- First, examining the general correlation (Method 1) to establish a baseline relationship.
- Then, delving into case-by-case analysis (Method 2) to account for confounders and gain deeper insights.

**Answer:**

No, Method 1 is not necessarily more correct than Method 2. A combined approach is ideal."
316,yes,"Step-by-step Reasoning:**

1. Compare the probabilities of long lifespan for normal weight individuals with and without diabetes: 78% (with diabetes) vs. 43% (without diabetes). This suggests diabetes positively impacts lifespan for this group.
2. Compare the probabilities of long lifespan for obese individuals with and without diabetes: 76% (with diabetes) vs. 56% (without diabetes). This indicates that diabetes also positively impacts lifespan for obese individuals, but to a lesser extent.
3. Conclude that obesity alone may not negatively affect lifespan, but it could potentially exacerbate the impact of diabetes on lifespan.

**Answer:**

No, obesity does not negatively affect lifespan through diabetes based on the given data. In fact, the data suggests that diabetes positively influences lifespan probabilities for both normal weight and obese individuals. However, the increase in lifespan probability is greater for normal weight individuals with diabetes compared to obese individuals with diabetes, implying that obesity might have other health implications not directly related to diabetes that could affect lifespan."
317,yes,"Step-by-step Reasoning:**

- The probabilities given (67% for non-smokers and 55% for smokers) suggest a difference in college admission rates between the two groups.
- However, attributing this difference solely to smoking is an oversimplification, as numerous other factors could contribute to both smoking behavior and college admission chances.
- Without additional information about these confounding factors and their interactions, we cannot definitively conclude that smoking directly causes lower admission rates.

3. **Yes or No Answer:**

**No**, we cannot definitively conclude that a smoker would be less likely to see college admission if they had been a non-smoker based solely on the given probabilities. The relationship between smoking and college admission is likely more complex and influenced by various other factors."
318,no,"Step-by-step Reasoning:**

1. The probability of scurvy for patients not consuming citrus is 33%.
2. The probability of scurvy for patients consuming citrus is 14%.
3. Since 33% is greater than 14%, the likelihood of observing scurvy is higher in patients who have not consumed citrus.

**Yes or No Answer:**

No, it would not be more likely to see scurvy in patients who consumed citrus; it is more likely in those who did not."
319,no,"**Full Response:**

To determine if college admission is less likely than college rejection overall, we need to consider the probabilities given:

- The overall probability of smoking is 82%.
- For nonsmokers (which is 18% of the population, since 100% - 82% = 18%), the probability of college admission is 27%.
- For smokers (82% of the population), the probability of college admission is 17%.

First, let's calculate the weighted average probability of college admission:

- Weighted average probability of college admission = (Probability of college admission for nonsmokers * Percentage of nonsmokers) + (Probability of college admission for smokers * Percentage of smokers)
- Weighted average probability = (0.27 * 0.18) + (0.17 * 0.82) = 0.0486 + 0.1394 = 0.188

So, the overall weighted average probability of college admission is 18.8%.

Since this weighted average is less than 50%, it means that overall, college admission is less likely than college rejection.

**Summary:**

1. Calculate the weighted average probability of college admission considering the probabilities for both smokers and nonsmokers.
2. Compare the weighted average to 50% to determine if college admission is more or less likely overall.
3. The weighted average is 18.8%, which is less than 50%, indicating college rejection is more likely overall.

**Answer:**

Yes, college admission is less likely than college rejection overall."
320,yes,"Step-by-Step Reasoning:**

1. Compare the probabilities of high salary for both groups: 47% vs 59%, favoring those close to a college.
2. Compare the probabilities of having a college degree for both groups: 32% vs 75%, again favoring those close to a college.
3. Conclude that proximity to a college (and by extension, the likelihood of having a college degree) correlates with a higher probability of earning a high salary.

**Yes or No Answer:**

No, a college degree or higher does not decrease the chance of high salary."
321,no,"**Full Response:**

The question seems to be asking whether the season (dry vs. rainy) has a positive impact on the probability of having wet ground, considering the influence of weather patterns and artificial irrigation like sprinklers.

While the probabilities provided (45% in the dry season and 47% in the rainy season) suggest a slight increase in the likelihood of wet ground during the rainy season, it's important to note that these percentages alone do not conclusively prove a positive impact. Several other factors could influence ground moisture, including:

1. **Intensity and Duration of Rainfall:** Even within a ""rainy"" season, the actual rainfall amounts and frequency can vary greatly. More intense and frequent rains would increase the probability of wet ground more significantly than light, scattered showers.

2. **Evaporation Rates:** The dry season might have higher temperatures and lower humidity, leading to higher evaporation rates. This could reduce the effectiveness of any precipitation or irrigation, making it harder to maintain wet ground.

3. **Sprinkler Usage:** The question mentions sprinklers, which are an artificial means of watering. Their impact would depend on factors like usage frequency, coverage, and efficiency. In a dry season, increased sprinkler use could compensate for lack of rain and maintain higher moisture levels.

**Reasoning Breakdown:**

1. **Eliminate Incorrect Answers:** We can eliminate the idea that the season has no impact. The given probabilities suggest some influence, even if slight.
2. **Consider Factors:** The probabilities indicate a slight increase in wet ground during the rainy season, but this doesn't account for other variables like evaporation and sprinkler usage.
3. **Most Likely Answer:** Given the complexities, the most likely answer is that the season likely has a positive impact on the probability of wet ground, but this impact is modified by other factors like rainfall intensity, evaporation, and artificial irrigation practices.

**Yes/No Answer:**

**Yes**, the season likely has a positive impact on the probability of wet ground, but this impact is conditional on other factors."
322,no,"step-by-step reasoning process:

1. **Eliminate Obviously Incorrect Answers:**
   - The question asks if it would be *more* likely to see an intelligent child with unintelligent parents. Since the probability of an intelligent child with unintelligent parents is given as 53%, which is a majority, this option is not obviously incorrect.
   - The probability of an intelligent child with intelligent parents is given as 36%, which is a minority. Therefore, it would be incorrect to conclude that it is *more* likely to see an intelligent child with intelligent parents.

2. **Consider Genetic and Environmental Factors:**
   - Intelligence is a complex trait, and the probabilities provided might not account for all influencing factors.
   - Intelligent parents may provide a more stimulating environment, fostering their child's cognitive development, even if the genetic predisposition for intelligence is lower.
   - Unintelligent parents might have other genetic advantages or environmental factors that contribute to their children's intelligence.

3. **Conclusion:**
   - Given the information, it is more likely to observe an intelligent child with intelligent parents (36%) compared to the likelihood of an intelligent child with unintelligent parents (53%).

**Summary:**

- Step 1: Eliminate the clearly incorrect answer based on the given probabilities (more likely to see an intelligent child with intelligent parents).
- Step 2: Consider the complex nature of intelligence inheritance and environmental influences.
- Step 3: Conclude that, based on the probabilities, it is more probable to observe an intelligent child with intelligent parents.

**Yes or No Answer:**

No, it would not be more likely to see an intelligent child if the child had unintelligent parents, according to the given probabilities and considering the complexities of intelligence inheritance."
323,yes,"**Full Response:**

Yes, Method 1 is more correct for understanding the relationship between encouragement level and exam score. Here's why:

- **Individual Differences:** Method 1 considers the variability in studying habits, which is crucial because studying habits can significantly influence both encouragement levels and exam scores. Some students might perform well with less encouragement due to their innate abilities or effective study strategies, while others might need more encouragement to excel. By examining the correlation case by case, you account for these individual differences.

- **Causation vs. Correlation:** Method 2, while simpler, might lead to misleading conclusions. A general correlation between encouragement level and exam score doesn't necessarily mean that higher encouragement directly causes higher scores. There could be other factors at play, and studying habits might be one of them. Method 1 helps isolate the impact of encouragement by considering studying habits, providing a more accurate understanding of the relationship.

- **Precision:** By breaking down the analysis by studying habits, Method 1 offers a more precise and nuanced understanding of how encouragement levels influence exam performance within specific contexts.

**Summary:**

- Identify the most relevant method for understanding the encouragement-exam score relationship.
- Method 1 considers individual studying habits, allowing for a more accurate analysis.
- Method 2 may oversimplify the relationship and ignore crucial individual differences.

**Answer:** Yes"
324,yes,"Step-by-step Reasoning:**

- Compare the two probabilities: 59% (waking up on time) vs. 33% (waking up late).
- The higher probability (59%) corresponds to Alice waking up on time, indicating a greater likelihood of arriving at school on time on those days.

3. **Yes or No Answer:**

**Yes**"
325,yes,"Step-by-Step Reasoning:**

1. Compare the probabilities of employee termination when managers sign the letters (55%) to when they don't (44%).
2. The higher probability (55%) occurs when managers sign, indicating a greater likelihood of termination with their signature.

**Yes/No Answer:**

Yes."
326,no,"**Full Response:**

To determine if it would be more likely to see recovery if a patient had received no treatment, we need to compare the recovery probabilities for patients receiving treatment versus those not receiving treatment, while considering the gender distribution.

Given data:
- Female patients not receiving treatment have a 98% recovery probability.
- Female patients receiving treatment have a 64% recovery probability.
- Male patients not receiving treatment have a 36% recovery probability.
- Male patients receiving treatment have a 2% recovery probability.
- The overall probability of male gender is 48%.

Step 1: Calculate the weighted average recovery probability for patients receiving treatment.

Weighted average = (Female recovery probability * Female proportion) + (Male recovery probability * Male proportion)

Female proportion = 1 - Male probability = 1 - 0.48 = 0.52

Male proportion = 0.48

Weighted average = (0.64 * 0.52) + (0.02 * 0.48) = 0.3344 + 0.0096 = 0.344

Step 2: Compare the weighted average recovery probability for treated patients with the recovery probability for untreated patients.

Untreated patients have a recovery probability of 98% (for females) and 36% (for males), with a weighted average considering the gender distribution.

Weighted average for untreated patients = (0.98 * 0.52) + (0.36 * 0.48) = 0.5096 + 0.1728 = 0.6824

Step 3: Conclusion

The weighted average recovery probability for untreated patients (68.24%) is significantly higher than that for treated patients (34.4%).

**Summary:**

1. Calculate the weighted average recovery probability for treated patients, considering the gender distribution.
2. Calculate the weighted average recovery probability for untreated patients.
3. Compare the two probabilities.
4. The lower probability of recovery for treated patients indicates that it would be more likely to see recovery if the patient had received no treatment.

**Answer:** Yes, it would be more likely to see recovery if the patient had received no treatment."
327,no,"Step-by-step Reasoning:**

1. Compare the probabilities of long lifespan for each group to determine the impact of obesity and diabetes.
2. Analyze the probabilities of having diabetes to assess the relationship between obesity and diabetes.
3. Consider the overall probability of being a smoker to gauge its significance as a risk factor.

**Answer:**

No, obesity does not negatively affect lifespan through diabetes according to the given data. However, obesity is a risk factor for diabetes, particularly among nonsmokers. Smoking also influences diabetes probabilities but is a more prevalent risk factor in the general population."
328,no,"Step-by-step Reasoning:**

1. Calculate the average probability of penguin death for each mode of transportation, disregarding mood.
2. Compare these averages.
3. Conclude that the method with the lower average death probability is more likely to positively affect survival.

**Yes or No Answer:**

Yes, your decision to choose the stairs over the elevator would positively affect penguin survival, disregarding their mood."
329,no,"Step-by-step Reasoning:**

   - Compare the probabilities: 41% (dry season) vs. 38% (rainy season).
   - Identify the contradiction: The question implies that a change from a dry season to a rainy season could reduce the likelihood of wet ground, which contradicts common sense and the given probabilities.
   - Correct the misinterpretation: The rainy season should naturally have a higher probability of wet ground.

3. **Yes or No Answer:**

**No**, it would not be less likely to see wet ground in the rainy season simply because the previous season was dry. In fact, it would be more likely to see wet ground in the rainy season."
330,no,"Step-by-step Reasoning:**

1. **Identify the relevant probabilities**: We are interested in comparing the probability of long lifespan in two scenarios: normal weight and obesity.
2. **Extract probabilities**:
   - Probability of normal weight and long lifespan: 7%
   - Probability of obesity and long lifespan: 58%
3. **Compare**: Since 58% (obesity and long lifespan) is greater than 7% (normal weight and long lifespan), the chance of long lifespan is actually **higher** when observing obesity.

**Answer:**

No, the chance of long lifespan is **not** smaller when observing obesity. In fact, it is larger.

**Summary:**

The comparison of the probabilities (58% vs. 7%) indicates a higher likelihood of long lifespan when obesity is present, contrary to the initial expectation. Therefore, the answer is ""No."""
331,yes,"Step-by-Step Reasoning:**

1. Eliminate the first causal link (""female causes smoking"") since the person is non-female.
2. Recognize that smoking is a risk factor for high tar deposits and lung cancer, but it is not a direct cause of lung cancer in all cases.
3. Conclude that more information is needed to determine the likelihood of lung cancer because smoking is just one of many factors.

**Yes or No Answer:**

No, we cannot conclude that the non-female person has lung cancer solely because they smoke."
332,yes,"Step-by-Step Reasoning:**

1. Compare the two probabilities: 74% (no tanning salon treatment) vs. 17% (tanning salon treatment).
2. The higher probability (74%) indicates a higher likelihood of tanned skin without tanning salon treatment.
3. The lower probability (17%) indicates a lower likelihood of tanned skin despite tanning salon treatment.

**Answer:**

Yes, it would be less likely to see tanned skin in a person who went to tanning salons compared to someone who had not had a tanning salon treatment."
333,yes,"**Full Response:**

Yes, intelligent parents are more likely to have intelligent children based on the probabilities provided.

**Reasoning:**

1. **Identify the probabilities:**
   - Children with unintelligent parents have a 42% chance of being intelligent.
   - Children with intelligent parents have a 56% chance of being intelligent.

2. **Compare the probabilities:**
   - Since 56% is greater than 42%, having intelligent parents increases the probability of a child being intelligent.

3. **Conclusion:**
   - Intelligent parents do increase the chance of having an intelligent child.

**Answer:** Yes"
334,yes,"**Full Response:**

No, it is not more correct to use Method 1 than Method 2 to understand how a husband affects an alarm clock. Both methods have their merits and the choice between them depends on the specific research question and context.

**Reasoning:**

1. **Method 1** looks at the general correlation between husbands and alarm clocks, which might provide a broad understanding but could overlook important individual variations and specific circumstances.
2. **Method 2**, by examining the correlation case by case according to the wife, accounts for individual differences and contextual factors that could significantly influence the relationship between the husband's behavior and the alarm clock.
3. Human behavior, especially within personal relationships, is highly variable and context-dependent, so a case-by-case analysis (Method 2) is likely to yield more nuanced and applicable insights.

**Answer:**

No, it is not more correct to use Method 1 than Method 2. Method 2 is more likely to provide a deeper and more accurate understanding given the context."
335,no,"**Full Response:**

To determine if scurvy is more likely than no scurvy overall, we need to consider the given probabilities and the concept of conditional probability.

Given:
- The overall probability of citrus intake is 3%.
- For patients not consuming citrus, the probability of scurvy is 74%.
- For patients consuming citrus, the probability of scurvy is 63%.

Let's calculate the probability of scurvy and no scurvy overall:

1. **Probability of scurvy:**
   - Probability of scurvy among those not consuming citrus (74% of 97% since only 3% consume citrus) = 0.97 * 0.74 = 0.7258 or 72.58%.
   - Probability of scurvy among those consuming citrus (63% of 3% since only 3% consume citrus) = 0.03 * 0.63 = 0.0189 or 1.89%.
   - Total probability of scurvy = 72.58% + 1.89% = 74.47%.

2. **Probability of no scurvy:**
   - Since the overall probability of citrus intake is 3%, the probability of not consuming citrus is 1 - 0.03 = 0.97.
   - For patients not consuming citrus, the probability of no scurvy is 1 - 0.74 = 0.26.
   - For patients consuming citrus, the probability of no scurvy is 1 - 0.63 = 0.37.
   - Total probability of no scurvy = (0.97 * 0.26) + (0.03 * 0.37) = 0.2542 + 0.0111 = 0.2653 or 26.53%.

Comparing the two:
- Probability of scurvy: 74.47%
- Probability of no scurvy: 26.53%

**Summary:**

1. Calculate the probability of scurvy and no scurvy for those consuming and not consuming citrus.
2. Multiply these probabilities by the overall probability of each group.
3. Sum the probabilities for scurvy and no scurvy separately.
4. Compare the total probabilities.

**Answer:**

Yes, scurvy is more likely than no scurvy overall."
336,yes,"Step-by-step Reasoning:**

1. Identify the probabilities:
   - Unvaccinated survival rate: 48%
   - Vaccinated survival rate: 58%

2. Compare the probabilities:
   - Since 58% is greater than 48%, vaccination increases the likelihood of survival.

3. Conclusion:
   - Vaccination does not decrease the chance of smallpox survival; it improves it.

**Yes or No Answer:**

No, vaccination does not decrease the chance of smallpox survival."
337,no,"Step-by-step Reasoning:**

1. **Method 1** focuses on the broader relationship between the camper (as an object or activity) and the forest as a whole ecosystem. This approach considers the overall impact and interactions, which is crucial for understanding environmental effects.

2. **Method 2**, on the other hand, breaks down the problem by individual smokers, which might lead to case-by-case variations and miss the larger ecological patterns and impacts.

3. When studying the impact of campers on a forest, it's more efficient and scientifically sound to look at the general correlation, as the collective actions of campers are likely to have a cumulative effect on the environment.

**Yes/No Answer:**

Yes, Method 1 is more correct than Method 2."
338,yes,"Step-by-step Reasoning:**

1. Calculate the overall probability of admission acceptance using the law of total probability, considering the given conditional probabilities and the probability of being male or female.
2. Compare the resulting overall probability of acceptance to 0.5 (50%) to determine if acceptance is more likely than rejection.

**Answer:**

Yes, admission acceptance is more likely than admission rejection overall."
339,yes,"Step-by-Step Reasoning:**

1. Compare the probabilities of talent for famous individuals based on their attractiveness:
   - Famous and attractive: 3%
   - Famous and unattractive: 6%

2. The probability of talent is higher for famous individuals who are considered unattractive (6%) compared to those who are famous and attractive (3%).

**Yes or No Answer:**

Yes, the chance of talent decreases for famous people who are considered attractive."
340,no,"Step-by-Step Reasoning:**

- Compare the probabilities: 54% (no degree) vs. 70% (degree).
- The higher probability (70%) is associated with having a college degree, indicating a positive correlation between education and high salary potential.
- Thus, the likelihood of a high salary is lower without a college degree.

3. **Yes or No Answer:**

**No**, it would not be less likely to see a high salary if the person had a college degree or higher; in fact, it would be more likely compared to someone without a college degree."
341,yes,"Step-by-step Reasoning:**

1. Compare lifespans of normal weight and obese individuals with and without diabetes, holding smoking status constant.
2. Observe that the probability of having diabetes is significantly higher for obese individuals across all smoking categories.
3. Conclude that obesity is associated with a lower probability of long lifespan, particularly when diabetes is also present.

**Yes or No Answer:**

Yes."
342,no,"Step-by-Step Reasoning:**

- Start with the given probabilities: 61% acceptance for non-males and 39% for males.
- Compare the probabilities directly: 61% is greater than 39%.
- Conclude that, based solely on these probabilities, a male would have a higher chance of admission if they were not male.
- Caution against interpreting this as a causal relationship, as other factors could influence these statistics.

3. **Yes or No Answer:**

**Yes**, based solely on the provided probabilities, a male individual would be more likely to see admission acceptance if they were not male. However, this answer should be qualified with the understanding that other factors may influence admission decisions."
343,no,"Step-by-Step Reasoning:**

1. Compare probabilities of a healthy heart for similar blood pressure levels but different medication statuses.
2. Observe that for both low and high blood pressure, the probability of a healthy heart is higher without medication.
3. Note that medication is associated with a higher probability of high blood pressure.
4. Conclude that the data suggests medication may not positively affect heart condition through blood pressure as expected.

**Answer:**

No, medication does not positively affect heart condition through blood pressure based on the given data."
344,no,"Step-by-step Reasoning:**

1. Calculate the probability of a ringing alarm given the alarm is set and not set, and the respective probabilities of each scenario.
2. Apply the law of total probability to find the overall probability of a ringing alarm.
3. Compare this probability to 50% to determine if a ringing alarm is more likely than a silent alarm.

**Yes or No Answer:**

Yes, a ringing alarm is more likely than a silent alarm overall."
345,yes,"**Full Response:**

To determine if the chance of recovering from the disease is smaller when observing getting the vaccine, we need to compare the probabilities directly.

Given:
- The overall probability of getting the vaccine is 62%.
- The probability of vaccine refusal and recovering from the disease is 8%.
- The probability of getting the vaccine and recovering from the disease is 48%.

First, let's calculate the probability of recovering from the disease regardless of vaccine status. This can be found by adding the probabilities of recovering with and without the vaccine:

- Probability of recovery = Probability of vaccine refusal and recovery + Probability of vaccine acceptance and recovery
- Probability of recovery = 8% + 48% = 56%

Now, let's calculate the probability of getting the vaccine given that recovery has occurred. This is where the concept of conditional probability comes in. We use Bayes' Theorem:

P(Vaccine | Recovery) = P(Recovery | Vaccine) * P(Vaccine) / P(Recovery)

Plugging in the values:

P(Vaccine | Recovery) = (48%) * (62%) / (56%) = 0.5786 or 57.86%

Since 57.86% is less than the overall probability of getting the vaccine (62%), it means that the chance of getting the vaccine is slightly lower when we consider only those who have recovered from the disease.

**Summary:**

1. Calculate the overall probability of recovery (56%).
2. Use Bayes' Theorem to find the probability of getting the vaccine given recovery (57.86%).
3. Compare this to the overall probability of getting the vaccine (62%).

**Answer:**

No, the chance of recovering from the disease is **not** smaller when observing those who get the vaccine. In fact, it is slightly higher. However, the phrasing of the question seems to imply the opposite, which could be misleading. The correct interpretation is that the probability of getting the vaccine given recovery is slightly lower than the overall probability of getting the vaccine.

**Yes or No Answer:**

No."
346,yes,"**Full Response:**

To determine if the chance of a high salary is smaller when observing individuals with a college degree or higher, we need to compare the probabilities directly.

Given:
- The probability of a college degree or higher (C) is 18%.
- The probability of a high school degree or lower (H) and a high salary (S) is 35%.
- The probability of a college degree or higher (C) and a high salary (S) is 1%.

We want to compare P(S|C) (the probability of high salary given a college degree) with P(S|H) (the probability of high salary given a high school degree or lower).

**Step 1:** Calculate the probability of high salary given a college degree:
P(S|C) = P(C and S) / P(C) = 1% / 18% = 0.0556 or 5.56%.

**Step 2:** Calculate the probability of high salary given a high school degree or lower:
P(S|H) can be found using the formula: P(S|H) = P(H and S) / P(H). We know P(H and S) = 35% and P(H) = 100% - P(C) = 100% - 18% = 82%.
So, P(S|H) = 35% / 82% = 0.4268 or 42.68%.

**Step 3:** Compare the probabilities:
Clearly, P(S|H) (42.68%) is greater than P(S|C) (5.56%).

**Conclusion:**
The chance of a high salary is smaller when observing individuals with a college degree or higher compared to those with a high school degree or lower.

**Summary:**

1. Calculate P(S|C) and P(S|H) using the given probabilities.
2. Compare the two probabilities.
3. Conclude that the chance of high salary is smaller with a college degree or higher.

**Answer:**
No, the chance of high salary is not smaller when observing college degree or higher. It is smaller when observing individuals with a high school degree or lower."
347,yes,"Step-by-Step Reasoning:**

1. Compare the acceptance rates for competitive departments based on gender:
   - Individuals who are not male: 12%
   - Individuals who are male: 4%
2. Since the acceptance rate for males is lower in competitive departments, gender does not positively affect admission status through department competitiveness.

**Yes or No Answer:**

No, gender does not positively affect admission status through department competitiveness according to the given data."
348,yes,"Step-by-Step Reasoning:**

1. **Identify the probabilities:**
   - Nonsmokers: 20% chance of lung cancer
   - Smokers: 80% chance of lung cancer

2. **Compare the probabilities:**
   - The 80% probability for smokers is four times higher than the 20% probability for nonsmokers.

3. **Conclude:**
   - The substantial difference in probabilities strongly suggests that smoking increases the risk of lung cancer.

**Yes or No Answer:**

Yes."
349,no,"Step-by-Step Reasoning:**

1. Identify the probabilities:
   - Probability of high salary for non-males = 31%
   - Probability of high salary for males = 58%

2. Calculate the difference in probabilities:
   - Difference = Probability for males - Probability for non-males 
   - Difference = 58% - 31% = 27%

3. Interpret the difference:
   - A positive difference of 27% indicates that males have a higher chance of earning a high salary compared to individuals who are not male.

**Yes/No Answer:**

Yes, male gender appears to increase the chance of a high salary based on the given probabilities."
350,yes,"**Full Response:**

To determine if the chance of normal infant birth weight is larger when observing a smoking mother, we need to compare the probabilities directly.

Given:
- The probability of a nonsmoking mother and normal infant birth weight is 6%.
- The probability of a smoking mother and normal infant birth weight is 15%.

Without specific conditional probabilities, we can't calculate the exact likelihood directly from the given information. However, comparing the probabilities we have:

1. **P(Nonsmoking mother and normal birth weight) = 6%**
2. **P(Smoking mother and normal birth weight) = 15%**

Since 15% is greater than 6%, the probability of a normal infant birth weight is higher when observing a smoking mother compared to a nonsmoking mother.

**Summary:**

1. Compare the probabilities of normal infant birth weight for smoking and nonsmoking mothers directly.
2. The probability of normal birth weight is higher (15%) with a smoking mother than with a nonsmoking mother (6%).

**Answer:**

No, the chance of normal infant birth weight is **not** larger when observing a smoking mother. (This answer is based on the comparison of the given probabilities, which suggests the opposite of what the question implies.)"
351,yes,"step by step:

- When husbands don't set the alarm, there's a 42% chance it will ring.
- When husbands do set the alarm, there's a 51% chance it will ring.

Comparing these two probabilities, we see that setting the alarm increases the chance of the alarm ringing from 42% to 51%. Therefore, setting the alarm does not decrease the chance of the alarm ringing; it actually increases it.

2. **Reasoning:**

- Step 1: Compare the probabilities of the alarm ringing when the husband sets and doesn't set the alarm.
- Step 2: Observe that 51% (when set) is greater than 42% (when not set).
- Conclusion: Setting the alarm increases the chance of the alarm ringing.

3. **Answer:**

No, alarm set by the husband will **not** decrease the chance of the ringing alarm. In fact, it increases the probability."
352,yes,"Step-by-Step Reasoning:**

1. Compare probabilities of alarm ringing in different scenarios.
2. Observe that alarm rings more often when only one person sets it compared to neither setting it.
3. Note the significant drop in probability when both set the alarm.
4. Conclude that husband's action positively affects alarm ringing, but both setting it has a negative outcome.

**Answer:**

No, the husband does not positively affect the alarm clock through the wife, as the highest probability of the alarm ringing occurs when only one of them sets it, and it drops significantly when both do."
353,no,"Step-by-Step Reasoning:**

1. Smoking during pregnancy is known to increase the risk of adverse infant health outcomes, including low birth weight and higher infant mortality rates.
2. The question implies a scenario where smoking mothers in good health have normal birth weight infants but contribute to high infant mortality, suggesting smoking has additional risks beyond birth weight.
3. Considering the direct negative effects of smoking on infant mortality, a smoking mother is likely to increase the risk of infant mortality.
4. Conclusion: It is reasonable to expect higher infant mortality with a smoking mother compared to a non-smoking mother.

**Yes or No Answer:**

**Yes**, infant mortality would likely be high if the mother were smoking instead of non-smoking."
354,no,"Step-by-Step Reasoning:**

1. Identify the probabilities given:
   - Overall increased supply: 57%
   - Reduced supply and increased price: 20%
   - Increased supply and increased price: 43%

2. Recognize that the probability of increased supply and reduced price is not directly given and cannot be inferred from the provided data.

3. Compare the probabilities:
   - Increased supply and increased price: 43%
   - Reduced supply and increased price: 20%

4. Conclude that, based on the given information, the chance of an increased price when observing increased supply (43%) is larger than the chance of increased price when supply is reduced (20%).

**Yes/No Answer:**

Yes, based on the given probabilities, the chance of an increased price is larger when observing increased supply."
355,yes,"**Full Response:**

The question stems from a fundamental concept in probability theory and statistics, often referred to as conditional probability. In this case, we are given the following probabilities:

- The overall probability of respiratory issues is 51%.
- For people with no respiratory issues, the probability of broken bones is 97%.
- For people with respiratory issues, the probability of broken bones is 97%.

To determine if broken bones are less likely than no broken bones overall, we need to calculate the total probability of broken bones and compare it to the probability of no broken bones.

Step 1: Calculate the probability of broken bones overall.

Let A be the event of having respiratory issues, and B be the event of having broken bones. We are given P(A) = 0.51, P(B|¬A) = 0.97, and P(B|A) = 0.97.

Using the law of total probability:

P(B) = P(B|A)P(A) + P(B|¬A)P(¬A)
P(B) = (0.97 * 0.51) + (0.97 * 0.49)
P(B) ≈ 0.97

Step 2: Compare the probability of broken bones to no broken bones.

Since the probability of broken bones, P(B), is approximately 97%, it is highly likely. The probability of no broken bones would be 1 - P(B), which is approximately 3%.

Therefore, broken bones are much more likely than no broken bones overall.

**Summary:**

1. Calculate the probability of broken bones using the law of total probability: P(B) ≈ 97%.
2. Compare this to the probability of no broken bones, which is approximately 3%.

**Answer:**

No, broken bones are not less likely than no broken bones overall. In fact, they are significantly more likely."
356,no,"Step-by-Step Reasoning:**

1. Compare recovery probabilities for each stone size with and without treatment.
2. Note that treatment improves recovery rates for both small and large kidney stones.
3. Consider the high overall probability (47%) of having large kidney stones, which already have high recovery rates.
4. Conclude that treatment enhances recovery likelihood overall.

**Yes or No Answer:**

No, it would not be more likely to see recovery in treated patients if they had received no treatment."
357,no,"**Full Response:**

No, it is not more correct to use Method 1 than Method 2 to understand how drug intake affects cholesterol levels. Both methods have their merits and limitations, but a combination of both approaches would provide a more comprehensive understanding.

**Reasoning:**

1. **Method 1 (Direct Correlation):** This method provides a straightforward look at the relationship between drug intake and cholesterol levels. It's a good starting point to establish an initial correlation but does not account for other factors that could influence cholesterol levels, known as confounders.

2. **Method 2 (Case-by-Case with Unobserved Confounders):** This method acknowledges that there might be individual differences and unobserved factors (confounders) affecting the relationship. By considering each case individually, it can account for some of these factors but might struggle to generalize findings due to the lack of a broader sample analysis.

A more robust approach would be to use both methods in conjunction:

- First, establish the general correlation using Method 1.
- Then, investigate potential confounders and individual variations using Method 2.

**Final Answer:** No."
358,no,"Step-by-Step Reasoning:**

1. Method 1 examines the general correlation, offering a broad view of the education-salary relationship.
2. Method 2 focuses on specific, unobserved confounders, which may be too narrow and challenging to apply universally.
3. The goal is to understand the overall trend, making Method 1 a more suitable choice for this context.

**Yes or No Answer:**

Yes, it is more correct to use Method 1 to understand how education level affects salary."
359,yes,"Step-by-step Reasoning:**

- Eliminate **yes** as an answer because the statement does not confirm that the person's tan is a direct result of going to the beach.
- The remaining option is **no**, as we cannot make a definitive conclusion about the cause of the tan without more information.

3. **Yes or No Answer:**

**No**"
360,no,"Step-by-step Reasoning:**

1. Eliminate the confounder: The confounder's inactivity means it does not directly influence the person's educational attainment in this scenario.
2. Focus on the direct causal relationship: A college degree or higher causes a high salary.
3. Apply the direct relationship to the scenario: The person has a college degree or higher, which, according to the direct causal relationship, would result in a high salary.

**Answer:**

Yes, the employee would likely have a high salary if they have a college degree or higher, even though the confounder (living close to a college) is inactive in this scenario."
361,no,"Step-by-Step Reasoning:**

1. Compare the probabilities of long lifespan for obese individuals with and without diabetes (71% vs. 53%).
2. Compare the probabilities of long lifespan for normal-weight individuals with and without diabetes (45% vs. 23%).
3. Note that the highest probability of long lifespan is associated with obesity and diabetes.
4. Recognize that these probabilities do not prove causation and other factors could influence the outcomes.

**Yes or No Answer:**

Yes, the data suggests that obesity, in the context of diabetes, is associated with a higher probability of long lifespan. However, this does not prove that obesity positively affects lifespan through diabetes."
362,yes,"**Full Response:**

To determine if lung cancer is more likely than the absence of lung cancer overall, we need to consider the probabilities given:

- The overall probability of smoking is 42%.
- For nonsmokers (which is 100% - 42% = 58% of the population), the probability of lung cancer is 55%.
- For smokers (42% of the population), the probability of lung cancer is 64%.

First, we calculate the weighted probabilities:

- Probability of lung cancer among nonsmokers: 0.58 * 0.55 = 0.319
- Probability of lung cancer among smokers: 0.42 * 0.64 = 0.2688

Now, we compare the total probabilities:

- Total probability of lung cancer = 0.319 + 0.2688 = 0.5878
- Total probability of no lung cancer = 1 - 0.5878 = 0.4122

Since 0.5878 (the probability of lung cancer) is greater than 0.4122 (the probability of no lung cancer), lung cancer is indeed more likely than the absence of lung cancer overall.

**Summary:**

1. Calculate weighted probabilities for lung cancer among nonsmokers and smokers.
2. Sum the weighted probabilities to find the overall probability of lung cancer.
3. Compare this probability to the probability of no lung cancer (which is 1 minus the probability of lung cancer).
4. Lung cancer is more likely overall if its probability is greater than the probability of no lung cancer.

**Answer:**

Yes, lung cancer is more likely than the absence of lung cancer overall."
363,yes,"**Full Response:**

Based on the information provided, we cannot definitively conclude that the patient would have high cholesterol if they took all assigned drugs instead of not taking any. Here's why:

1. **Confounder Active and Drug Treatment:** The question mentions that a confounder being active leads to the assignment of drug treatment, and this, in turn, results in the patient taking all assigned drugs.

2. **Causal Relationship:** The causal relationship is established between the confounder, drug treatment, and the outcome (low cholesterol). However, the specific nature of the confounder's effect on cholesterol levels is not directly stated.

3. **Observed State:** We are given that the patient is observed to be not on drug treatment and the confounder is inactive.

4. **Counterfactual Scenario:** The question asks what would happen if the patient took all assigned drugs (a counterfactual scenario). However, we don't have enough information to determine the direct impact of taking all drugs on cholesterol levels, independent of the confounder's influence.

**Reasoning:**

- Step 1: Eliminate the obvious incorrect answer. Since we don't know the direct effect of taking all drugs, we cannot confidently say the patient would definitely have high cholesterol.
- Step 2: Assess the causal pathways. The confounder's role is crucial, and its inactive state might influence cholesterol levels differently than when it's active.
- Step 3: Conclude that without knowing the specific effects of the confounder and drug treatment independently, we cannot make a definitive judgment.

**Answer:**

No, we cannot conclude that the patient would have high cholesterol if they took all assigned drugs instead of none, based on the given information. The relationship between the confounder, drug treatment, and cholesterol levels is not sufficiently defined to make this determination."
364,no,"Step-by-Step Reasoning:**

1. Interpret the given probabilities: 98% overall talent probability and 98% hard-working probability for both talented and non-talented students.
2. Deduce that the 2% of students who are not hard-working could be considered ""lazy"" in this context.
3. Compare the overall probabilities: 98% hard-working vs. 2% potentially lazy.
4. Conclude that being hard-working is more likely than being lazy.

**Answer:**

No, being hard-working is **not** less likely than being lazy overall."
365,no,"Step-by-step Reasoning:**

1. Eliminate obviously incorrect answers: The probabilities given in the question are already quite specific and directly related to the scenario, so there aren't any obvious incorrect answers to eliminate first.

2. Calculate the probability of an intelligent child given intelligent parents using Bayes' theorem.
3. Estimate the probability of an intelligent child given unintelligent parents using the given data and the complement rule.
4. Compare the two probabilities to determine which is smaller.

**Answer:**

Yes, the chance of an intelligent child is smaller when observing intelligent parents."
366,yes,"Step-by-step Reasoning:**

- Compare the probabilities of low cholesterol in two groups: those taking all drugs and those not taking all drugs.
- The higher probability (35%) is associated with not taking all drugs, suggesting lower odds of low cholesterol in the group taking all drugs.

3. **Yes or No Answer:**

**Yes**, the chance of low cholesterol is smaller when observing those taking all assigned drugs."
367,yes,"Step-by-step Reasoning:**

1. Compare the probabilities of a dark room in both scenarios: 43% (candles not blown out) vs. 74% (candles blown out).
2. Observe that the probability of a dark room increases when candles are blown out.
3. Since blowing out candles has a higher probability of resulting in a dark room, it suggests that a dark room is overall less likely than a bright room.

**Yes or No Answer:**

Yes, a dark room is less likely than a bright room overall."
368,yes,"Step-by-step Reasoning:**

- Compare the probabilities: 54% (with medication) vs. 10% (without medication).
- A higher probability of a healthy heart is observed among those taking medication.

3. **Yes or No Answer:**

**No**, taking medication does not decrease the chance of having a healthy heart; it increases it."
369,no,"Step-by-step Reasoning:**

   - A correlation of -0.18 is close to zero, which means the relationship between the two variables is very weak.
   - A negative correlation indicates an inverse relationship, but the magnitude of -0.18 is very small, suggesting only a minimal association.
   - The weak negative correlation does not mean there is no relationship; it means the relationship is not strong enough to imply a significant effect of respiratory issues on broken bones.

3. **Yes or No Answer:**

**No**, it does not mean that respiratory issues do not affect broken bones. The weak negative correlation suggests a minor relationship where increased respiratory issues are associated with slightly fewer broken bones, but this relationship is not substantial enough to conclude that respiratory issues have no effect."
370,no,"Step-by-step Reasoning:**

1. Compare probabilities within the 'smoking genes' group:
   - High pollution: 27% (smokers) vs. 57% (nonsmokers)
   - Low pollution: 48% (smokers) vs. 46% (nonsmokers)
2. Smokers with smoking genes have higher lung cancer probabilities in both pollution conditions.
3. This indicates a potential negative effect of smoking genes on lung cancer risk for smokers.

**Answer:**

Yes, genes appear to negatively affect lung cancer probability through smoking."
371,no,"**Full Response:**

Yes, Method 1 is more correct than Method 2 for understanding how vaccination status affects smallpox survival in a population.

**Reasoning:**

1. **Population-level analysis (Method 1):** By examining the overall correlation between vaccination status and smallpox survival across a large population, you can gather statistically significant data that reveals the general trend. This method provides a broad understanding of the impact of vaccination on survival rates, which is crucial for public health policy and planning.

2. **Case-by-case analysis (Method 2):** Focusing on individual cases (Method 2) can be misleading when trying to understand a population-level phenomenon. Individual reactions to vaccinations can vary widely due to genetic, environmental, and other factors, making it difficult to generalize the findings to the population as a whole. This method is more suited for clinical studies or personalized medicine, not broad public health assessments.

3. **Eliminating incorrect answer:** Since the goal is to understand the effect of vaccination status on smallpox survival in general, the population-level analysis (Method 1) is more appropriate. It eliminates the noise introduced by individual variations, providing a clearer picture of the vaccination's impact on survival rates.

**Yes/No Answer:**

Yes, Method 1 is more correct than Method 2."
372,no,"**Full Response:**

To determine if being hard-working is more likely than being lazy overall, we need to consider the probabilities given and apply some basic probability theory.

Given:
- The overall probability of talent is 11%.
- For students who are not talented, the probability of being hard-working is 6%.
- For students who are talented, the probability of being hard-working is 6%.

First, let's calculate the probability of a student being hard-working but not talented. Since the probability of being hard-working given no talent is 6%, and the probability of not being talented is 100% - 11% = 89%, the probability of a student being hard-working but not talented is 0.89 * 0.06 = 0.0534 or 5.34%.

Next, we know that the probability of being hard-working among talented students is 6%, and the probability of being talented is 11%, so the probability of a student being hard-working and talented is 0.11 * 0.06 = 0.0066 or 0.66%.

Now, we can find the total probability of a student being hard-working by adding the probabilities of being hard-working in both cases: 5.34% + 0.66% = 6%.

Therefore, the overall probability of a student being hard-working is 6%. Since this is equal to the probability given for students who are not talented to be hard-working, it means that being hard-working is not more likely than being lazy overall. The probabilities balance each other out, indicating no net increase in likelihood for being hard-working.

**Summary:**

1. Calculate the probability of a student being hard-working but not talented: 89% * 6% = 5.34%.
2. Calculate the probability of a student being hard-working and talented: 11% * 6% = 0.66%.
3. Sum these probabilities to find the overall probability of being hard-working: 5.34% + 0.66% = 6%.
4. Compare this to the probability of being hard-working for those without talent (6%), indicating no net increase in likelihood for being hard-working overall.

**Answer:**

No, being hard-working is not more likely than being lazy overall. (No)"
373,yes,"Step-by-Step Reasoning:**

1. A correlation of -0.10 suggests a weak negative association between kindness and attractive appearance among people in relationships.
2. Correlation does not imply causation; it only indicates a relationship between two variables.
3. Multiple factors could contribute to this correlation, making it premature to conclude that kindness directly affects attractive appearance.
4. To establish causation, one would need additional evidence from experimental or longitudinal studies controlling for various confounding factors.

**Yes or No Answer:**

No."
374,yes,"Step-by-step Reasoning:**

- Compare the two probabilities: 81% (no alarm set) vs. 18% (alarm set).
- Higher probability (81%) indicates a higher chance of an event occurring (alarm ringing) when the husband doesn't set the alarm.
- Lower probability (18%) means a lower chance of the alarm ringing when it is set.
- Thus, it would be **not** less likely to hear the alarm if the husband set it.

3. **Yes or No Answer:**

**No**, it would not be less likely to see a ringing alarm if the husband had not set the alarm. In fact, it would be more likely."
375,yes,"**Full Response:**

To determine if lung cancer is more likely than the absence of lung cancer overall, we need to consider the probabilities you've provided. Let's break this down:

- The overall probability of smoking is 12%.
- For nonsmokers (which is 100% - 12% = 88% of the population), the probability of lung cancer is 52%.
- For smokers (12% of the population), the probability of lung cancer is 90%.

To find the overall probability of lung cancer, we use the law of total probability:

Overall lung cancer probability = (Probability of lung cancer among nonsmokers * Probability of being a nonsmoker) + (Probability of lung cancer among smokers * Probability of being a smoker)

Overall lung cancer probability = (0.52 * 0.88) + (0.90 * 0.12) = 0.4696 + 0.108 = 0.5776 or 57.76%.

Since the overall probability of lung cancer (57.76%) is greater than the probability of absence of lung cancer (100% - 57.76% = 42.24%), lung cancer is indeed more likely than the absence of lung cancer overall.

**Summary:**

1. Eliminate obviously incorrect answers: Since the overall probability of smoking is only 12%, the probability of lung cancer among the general population cannot be as high as 90% (as that would imply a large portion of the population smokes). Therefore, lung cancer being as rare as 52% in the majority (nonsmokers) doesn't make sense. The correct answer should align with the lower overall smoking rate.
2. Calculate the overall lung cancer probability using the law of total probability.
3. Compare the overall lung cancer probability (57.76%) to the probability of absence of lung cancer (42.24%) to determine which is more likely.

**Answer:** Yes, lung cancer is more likely than absence of lung cancer overall."
376,no,"**Full Response:**

In this scenario, it is more appropriate to use Method 2: looking directly at how smoking correlates with college admission in general, rather than Method 1. Here's why:

- **Scope of Analysis:** Method 2 takes a broader approach by examining the overall relationship between smoking and college admission across a population. This method considers the patterns and trends in data without focusing on individual cases, which can provide a more comprehensive understanding of the phenomenon.

- **Effort and Case-by-Case Complexity:** Method 1, which examines each case according to effort, suggests a more time-consuming and potentially subjective analysis. College admission is a multifaceted process that involves numerous factors, and evaluating each case individually based on effort might not yield consistent or generalizable results.

- **Statistical Significance:** To understand the impact of smoking on college admission, a large-scale analysis (Method 2) is more likely to reveal statistically significant correlations or patterns. With a larger sample size, it becomes easier to control for confounding variables and draw reliable conclusions.

- **Practicality:** From a practical standpoint, Method 2 is more feasible when dealing with real-world data. College admissions data is often collected and analyzed in aggregate, making it more accessible and manageable for researchers.

**Summary:**

- Step 1: Identify the need for a broad understanding of the smoking-admission correlation.
- Step 2: Recognize that Method 2 offers a more comprehensive, efficient, and statistically robust approach.
- Step 3: Conclude that Method 2 is more suitable for understanding the impact of smoking on college admission.

**Answer: No, it is not more correct to use Method 1 than Method 2.**"
377,yes,"Step-by-Step Reasoning:**

1. Identify the relevant probabilities: 94% (not talented, accepted) and 92% (talented, accepted).
2. Compare the two probabilities.
3. Observe that the probability for talented students (92%) is lower than for non-talented students (94%).

**Answer:**

No, the chance of being hard-working does not increase with talent for students accepted to elite institutions. In fact, it slightly decreases.

**Yes or No Answer:**

No."
378,no,"**Full Response:**

In this context, it is more appropriate to use Method 1, which considers the correlation between smoking and college admission on an individual basis, taking effort into account, rather than Method 2, which only looks at the general correlation.

**Reasoning:**

1. **Individual vs. General Correlation:** Method 1 focuses on a more nuanced approach by examining each case individually, considering the effort put in by each student. This method allows for a deeper understanding of how smoking might impact the college admission process for different students, accounting for varying levels of academic effort. 

2. **Effort as a Confounding Variable:** Academic effort is an essential factor in college admissions. By including it in the analysis, Method 1 controls for the potential confounding variable that effort could be. This ensures that any correlation found with smoking is not simply a result of varying effort levels but rather a genuine relationship between smoking and admission chances. 

3. **Generalization vs. Specificity:** Method 2, by its nature, provides a broad overview but may oversimplify the complex process of college admissions. It might not account for individual circumstances and efforts, potentially leading to inaccurate conclusions. 

**Answer:** Yes, it is more correct to use Method 1 to understand how smoking affects college admission, as it provides a more nuanced and accurate analysis by considering individual effort."
379,no,"Step-by-Step Reasoning:**

1. A correlation of -0.10 is considered weak or near zero, meaning the relationship between attractive appearance and talent is minimal.
2. While the correlation is negative, indicating that as one increases, the other tends to decrease, the strength of this relationship is so small that it doesn't imply a significant impact of appearance on talent.
3. Therefore, we cannot conclude that attractive appearance does not affect talent based on this correlation; instead, it suggests a very weak inverse relationship.

**Yes or No Answer:**

No, it does not mean that attractive appearance does not affect talent."
380,no,"**Full Response:**

No, it is not more correct to use Method 1 than Method 2 to understand how eating citrus affects scurvy. Both methods have their merits, but they approach the problem from different angles.

- **Method 1** simplifies the analysis by looking at the general correlation between citrus consumption and scurvy. This method might suffice for a broad understanding but could overlook important nuances and individual variations.
- **Method 2**, on the other hand, delves deeper by examining the relationship on a case-by-case basis according to vitamin C, which is the specific nutrient in citrus that prevents scurvy. This method provides a more detailed and accurate understanding of how citrus consumption affects scurvy.

**Summary:**

1. Method 1 examines the general correlation between citrus consumption and scurvy.
2. Method 2 analyzes the correlation on a case-by-case basis, focusing on vitamin C.
3. Method 2 is more likely to provide a precise understanding of the relationship because it considers the specific nutrient responsible for preventing scurvy.

**Yes or No Answer:**

No, it is not more correct to use Method 1 than Method 2. Method 2 is more likely to be correct and informative."
381,no,"Step-by-Step Reasoning:**

1. Calculate the conditional probability of recovery given a high hospital bill.
2. Compare this probability to the probability of recovery given a low hospital bill.
3. Conclude that the chance of recovery is higher with high hospital bills.

**Answer:**

No, the chance of recovery is **not** smaller when observing high hospital bills. It is, in fact, higher."
382,yes,"**Full Response:**

To determine if lung cancer is more likely than the absence of lung cancer overall, we need to consider the probabilities given:

- The overall probability of smoking is 39%.
- For nonsmokers (which is 100% - 39% = 61% of the population), the probability of lung cancer is 51%.
- For smokers (39% of the population), the probability of lung cancer is 57%.

First, let's calculate the weighted probabilities:

- Weighted probability of lung cancer for nonsmokers: 0.61 * 0.51 = 0.3111
- Weighted probability of lung cancer for smokers: 0.39 * 0.57 = 0.2223

Now, add these weighted probabilities to find the overall probability of lung cancer:
0.3111 + 0.2223 = 0.5334

Since the overall probability of lung cancer (53.34%) is greater than the overall probability of no lung cancer (100% - 53.34% = 46.66%), lung cancer is more likely than the absence of lung cancer overall.

**Summary:**

1. Calculate the weighted probabilities of lung cancer for both nonsmokers and smokers.
2. Add the weighted probabilities to find the overall probability of lung cancer.
3. Compare this probability to the probability of no lung cancer (100% - the overall probability of lung cancer).
4. Since the overall probability of lung cancer is higher, lung cancer is more likely.

**Answer:** Yes"
383,yes,"Step-by-Step Reasoning:**

1. Identify the goal: understand how education level affects salary.
2. Method 1 provides a broad, data-driven view of this relationship.
3. Method 2 introduces subjective and unobservable factors that can bias the analysis.
4. Therefore, Method 1 is more reliable and appropriate for understanding the general relationship.

**Yes or No Answer:**

Yes, it is more correct to use Method 1 than Method 2 to understand how education level affects salary."
384,no,"**Full Response:**

To determine if smallpox survival is more likely than death overall, we need to consider the probabilities given and apply them to the two groups (vaccinated and unvaccinated).

Given:
- Overall probability of vaccination = 87%
- Probability of survival for unvaccinated individuals = 49%
- Probability of survival for vaccinated individuals = 50%

First, we calculate the probability of survival for each group:
- For unvaccinated individuals: 49% survival rate * (100% - 87% vaccination rate) = 49% * 13% ≈ 6.37%
- For vaccinated individuals: 50% survival rate * 87% vaccination rate = 50% * 87% ≈ 43.5%

Now, we can calculate the overall probability of survival by adding the probabilities of survival for both groups:
Overall survival probability = 6.37% + 43.5% ≈ 50%

Since the overall probability of survival (50%) is equal to the probability of survival for vaccinated individuals (50%), and both are higher than the survival rate for unvaccinated individuals (49%), smallpox survival is more likely than death overall, but only marginally so, and primarily due to the high vaccination rate.

**Summary:**

1. Calculate the survival probability for unvaccinated individuals by multiplying their survival rate and the chance they are unvaccinated.
2. Calculate the survival probability for vaccinated individuals by multiplying their survival rate and the vaccination rate.
3. Add the survival probabilities of both groups to find the overall survival probability.
4. Compare the overall survival probability to the individual survival rates.

**Answer:**

Yes, smallpox survival is more likely than smallpox death overall."
385,no,"**Full Response:**

To determine if attractive appearance is less likely than unattractive appearance overall, we need to consider the given probabilities. We are given the following information:

- The overall probability of kindness is 45%.
- For people with mean personalities, the probability of attractive appearance is 40%.
- For people with kind personalities, the probability of attractive appearance is also 40%.

First, let's calculate the probability of having a mean personality. Since the overall probability of kindness is 45%, the probability of having a mean personality would be 100% - 45% = 55%.

Now, we can calculate the overall probability of attractive appearance. We can use the law of total probability, which states that the probability of an event (in this case, attractive appearance) can be found by multiplying the probability of each personality type by the probability of attractive appearance given that personality type, and then summing these values.

Probability of attractive appearance = (Probability of mean personality * Probability of attractive appearance given mean personality) + (Probability of kind personality * Probability of attractive appearance given kind personality)

Plugging in the values:

Probability of attractive appearance = (0.55 * 0.40) + (0.45 * 0.40) = 0.22 + 0.18 = 0.40

So, the overall probability of attractive appearance is 40%.

Since the probability of attractive appearance (40%) is equal to the probability of unattractive appearance (100% - 40% = 60%), attractive appearance is not less likely than unattractive appearance overall.

**Summary:**

1. Calculate the probability of a mean personality: 100% - 45% = 55%.
2. Use the law of total probability to find the overall probability of attractive appearance: (0.55 * 0.40) + (0.45 * 0.40) = 0.40.
3. Compare the probabilities: attractive appearance (40%) is not less likely than unattractive appearance (60%).

**Answer:**

No, attractive appearance is not less likely than unattractive appearance overall."
386,yes,"Step-by-Step Reasoning:**

1. Compare probabilities for managers signing termination letters: 37% (director doesn't sign) and 6% (director signs).
2. Compare these to probabilities when managers don't sign: 86% (director signs) and 47% (director doesn't sign).
3. The probabilities associated with managers signing are lower, but the 37% scenario is still higher than both scenarios where managers don't sign.

**Yes or No Answer:**

Yes."
387,no,"Step-by-Step Reasoning:**

1. Compare the probabilities: Obese people have a higher probability of long lifespan (67%) than normal-weight people (48%).
2. Consider real-world knowledge: Obesity is associated with several health risks that can shorten lifespan.
3. Conclude: The higher probability for obese people likely does not reflect a causal relationship and might be due to other factors not accounted for in the given data.

**Answer:**

No, based on real-world knowledge about the health risks associated with obesity, it would not be less likely to see a long lifespan in obese people who had been normal weight previously. However, the question's premise is misleading due to oversimplification, as it doesn't account for various factors that influence lifespan."
388,no,"Step-by-Step Reasoning:**

1. Compare the death probabilities for each mode of transportation, ignoring mood.
2. Elevator: 19% (sad) vs. 6% (happy) = average of 12.5%
3. Stairs: 63% (sad) vs. 53% (happy) = average of 58%
4. The elevator's average death probability (12.5%) is significantly lower than the stairs' average (58%).
5. Thus, choosing the elevator over the stairs positively affects penguin survival.

**Yes/No Answer:**

Yes, your decision to choose the elevator over the stairs would positively affect penguin survival, disregarding their mood."
389,yes,"**Full Response:**

Based on the given information:

1. Alarm set by the husband causes the alarm set by the wife.
2. When both alarms are set (by husband and wife), it causes the alarm to ring.

If the husband does not set his alarm, the wife's alarm still goes off as per the first statement. Since the question asks about the alarm ringing the next morning, and given that the wife's alarm still goes off, the answer is **yes**, the alarm will ring the next morning.

**Reasoning:**

1. Identify the key causations: Husband's alarm triggers wife's alarm, and together they trigger the ringing alarm.
2. If husband doesn't set his alarm, wife's alarm is still triggered.
3. Therefore, the alarm system is still activated through the wife's alarm, leading to the alarm ringing the next morning.

**Answer: Yes**"
390,no,"Step-by-Step Reasoning:**

1. Compare probabilities for child intelligence across parental intelligence levels, with social status held constant. This shows a significant difference, suggesting a direct effect of parental intelligence.
2. Compare probabilities for child intelligence across social status levels, with parental intelligence held constant. The minimal differences do not strongly support a mediating role of social status.
3. Consider the confounder variable:
   - The probabilities indicate that the confounder affects the probability of high social status, but it does not seem to impact the relationship between parental intelligence and child intelligence.
   - Since the confounder's presence does not significantly alter the probability of intelligent children, it does not provide strong evidence for a causal pathway through social status.

**Yes or No Answer:**

No, the data does not definitively support the conclusion that parents' intelligence positively affects child intelligence through parents' social status. While parental intelligence appears to influence child intelligence, the role of social status as a mediator is not strongly indicated by these probabilities."
391,yes,"**Full Response:**

Yes, it is more correct to use Method 1 (considering unobserved confounders) than Method 2 (looking at the general correlation) to understand how maternal smoking status affects infant's birth weight.

**Reasoning:**

1. **Identify Potential Confounders:** Method 1 acknowledges that there might be other factors (confounders) influencing both maternal smoking status and infant birth weight. These could include socioeconomic status, maternal age, nutrition, and other health behaviors.

2. **Adjust for Confounders:** By considering these unobserved confounders, Method 1 aims to isolate the direct effect of maternal smoking on birth weight, making the results more reliable and less prone to bias.

3. **General Correlation vs. Causal Relationship:** Method 2, which only looks at the general correlation, might suggest a relationship between maternal smoking and birth weight, but it cannot establish causation. It also does not account for the potential distorting effects of confounding variables.

**Yes/No Answer:** Yes, Method 1 is more correct."
392,no,"Step-by-step Reasoning:**

1. Compare the given probabilities: $P(\text{fire} | \text{match}) = 1\%$ and $P(\text{fire} | \text{no match}) = 38\%$.
2. Observe that $1\%$ is much smaller than $38\%$.
3. Conclude that the probability of the forest being on fire is lower when the camper is observed lighting a match.

**Answer:**

No, the chance of the forest on fire is **not** smaller when observing the camper lighting a match. It is, in fact, higher when the camper does not light a match."
393,yes,"Step-by-Step Reasoning:**

1. Compare the probabilities: 49% (on time wake-up) vs. 8% (late wake-up).
2. The probability of arriving on time is much higher when Alice wakes up on time.
3. Therefore, waking up late reduces the chance of her arriving at school on time.

**Yes or No Answer:**

No."
394,no,"Step-by-Step Reasoning:**

- Step 1: Understand the given probabilities and genetic assumptions.
- Step 2: Recognize that ""smoking genes"" indicate a higher predisposition to lung cancer.
- Step 3: Conclude that ""nonsmoking genes"" cannot counteract the higher risk associated with ""smoking genes.""

3. **Yes or No Answer:**

No, it would not be less likely to see lung cancer in a person with smoking genes just because they also had nonsmoking genes. The presence of smoking genes dominates the probability due to the inherent genetic predisposition towards lung cancer."
395,no,"**Full Response:**

No, it is not necessarily more correct to use Method 1 than Method 2 to understand how a manager affects an employee. Both methods have their advantages and disadvantages, and the choice between them depends on the specific context and goals of the analysis.

**Reasoning:**

1. **Method 1: General Correlation**
   - *Advantage*: Provides a broad overview of the relationship between managers and employees across the organization, allowing for general trends and patterns to emerge.
   - *Disadvantage*: May overlook important nuances and individual differences that could significantly impact the manager-employee relationship.

**Method 2: Case-by-Case Correlation**
   - *Advantage*: Allows for a more detailed understanding of how specific managers influence their respective employees, accounting for unique circumstances and contextual factors.
   - *Disadvantage*: Can be time-consuming and may not reveal broader patterns or generalizable insights.

**Conclusion**:
The most appropriate method depends on the research question and the specific needs of the organization. If the goal is to understand general trends and make sweeping improvements, Method 1 might be preferred. If the focus is on targeted interventions or understanding specific managerial styles, Method 2 could be more beneficial.

**Answer:**
No, it is not inherently more correct to use Method 1 than Method 2. The choice depends on the context and objectives of the analysis."
396,yes,"**Full Response:**

Yes, the chance of the employee being fired is larger when observing the manager signing the termination letter. 

Here's the reasoning:

- We are given three probabilities related to the manager's actions and the employee's firing:
  - P(Manager signs termination letter) = 30%
  - P(Manager doesn't sign, Employee fired) = 51%
  - P(Manager signs, Employee fired) = 7%

- The crucial observation is that the third probability (7%) represents a joint event: both the manager signing the letter AND the employee being fired. This implies that when the manager signs the termination letter, there's a 7% chance the employee will be fired.

- Now, compare this to the probability of the employee being fired when the manager doesn't sign the letter (51%). Since signing the letter is a prerequisite for the third scenario, it must lead to a higher probability of firing.

- Mathematically, if we assume independence (which may not be the case in reality), we can infer that the probability of firing given the manager signs is indeed higher: 
  
  P(Employee fired | Manager signs) = 7% / 30% = 0.2333, which is greater than 0.51 (51%).

**Summary:**

1. Start with the given probabilities.
2. Identify the joint probability representing both events occurring.
3. Compare this probability to the probability of the employee being fired when the manager doesn't sign the letter.
4. Conclude that the probability of firing is higher when the manager signs the letter.

**Answer:** Yes"
397,yes,"Step-by-Step Reasoning:**

1. Identify conflicting emotions in the statements: Elevator causes sadness, while happiness causes death.
2. Conclude that the elevator is the confirmed cause of sadness, but happiness as a cause of death is uncertain.
3. Determine that taking the stairs avoids the elevator-related sadness and potential death.
4. Recognize that penguin happiness might still cause death according to the second statement.

**Answer:**

Yes, the penguin would likely live if taking the stairs instead of the elevator, as this avoids the direct cause of sadness and potential indirect cause of death associated with the elevator. However, the ultimate fate of the penguin cannot be definitively determined due to the ambiguous nature of the second statement."
398,no,"**Full Response:**

Given the information provided, we should first eliminate the obviously incorrect answers based on the logical implications of the premises.

1. **Premise 1:** Obesity and smoking cause diabetes.
2. **Premise 2:** Obesity, smoking, or having diabetes causes a long lifespan (this is counter-intuitive and likely an error, as these conditions are typically associated with negative health outcomes).
3. **Observation:** The person is a nonsmoker.

Since the person is a nonsmoker, we can eliminate smoking-related outcomes. This leaves us with obesity and diabetes as the remaining factors potentially affecting lifespan.

Given that obesity is listed as a cause of both diabetes and (allegedly) long lifespan, it creates a logical inconsistency. However, we must work with the information provided.

If we assume that the statement ""obesity or smoker or having diabetes causes long lifespan"" is incorrect as it contradicts common medical knowledge, then the most likely interpretation is that obesity, smoking, and diabetes are risk factors for *shortening* lifespan, not lengthening it.

**Reasoning:**

1. Eliminate smoking as a factor due to the observation that the person is a nonsmoker.
2. Obesity and diabetes are known to be associated with health complications that can shorten lifespan.
3. The statement suggesting obesity, smoking, or diabetes causes a long lifespan is likely incorrect based on established medical knowledge.

**Answer:**

Yes, if the person is obese and assuming the premise that obesity causes a long lifespan is incorrect (as it contradicts common medical understanding), then it is more likely that the person would have a short lifespan.

**Yes** (with the clarification that this is based on the assumption that the premise about obesity causing a long lifespan is incorrect)."
399,yes,"Step-by-Step Reasoning:**

1. A correlation of -0.01 is very close to zero, indicating a weak or negligible relationship.
2. A negative value suggests that as kindness increases, attractive appearance tends to decrease slightly, but the effect is minimal.
3. This does not prove that kindness has no effect; it could mean the relationship is too complex to be captured by a simple linear correlation.

**Yes or No Answer:**

No, it does not mean that kindness does not affect attractive appearance."
400,yes,"**Full Response:**

No, it is not more correct to use Method 1 than Method 2 to understand how personality affects appearance. Both methods have their merits and limitations, but a comprehensive understanding would likely require a combination of both approaches.

**Reasoning:**

1. **Method 1** looks at broad correlations between personality and appearance, which can provide general insights but might overlook nuanced relationships and individual differences.
2. **Method 2**, by examining cases based on relationship status, introduces a specific contextual factor (relationship status) that could influence both personality and appearance perceptions, thus offering a more targeted but potentially biased view.
3. A holistic understanding would involve both general correlations (Method 1) and contextual influences (Method 2), along with other factors like cultural, social, and individual variations.

**Answer:**

No, Method 1 is not inherently more correct than Method 2."
401,yes,"Step-by-Step Reasoning:**

1. Compare the probabilities of long lifespan for normal weight and obese individuals, both with and without diabetes. Obese people have lower probabilities in both cases.
2. Consider the probabilities for smokers and nonsmokers within each weight category. Obese individuals, regardless of smoking status, have lower probabilities than normal-weight individuals.
3. Conclude that obesity, in the absence of diabetes, is associated with a lower likelihood of a long lifespan.

**Answer:** No, obesity does not positively affect lifespan when diabetes is disregarded."
402,yes,"**Full Response:**

To determine if wet ground is more likely than dry ground overall, we need to consider the probabilities given and apply some basic probability theory.

Given:
- The overall probability of rainy season (R) is 44%.
- The probability of wet ground (W) given the dry season (D), P(W|D) = 53%.
- The probability of wet ground (W) given the rainy season (R), P(W|R) = 63%.

We can use the law of total probability to find the overall probability of wet ground:

P(W) = P(W|D) * P(D) + P(W|R) * P(R)

Substituting the given values:

P(W) = 0.53 * (1 - 0.44) + 0.63 * 0.44
P(W) = 0.53 * 0.56 + 0.63 * 0.44
P(W) = 0.2928 + 0.2752
P(W) ≈ 0.568

Since P(W) ≈ 0.568, which is greater than 0.5, wet ground is more likely than dry ground overall.

**Summary:**

1. Eliminate obvious incorrect answers: We know that the overall probability of rainy season is 44%, so the remaining probability (56%) must be for the dry season.
2. Calculate the overall probability of wet ground using the law of total probability, considering both dry and rainy seasons.
3. Compare the calculated probability of wet ground (P(W)) with 0.5 (which represents equal likelihood of wet and dry ground).
4. Since P(W) is greater than 0.5, wet ground is more likely than dry ground overall.

**Yes/No Answer:**

Yes, wet ground is more likely than dry ground overall."
403,no,"Step-by-step Reasoning:**

- Compare the probabilities: 62% (male) vs. 56% (not male).
- Since 62% is greater than 56%, changing from male to not male would result in a lower probability of admission acceptance.

2. **Yes or No Answer:**

- **No**, it would not be less likely to see admission acceptance if the individual had not been male (because their chances would decrease from 62% to 56%)."
404,yes,"**Full Response:**

Yes, it would be more likely to see recovery if a patient with large kidney stones had received no treatment, compared to receiving treatment.

**Reasoning:**

1. **Compare recovery probabilities for large kidney stones:**
   - With treatment: 6%
   - Without treatment: 17%

2. **The 17% recovery rate without treatment is significantly higher than the 6% recovery rate with treatment.**

**Answer:**

Yes"
405,no,"Step-by-step Reasoning:**

1. Calculate the probability of not consuming citrus (100% - 92% = 8%).
2. Use the law of total probability to find the overall probability of scurvy:
   - Overall probability of scurvy = (Probability of scurvy given not consuming citrus * Probability of not consuming citrus) + (Probability of scurvy given consuming citrus * Probability of consuming citrus)
3. Plug in the given values and calculate the overall probability of scurvy (42.56%).
4. Compare the overall probability of scurvy to 50%: since it's less than 50%, no scurvy is more likely overall.

**Answer:**

No, scurvy is not more likely than no scurvy overall."
406,no,"**Full Response:**

To determine if the chance of recovery is larger when observing receives treatment, we need to compare the probabilities directly.

Given:
- The overall probability of receiving treatment is 49%.
- The probability of receiving no treatment and recovering is 40%.
- The probability of receiving treatment and recovering is 17%.

First, let's calculate the probability of recovery in both scenarios:

1. Probability of recovery given no treatment: 40%
2. Probability of recovery given treatment: 17%

Comparing these two probabilities directly, it is clear that the probability of recovery when receiving no treatment (40%) is higher than the probability of recovery when receiving treatment (17%).

**Summary:**

1. Eliminate the overall probability of receiving treatment (49%) since it doesn't distinguish between recovery and non-recovery outcomes.
2. Compare the probabilities of recovery in both scenarios: no treatment (40%) vs. treatment (17%).
3. Conclude that the chance of recovery is lower when observing receives treatment due to the higher recovery rate without treatment.

**Answer:**

No, the chance of recovery is not larger when observing receives treatment. In fact, the data suggests that the chance of recovery is higher when no treatment is received."
407,yes,"**Full Response:**

Based on the provided data, it is not accurate to conclude that parents' intelligence negatively affects their child's intelligence when disregarding the mediation effect through parents' social status. In fact, the data suggests a positive correlation between parents' intelligence and their child's intelligence in most cases.

Here's a breakdown:

- Children with intelligent parents have a much higher probability of being intelligent themselves, regardless of social status (81% and 83% vs. 21% and 25%).
- The presence of a confounder (active vs. inactive) seems to impact the probability of high parental social status, but it does not reverse the relationship between parental intelligence and child intelligence.

**Reasoning:**

1. Compare the probabilities for children with intelligent parents (81% and 83%) to those with unintelligent parents (21% and 25%). This shows a clear positive association between parental intelligence and child intelligence.
2. The confounder appears to influence parental social status, but it does not change the fact that intelligent parents are more likely to have intelligent children.
3. Therefore, disregarding the mediation effect through social status, parental intelligence is more likely to have a positive impact, not a negative one.

**Yes or No Answer:**

No, parents' intelligence does not negatively affect their child's intelligence when disregarding the mediation effect through parents' social status. The data suggests a positive correlation."
408,yes,"Step-by-step Reasoning:**

1. Compare the probabilities of high infant mortality for infants with smoking and nonsmoking mothers, separately for low and normal birth weights.
2. Observe that the probabilities are higher for infants with smoking mothers in both cases.
3. Conclude that smoking status has a negative impact on infant mortality, regardless of birth weight.

**Yes or No Answer:**

Yes."
409,no,"Step-by-Step Reasoning:**

1. Calculate the combined probability of high salary for each gender group, ignoring occupation and skill level.
2. Compare the resulting probabilities.
3. Conclude that gender positively affects salary if the probability is higher for one gender.

**Answer:**

Yes, gender positively affects salary in this scenario."
410,yes,"**Full Response:**

To determine if a healthy heart is less likely than heart problems overall, we need to consider the probabilities given:

- The overall probability of taking medication is 59%.
- For those not taking medication, the probability of a healthy heart is 38%.
- For those taking medication, the probability of a healthy heart is 80%.

First, we calculate the probability of not taking medication:

- Probability of not taking medication = 100% - 59% = 41%.

Now, we can find the overall probability of a healthy heart by considering both groups:

- Overall probability of healthy heart = (Probability of healthy heart for those not taking medication * Probability of not taking medication) + (Probability of healthy heart for those taking medication * Probability of taking medication)
- Overall probability of healthy heart = (38% * 41%) + (80% * 59%)
- Overall probability of healthy heart = 15.38% + 47.2%
- Overall probability of healthy heart = 62.58%.

Since the overall probability of a healthy heart (62.58%) is higher than the probability of heart problems (100% - 62.58% = 37.42%), a healthy heart is more likely overall.

**Summary:**

1. Calculate the probability of not taking medication (100% - 59% = 41%).
2. Compute the overall probability of a healthy heart using the given probabilities and the calculated probability of not taking medication.
3. Compare the overall probability of a healthy heart (62.58%) with the probability of heart problems (37.42%).

**Answer:**

No, healthy heart is **not** less likely than heart problems overall."
411,no,"Step-by-Step Reasoning:**

1. Compare the probabilities of broken bones for hospitalized individuals with and without respiratory issues: 54% vs. 35%.
2. The difference between these probabilities is 19 percentage points (54% - 35% = 19%).
3. This difference suggests that, among hospitalized individuals, having respiratory issues increases the probability of broken bones by 19 percentage points.

**Yes/No Answer:**

**Yes**, the chance of broken bones increases for individuals with respiratory issues who are hospitalized compared to those without respiratory issues in the same setting."
412,no,"Step-by-step Reasoning:**

1. Identify the causes of arriving late to school: waking up late or heavy traffic.
2. Eliminate traffic as a cause due to the observation of no traffic on the road.
3. Conclude that waking up late is the remaining cause, making it likely that Alice will arrive late if she wakes up late.

**Answer:** Yes, Alice would likely arrive at school late if she wakes up late instead of waking up on time."
413,no,"Step-by-step Reasoning:**

1. Compare the probabilities of normal birth weight between smoking and nonsmoking mothers.
2. Note the higher infant mortality rates for infants with low birth weight, regardless of smoking status.
3. Observe the increased infant mortality for infants with smoking mothers, even when birth weight is normal.
4. Conclude that smoking negatively affects birth weight and, consequently, infant mortality.

**Yes or No Answer:**

**Yes**, maternal smoking status negatively affects infant mortality through infant birth weight."
414,no,"Step-by-Step Reasoning:**

1. Identify the probabilities given in the question: overall citrus intake, absence of citrus and scurvy, and citrus intake and scurvy.
2. Compare the probability of scurvy in two scenarios: with and without citrus intake.
3. Conclude that the chance of scurvy is smaller when observing citrus intake because the probability of scurvy with citrus intake (22%) is lower than the probability of scurvy without citrus intake (9%).

**Yes/No Answer:**

Yes, the chance of scurvy is smaller when observing citrus intake."
415,yes,"Step-by-Step Reasoning:**

1. Calculate the overall probability of high salary (P(H)) using the given probabilities and the formula for the union of two events.
2. Compare P(HM) (probability of high salary given male gender) to P(H) (overall probability of high salary).
3. Conclude that since P(HM) is less than P(H), the chance of high salary is smaller when observing male gender.

**Yes or No Answer:**

Yes, the chance of high salary is smaller when observing male gender."
416,yes,"**Full Response:**

Yes, based on the provided data, getting the vaccine appears to decrease the chance of recovering from the disease for people with pre-conditions. 

Here's the breakdown:

* **People with pre-conditions:**
    * **Vaccine refusal:** 27% recovery rate
    * **Vaccinated:** 19% recovery rate

Since 27% is greater than 19%, this indicates the vaccine lowers the recovery rate for those with pre-conditions.

**Summary:**

1. Compare recovery rates for people with pre-conditions: 27% (unvaccinated) vs. 19% (vaccinated).
2. The vaccinated group has a lower recovery rate.

**Answer:** Yes"
417,no,"**Full Response:**

No, clean water does not increase the chance of cholera contraction in this context. The data provided suggests that people served by a global water company, who have a higher probability of clean water, also have a lower probability of cholera contraction compared to those served by a local water company.

**Reasoning:**

1. Identify the key probabilities:
   - Local water company: 47% probability of cholera, 34% probability of clean water.
   - Global water company: 43% probability of cholera, 49% probability of clean water.

2. Compare the probabilities:
   - The global water company has a higher probability of clean water (49%) than the local water company (34%).
   - Simultaneously, the global water company has a lower probability of cholera (43%) compared to the local water company (47%).

3. Conclusion:
   - Since the higher probability of clean water corresponds to a lower probability of cholera for the global water company, it indicates that clean water does not increase the chance of cholera contraction. Instead, it suggests the opposite relationship.

**Answer:**

No."
418,yes,"Step-by-Step Reasoning:**

1. **Compare probabilities for young patients:**
   - High bill: 87% recovery
   - Low bill: 99% recovery
   The probability of recovery is higher with a low bill.

2. **Compare probabilities for old patients:**
   - High bill: 19% recovery
   - Low bill: 30% recovery
   The probability of recovery is also higher with a low bill.

3. **Consider the overall probability of old age:**
   Since the overall probability of old age is 47%, even though the absolute difference in recovery rates for old patients is smaller than for young patients, the higher probability of old age makes it more likely that a patient paying a high bill is older.

4. **Conclusion:**
   Given that a high hospital bill is more likely for older patients, and older patients have a lower recovery rate in general, it follows that people who pay a high hospital bill would have a lower probability of recovery if they had paid a low bill instead.

**Yes/No Answer:**

Yes."
419,yes,"Step-by-Step Reasoning:**

1. Eliminate the assumption that smoking directly causes a higher or lower chance of college admission since the probabilities are likely reflective of other factors correlated with smoking and nonsmoking behaviors.
2. Compare the given probabilities: 64% (smokers) vs. 51% (nonsmokers).
3. Conclude that based on the provided data, smokers have a higher probability of admission.

**Yes or No Answer:**

No, it would not be more likely to see college admission if the student had been a nonsmoker, given the probabilities provided."
420,no,"**Full Response:**

The given data suggests that medication may have a negative impact on heart health, particularly when considering blood pressure. Here's why:

1. **Comparing like for like:** When looking at individuals **not taking medication**, having high blood pressure increases the probability of a healthy heart from 46% to 68%. This suggests that higher blood pressure is associated with a healthier heart in this group.

2. **The impact of medication:**  Now look at individuals **taking medication**.  Despite having low blood pressure, the probability of a healthy heart drops dramatically from 68% (in the no medication group) to only 7%.  Similarly, for those taking medication with high blood pressure, the probability is 43%, still lower than the 68% for their counterparts not on medication.

This pattern suggests that medication, regardless of blood pressure levels, is associated with **lower** odds of a healthy heart compared to those not taking medication.

**Summary:**

1. **Identify relevant comparisons:** Compare groups based on medication (taking or not) and blood pressure (high or low).
2. **Observe trends:**  Medication appears to lower the probability of a healthy heart in both low and high blood pressure groups.
3. **Conclusion:** This suggests a potential negative impact of the medication on heart condition, though we can't definitively prove causation without further information.

**Answer:** **Yes**, the data suggests that medication may negatively affect heart condition through blood pressure.

**Important Note:** Correlation does not imply causation. Other factors could contribute to this observation. Further research, such as controlled studies, would be needed to definitively determine if the medication itself is causing the lower probabilities of healthy hearts."
421,yes,"Step-by-step Reasoning:**

1. Eliminate the idea that vaccination status directly causes a negative effect on smallpox survival based on the given data (36% vs. 56% survival rates) because correlation does not imply causation.
2. Recognize that other factors could influence survival rates.
3. Conclude that the higher survival rate for vaccinated individuals suggests a potential benefit from vaccination, not a negative effect.

**Yes or No Answer:**

No, the given information does not support the claim that vaccination status negatively affects smallpox survival through getting smallpox and vaccination reaction. In fact, it suggests the opposite: vaccination may improve survival rates."
422,yes,"Step-by-Step Reasoning:**

1. Compare the two probabilities: 36% (release) vs. 72% (execute).
2. A lower percentage indicates a lower chance of an event occurring (in this case, death).
3. Therefore, releasing the prisoner has a lower probability of resulting in death.
4. The order to execute increases the likelihood of death, contrary to the implication of the question.

**Yes or No Answer:**

No."
423,no,"**Full Response:**

To determine if the chance of college admission is smaller when observing smoking, we need to compare the probabilities directly.

Given:
- The overall probability of smoking is 94%.
- The probability of nonsmoking and college admission is 5%.
- The probability of smoking and college admission is 54%.

First, let's calculate the total probability of college admission. We can use the formula for the total probability of an event:

P(A) = P(A and B) + P(A and not B)

Where:
- P(A) is the total probability of the event (college admission)
- P(A and B) is the probability of both events occurring (smoking and college admission)
- P(A and not B) is the probability of one event occurring and the other not occurring (nonsmoking and college admission)

Plugging in the given values:

P(College Admission) = P(Smoking and College Admission) + P(Nonsmoking and College Admission)
P(College Admission) = 0.54 + 0.05 = 0.59

Now, we can compare this to the probability of smoking, which is 0.94.

It is important to note that these probabilities are not directly comparable because they represent different events. However, based on the given information, we can see that the total probability of college admission (0.59) is indeed smaller than the probability of smoking (0.94).

**Summary:**

1. Calculate the total probability of college admission using the given probabilities.
2. Compare this probability to the probability of smoking.
3. Observe that the total probability of college admission is smaller than the probability of smoking.

**Answer:**

Yes, the chance of college admission is smaller when observing smoking."
424,yes,"**Full Response:**

To determine whether cholera contraction is more likely than prevention overall, we need to consider the probabilities given:

- The overall probability of clean water access is 39%.
- The probability of cholera contraction for those without clean water is 67%.
- The probability of cholera contraction for those with clean water is 33%.

First, let's calculate the probability of cholera contraction overall. We can use the law of total probability:

P(Cholera) = P(Cholera | No Clean Water) * P(No Clean Water) + P(Cholera | Clean Water) * P(Clean Water)

P(Cholera) = 0.67 * (1 - 0.39) + 0.33 * 0.39
P(Cholera) = 0.67 * 0.61 + 0.33 * 0.39
P(Cholera) ≈ 0.41

So, the overall probability of cholera contraction is approximately 41%.

Now, since the overall probability of cholera contraction (41%) is higher than the overall probability of clean water access (39%), it means that, overall, cholera contraction is more likely than prevention (access to clean water).

**Summary:**

1. Calculate the overall probability of cholera contraction using the law of total probability.
2. Compare the overall probability of cholera contraction with the overall probability of clean water access.
3. Conclude that cholera contraction is more likely than prevention overall since the probability of cholera contraction (41%) exceeds the probability of clean water access (39%).

**Answer:**

No, cholera contraction is not more likely than cholera prevention overall. (This is a contradiction based on the given probabilities, as the overall chance of cholera is higher than the chance of accessing clean water, which prevents it.)"
425,yes,"Step-by-Step Reasoning:**

1. Compare the probabilities: 49% (smoking genes) vs. 65% (nonsmoking genes).
2. Observe that the probability of lung cancer is lower for nonsmokers.
3. Conclude that smoking genes increase the likelihood of lung cancer.

**Yes or No Answer:**

Yes, smoking genes increase the chance of lung cancer."
426,no,"**Full Response:**

To determine if taking all assigned drugs decreases the chance of low cholesterol, we need to compare the probabilities of low cholesterol between patients who take all assigned drugs and those who don't.

Given:
- Probability of low cholesterol without drug treatment = 45%
- Probability of low cholesterol with drug treatment = 48%
- Probability of taking all assigned drugs without drug treatment = 51%
- Probability of taking all assigned drugs with drug treatment = 76%

The comparison should be made between the groups with and without drug treatment while considering those who take all assigned drugs.

However, the provided probabilities do not directly allow us to compare the chance of low cholesterol among those who take all assigned drugs in both groups (with and without drug treatment). The issue here is that even among those who take all assigned drugs, there are likely some additional factors at play that influence cholesterol levels, and these factors are not accounted for in the given probabilities.

**Summary:**

1. Compare probabilities of low cholesterol among those who take all assigned drugs.
2. The given data lacks information to make a direct comparison, as additional factors influence cholesterol levels.
3. Cannot definitively conclude whether taking all assigned drugs decreases the chance of low cholesterol based on the given information.

**Answer:**

No (cannot determine with given information)"
427,no,"**Full Response:**

To determine if gender negatively affects admission status, we should compare the overall acceptance rates for males and non-males, considering both competitive and non-competitive departments.

Given data:

- Probability of admission for non-males in non-competitive departments: 63%
- Probability of admission for non-males in competitive departments: 95%
- Probability of admission for males in non-competitive departments: 37%
- Probability of admission for males in competitive departments: 67%

We can calculate the overall acceptance rates:

- Overall probability of admission for non-males: (0.63 * 0.5) + (0.95 * 0.4) = 0.637 (approximately)
- Overall probability of admission for males: (0.37 * 0.5) + (0.67 * 0.4) = 0.518 (approximately)

Since 0.637 is greater than 0.518, gender does appear to have a negative effect on admission status, with non-males having a higher overall acceptance rate.

**Summary:**

1. Calculate overall acceptance rates for both males and non-males by considering the probabilities for both competitive and non-competitive departments.
2. Compare these overall probabilities.
3. The higher probability for non-males indicates a negative effect of gender on admission status.

**Answer:**

Yes, gender negatively affects admission status when disregarding the mediation effect through department competitiveness."
428,no,"Step-by-Step Reasoning:**

1. Identify the relevant probabilities: compare probabilities for people in a relationship with mean and kind personalities.
2. Compare the probabilities: 9% (kind) is greater than 7% (mean).
3. Conclude that kindness increases the chance of attractive appearance for people in a relationship.

**Answer:**

No, the chance of attractive appearance does not decrease with kindness for people in a relationship; it actually increases."
429,yes,"step by step:

1. Probability of a dark room when candles are not blown out: 88% (given).
2. Probability of a dark room when candles are blown out: 55% (given).
3. Now, we need to find the overall probability of a dark room. We can use the law of total probability, which states that the probability of an event (in this case, a dark room) is the sum of the probabilities of that event occurring in each of its possible scenarios.

   - Probability of a dark room = (Probability of dark room given candles not blown out) * (Probability of not blowing out candles) + (Probability of dark room given candles blown out) * (Probability of blowing out candles)

   - Probability of a dark room = (0.88 * 0.98) + (0.55 * 0.02)

   - Probability of a dark room = 0.8644 + 0.011

   - Probability of a dark room ≈ 0.8754 or 87.54%

4. Since the overall probability of a dark room (87.54%) is higher than the probability of a bright room (100% - 87.54% = 12.46%), we can conclude that a dark room is more likely than a bright room overall.

**Summary:**

1. Given probabilities: overall candle blowing (2%), dark room when not blown (88%), dark room when blown (55%).
2. Calculated overall probability of a dark room using the law of total probability.
3. Compared the overall probability of a dark room (87.54%) to the probability of a bright room (12.46%).
4. Concluded that a dark room is more likely than a bright room overall.

**Answer:**

Yes, a dark room is more likely than a bright room overall."
430,no,"**Full Response:**

To determine if a high salary is more likely than a low salary overall, we need to consider the probabilities given and apply some basic probability theory.

Given information:
- The overall probability of having a college degree or higher is 60%.
- For those without a college degree, the probability of a high salary is 26%.
- For those with a college degree or higher, the probability of a high salary is 40%.

Step 1: Calculate the probability of not having a college degree.
Probability (no college degree) = 1 - Probability (college degree or higher) 
= 1 - 0.60 
= 0.40

Step 2: Calculate the overall probability of a high salary.
The overall probability of a high salary can be found by considering both cases (with and without a college degree) and using the law of total probability.

Probability (high salary) = [Probability (high salary | no college degree) * Probability (no college degree)] + [Probability (high salary | college degree) * Probability (college degree)]

Probability (high salary) = (0.26 * 0.40) + (0.40 * 0.60) 
= 0.104 + 0.24 
= 0.344 or 34.4%

Step 3: Compare with the probability of a low salary.
Since the probabilities of high and low salaries must add up to 100%, the probability of a low salary is 100% - 34.4% = 65.6%.

Therefore, a high salary is *not* more likely than a low salary overall.

**Summary:**

1. Calculate the probability of not having a college degree (40%).
2. Use the law of total probability to find the overall probability of a high salary (34.4%).
3. Compare this with the implied probability of a low salary (65.6%).

**Answer:**

No, a high salary is not more likely than a low salary overall."
431,yes,"**Full Response:**

To determine if being hard-working is more likely than being lazy overall, we need to consider the given probabilities and how they interact.

Given:
- The overall probability of talent is 47%.
- For students who are not talented, the probability of being hard-working is 57%.
- For students who are talented, the probability of being hard-working is also 57%.

Let's calculate the overall probability of a student being hard-working. We can use the law of total probability:

P(Hard-working) = P(Hard-working | Talented) * P(Talented) + P(Hard-working | Not Talented) * P(Not Talented)

P(Hard-working) = 0.57 * 0.47 + 0.57 * (1 - 0.47)
P(Hard-working) = 0.57 * 0.47 + 0.57 * 0.53
P(Hard-working) ≈ 0.5749

Since the overall probability of being hard-working (approximately 57.49%) is greater than the overall probability of talent (47%), it is more likely for a student to be hard-working than lazy overall.

**Summary:**

1. Calculate the overall probability of a student being hard-working using the law of total probability.
2. Compare this probability to the overall probability of talent.
3. Conclude that since the overall probability of being hard-working is higher, it is more likely than being lazy.

**Answer:**

Yes, being hard-working is more likely than being lazy overall."
432,yes,"Step-by-Step Reasoning:**

1. **Identify the Goal:** The goal is to understand how smoking affects lung cancer.
2. **Evaluate Method 1:** Examining the correlation case by case according to gender may introduce biases and reduce statistical power.
3. **Evaluate Method 2:** Looking directly at the general correlation between smoking and lung cancer provides a broader, more comprehensive view of the relationship.
4. **Compare:** Method 2 is more likely to yield a clear understanding of the overall impact of smoking on lung cancer.

**Yes or No Answer:**

No, it is not more correct to use Method 1 than Method 2."
433,yes,"Step-by-step Reasoning:**

- Compare the probabilities of arriving at school on time for both scenarios: 39% (wakes up on time) vs. 70% (wakes up late).
- Identify that the higher probability (70%) is associated with waking up late.
- Conclude that, according to the provided data, Alice is more likely to arrive at school on time when she wakes up late.

3. **Yes or No Answer:**

**No**, it would not be more likely to see Alice arriving to school on time if she had gotten up on time, based on the given probabilities. Instead, it would be more likely for her to arrive on time if she woke up late."
434,yes,"Step-by-Step Reasoning:**

1. Compare the probabilities of recovery for young patients with low and high bills: 5% vs. 19%.
2. Compare the probabilities of recovery for old patients with low and high bills: 80% vs. 93%.
3. In both cases, patients with high bills have a higher chance of recovery.

**Yes/No Answer:**

No."
435,no,"step-by-step reasoning:

1. The probabilities given only describe the likelihood of wet ground in each season, not the cause.
2. To conclude a negative effect, we would need evidence that the season (through weather changes) or sprinkler usage directly causes the difference in wet ground probabilities.
3. Without such evidence, we cannot definitively say that the season negatively affects ground wetness.

**Yes or No Answer:**

No, the information provided does not show that the season negatively affects ground wetness through weather and sprinkler usage."
436,no,"**Full Response:**

To determine if scurvy is less likely than no scurvy overall, we need to consider the probabilities given and apply some basic principles of probability and conditional probability.

Given:
- The overall probability of citrus intake is 20%.
- For patients not consuming citrus, the probability of scurvy is 76%.
- For patients consuming citrus, the probability of scurvy is 60%.

First, let's calculate the probability of scurvy overall. We can use the law of total probability:

P(Scurvy) = P(Scurvy | Citrus) * P(Citrus) + P(Scurvy | No Citrus) * P(No Citrus)

P(Scurvy) = (0.60 * 0.20) + (0.76 * 0.80)
P(Scurvy) = 0.12 + 0.608
P(Scurvy) = 0.728

Now, we can compare this to the probability of no scurvy overall:

P(No Scurvy) = 1 - P(Scurvy) = 1 - 0.728 = 0.272

**Summary:**

1. Calculate the overall probability of scurvy using the law of total probability.
2. Compare this probability to the probability of no scurvy overall.

**Answer:**

No, scurvy is not less likely than no scurvy overall. The probability of scurvy (0.728) is higher than the probability of no scurvy (0.272)."
437,yes,"Step-by-step Reasoning:**

1. Calculate the proportion of nonsmokers and smokers.
2. Calculate the weighted average probability of college admission.
3. Compare the weighted average to 50% to determine likelihood.

**Yes or No Answer:**

Yes, college admission is less likely than college rejection overall."
438,yes,"Step-by-Step Reasoning:**

1. Compare the probabilities for lung cancer directly: 
   - Smokers with no tar deposit: 19%
   - Nonsmokers with no tar deposit: 33% (higher than the former)
   - Smokers with high tar deposit: 52%
   - Nonsmokers with high tar deposit: 62% (higher than the former)

2. Conclude that for both levels of tar deposit, the probabilities for smokers are lower than for nonsmokers. 

3. Determine that the question's suggestion—that a smoker's probability could be lower if they were a nonsmoker—is illogical based on the data.

**Answer:**

No, it would not be more likely to see lung cancer in a smoker if the person had been a nonsmoker, given the provided probabilities."
439,yes,"Step-by-step Reasoning:**

1. Scurvy is caused by a deficiency of vitamin C.
2. Citrus fruits are rich in vitamin C.
3. Method 1 directly examines the correlation between vitamin C intake from citrus and scurvy cases.
4. Method 2 broadly correlates citrus consumption with scurvy without considering the specific nutrient responsible.
5. Therefore, Method 1 provides a more accurate and mechanistic understanding of how citrus affects scurvy.

**Yes or No Answer:**

Yes."
440,yes,"Step-by-step Reasoning:**

1. Infer the missing probability: Calculate P(not-C) as 100% - P(C) = 78%.
2. Use the formula P(C ∪ Ch) = P(C) + P(Ch) - P(C ∩ Ch) to find P(Ch).
3. Calculate P(Ch) = 76%.
4. Compare P(Ch) with P(Ch|C) = 20%.

**Answer:**
No, the chance of cholera contraction is not larger when observing clean water. It is larger when observing polluted water."
441,yes,"Step-by-Step Reasoning:**

1. Calculate the average probability of penguin death for each mode of transportation, disregarding mood.
2. Compare these averages.
3. Conclude that the method with the lower average death probability is more likely to positively affect survival.

**Yes or No Answer:**

Yes, your decision to choose the stairs over the elevator would positively affect penguin survival, disregarding their mood."
442,yes,"Step-by-Step Reasoning:**

1. Compare the probabilities of talent for famous individuals:
   - Attractive and famous: 15%
   - Unattractive and famous: 19%

2. The probability of talent for attractive famous people (15%) is higher than that for unattractive famous people (19%).

**Yes**"
443,yes,"Step-by-step Reasoning:**

1. Identify the premises: large kidney stones receive no treatment (Premise 1), and treatment leads to recovery (Premise 2).
2. Recognize that the patient has a large kidney stone (Observation).
3. Conclude that without treatment (as stated in Premise 1), recovery is unlikely.
4. Further conclude that since treatment (as stated in Premise 2) is required for recovery in the case of large kidney stones, lack of treatment would imply no recovery.

**Answer:**

Yes, it is likely that the patient would not recover if they receive no treatment instead of receives treatment."
444,no,"**Full Response:**

To determine if taking all assigned drugs increases the chance of low cholesterol, we need to compare the probabilities of achieving low cholesterol with and without the drug treatment, given that the patients take all their assigned drugs.

Given:
- The probability of low cholesterol without drug treatment (P(L | ¬D)) = 75%
- The probability of low cholesterol with drug treatment (P(L | D)) = 86%

Since 86% (with treatment) is greater than 75% (without treatment), taking the drug treatment increases the chance of having low cholesterol.

The probabilities of taking all assigned drugs with and without treatment are irrelevant to answering this question directly, as they do not impact the direct relationship between the drug treatment and low cholesterol probabilities.

**Summary:**

1. Compare the probabilities of low cholesterol with and without drug treatment.
2. Observe that the probability of low cholesterol increases with drug treatment (86%) compared to without (75%).
3. Conclude that taking the drug treatment increases the chance of low cholesterol.

**Answer:**

Yes, taking all assigned drugs (the drug treatment) increases the chance of low cholesterol."
445,yes,"**Full Response:**

Yes, it is more correct to use Method 1 (looking directly at the correlation between smoking and lung cancer in general) than Method 2 (examining the correlation case by case according to tar deposit) to understand how smoking affects lung cancer.

Here's why:

- **Statistical Power**: Method 1 leverages the collective data from a large population, providing more statistical power and reliability. It captures the overall trend and the broad relationship between smoking and lung cancer, which is well-established in public health research.

- **Established Knowledge**: The link between smoking and lung cancer is a well-documented, population-level phenomenon. Focusing on the general correlation (Method 1) aligns with a vast body of scientific literature.

- **Practicality**: Method 2, which focuses on tar deposit levels, introduces unnecessary complexity and may not be practical or efficient for understanding the broad impact of smoking on lung cancer incidence. Tar deposit levels can vary widely even among smokers, and they are not a consistently reliable indicator of lung cancer risk in an individual.

- **Epidemiological Principles**: Epidemiological studies often prioritize the analysis of large-scale trends over individual case studies to identify risk factors. Method 1 adheres to this principle, making it a more effective approach.

**Summary:**

1. Method 1 uses population-level data to establish a clear, general correlation between smoking and lung cancer, following established epidemiological practices.
2. Method 2 complicates the analysis by focusing on a variable (tar deposit) that does not directly or consistently reflect lung cancer risk.
3. Therefore, Method 1 is more effective for understanding the overall impact of smoking on lung cancer.

**Yes/No Answer:** Yes, Method 1 is more correct."
446,no,"**Full Response:**

To determine if college admission is more likely than college rejection overall, we need to consider the probabilities given:

- The overall probability of smoking is 5%.
- For nonsmokers (which constitute 95% of the population, since the overall smoking rate is 5%), the probability of college admission is 55%.
- For smokers (5% of the population), the probability of college admission is 43%.

First, let's calculate the weighted average probability of college admission:

- Probability of college admission for nonsmokers * proportion of nonsmokers = 0.55 * 0.95 = 0.5225
- Probability of college admission for smokers * proportion of smokers = 0.43 * 0.05 = 0.0215

Now, add these weighted probabilities to find the overall probability of college admission:

0.5225 + 0.0215 = 0.544, which is approximately 54.4%.

Since 54.4% is greater than 50%, college admission is indeed more likely than college rejection overall.

**Summary:**

1. Calculate the weighted probability of college admission for nonsmokers and smokers.
2. Add the weighted probabilities to find the overall probability of college admission.
3. Compare the overall probability to 50% to determine if admission is more likely than rejection.

**Answer:**

Yes, college admission is more likely than college rejection overall."
447,yes,"Step-by-Step Reasoning:**

1. Compare the probabilities of cholera contraction for each water source: 75% (local) vs. 67% (global).
2. Compare the probabilities of clean water for each water source: 58% (local) vs. 30% (global).
3. Note that higher clean water probability does not correspond to lower cholera contraction probability.
4. Conclude that the data does not support the idea that clean water decreases the chance of cholera contraction in this context.

**Yes or No Answer:**

No, clean water does not decrease the chance of cholera contraction based on the given data."
448,yes,"Step-by-Step Reasoning:**

1. Identify the probabilities for each category.
2. Recognize that the majority of the population (91%) falls into the obese category.
3. Compare the probabilities of long lifespan in both categories.
4. Conclude that since the probability of long lifespan is higher in the majority category (obese), long lifespan is more likely overall.

**Answer:**

No, long lifespan is not less likely than short lifespan overall. In fact, it is more likely due to the higher probability of long lifespan among the predominantly obese population."
449,no,"**Full Response:**

To determine if recovery is more likely than non-recovery overall, we need to consider the probabilities given:

- The overall probability of receiving treatment is 41%.
- For patients not receiving treatment, the probability of recovery is 71%.
- For patients receiving treatment, the probability of recovery is 24%.

First, we calculate the probability of recovery for each group:

- Probability of recovery for those not receiving treatment: 71% of 59% (100% - 41%) = 0.71 * 0.59 = 0.4199, or 41.99%.
- Probability of recovery for those receiving treatment: 24% of 41% = 0.24 * 0.41 = 0.0984, or 9.84%.

Now, we can find the overall probability of recovery by adding these two probabilities:

- Overall probability of recovery = 41.99% + 9.84% = 51.83%.

Since the overall probability of recovery (51.83%) is greater than the overall probability of non-recovery (48.17%), recovery is more likely than non-recovery overall.

**Summary:**

1. Calculate the probability of recovery for patients not receiving treatment: 71% of 59% = 41.99%.
2. Calculate the probability of recovery for patients receiving treatment: 24% of 41% = 9.84%.
3. Sum these probabilities to find the overall probability of recovery: 41.99% + 9.84% = 51.83%.
4. Compare this to the overall probability of non-recovery (100% - 51.83% = 48.17%).
5. Since 51.83% (recovery) is greater than 48.17% (non-recovery), recovery is more likely.

**Answer:**

Yes, recovery is more likely than non-recovery overall."
450,yes,"Step-by-Step Reasoning:**

1. Compare probabilities of high salary for males and non-males in blue-collar and white-collar jobs.
2. Compare probabilities of white-collar jobs for males and non-males at different skill levels.
3. Assess the overall trend in the data regarding gender and salary potential.

**Answer:**

No, gender does not consistently positively affect salary through occupation according to the given data. While males in blue-collar jobs have a slightly higher probability of high salaries, non-males with high skill levels have a higher probability of securing white-collar jobs, which typically offer higher salaries."
451,no,"1. **Full Response:**

Let's analyze the probabilities given:

- The overall probability of waking up late is 81%.
- The probability of waking up on time AND arriving at school on time is 11%.
- The probability of waking up late AND arriving at school on time is 19%.

To determine if the chance of arriving at school on time is smaller when observing waking up late, we need to compare the relevant probabilities.

The probability of arriving at school on time given that you woke up late (P(Arriving on time | Woke up late)) can be calculated using the formula for conditional probability:

P(Arriving on time | Woke up late) = P(Arriving on time ∩ Woke up late) / P(Woke up late)

Plugging in the values:

P(Arriving on time | Woke up late) = 19% / 81% ≈ 0.2346 (rounded to four decimal places) or 23.46%.

Now, let's calculate the probability of arriving at school on time without considering whether you woke up late or not. This can be found by summing the probabilities of the two scenarios where you arrive at school on time:

P(Arriving on time) = P(Arriving on time ∩ Woke up on time) + P(Arriving on time ∩ Woke up late) = 11% + 19% = 30%.

Comparing these probabilities:

- P(Arriving on time | Woke up late) ≈ 23.46%
- P(Arriving on time) = 30%

Since 23.46% is smaller than 30%, the chance of arriving at school on time is indeed smaller when observing waking up late.

2. **Summary:**

- Calculate the probability of arriving at school on time given that you woke up late: 19% / 81% ≈ 23.46%.
- Calculate the overall probability of arriving at school on time: 11% + 19% = 30%.
- Compare the two probabilities: 23.46% (when waking up late) is smaller than 30% (overall).

3. **Yes or No Answer:**

**Yes**, the chance of arriving at school on time is smaller when observing waking up late."
452,no,"**Full Response:**

To determine if admission acceptance is more likely than rejection, we need to consider the probabilities given:

- The overall probability of male gender is 83%.
- For non-males (females), the admission acceptance rate is 29%.
- For males, the admission acceptance rate is 31%.

First, we calculate the overall admission acceptance rate. We can do this by using the law of total probability. The overall acceptance rate is the sum of the product of the gender probability and the acceptance rate for that gender:

Overall Acceptance Rate = (Probability of Male) * (Acceptance Rate for Male) + (Probability of Female) * (Acceptance Rate for Female)

Given that the probability of female gender is 100% - 83% = 17%, we can plug in the values:

Overall Acceptance Rate = (0.83 * 0.31) + (0.17 * 0.29) = 0.2593 + 0.0493 = 0.3086 or 30.86%.

Since 30.86% is greater than 50%, admission acceptance is more likely than rejection overall.

**Summary:**

1. Calculate the overall acceptance rate using the law of total probability.
2. Multiply the gender probabilities by their respective acceptance rates.
3. Sum the results to find the overall acceptance rate (30.86%).
4. Compare this to 50% to determine if acceptance is more likely than rejection.

**Answer:**

Yes, admission acceptance is more likely than admission rejection overall."
453,yes,"Step-by-step Reasoning:**

1. Scurvy is caused by a deficiency of vitamin C.
2. Citrus fruits are a rich source of vitamin C.
3. Therefore, consuming citrus or other vitamin C-rich foods prevents and treats scurvy.
4. The absence of citrus in the diet does not cause scurvy directly; it is the absence of vitamin C that causes scurvy.
5. So, if a patient has scurvy, adding citrus (and thus vitamin C) to their diet would aid recovery, not the absence of citrus.

**Answer:**

No, the patient would not recover from scurvy if there was an absence of citrus intake. Instead, citrus (or other sources of vitamin C) should be included in the diet to treat scurvy."
454,yes,"**Full Response:**

Yes, Method 1 is more correct for understanding the relationship between encouragement level and exam score.

**Reasoning:**

1. **Control for Individual Differences:** Method 1 considers individual studying habits, which is crucial because the effect of encouragement on exam scores might vary depending on how students typically study. By examining the correlation case by case according to studying habits, you control for these individual differences.

2. **Direct Comparison:** Method 2, looking at the general correlation, might obscure important nuances. It treats all students as a homogeneous group, which isn't realistic. The relationship between encouragement and exam scores could be influenced by many factors, including studying habits, that aren't accounted for in a general correlation.

3. **Accuracy:** Therefore, Method 1 provides a more accurate and nuanced understanding of how encouragement levels affect exam scores by considering the unique studying habits of individual students.

**Yes/No Answer:** Yes."
455,no,"Step-by-Step Reasoning:**

1. Identify the goal: Understand the overall impact of campers on the forest.
2. Recognize that Method 1 examines this impact broadly, while Method 2 examines it through individual cases.
3. Conclude that a broad, systemic understanding (Method 1) is more likely to provide a comprehensive view of the camper's impact on the forest than examining individual cases (Method 2).

**Yes or No Answer:**

Yes, Method 1 is more correct than Method 2 for understanding how campers affect the forest."
456,yes,"Step-by-step Reasoning:**

1. Compare the probabilities of high infant mortality for smoking vs nonsmoking mothers within the same birth weight category.
2. Compare the probabilities of normal infant birth weight for smoking vs nonsmoking mothers within the same health status category.
3. Conclude that smoking mothers are more likely to have infants with low birth weights, which in turn increases the probability of high infant mortality.

**Yes/No Answer:**

**Yes**, maternal smoking status negatively affects infant mortality through infant birth weight."
457,no,"**Full Response:**

To determine if college admission is more likely than college rejection overall, we need to consider the probabilities given:

- The overall probability of smoking is 4%.
- For nonsmokers (which constitute 96% of the population, since the smoking rate is 4%), the probability of college admission is 58%.
- For smokers (4% of the population), the probability of college admission is 52%.

First, let's calculate the weighted average probability of college admission:

- Weighted average probability = (Probability of admission for nonsmokers * Percentage of nonsmokers) + (Probability of admission for smokers * Percentage of smokers)
- Weighted average probability = (0.58 * 0.96) + (0.52 * 0.04) = 0.5616 + 0.0208 = 0.5824 or 58.24%

Since the weighted average probability of college admission (58.24%) is greater than 50%, college admission is indeed more likely than college rejection overall.

**Summary:**

1. Calculate the weighted average probability of college admission using the given probabilities and their respective weights (percentage of the population).
2. Compare the weighted average probability to 50% to determine if college admission is more likely than rejection.
3. Since the weighted average is 58.24%, college admission is more likely.

**Answer:**

Yes, college admission is more likely than college rejection overall."
458,no,"**Full Response:**

To determine if getting the vaccine increases the chance of recovering from the disease, we should compare the recovery probabilities for each group:

- **Without Pre-conditions:**
  - Vaccine: 74%
  - No Vaccine: 94%
- **With Pre-conditions:**
  - Vaccine: 3%
  - No Vaccine: 24%

For people without pre-conditions, the vaccine decreases the recovery probability from 94% to 74%.
For people with pre-conditions, the vaccine increases the recovery probability from 24% to 3%. However, this increase is very small and seems counterintuitive given the overall low probability of recovery for this group.

Given the overall 42% chance of having pre-conditions, we can calculate the weighted average recovery probabilities with and without the vaccine:

- **No Vaccine:**
  - Weighted Average Recovery Probability = (0.58 * 94%) + (0.42 * 24%) ≈ 63.56%
- **Vaccine:**
  - Weighted Average Recovery Probability = (0.58 * 74%) + (0.42 * 3%) ≈ 59.66%

The weighted average recovery probability without the vaccine (63.56%) is higher than with the vaccine (59.66%).

**Summary:**

1. Compare recovery probabilities for each group.
2. Calculate weighted average recovery probabilities based on the overall probability of having pre-conditions.
3. The weighted average recovery probability is higher without the vaccine.

**Answer:**

No, getting the vaccine does not increase the overall chance of recovering from the disease based on the given probabilities."
459,yes,"Step-by-Step Reasoning:**

1. Calculate the total survival probability by adding the probabilities of survival for both vaccinated and unvaccinated individuals.
2. Compare this total survival probability to the probability of survival given vaccination.
3. Conclude that since the probability of survival given vaccination is lower, the chance of smallpox survival is smaller when observing vaccination.

**Yes/No Answer:**

Yes, the chance of smallpox survival is smaller when observing vaccination."
460,yes,"Step-by-Step Reasoning:**

1. Identify the probabilities:
   - No match lit: 73% chance of forest fire.
   - Match lit: 57% chance of forest fire.

2. Compare the probabilities:
   - 73% is greater than 57%.

3. Conclude that lighting a match reduces the probability of a forest fire because the chance of a fire decreases from 73% to 57% when a match is lit.

**Yes or No Answer:**

Yes."
461,yes,"**Full Response:**

To determine if an intelligent child is more likely than an unintelligent child overall, we need to consider the probabilities given and apply some basic principles of probability theory.

1. **Define Events:**
   - Let \( I_p \) be the event that parents are intelligent.
   - Let \( I_c \) be the event that a child is intelligent.

2. **Given Probabilities:**
   - The overall probability of intelligent parents is \( P(I_p) = 0.19 \).
   - For children with unintelligent parents, the probability of an intelligent child is \( P(I_c | \neg I_p) = 0.65 \).
   - For children with intelligent parents, the probability of an intelligent child is \( P(I_c | I_p) = 0.42 \).

3. **Find the Probability of Intelligent Child Overall:**
   - Using the law of total probability, we can find \( P(I_c) \):
     \[
     P(I_c) = P(I_c | I_p) \cdot P(I_p) + P(I_c | \neg I_p) \cdot P(\neg I_p)
     \]
   - First, find \( P(\neg I_p) \), the probability of unintelligent parents:
     \[
     P(\neg I_p) = 1 - P(I_p) = 1 - 0.19 = 0.81
     \]
   - Now calculate \( P(I_c) \):
     \[
     P(I_c) = (0.42 \cdot 0.19) + (0.65 \cdot 0.81)
     \]
     \[
     P(I_c) = 0.0798 + 0.5235 = 0.6033
     \]

4. **Compare Probabilities:**
   - Since \( P(I_c) = 0.6033 \), which is greater than 0.5, an intelligent child is more likely than an unintelligent child overall.

**Summary:**

1. Calculate the probability of an intelligent child using the law of total probability.
2. Compare this probability to 0.5 to determine likelihood.
3. The overall probability of an intelligent child \( P(I_c) \) is 0.6033, which is greater than 0.5.

**Answer:**

Yes, an intelligent child is more likely than an unintelligent child overall."
462,yes,"Step-by-step Reasoning:**

1. Calculate the probability of recovery for those not receiving treatment (50% of 67% = 33.5%).
2. Calculate the probability of recovery for those receiving treatment (81% of 33% = 26.97%).
3. Sum these probabilities to find the overall probability of recovery (33.5% + 26.97% = 60.47%).
4. Subtract this from 100% to find the probability of non-recovery (100% - 60.47% = 39.53%).
5. Compare the two probabilities; non-recovery is more likely.

**Yes or No Answer:**

No, recovery is not less likely than non-recovery overall. Non-recovery is more likely with a probability of 39.53% compared to recovery's 60.47%."
463,yes,"**Full Response:**

When investigating the relationship between hospital costs and recovery, it is more appropriate to use Method 1, which involves examining the correlation case by case according to age. Here's why:

1. **Individual Variability:** Recovery from illness or injury can vary greatly depending on individual factors, and age is a significant one. Older patients often have different health profiles, comorbidities, and physiological reserves compared to younger patients, influencing both their hospital costs and recovery outcomes.

2. **Contextual Understanding:** By analyzing data case by case and considering age, you gain a more nuanced understanding of how hospital costs and recovery are interconnected within specific age groups. This approach allows for the identification of trends and patterns that might be obscured when looking at the data in aggregate (Method 2).

3. **Causal Insights:** Method 1 enables researchers to explore potential causal relationships. For instance, higher costs might be associated with more extensive treatment and intensive care, which could also indicate a more complicated recovery process. Conversely, lower costs might reflect less severe illnesses or more efficient treatment protocols that promote faster recovery.

**Summary:**

- Start by eliminating Method 2 because it oversimplifies the complex relationship between hospital costs and recovery by treating all cases as identical.
- Method 1 is more robust as it accounts for age-related variations, providing a more detailed analysis and potentially revealing meaningful insights into the factors influencing recovery and associated costs.

**Yes or No Answer:** Yes, it is more correct to use Method 1 to understand how hospital costs affect recovery."
464,no,"Step-by-step Reasoning:**

1. Identify the probabilities:
   - No citrus consumption: 68% chance of scurvy
   - Citrus consumption: 49% chance of scurvy

2. Compare the probabilities:
   - The probability of scurvy is higher (68%) when citrus is not consumed.
   - The probability of scurvy is lower (49%) when citrus is consumed.

3. Conclude:
   - Since the probability of scurvy decreases when citrus is consumed, it suggests that citrus intake may help reduce the risk of scurvy.

**Yes or No Answer:**

Yes, citrus intake appears to decrease the chance of scurvy."
465,yes,"**Full Response:**

No, it is not necessarily more correct to use Method 1 than Method 2 to understand how treatment affects recovery. Both methods have their merits and the choice between them depends on the specific research question and context.

- **Method 1** provides a general overview of the correlation between treatment and recovery across the entire population under study. This can be useful for understanding broad trends and making generalizations about the effectiveness of a treatment. However, it does not account for potential differences based on gender or other demographic factors.

- **Method 2**, on the other hand, allows for a more nuanced understanding by examining the correlation case by case according to gender. This method can reveal important differences in treatment outcomes between genders, which might be crucial for personalized medicine and tailored interventions.

Therefore, the most appropriate method depends on the research objectives. If the goal is to understand the overall effectiveness of a treatment without regard to gender differences, Method 1 is suitable. If the goal is to explore and account for potential gender-specific effects, Method 2 is more apt.

**Summary:**

1. Evaluate the research question: Determine whether a general overview (Method 1) or a gender-specific analysis (Method 2) is more relevant.
2. Consider the potential for differences: Decide if gender or other demographic factors are likely to influence treatment outcomes.
3. Choose the method: Select the approach that best aligns with the research objectives and potential variability in the data.

**Yes or No Answer:**

No, Method 1 is not inherently more correct than Method 2 for understanding how treatment affects recovery. The choice depends on the specific research goals and context."
466,yes,"**Full Response:**

To determine if the chance of an increased price is smaller when observing an increased supply, we need to compare the probabilities of these two events occurring together (increased supply and increased price) to the overall probability of an increased price.

Given:
- Overall probability of increased supply = 71%
- Probability of reduced supply and increased price = 7% (This scenario is irrelevant to the question as it doesn't involve increased supply)
- Probability of increased supply and increased price = 43%

The key comparison is between the probability of increased supply and increased price (43%) and the overall probability of increased price. To find the overall probability of increased price, we need more information. However, since the given probability of reduced supply and increased price is only 7%, it doesn't significantly impact the overall probability of increased price.

Assuming that the only ways for price to increase are due to reduced supply or increased demand (not explicitly stated but a common economic assumption), then the probability of increased price could be approximated as:

Overall probability of increased price ≈ Probability of increased supply and increased price + Probability of reduced supply and increased price
Overall probability of increased price ≈ 43% + 7% = 50%

Comparing this to the probability of increased supply and increased price (43%), we see that they are equal in this approximation.

**Summary:**

1. Eliminate irrelevant information: The scenario of reduced supply and increased price (7%) is not relevant to the question.
2. Approximate overall probability of increased price: Since we lack information on other factors affecting price, we approximate it using the given probabilities.
3. Compare probabilities: The probability of increased supply and increased price (43%) is equal to the approximated overall probability of increased price (50%).

**Answer:**

No, the chance of increased price is not smaller when observing increased supply, based on the given probabilities and assumptions. However, the provided information is not sufficient to definitively conclude that the chances are equal or different without further details on other factors affecting price."
467,no,"**Full Response:**

To determine if low cholesterol is more likely than high cholesterol overall, we need to consider the given probabilities and the concept of conditional probability.

Given information:
- The overall probability of taking all assigned drugs is 24%.
- For patients who have not taken any drugs, the probability of low cholesterol is 63%.
- For patients who have taken all assigned drugs, the probability of low cholesterol is 66%.

Let's denote:
- $P(D)$ as the probability of taking all assigned drugs.
- $P(\neg D)$ as the probability of not taking any drugs.
- $P(L|D)$ as the probability of low cholesterol given that the patient has taken all assigned drugs.
- $P(L|\neg D)$ as the probability of low cholesterol given that the patient has not taken any drugs.

We are asked to compare the overall probability of low cholesterol, $P(L)$, with the overall probability of high cholesterol.

Using the law of total probability, we can calculate the overall probability of low cholesterol:

$$
\begin{align*}
P(L) &= P(L|D) \cdot P(D) + P(L|\neg D) \cdot P(\neg D) \\
&= 0.66 \cdot 0.24 + 0.63 \cdot (1 - 0.24) \\
&= 0.1656 + 0.4008 \\
&= 0.5664 \, .
\end{align*}
$$

So, the overall probability of low cholesterol is 56.64%.

Without specific probabilities for high cholesterol, we cannot directly compare it to the probability of low cholesterol. However, since the sum of probabilities of all mutually exclusive outcomes equals 1, if the probability of low cholesterol is greater than 50%, it implies that low cholesterol is more likely than high cholesterol overall.

**Summary:**

1. Calculate the overall probability of low cholesterol using the given conditional probabilities and the law of total probability.
2. Since the overall probability of low cholesterol (56.64%) is greater than 50%, it indicates that low cholesterol is more likely than high cholesterol overall.

**Answer:**

Yes, low cholesterol is more likely than high cholesterol overall."
468,yes,"step by step:

1. The probability of intelligent parents (P(I_parents)) is given as 3%.
2. The probability of unintelligent parents and an intelligent child (P(U_parents, I_child)) is 45%.
3. The probability of intelligent parents and an intelligent child (P(I_parents, I_child)) is 0%.

We want to determine if the chance of an intelligent child is smaller when observing intelligent parents. From the information given:

- The joint probability of intelligent parents and an intelligent child is 0%, which means this event never occurs.
- The probability of unintelligent parents and an intelligent child is high (45%).

Since the event of intelligent parents and an intelligent child never occurs (0% probability), observing intelligent parents cannot result in an intelligent child. Conversely, unintelligent parents can indeed have an intelligent child with a significant probability of 45%.

**Step-by-Step Reasoning:**

1. Eliminate the obvious: The probability of intelligent parents and an intelligent child is 0%, so this outcome is impossible.
2. Compare the remaining options: The probability of unintelligent parents and an intelligent child is 45%, which is the only viable path to an intelligent child.
3. Conclude: Observing intelligent parents (with a probability of 3%) does not increase the chance of an intelligent child, as this outcome is impossible. The chance of an intelligent child is higher with unintelligent parents (45%).

**Answer:**

Yes, the chance of an intelligent child is smaller when observing intelligent parents."
469,yes,"Step-by-Step Reasoning:**

1. Evaluate the scope of each method: Method 1 is broader and more general, while Method 2 is more focused and specific.
2. Consider the relevance of the variable (kidney stone size) in Method 2: This variable is clinically significant and can greatly influence treatment outcomes.
3. Conclude that Method 2 is more likely to provide useful, context-specific information for understanding treatment effects on recovery.

**Yes or No Answer:**

No, Method 1 is not more correct than Method 2 in this context. Method 2 is more likely to be useful for understanding how treatment affects recovery from kidney stones."
470,yes,"Step-by-Step Reasoning:**

1. Identify the probabilities: 70% for stairs, 29% for the elevator.
2. Compare the probabilities: 70% is greater than 29%.
3. Conclude that the action with the higher probability (taking the stairs) increases the chance of penguin death.

**Yes or No Answer:**

Yes."
471,yes,"**Full Response:**

Yes, it is more correct to use Method 1 (examining the correlation between vaccination and disease on a case-by-case basis, considering pre-conditions) than Method 2 (looking at the general correlation between vaccination and disease) to understand how vaccination affects disease.

**Reasoning:**

1. **Consideration of Pre-conditions:** Method 1 takes into account pre-conditions, which is crucial because the effectiveness of a vaccine can vary depending on factors like the individual's overall health, age, and specific risk factors for the disease in question. These factors can influence both vaccination response and disease susceptibility.

2. **Accuracy and Specificity:** By examining each case individually, Method 1 provides a more accurate and specific understanding of how vaccination impacts disease outcomes. It allows for the identification of patterns and effects that might be obscured or distorted when looking at broad, general correlations.

3. **Avoiding Oversimplification:** Method 2 oversimplifies the complex relationship between vaccination and disease. It might lead to incorrect conclusions by ignoring the nuances and specific circumstances that affect vaccine effectiveness.

**Yes/No Answer:**

Yes, Method 1 is more correct."
472,yes,"Step-by-Step Reasoning:**

1. **Eliminate obviously incorrect answers:** Method 2 is less precise because it doesn't account for individual variations in blood pressure, which is a critical factor in heart health and medication response.
2. **Choose the most likely correct answer:** Method 1 is more comprehensive and therefore more correct. It considers the individual nuances of each case, making it more likely to reveal accurate correlations between medication and heart condition.

**Yes or No Answer:** Yes."
473,yes,"Step-by-Step Reasoning:**

1. **Identify the Core Relationship:** The primary goal is to understand the link between smoking and lung cancer, which is a widespread health issue.
2. **Consider Scope:** Method 2 examines this relationship directly and broadly, considering all relevant factors and cases across a population. Method 1, however, focuses on a specific aspect (tar deposits) in individual cases, which may not fully represent the diverse ways smoking can lead to lung cancer.
3. **Eliminate Incorrect Answer:** Since Method 2 provides a more comprehensive view of the smoking-lung cancer relationship, it is the more appropriate approach.

**Yes or No Answer:**

No, Method 1 is not more correct than Method 2."
474,no,"Step-by-Step Reasoning:**

1. Compare the probabilities of high salary for each gender within each occupation type (blue-collar and white-collar).
2. Notice the consistent pattern: males have lower probabilities of high salary than non-males in both occupation types.
3. Conclude that gender appears to negatively affect salary potential, given the occupation, with non-males having a higher likelihood of earning a high salary in both types of occupations.

**Yes or No Answer:**

Yes, gender negatively affects salary through occupation according to the given data."
475,yes,"**Full Response:**

To determine if the chance of lung cancer is larger when observing smoking, we can use the concept of conditional probability and compare the probabilities of lung cancer given smoking and non-smoking.

Given:
- The overall probability of smoking ($P(\text{Smoking})$) is 14%.
- The probability of non-smoking and lung cancer ($P(\text{Non-smoking} \cap \text{Lung Cancer})$) is 34%.
- The probability of smoking and lung cancer ($P(\text{Smoking} \cap \text{Lung Cancer})$) is 7%.

We want to compare $P(\text{Lung Cancer} | \text{Smoking})$ and $P(\text{Lung Cancer} | \text{Non-smoking})$.

1. **Calculate $P(\text{Lung Cancer} | \text{Smoking})$:**
   \[
   P(\text{Lung Cancer} | \text{Smoking}) = \frac{P(\text{Smoking} \cap \text{Lung Cancer})}{P(\text{Smoking})} = \frac{7\%}{14\%} = \frac{1}{2} \approx 0.5 \text{ or } 50\%.
   \]

2. **Calculate $P(\text{Lung Cancer} | \text{Non-smoking})$:**
   \[
   P(\text{Lung Cancer} | \text{Non-smoking}) = \frac{P(\text{Non-smoking} \cap \text{Lung Cancer})}{P(\text{Non-smoking})}.
   \]
   Since the overall probability of non-smoking is $1 - P(\text{Smoking}) = 1 - 14\% = 86\%$,
   \[
   P(\text{Lung Cancer} | \text{Non-smoking}) = \frac{34\%}{86\%} \approx 0.4 \text{ or } 40\%.
   \]

3. **Comparison:**
   - $P(\text{Lung Cancer} | \text{Smoking}) = 50\%$
   - $P(\text{Lung Cancer} | \text{Non-smoking}) = 40\%$

Thus, the chance of lung cancer is larger when observing smoking.

**Summary:**

1. Calculate the conditional probability of lung cancer given smoking: $P(\text{Lung Cancer} | \text{Smoking}) = 50\%$.
2. Calculate the conditional probability of lung cancer given non-smoking: $P(\text{Lung Cancer} | \text{Non-smoking}) = 40\%$.
3. Compare the two probabilities: $50\% > 40\%$.

**Answer:**

Yes, the chance of lung cancer is larger when observing smoking."
476,no,"**Full Response:**

Yes, for hospitalized individuals, the chance of broken bones increases when respiratory issues are present.

**Reasoning:**

1. **Identify the relevant probabilities:**
   - For hospitalized individuals with respiratory issues, the probability of broken bones is 10%.
   - For hospitalized individuals without respiratory issues, the probability of broken bones is 12%.

2. **Compare the probabilities:**
   - The probability of broken bones for hospitalized individuals with respiratory issues (10%) is *lower* than the probability for those without respiratory issues (12%).

3. **Conclusion:**
   - Since the probability of broken bones is lower when respiratory issues are present in hospitalized individuals, this suggests that respiratory issues do not increase the chance of broken bones in this group. The question asks if the chance *increases*, which is not the case according to the given data.

**Answer:**

No, the chance of broken bones does not increase with respiratory issues for hospitalized individuals based on the provided probabilities."
477,no,"Step-by-Step Reasoning:**

1. A correlation coefficient of -0.66 is considered strong and indicates a significant relationship between the two variables (attractive appearance and talent).
2. The negative sign signifies an inverse relationship: as one variable increases (attractiveness), the other (talent) decreases.
3. Therefore, the data suggests that among famous people, attractiveness and talent are not independent and there is a trend where higher attractiveness corresponds to lower talent levels.

**Yes or No Answer:**

No, it does not mean that attractive appearance does not affect talent in famous people."
478,yes,"**Full Response:**

Yes, it is more correct to use Method 1 (looking at the correlation between smoking and college admission in general) than Method 2 (examining this correlation case by case according to effort) to understand how smoking affects college admission.

Here's why:

- **Generalizability**: Method 1 provides a broader perspective by examining the overall relationship between smoking and college admission across a large population. This approach allows for the identification of patterns and trends that might not be apparent in individual cases.
- **Control of Confounding Variables**: In a large dataset, individual variations in effort or other confounding factors are likely to average out, making it easier to isolate the effect of smoking on college admission.
- **Statistical Power**: With a larger sample size, Method 1 has more statistical power to detect meaningful relationships, even if they are small in magnitude.
- **Practicality**: Assessing every individual case (Method 2) based on effort would be impractical and time-consuming, especially when dealing with large populations.

**Summary:**

1. Method 1 examines the overall correlation between smoking and college admission across a large population, while Method 2 looks at individual cases based on effort.
2. Method 1 offers better generalizability, control of confounding variables, statistical power, and practicality.
3. Therefore, Method 1 is more suitable for understanding how smoking affects college admission.

**Yes or No Answer:** Yes."
479,yes,"Step-by-Step Reasoning:**

1. Compare the recovery rates for people with pre-conditions: 91% (with vaccine) vs. 80% (without vaccine).
2. The rate of recovery is higher for those with pre-conditions who received the vaccine.
3. Therefore, not refusing the vaccine (i.e., getting vaccinated) makes recovery more likely for individuals with pre-conditions.

**Yes or No Answer:**

Yes."
480,yes,"**Full Response:**

Yes, it is more correct to use Method 1 to understand how tanning salon treatment affects the skin in general, rather than Method 2.

**Reasoning:**

1. **Scope of Analysis:** Method 1 takes a broad approach by examining the direct correlation between tanning salon treatments and skin health in a general population. This method provides a comprehensive understanding of the impact of tanning salon treatments on skin, considering various skin types and conditions.

2. **Consistency:** By looking at the correlation in general, Method 1 offers a consistent analysis that can be applied universally. This is crucial for making general statements about the effects of tanning salon treatments on skin.

3. **Case-by-Case Analysis Limitation:** Method 2, which focuses on a case-by-case analysis according to beach visits, introduces too many variables. Factors like sun exposure at the beach, individual sunburn incidents, and varying environmental conditions would confound the results, making it difficult to isolate the specific effects of tanning salon treatments.

**Yes or No Answer:** Yes."
481,no,"Step-by-Step Reasoning:**

1. Method 1 focuses on a specific aspect (tar deposits) related to smoking and lung cancer, which may not represent the entire picture.
2. Method 2 takes a broader approach by directly studying the correlation between smoking and lung cancer incidence in a larger population.
3. A direct correlation analysis (Method 2) is more likely to capture the overall impact of smoking on lung cancer risk, considering various smoking habits and other influencing factors.

**Yes/No Answer:**

No, Method 1 is not more correct than Method 2 for understanding the relationship between smoking and lung cancer."
482,yes,"Step-by-step Reasoning:**

   - Compare the probabilities: 61% (non-male) vs. 39% (male).
   - Identify that the probability of acceptance is higher for non-males.
   - Conclude that changing from male to non-male would likely increase the chances of admission based solely on these probabilities.

3. **Yes or No Answer:**

**Yes**, it would be more likely to see admission acceptance if the individual had not been male, given the provided probabilities.

**Note:** This answer assumes that the given probabilities are accurate and representative of the actual admission process, which may not be the case in reality due to various confounding factors."
483,yes,"**Full Response:**

To determine if a high exam score is less likely than a low exam score overall, we need to consider the given probabilities and how encouragement affects the outcomes.

Given:
- The overall probability of encouragement is 90%.
- For students who are not encouraged, the probability of a high exam score is 53%.
- For students who are encouraged, the probability of a high exam score is 39%.

First, let's calculate the probability of a high exam score for each group:
1. Students not encouraged: 0.9 (overall encouragement probability) * 0.53 (probability of high score if not encouraged) = 0.4857
2. Students encouraged: 0.1 (1 - overall encouragement probability) * 0.39 (probability of high score if encouraged) = 0.039

Now, we add these probabilities to find the overall probability of a high exam score:
0.4857 + 0.039 = 0.5247

So, the overall probability of a high exam score is approximately 52.47%.

Since this is higher than 50%, a high exam score is more likely than a low exam score overall.

**Summary:**

1. Calculate the probability of a high exam score for encouraged and not encouraged students.
2. Sum these probabilities to find the overall probability of a high exam score.
3. Compare this probability to 50% to determine likelihood.

**Answer:**

No, a high exam score is not less likely than a low exam score overall."
484,no,"**Full Response:**

No, it is not more correct to use Method 1 than Method 2 to understand how the captain affects the prisoner. Both methods have their merits and the choice between them depends on the specific context and goals of the analysis.

- **Method 1: General Correlation** - This method examines the overall relationship between captains and prisoners as a whole. It could provide a broad understanding of the typical dynamics, rules, and interactions within a prison setting. However, it might oversimplify individual experiences and overlook unique circumstances.

- **Method 2: Case-by-Case Analysis** - This method focuses on individual cases, considering the specific details and nuances of each prisoner's experience with their captain. It allows for a deeper understanding of how different captains might affect prisoners in diverse ways, taking into account personal factors and unique situations.

**Reasoning:**

1. Identify the nature of the relationship: The relationship between captains and prisoners is hierarchical and multifaceted, potentially influenced by various factors.

2. Determine the need for general vs. specific understanding: Method 1 offers a broad stroke understanding, while Method 2 provides detailed insights.

3. Consider the risk of generalization: Method 1 may oversimplify a complex relationship, while Method 2 captures individual variations.

**Answer:**

No, it is not inherently more correct to use Method 1 over Method 2. The choice depends on the specific research question and the level of detail required."
485,no,"Step-by-Step Reasoning:**

1. Compare probabilities when the wife doesn't set the alarm:
   - Husband sets alarm: 50%
   - Husband doesn't set alarm: 88%

2. Compare probabilities when the wife sets the alarm:
   - Husband sets alarm: 2%
   - Husband doesn't set alarm: 39%

3. Conclude that the husband's action lowers the probability of the alarm ringing when the wife sets the alarm.

**Answer:**

No, the husband does not negatively affect the alarm clock in general. However, when the wife sets the alarm, the husband setting the alarm as well results in a significantly lower probability of the alarm ringing (2% vs. 39%). Therefore, in this specific scenario, the husband's action can be seen as negatively affecting the alarm clock.

In summary, the answer is **Yes** when the wife sets the alarm, and **No** otherwise."
486,yes,"Step-by-step Reasoning:**

- Compare the probabilities: 88% (nonsmokers) vs. 67% (smokers).
- Identify the difference: 88% - 67% = 21%.
- Interpret the difference: A 21% lower admission rate for smokers indicates a decreased chance of college admission compared to nonsmokers.

3. **Yes or No Answer:**

**Yes**, smoking will decrease the chance of college admission."
487,no,"Step-by-Step Reasoning:**

1. Compare the probabilities: 34% (smoking gene and lung cancer) vs. 7% (nonsmoking gene and lung cancer).
2. The higher probability (34%) is associated with the smoking gene, indicating a stronger link between the smoking gene and lung cancer.

**Yes/No Answer:**

Yes, the chance of lung cancer is larger when observing the smoking gene."
488,yes,"Step-by-Step Reasoning:**

1. Identify the primary relationship: The question asks about the correlation between the man and the room.
2. Evaluate Method 1: It directly addresses this relationship, providing a clear and general understanding.
3. Evaluate Method 2: It complicates the analysis by introducing a secondary and potentially irrelevant element (the candle).
4. Compare the methods: Method 1 is more direct and relevant to the question at hand.

**Yes or No Answer:**

Yes, Method 1 is more correct."
489,yes,"**Full Response:**

When trying to understand the relationship between education level and salary, Method 1, which considers unobserved confounders case by case, is more correct than Method 2, which only looks at the general correlation. This is because real-world relationships between variables are often influenced by numerous factors that may not be immediately apparent or measurable.

**Reasoning:**

1. **Identify Potential Confounders:** Method 1 acknowledges that there could be other factors (confounders) affecting both education level and salary. These might include innate ability, family background, network, and unmeasured personal characteristics.

2. **Control for Confounders:** By considering these factors case by case, Method 1 attempts to control for or account for their influence, providing a more accurate picture of the education-salary relationship.

3. **General Correlation vs. Causal Relationship:** Method 2 only captures a general correlation, which might be influenced by many hidden or unaccounted-for factors. It does not establish causation and can be misleading. For instance, a general correlation might suggest that higher education always leads to higher salary, but this ignores individual differences and other influential factors.

**Answer:**

Yes, it is more correct to use Method 1 than Method 2 to understand how education level affects salary.

**Final Answer:**

- Yes"
490,yes,"Step-by-Step Reasoning:**

1. Compare the recovery probabilities for patients with small kidney stones: 5% (no treatment) vs. 36% (treatment).
2. Compare the recovery probabilities for patients with large kidney stones: 63% (no treatment) vs. 95% (treatment).
3. Note that in both cases, treatment results in a higher chance of recovery.
4. The overall probability of having large kidney stones is 53%, which means a majority of patients fall into this category. This further emphasizes the benefit of treatment.

**Yes/No Answer:**

No."
491,no,"**Full Response:**

To determine if the chance of high infant mortality is smaller when observing a smoking mother, we need to compare the probabilities directly.

Given:
- The probability of a smoking mother (P(S)) is 8%.
- The probability of a nonsmoking mother and high infant mortality (P(¬S ∩ H)) is 31%.
- The probability of a smoking mother and high infant mortality (P(S ∩ H)) is 3%.

We want to compare P(H|S) (the probability of high infant mortality given a smoking mother) with P(H|¬S) (the probability of high infant mortality given a nonsmoking mother).

Using Bayes' Theorem:
- P(H|S) = P(S ∩ H) / P(S) = 3% / 8% = 0.375
- P(H|¬S) = P(¬S ∩ H) / P(¬S) = 31% / (100% - 8%) = 0.377 (approximately)

Since P(H|¬S) is slightly higher than P(H|S), the chance of high infant mortality is slightly higher when observing a nonsmoking mother compared to a smoking mother.

**Summary:**

1. Eliminate obvious incorrectness: The problem involves conditional probabilities and Bayes' Theorem.
2. Calculate P(H|S) and P(H|¬S) using the given probabilities.
3. Compare the two probabilities to determine which scenario has a higher chance of high infant mortality.

**Answer:**

No, the chance of high infant mortality is **not** smaller when observing a smoking mother. It is slightly higher when observing a nonsmoking mother."
492,yes,"**Full Response:**

To determine if lung cancer is less likely than the absence of lung cancer overall, we need to consider the probabilities you've provided. Given:

- The overall probability of smoking is 99%.
- For nonsmokers (which is 1% of the population, assuming the 99% smoking rate is accurate), the probability of lung cancer is 27%.
- For smokers (99% of the population), the probability of lung cancer is 57%.

First, let's calculate the overall probability of lung cancer. We can use the law of total probability:

Overall probability of lung cancer = (Probability of lung cancer among nonsmokers) * (Probability of being a nonsmoker) + (Probability of lung cancer among smokers) * (Probability of being a smoker)

Overall probability of lung cancer = (0.27 * 0.01) + (0.57 * 0.99) = 0.027 + 0.5631 = **0.5901 or 59.01%**.

Since the overall probability of lung cancer (59.01%) is higher than the probability of its absence (100% - 59.01% = 40.99%), lung cancer is **not** less likely than the absence of lung cancer overall.

**Summary:**

1. Calculate the overall probability of lung cancer using the law of total probability.
2. Compare the overall probability of lung cancer to the probability of its absence.
3. Conclude that since the overall probability of lung cancer is higher, lung cancer is not less likely than the absence of lung cancer overall.

**Answer:**

No, lung cancer is not less likely than the absence of lung cancer overall."
493,yes,"Step-by-Step Reasoning:**

1. Compare smoking vs. nonsmoking:
   - Nonsmokers have a lower base rate of lung cancer (82% with no tar deposit) compared to smokers (79% with no tar deposit).
   - Even with high tar deposit, nonsmokers (56%) have a lower probability than smokers (53%).

2. Conclude that smoking increases the risk of lung cancer, opposite to what the question implies.

3. The question's premise that a smoker would be less likely to have lung cancer if they had been a nonsmoker is flawed due to the inherent risks associated with smoking.

**Answer:**

No, the statement is incorrect. Smokers are more likely to develop lung cancer, regardless of tar deposit levels, compared to nonsmokers. The question's premise is flawed and cannot be supported by the provided probabilities."
494,yes,"Step-by-step Reasoning:**

1. Compare the probabilities:
   - Without lighting a match: 80% chance of the forest on fire.
   - With lighting a match: 49% chance of the forest on fire.
2. The probability of the forest catching fire is higher (80%) when no match is lit, indicating that the action of lighting a match reduces the likelihood of a forest fire.
3. Therefore, lighting a match does not increase the chance of the forest catching on fire; instead, it decreases it.

**Answer: No, lighting a match does not increase the chance of the forest on fire.**"
495,no,"Step-by-Step Reasoning:**

1. A correlation of -0.66 indicates a negative relationship, not the absence of a relationship.
2. The negative correlation suggests that as attractiveness increases, talent tends to decrease among famous people, but it doesn't prove causation.
3. Eliminate the idea that attractiveness has no effect on talent based on the given correlation.
4. Conclude that the statement ""attractive appearance does not affect talent"" is incorrect according to the provided information.

**Yes/No Answer:**

No, it does not mean that attractive appearance does not affect talent."
496,no,"**Full Response:**

To determine if broken bones are less likely than no broken bones overall, we need to compare the probabilities.

Given:
- The overall probability of respiratory issues is 49%.
- For people with no respiratory issues, the probability of broken bones is 19%.
- For people with respiratory issues, the probability of broken bones is 19%.

First, let's calculate the probability of broken bones overall. We can use the law of total probability:

Probability of broken bones = (Probability of broken bones | respiratory issues) * (Probability of respiratory issues) + (Probability of broken bones | no respiratory issues) * (Probability of no respiratory issues)

Since the probability of broken bones is given as 19% for both cases, and the probability of respiratory issues is 49%, we can plug these values in:

Probability of broken bones = (0.19 * 0.49) + (0.19 * probability of no respiratory issues)

We know that the probability of no respiratory issues is 1 - 0.49 = 0.51. Substituting this value:

Probability of broken bones = (0.19 * 0.49) + (0.19 * 0.51) ≈ 0.1871 or 18.71%

Now, we can compare this to the probability of no broken bones, which is 100% - 18.71% = 81.29%.

Clearly, the probability of no broken bones (81.29%) is higher than the probability of broken bones (18.71%).

**Summary:**

1. Calculated the probability of broken bones overall using the law of total probability.
2. Found the probability of no respiratory issues (1 - 0.49 = 0.51).
3. Compared the probability of broken bones (18.71%) to the probability of no broken bones (81.29%).

**Answer:**

No, broken bones are **less** likely than no broken bones overall. (Answer: No)"
497,no,"Step-by-Step Reasoning:**

1. Identify the probabilities: 24% for no college degree and 47% for a college degree or higher.
2. Compare the probabilities: 47% is greater than 24%.
3. Conclude that a college degree or higher increases the chance of a high salary.

**Answer:**

No, college degree or higher does not decrease the chance of a high salary."
498,no,"Step-by-Step Reasoning:**

1. Identify the given causes of the forest fire: camper lighting a match or chain-smoker lighting a match.
2. Eliminate the chain-smoker as a cause since they are observed not to light a match.
3. Conclude that if the camper lights a match, it will likely cause the forest fire.

**Yes/No Answer:**

Yes, the forest would burn down if the camper lights a match."
499,no,"step-by-step breakdown:

1. **Understand the Probabilities:**
   - The overall probability of smoking is 11%.
   - For nonsmokers (which is 100% - 11% = 89% of the population), the probability of lung cancer is 30%.
   - For smokers (11% of the population), the probability of lung cancer is 51%.

2. **Calculate the Weighted Average Probability of Lung Cancer:**
   - Weighted by the proportion of smokers and nonsmokers in the population, the overall probability of lung cancer can be calculated as:
     - (0.11 * 0.51) + (0.89 * 0.30) = 0.0561 + 0.267 = 0.3231 or 32.31%

3. **Compare to the Probability of No Lung Cancer:**
   - The probability of no lung cancer is 100% - 32.31% = 67.69%.

4. **Conclusion:**
   - Since 67.69% (no lung cancer) is greater than 32.31% (lung cancer), lung cancer is less likely than the absence of lung cancer overall.

**Summary:**

1. Calculate the weighted average probability of lung cancer based on smoking rates.
2. Compare this to the probability of no lung cancer (100% - weighted average).
3. Since the probability of no lung cancer is higher, lung cancer is less likely overall.

**Answer:**

Yes, lung cancer is less likely than absence of lung cancer overall."
500,no,"Step-by-Step Reasoning:**

1. Identify the nature of the data: Consider whether the analysis requires a broad overview (Method 1) or a detailed examination (Method 2).
2. Determine the goal: If the objective is to understand general trends, Method 1 is suitable. If the focus is on individual impacts, Method 2 is more appropriate.
3. Evaluate the need for nuance: If there's a suspicion that manager effects vary significantly, Method 2's case-by-case approach is preferable.

**Yes or No Answer:**

No, Method 1 is not universally more correct than Method 2 for understanding how a manager affects an employee. The choice depends on the specific needs of the analysis."
501,yes,"Step-by-Step Reasoning:**

1. Compare salary probabilities for males and non-males in each worker category.
2. Observe that males have higher chances of high salaries in both blue- and white-collar jobs.
3. Note that non-males with high skills have a higher probability of white-collar jobs than males with high skills.
4. Consider the high overall probability of having a high skill level.
5. Conclude that gender indirectly affects salary potential by potentially limiting access to higher-paying occupations.

**Answer:**

No, gender does not directly negatively affect salary. However, it may indirectly influence salary potential by affecting the likelihood of securing certain jobs."
502,yes,"Step-by-Step Reasoning:**

1. Compare the probabilities of long lifespan for normal weight vs. obese individuals, with and without diabetes. Obese people have lower probabilities in both cases.
2. Note that diabetes reduces the likelihood of a long lifespan in both weight groups.
3. Analyze the probabilities of having diabetes in each weight and smoking category. While obesity increases the chance of diabetes, smoking has a lower overall impact.
4. Conclude that obesity, rather than diabetes or smoking alone, is the primary factor associated with reduced lifespan in this data set.

**Answer:**

No, obesity does not positively affect lifespan through diabetes. The data strongly suggests that obesity has a negative impact on lifespan, and this impact is exacerbated by the presence of diabetes."
503,no,"Step-by-Step Reasoning:**

1. Compare probabilities of healthy heart for people with low blood pressure: 63% (without meds) vs. 37% (with meds).
2. Compare probabilities of healthy heart for people with high blood pressure: 91% (without meds) vs. 67% (with meds).
3. Observe that medication is associated with lower probabilities in both cases.
4. Conclude that medication does not positively affect heart condition, disregarding the effect through blood pressure.

**Yes or No Answer:**

No, medication does not positively affect heart condition in this scenario when we disregard the mediation effect through blood pressure."
504,no,"Step-by-step Reasoning:**

1. Compare the infant mortality rates for smoking and nonsmoking mothers within each birth weight category.
2. Observe that the rates are consistently higher for smoking mothers.
3. Conclude that smoking status alone positively affects infant mortality.

**Yes/No Answer:**

Yes, maternal smoking status positively affects infant mortality, independent of infant birth weight."
505,yes,"Step-by-step Reasoning:**

1. **Identify the core relationship:** The primary goal is to understand how obesity affects lifespan in general. This requires a broad view of the obesity-lifespan relationship.
2. **Consider specific factors:** While diabetes is a significant health condition related to obesity that can affect lifespan, other factors such as cardiovascular disease, respiratory issues, and certain cancers also play crucial roles.
3. **Compare methods:** Method 2 offers a more comprehensive view of the obesity-lifespan relationship, while Method 1 narrows the focus to a specific subset of the population (those with diabetes).

**Yes or No Answer:**

No."
506,no,"Step-by-step Reasoning:**

- Start by comparing the probabilities: 60% (with medication) vs. 42% (without medication).
- Since 60% is greater than 42%, it implies that the likelihood of having a healthy heart is higher for people taking medication.

3. **Yes or No Answer:**

**No**, it would not be less likely to see a healthy heart in people taking medication."
507,no,"Step-by-Step Reasoning:**

1. **Scope of Analysis:** Method 2 considers the overall relationship between smoking and lung cancer across a large population, capturing a broader range of factors and variations. Method 1 focuses on a single aspect (tar deposits) which, while relevant, doesn't encompass the full complexity of how smoking contributes to lung cancer.

2. **Causal Understanding:** The general correlation (Method 2) helps establish a causal link between smoking and lung cancer, which has been consistently observed in numerous epidemiological studies. This method allows for a more comprehensive understanding of the risk factors associated with smoking and lung cancer incidence.

3. **Practicality and Feasibility:** Method 2 is more practical and feasible for public health research and policy-making as it utilizes data that is more accessible and applicable to the general population.

**Yes or No Answer:**

No, Method 1 is not more correct than Method 2. Method 2 provides a more comprehensive and applicable approach to understanding the relationship between smoking and lung cancer."
508,yes,"**Full Response:**

To determine if the chance of an increased price is smaller when observing an increased supply, we need to compare the probabilities of these two events happening simultaneously with the overall probability of an increased price.

Given:
- The overall probability of increased supply is 83%.
- The probability of reduced supply and increased price is 9%.
- The probability of increased supply and increased price is 50%.

First, let's calculate the probability of increased price without considering the supply change. We can do this by adding the probabilities of increased price with both increased and reduced supply:
- Probability of increased price = Probability of (increased supply and increased price) + Probability of (reduced supply and increased price)
- Probability of increased price = 50% + 9% = 59%

Now, we can compare this to the overall probability of increased supply (83%). Since 83% is greater than 59%, it indicates that the chance of increased supply is indeed greater than the chance of increased price. However, the question asks specifically about the scenario where supply increases. In that case, the probability of an increased price is exactly 50%, which is less than the 83% chance of increased supply.

**Summary:**

1. Calculate the probability of increased price (59%) by combining the scenarios where price increases.
2. Compare this to the overall probability of increased supply (83%).
3. For an increased supply scenario, the probability of increased price is exactly 50%, which is smaller than the probability of increased supply.

**Answer:**

Yes, the chance of increased price is smaller when observing increased supply. (Yes)"
509,yes,"Step-by-Step Reasoning:**

1. **Eliminate Mediating Factor:** Disregard wife's actions as instructed.
2. **Focus on Husband:**  Look at probabilities associated solely with husband setting the alarm.
3. **Analyze Probabilities:** Observe that the alarm doesn't always go off when the husband sets it (13% chance).
4. **Conclusion:** This inconsistency suggests no clear positive effect from the husband setting the alarm alone.

**Yes/No Answer:** No"
510,yes,"Step-by-Step Reasoning:**

1. Identify the need to consider contextual factors in admission processes, especially department competitiveness.
2. Recognize that Method 1 addresses this by examining gender and admission status on a case-by-case basis for each department.
3. Understand that Method 2 oversimplifies the issue by treating all departments as equal in terms of selectivity.
4. Conclude that Method 1 offers a more nuanced and accurate approach to understanding the impact of gender on admission status.

**Yes or No Answer:** Yes, Method 1 is more correct."
511,no,"Step-by-step Reasoning:**

1. Calculate the total probability of a high salary by adding the probabilities for both educational groups.
2. Compare the probability of a high salary for those with a college degree or higher (5%) to the overall probability (55%).
3. Conclude that the chance of a high salary is not larger when observing individuals with a college degree or higher.

**Yes or No Answer:**

No, the chance of a high salary is not larger when observing individuals with a college degree or higher."
512,no,"Step-by-Step Reasoning:**

- Start with the given probabilities: 44% for nonsmokers and 56% for smokers.
- Recognize that these probabilities are likely conditional on smoking status (smoker or nonsmoker) and not directly influenced by genes alone.
- Conclude that the critical factor for lung cancer risk is actual smoking behavior, not the genetic predisposition to smoke or not smoke.
- Determine that having a nonsmoking gene wouldn't reduce lung cancer risk in someone who actually smokes; the 56% probability stands.

3. **Yes or No Answer:**

**No**, having a nonsmoking gene would not make it less likely for someone with smoking genes to develop lung cancer if they indeed smoke. The relevant factor is smoking behavior, not genetic predisposition alone."
513,yes,"**Full Response:**

Yes, it is likely that a smoking mother will decrease the chance of normal infant birth weight. The provided data suggests a correlation between higher smoking rates among mothers and lower probabilities of normal infant birth weight. In areas with low cigarette tax (where smoking is presumably more prevalent due to lower cost), the probability of normal birth weight is 20%, compared to 29% in areas with high cigarette tax. Conversely, the probability of a smoking mother is significantly higher in areas with low cigarette tax (11%) than in areas with high cigarette tax (44%). This inverse relationship between smoking rates and normal birth weight probabilities indicates that smoking is a contributing factor to lower birth weights.

**Reasoning:**

1. Identify the key probabilities:
   - Low cigarette tax: 20% normal birth weight, 11% smoking mother
   - High cigarette tax: 29% normal birth weight, 44% smoking mother

2. Compare the probabilities:
   - In areas with low cigarette tax, normal birth weight is less likely (20%) despite a lower percentage of smoking mothers (11%).
   - In areas with high cigarette tax, normal birth weight is more likely (29%) where smoking mothers are more prevalent (44%).

3. Conclude that smoking mothers are likely to decrease the chance of normal infant birth weight based on the inverse correlation observed.

**Answer:** Yes"
514,yes,"Step-by-Step Reasoning:**

1. Identify the probabilities:
   - Nonsmokers: 53% chance of college admission
   - Smokers: 29% chance of college admission

2. Compare the probabilities:
   - The probability of college admission for nonsmokers (53%) is significantly higher than that for smokers (29%).

3. Conclude:
   - Since the probability of college admission is higher for nonsmokers, it would be more likely for a student to gain admission if they were a nonsmoker.

**Yes or No Answer:**

Yes."
515,yes,"Step-by-Step Reasoning:**

1. High probability of attractive appearance for both mean (96%) and kind (96%) personalities.
2. Low overall probability of kindness (18%) indicates a higher proportion of mean personalities.
3. Therefore, the majority of people are likely to have mean personalities, making attractive appearance more probable overall.

**Yes or No Answer:**

**No**, attractive appearance is not less likely than unattractive appearance overall."
516,no,"Step-by-Step Reasoning:**

1. Given probabilities: P(S) = 13%, P(¬S ∩ C) = 34%, P(S ∩ C) = 6%.
2. Calculate P(C|S) = P(S ∩ C) / P(S) ≈ 46.15%.
3. Calculate P(C|¬S) = P(¬S ∩ C) / P(¬S) ≈ 37.78%.
4. Compare P(C|S) and P(C|¬S): 46.15% < 37.78%.

**Answer:**

No, the chance of lung cancer is **not** larger when observing the smoking gene. In fact, the probability of lung cancer is higher when observing the nonsmoking gene."
517,yes,"Step-by-Step Reasoning:**

   - Calculate the probability of a ringing alarm given the alarm is set and not set.
   - Multiply each probability by the likelihood of the respective event (alarm set or not set).
   - Sum the results to find the overall probability of a ringing alarm.

3. **Yes or No Answer:**

**No**, a ringing alarm is **not** less likely than a silent alarm overall. The overall probability of a ringing alarm is approximately 79.08%, which is higher than the probability of a silent alarm (which would be 100% - 79.08% = 20.92%)."
518,no,"Step-by-step Reasoning:**

1. Calculate the probability of survival given vaccination using Bayes' theorem.
2. Calculate the probability of survival given no vaccination using Bayes' theorem.
3. Compare the two probabilities to determine if survival is more likely with vaccination.

**Answer:**

Yes, the chance of smallpox survival is larger when observing vaccination."
519,yes,"**Full Response:**

Yes, it would be less likely to see recovery in patients with large kidney stones if they received treatment compared to no treatment. 

Here's the reasoning:

* **Direct Comparison:**  The passage states that the recovery rate for patients with large kidney stones is:
    * **No treatment:** 18%
    * **Treatment:** 6%

Since 18% is greater than 6%, it's clearer that the recovery odds are better without treatment in this scenario.

**Summary:**

1. Compare the recovery rates for large kidney stones: 18% (no treatment) vs. 6% (treatment).
2. Since 18% is greater than 6%,  recovery is more likely without treatment.

**Answer:** Yes"
520,no,"Step-by-Step Reasoning:**

1. Compare the probabilities of admission for non-male and male applicants across non-competitive and competitive departments.
2. Note the substantial difference in admission probabilities between non-male and male applicants in both types of departments.
3. Conclude that gender significantly influences admission chances, especially regarding department competitiveness.

**Yes or No Answer:**

Yes, gender negatively affects admission status through department competitiveness."
521,yes,"Step-by-Step Reasoning:**

1. Start with the premise that increased supply can increase price, but only when demand is constant or increasing.
2. Recognize that the farm has low demand, which means the typical price increase from increased supply might not hold.
3. Consider the reduced yield per acre, which implies that any increase in supply would be challenging to achieve without additional factors.
4. Conclude that an increase in supply, in this scenario, would likely lead to a reduced price due to the combined effects of low demand and the difficulty of significantly increasing output with reduced yield.

**Answer:**

Yes, there would likely be a reduced price if increased supply were introduced instead of reduced supply, given the context of reduced yield per acre and low demand."
522,no,"Step-by-Step Reasoning:**

1. Compare the probabilities of a healthy heart for those not taking medication (78% and 30%) to those taking medication (73% and 41%).
2. The percentages for those on medication are lower in both cases, suggesting a potential negative impact on heart health.
3. Since we are asked to disregard the mediation effect through blood pressure, focus on the direct comparison of medication groups.

**Answer:**

Yes, based on the given data and disregarding the blood pressure effect, medication appears to have a slightly negative association with heart condition."
523,no,"Step-by-Step Reasoning:**

1. Identify the probabilities:
   - For people not taking medication, the probability of a healthy heart is 69%.
   - For people taking medication, the probability of a healthy heart is 47%.

2. Compare the probabilities:
   - Since 69% (without medication) is greater than 47% (with medication), it indicates that taking medication decreases the probability of having a healthy heart.

**Yes or No Answer:**

No, taking medication does not increase the chance of a healthy heart according to the given probabilities."
524,yes,"**Full Response:**

The question asks us to determine the likelihood of the forest burning down if the camper did not light a match, given that we know the chain-smoker lighting a match can cause the fire. Here's the breakdown:

1. **Eliminate Obviously Incorrect Answers:**
   - If the chain-smoker's match can cause the forest fire, then the camper not lighting a match would not prevent the fire in this scenario. The cause of the fire is already identified as the chain-smoker's match.

2. **Most Likely Correct Answer:**
   - Yes, the forest would still burn down. The camper lighting a match or not lighting a match is irrelevant to the outcome once we know the chain-smoker's match is the cause.

**Summary:**

1. Identify the known cause: The chain-smoker lighting a match.
2. Conclude that the camper's actions are unrelated to the known cause of the fire.
3. Therefore, the forest would still burn down.

**Yes or No Answer:** Yes, the forest would still burn down."
525,yes,"**Full Response:**

To determine if admission acceptance is more likely than rejection overall, we need to consider the probabilities given:

- The overall probability of male gender is 17%.
- The probability of admission acceptance for non-males is 40%.
- The probability of admission acceptance for males is 31%.

First, let's calculate the overall probability of admission acceptance. We can use a weighted average since we have different acceptance rates for two distinct groups (males and non-males) with known probabilities of occurrence.

The overall probability of admission acceptance (P_accept) can be calculated as:

\[ P_{accept} = (1 - 0.17) \times 0.40 + 0.17 \times 0.31 \]

\[ P_{accept} = 0.83 \times 0.40 + 0.17 \times 0.31 \]

\[ P_{accept} = 0.332 + 0.0527 \]

\[ P_{accept} = 0.3847 \]

Since the overall probability of admission acceptance (approximately 38.47%) is greater than 50%, admission acceptance is more likely than admission rejection overall.

**Summary:**

1. Calculate the weighted average of admission acceptance probabilities for males and non-males using their respective probabilities of occurrence.
2. The overall probability of admission acceptance is approximately 38.47%, which is greater than 50%.
3. Therefore, admission acceptance is more likely than rejection overall.

**Answer:** Yes"
526,yes,"Step-by-step Reasoning:**

1. **Identify the core relationship:** The primary goal is to understand how obesity affects lifespan. This requires a direct examination of this relationship.
2. **Consider contributing factors:** While diabetes is a significant health condition often associated with obesity, it is not the only factor that influences lifespan. Other factors include heart disease, certain cancers, respiratory issues, and more.
3. **Choose the most comprehensive approach:** Method 2 offers a broader view of the obesity-lifespan relationship, which is more inclusive of the multiple health impacts of obesity.
4. **Use supplementary information:** Method 1 can be valuable as a supplementary analysis to Method 2, providing additional insights into specific sub-populations (those with diabetes) but is not the preferred primary method.

**Yes or No Answer:**

No."
527,yes,"Step-by-Step Reasoning:**

1. Eliminate the possibility of high poverty causing a lack of clean water since the region has low poverty.
2. Focus on the direct relationship between the local water company and clean water availability.
3. Conclude that the person is likely to have clean water, thus reducing the risk of cholera.
4. Determine that polluted water is not the cause of cholera in this scenario.

**Answer: No, the person would not avoid cholera by consuming polluted water instead of clean water, as they are likely to have access to clean water from the local water company in a low-poverty region.**"
528,yes,"Step-by-step Reasoning:**

- Start with the given probabilities: 39% without a college degree and 57% with a college degree or higher.
- Compare the probabilities: 57% is higher than 39%.
- Conclude that having a college degree increases the likelihood of a high salary.
- Infer that without the degree, the likelihood drops to the lower probability.

3. **Yes or No Answer:**

**No**, it would not be more likely to see a high salary for someone with a college degree or higher if they had not had a college degree, based on the given probabilities."
529,no,"Step-by-Step Reasoning:**

1. Identify the probabilities for broken bones among hospitalized individuals with and without respiratory issues.
2. Compare the two probabilities.
3. Conclude that the probability of broken bones is lower for hospitalized individuals with respiratory issues.

**Yes or No Answer:**

**Yes**, the chance of broken bones decreases for hospitalized individuals with respiratory issues."
530,yes,"Step-by-step Reasoning:**

1. Start with the given conditions: low cigarette tax and inactive confounder.
2. Understand the causal pathways: high tax → fewer smoking mothers, and smoking mothers → lower birth weight (with confounder influencing this relationship).
3. With a low tax, more smoking mothers are expected.
4. When the confounder is inactive, the negative effect of smoking mothers on birth weight is more direct and significant.
5. Replacing a smoking mother with a nonsmoking mother would mitigate the direct negative impact on birth weight, increasing the likelihood of a normal-weight infant.

**Answer:**

Yes, it is likely that the infant would be born with a normal weight if the mother was nonsmoking instead of smoking, given the provided conditions."
531,yes,"Step-by-step Reasoning:**

1. Calculate the probability of wet ground overall using the given probabilities and the law of total probability.
2. Compare the overall probability of wet ground (44.09%) with the probability of dry ground (55.91%).
3. Conclude that since the probability of dry ground is higher, wet ground is not more likely than dry ground overall.

**Yes or No Answer:**

No, wet ground is not more likely than dry ground overall."
532,no,"**Full Response:**

To determine if taking all assigned drugs increases the chance of low cholesterol, we need to compare the probabilities of achieving low cholesterol for patients who take all assigned drugs versus those who do not.

Given:
- The probability of low cholesterol for patients not taking the drug treatment is 75%.
- The probability of low cholesterol for patients assigned the drug treatment is 86%.

At first glance, it seems the drug treatment increases the chance of low cholesterol. However, we also need to consider the probabilities of taking all assigned drugs in each group:

- For patients not assigned the drug treatment, the probability of taking all assigned drugs is 55%.
- For patients assigned the drug treatment, the probability of taking all assigned drugs is 17%.

Now, let's calculate the effective probabilities considering both factors.

- For patients not taking the drug treatment but adhering to all assigned drugs, the effective probability of low cholesterol is 75% (probability of low cholesterol) multiplied by 55% (probability of taking all drugs), which equals 41.25%.
- For patients assigned the drug treatment and taking all assigned drugs, the effective probability of low cholesterol is 86% multiplied by 17%, which equals 14.62%.

Comparing these effective probabilities, we find that taking all assigned drugs *decreases* the chance of low cholesterol when the drug treatment is assigned.

**Summary:**

1. Compare probabilities of low cholesterol with and without drug treatment.
2. Consider the probabilities of taking all assigned drugs in each group.
3. Calculate effective probabilities by multiplying the chances of low cholesterol and taking all drugs.
4. Compare the effective probabilities to determine the impact of taking all assigned drugs.

**Answer:**

No, taking all assigned drugs does not increase the chance of low cholesterol; it actually decreases it for patients assigned the drug treatment."
533,no,"**Full Response:**

We are given the following probabilities:

- The overall probability of taking all assigned drugs is 20%.
- The probability of not taking any assigned drugs *and* having low cholesterol is 65%.
- The probability of taking all assigned drugs *and* having low cholesterol is 14%.

To determine if the chance of low cholesterol is larger when observing the taking of all assigned drugs, we need to compare the probabilities directly.

- The probability of low cholesterol given that all assigned drugs are taken is 14%.
- To find the probability of low cholesterol when not taking all assigned drugs, we subtract the probability of taking all drugs (20%) from 1 (since these are mutually exclusive events): 1 - 0.20 = 80%. Then, we subtract the probability of low cholesterol and taking all drugs (14%) from this: 80% - 14% = 66%. This is the probability of low cholesterol when *not* taking all assigned drugs.

Now we can compare:

- Probability of low cholesterol given taking all drugs: 14%
- Probability of low cholesterol given not taking all drugs: 66%

Clearly, the probability of low cholesterol is *higher* when *not* taking all assigned drugs (66%) compared to when taking all assigned drugs (14%).

**Summary:**

1. Identify the given probabilities.
2. Calculate the probability of low cholesterol when not taking all drugs.
3. Compare the probabilities: 66% (not taking all drugs) vs. 14% (taking all drugs).

**Answer:**

No, the chance of low cholesterol is *not* larger when observing the taking of all assigned drugs. In fact, it is higher when not taking all assigned drugs."
534,yes,"Step-by-Step Reasoning:**

1. Calculate the conditional probability of normal birth weight given a smoking mother: 3% / 29% ≈ 0.1034.
2. Calculate the conditional probability of normal birth weight given a non-smoking mother: 41% / 71% ≈ 0.5775.
3. Compare the two conditional probabilities; the probability of normal birth weight is higher when the mother is a non-smoker.

**Answer:**

No, the chance of normal infant birth weight is **not** larger when observing a smoking mother."
535,no,"step-by-step reasoning:

1. **Increased yield per acre**: This means that the farm can produce more output with the same amount of input, leading to increased supply.
2. **Low demand**: Despite the increased supply, demand remains low.
3. **Price determination**: According to the principles stated, increased supply with low demand does not lead to increased price. Since there's no mention of any other factors influencing price, we can deduce that the price will not increase.
4. **Reduced supply**: The scenario asks about reduced supply, which is the opposite of what is actually happening (increased supply). Therefore, reduced supply cannot be the cause of reduced price in this context.

**Summary:**

- Increased yield per acre leads to increased supply.
- Low demand means that increased supply won't lead to increased price.
- Reduced supply is not the cause of reduced price in this scenario.

**Answer: No**

The price would not be reduced due to reduced supply in this scenario. The increased yield per acre has already led to increased supply, and low demand prevents any price increase."
536,no,"Step-by-Step Reasoning:**

1. Identify the probabilities:
   - Nonsmokers: 66% chance of admission
   - Smokers: 36% chance of admission

2. Compare the probabilities:
   - 66% is greater than 36%.

3. Conclude that smoking decreases the chance of admission because the probability of admission is lower for smokers than for nonsmokers.

**Yes or No Answer:**

No, smoking does not increase the chance of college admission."
537,yes,"Step-by-Step Reasoning:**

1. Identify the given probabilities and define variables for each scenario.
2. Apply the law of total probability to calculate the overall probability of the prisoner's death.
3. Compare the overall probability of death (51.89%) with the given overall probability of the captain's execution order (69%).
4. Conclude that the prisoner's death is less likely than the prisoner being alive overall.

**Answer:**

No, the prisoner's death is **not** less likely than the prisoner being alive overall."
538,no,"Step-by-Step Reasoning:**

1. Compare the probabilities: 59% (normal weight) vs. 79% (obese).
2. The probability of a long lifespan is higher for obese individuals.
3. Therefore, obesity does not decrease the chance of a long lifespan in this scenario.

**Yes or No Answer:**

No, obesity does not decrease the chance of a long lifespan based on the given probabilities."
539,yes,"Step-by-step Reasoning:**

1. The premise states that the rainy season causes rain and the sprinkler to turn on.
2. It also states that rain (and the sprinkler) causes the ground to be wet.
3. Therefore, during the rainy season, both rain and sprinkler usage are more frequent, leading to a higher probability of a wet ground.
4. Conversely, during the dry season, rain and sprinkler usage are less frequent, making a wet ground less likely.

**Yes or No Answer:**

Yes."
540,no,"**Full Response:**

No, it is not more correct to use Method 1 than Method 2 to understand how a gene affects lung cancer. Both methods have their merits and should be considered together for a comprehensive understanding.

**Reasoning:**

1. **Method 1** examines the general correlation between the gene and lung cancer, which can provide an overall picture of the relationship. However, it doesn't account for confounding factors like smoking, which is a significant risk factor for lung cancer.

2. **Method 2** considers the correlation on a case-by-case basis according to smoking status. This method can help isolate the gene's effect from the influence of smoking, providing a clearer understanding of the gene's direct impact on lung cancer.

3. **Combining both methods** would offer the most robust understanding. First, identify the general correlation (Method 1), then stratify by smoking status (Method 2) to tease out the gene's independent effect.

**Answer:**

No, Method 1 is not necessarily more correct than Method 2. Both should be used in conjunction for a comprehensive understanding."
541,no,"Step-by-Step Reasoning:**

1. A correlation of 0.20 is low but positive.
2. This indicates a weak relationship between kindness and attractive appearance.
3. Even though the correlation is weak, it is still positive, meaning there is some association between the two variables.

**Yes/No Answer:**

No, kindness does affect attractive appearance, albeit weakly."
542,yes,"Step-by-Step Reasoning:**

1. Eliminate the option that the confounder guarantees a high salary directly.
2. Recognize that the observed conditions do not provide enough information about the person's educational attainment or its impact on salary.
3. Conclude that without additional information, we cannot determine the likelihood of a high salary based on educational level.

**Answer:**

No, we cannot conclude that the employee would have a high salary with a college degree or higher."
543,no,"Step-by-Step Reasoning:**

1. A correlation coefficient of -0.66 is considered strong and negative.
2. This value implies that as attractiveness increases, talent tends to decrease, and as attractiveness decreases, talent tends to increase.
3. Therefore, it does not imply no relationship but rather a significant inverse relationship between attractiveness and talent among famous people.

**Yes/No Answer:**

No, it does not mean that attractive appearance does not affect talent."
544,yes,"Step-by-Step Reasoning:**

1. Given probabilities: male gender ($48\%$), high salary for non-males ($53\%$), and high salary for males ($78\%$).
2. Calculate the probabilities of not male ($52\%$) and the overall probability of a high salary ($P(H)$) using the law of total probability.
3. Compare $P(H)$ to $50\%$ (the midpoint between high and low salary probabilities) to determine likelihood.

**Answer:**

Yes, a high salary is more likely than a low salary overall."
545,no,"Step-by-step Reasoning:**

1. Compare the probabilities: 74% (with citrus) vs. 60% (without citrus).
2. The probability of scurvy is higher for those who do not consume citrus.
3. Therefore, it is more likely to observe scurvy in patients who had not consumed citrus.

**Answer:** No, it would not be more likely to see scurvy if the patient had consumed citrus; it would be more likely if they had not."
546,yes,"Step-by-Step Reasoning:**

1. Identify the relevant probabilities: 53% for nonsmoking mothers and 5% for smoking mothers, both with normal infant birth weight.
2. Compare the two probabilities.
3. Conclude that the chance of normal infant birth weight is smaller when observing a smoking mother due to the lower probability (5%) compared to nonsmoking mothers (53%).

**Answer:**

Yes, the chance of normal infant birth weight is smaller when observing a smoking mother."
547,yes,"Step-by-step Reasoning:**

- Identify the probabilities for each season: Dry season (56%) and Rainy season (43%).
- Compare the probabilities: 43% (rainy season) is less than 56% (dry season).
- Conclude that the probability of wet ground is lower during the rainy season, contradicting the implication that the previous dry season would increase the likelihood of wet ground in the rainy season.

3. **Yes or No Answer:**

**No**"
548,yes,"**Full Response:**

To determine if a high salary is less likely than a low salary overall, we need to consider the probabilities given:

- The overall probability of having a college degree or higher is 35%.
- For those without a college degree, the probability of a high salary is 25%.
- For those with a college degree or higher, the probability of a high salary is 94%.

First, we calculate the probability of a high salary for the 65% of people who don't have a college degree:
- Probability of high salary without college degree = 0.25 (given)

Next, we calculate the probability of a high salary for the 35% who do have a college degree:
- Probability of high salary with college degree = 0.94 (given)

To find the overall probability of a high salary, we weight these probabilities by the proportion of people in each group:
- Overall probability of high salary = (0.65 * 0.25) + (0.35 * 0.94) = 0.1625 + 0.329 = **0.4915** or **49.15%**.

Since 49.15% is greater than 50%, a high salary is **more** likely overall, not less.

**Summary:**

1. Calculate the probability of high salary for those without a college degree (25%).
2. Calculate the probability of high salary for those with a college degree (94%).
3. Weight these probabilities by the proportion of people in each group.
4. Sum the weighted probabilities to get the overall probability of a high salary (49.15%).
5. Compare this to 50% to determine likelihood.

**Answer:**

No, high salary is **not** less likely than low salary overall. (The correct answer is actually the opposite: High salary is more likely overall.)"
549,yes,"Step-by-step Reasoning:**

1. The problem presents two probabilities: a 50% chance of admission for non-males and an 82% chance for males.
2. Comparing these probabilities, 82% is greater than 50%.
3. Therefore, being male (with an 82% chance) gives an individual a higher likelihood of admission acceptance compared to not being male (with a 50% chance).

**Yes or No Answer:**

Yes."
550,no,"Step-by-Step Reasoning:**

1. Compare the probabilities:
   - P(Waking up late) = 11%
   - P(Waking up on time AND arriving on time) = 35%
   - P(Waking up late AND arriving on time) = 8%
2. Notice the contradiction: The probability of both events occurring (waking up late and arriving on time) is given as 8%, which implies a higher probability than just waking up late (11%), which is not possible in this context.
3. Compare with the expected relationship: Typically, waking up late should decrease the chances of arriving on time, but the given probabilities suggest the opposite.

**Answer:**

No, based on the provided probabilities, we cannot conclude that the chance of arriving at school on time is smaller when observing waking up late. In fact, the given data suggests the opposite, which indicates an inconsistency in the probability values."
551,no,"Step-by-Step Reasoning:**

1. Calculate the overall probability of a high salary using the law of total probability.
2. Compare the resulting probability to 50% to determine if a high salary is more or less likely.
3. Conclude that since the probability is greater than 50%, a high salary is more likely overall.

**Answer:**

No, high salary is not less likely than low salary overall."
552,yes,"Step-by-step Reasoning:**

1. Compare probabilities when the husband sets or doesn't set the alarm, averaging the percentages for each action.
2. The average probability of the alarm ringing is higher when the husband doesn't set the alarm (66%) than when he does (32%).
3. Conclude that the husband setting the alarm is associated with a lower probability of the alarm ringing.

**Answer:**

Yes, if we disregard the mediation effect through the wife, the husband negatively affects the alarm clock."
553,yes,"Step-by-Step Reasoning:**

1. Eliminate the incorrect answer first: If the captain had ordered the release of the prisoner, the corporal would not have shot, as there would have been no need to execute the prisoner.
2. The private not shooting is a result of the captain's order to execute, as it implies the prisoner is to be killed by the corporal.
3. Therefore, the most likely correct answer is that the prisoner would not be dead if the captain had ordered the prisoner's release.

**Answer:**

No, the prisoner would not be dead if the captain's order had been to release the prisoner instead of execute them."
554,yes,"Step-by-step Reasoning:**

1. The question tries to establish a causal relationship between gender, smoking, tar deposit, and lung cancer, but the provided premises are insufficient and contain contradictory information.
2. Smoking is known to increase tar deposits, not reduce them.
3. Even if we assume the incorrect premise that smoking reduces tar deposits, it does not logically follow that this would prevent lung cancer in a female individual.
4. The correct conclusion would be that the provided information is inadequate to determine the likelihood of lung cancer in a female smoker.

**Answer:**

No, we cannot conclude that the person would have no lung cancer if they smoked instead of not smoking based on the given information."
555,no,"Step-by-Step Reasoning:**

1. Compare acceptance rates for non-competitive and competitive departments separately for both genders.
2. Observe that the gap in acceptance rates between genders is more significant in competitive departments.
3. Consider the probabilities of applying to competitive departments by gender.
4. Conclude that the apparent effect of gender on admission status is confounded by department competitiveness and application trends.

**Yes or No Answer:**

No, gender does not positively affect admission status through department competitiveness based on the given data. The relationship between gender and admission acceptance is complex and depends on the competitiveness of the department and the likelihood of applying to competitive departments, which differs by gender."
556,no,"Step-by-Step Reasoning:**

1. Compare the probabilities: 68% (normal weight) vs. 37% (obese).
2. The higher probability for normal-weight individuals indicates a greater chance of a long lifespan.
3. Therefore, obesity is not associated with an increased chance of long lifespan.

**Yes or No Answer:**

No, obesity does not increase the chance of a long lifespan based on the provided probabilities."
557,yes,"Step-by-Step Reasoning:**

- Compare the probabilities: 61% (with medication) vs. 38% (without medication).
- The higher probability (61%) corresponds to people taking medication.
- Therefore, it is more likely to find a healthy heart among those taking medication.

3. **Yes or No Answer:**

**No**, it would not be less likely to see a healthy heart in a person taking medication compared to one who is not, given the provided probabilities."
558,no,"**Full Response:**

No, it is not more correct to use Method 1 than Method 2 to understand how smoking affects lung cancer. While examining tar deposits in the lungs of smokers (Method 1) can provide valuable information, it is not a more comprehensive or accurate approach than directly studying the correlation between smoking and lung cancer (Method 2).

Method 2 is more straightforward and encompasses a broader range of evidence. It considers numerous studies and statistical data that have consistently shown a strong association between smoking and lung cancer. This method takes into account the extensive body of knowledge accumulated over decades of research, which has led to a clear understanding of the causative relationship between smoking and lung cancer.

**Reasoning:**

1. **Broad Evidence Base:** Method 2 directly addresses the overall correlation, benefiting from a vast array of epidemiological studies, clinical observations, and public health data that firmly establish the link between smoking and lung cancer.
2. **Simplicity and Directness:** It simplifies the analysis by focusing on the primary question without adding complexity through secondary factors like tar deposits, which, while relevant, are not necessary for establishing the fundamental connection.
3. **Established Knowledge:** The relationship between smoking and lung cancer is well-documented and accepted within the scientific and medical communities, making Method 2 a more reliable and efficient approach to understanding this specific health risk.

**Answer:** No."
559,yes,"Step-by-Step Reasoning:**

1. Compare the probabilities of scurvy in both groups: 74% (no citrus) vs. 63% (citrus).
2. Observe that the probability of scurvy is lower in the citrus-consuming group.
3. Conclude that citrus consumption might positively affect scurvy prevention due to its vitamin C content.

**Yes or No Answer:**

**Yes**, eating citrus positively affects scurvy through vitamin C."
560,yes,"Step-by-step Reasoning:**

1. Identify the probabilities:
   - Probability of admission for individuals who are not male (female or other gender): 50%
   - Probability of admission for individuals who are male: 35%

2. Compare the probabilities:
   - The probability of admission for non-males (50%) is higher than the probability for males (35%).

3. Conclude that male gender decreases the chance of admission acceptance.

**Yes or No Answer:**

No, male gender does not increase the chance of admission acceptance."
561,no,"**Full Response:**

To determine if low cholesterol is more likely than high cholesterol overall, we need to consider the given probabilities and the concept of conditional probability.

Given:
- The overall probability of taking all assigned drugs is 42%.
- For patients who have not taken any drugs, the probability of low cholesterol is 22%.
- For patients who have taken all assigned drugs, the probability of low cholesterol is 12%.

Let's denote:
- $P(D)$ as the probability of taking all assigned drugs.
- $P(\neg D)$ as the probability of not taking any drugs.
- $P(L|D)$ as the probability of low cholesterol given that the patient has taken all assigned drugs.
- $P(L|\neg D)$ as the probability of low cholesterol given that the patient has not taken any drugs.

We are asked to compare the overall likelihood of low cholesterol, which can be calculated as:

$$
\begin{align*}
P(\text{Low Cholesterol}) &= P(L|D) \cdot P(D) + P(L|\neg D) \cdot P(\neg D) \\
&= 0.12 \cdot 0.42 + 0.22 \cdot (1 - 0.42) \\
&= 0.0504 + 0.1144 \\
&= 0.1648 \, .
\end{align*}
$$

Now, since the probability of low cholesterol is 16.48%, and high cholesterol is the complementary event, the probability of high cholesterol would be:

$$
\begin{equation*}
P(\text{High Cholesterol}) = 1 - P(\text{Low Cholesterol}) = 1 - 0.1648 = 0.8352 \, .
\end{equation*}
$$

Comparing the two probabilities, we find that the probability of high cholesterol (83.52%) is greater than the probability of low cholesterol (16.48%). Therefore, high cholesterol is more likely overall.

**Summary:**

1. Calculate the probability of low cholesterol given that the patient took all drugs ($P(L|D)$) and did not take any drugs ($P(L|\neg D)$).
2. Use the law of total probability to find the overall probability of low cholesterol: $P(\text{Low Cholesterol}) = P(L|D) \cdot P(D) + P(L|\neg D) \cdot P(\neg D)$.
3. Compare this probability to the complementary probability of high cholesterol to determine which is more likely.

**Answer:**

No, low cholesterol is not more likely than high cholesterol overall. High cholesterol has a higher probability of occurring."
562,no,"Step-by-step Reasoning:**

1. Compare recovery rates for young patients with low vs. high bills: 7% vs. 17%. High bill increases recovery chance.
2. Compare recovery rates for old patients with low vs. high bills: 80% vs. 92%. High bill increases recovery chance.
3. Conclude that a high hospital bill generally increases the chance of recovery across age groups.

**Yes or No Answer:**

Yes, a high hospital bill increases the chance of recovery."
563,no,"Step-by-Step Reasoning:**

1. Calculate the average probability of penguin death for each mode of transportation (stairs/elevator) across both penguin moods.
2. Compare these averages.
3. Determine which mode of transportation results in a lower average probability of penguin death.
4. Conclude that the mode with the lower average positively affects penguin survival.

**Yes or No Answer:**

Yes, your decision to choose the stairs over the elevator would positively affect penguin survival when disregarding penguin mood."
564,yes,"**Full Response:**

Yes, it is more correct to use Method 1 (examining the correlation between the captain and each prisoner individually) than Method 2 (looking at the general correlation between captains and prisoners) to understand how a captain affects a prisoner.

**Reasoning:**

1. **Individual Context Matters:** The impact of a captain on a prisoner can vary greatly depending on individual circumstances. Factors like the prisoner's background, the nature of their crime, their behavior, and the specific interactions with the captain can all influence the outcome. A general correlation might not capture these nuanced effects.

2. **Specificity of Relationships:** Each relationship between a captain and a prisoner is unique. By examining these relationships on a case-by-case basis, you can better understand the specific factors and dynamics at play that influence the outcome for each prisoner.

3. **Potential Bias or Outliers:** General correlations can be influenced by outliers or biases in the data. By focusing on individual cases, you can identify and account for these anomalies, providing a more accurate understanding of the typical relationship.

**Yes or No Answer:**

Yes, Method 1 is more correct."
565,yes,"Step-by-step Reasoning:**

1. Identify the relevant probabilities: 43% for nonsmoking mothers with normal birth weight and 9% for smoking mothers with normal birth weight.
2. Compare the two probabilities.
3. Conclude that since 43% is greater than 9%, the chance of normal infant birth weight is larger when observing a nonsmoking mother.

**Answer:**

No, the chance of normal infant birth weight is **not** larger when observing a smoking mother. It is larger when observing a nonsmoking mother (43% vs. 9%)."
566,no,"**Full Response:**

When trying to understand the relationship between education level and salary, it is more appropriate to use Method 1, which accounts for unobserved confounders, rather than Method 2.

**Reasoning:**

1. **Confounders**: Unobserved confounders (like inherent abilities, family background, or unmeasured skills) can significantly influence both education level and salary. Ignoring these factors can lead to biased estimates of the education-salary relationship.

2. **Correlation vs. Causation**: Method 2 simply looks at the correlation between education level and salary, which does not necessarily imply causation. A higher education level might be correlated with higher salaries due to other factors, not necessarily because education directly causes higher salaries.

3. **Precision**: Method 1, by considering unobserved confounders on a case-by-case basis, provides a more precise and accurate estimate of the true relationship between education and salary, as it tries to isolate the causal effect of education.

**Yes or No Answer:**

Yes, it is more correct to use Method 1 than Method 2 to understand how education level affects salary."
567,no,"Step-by-Step Reasoning:**

1. Compare the probability of blowing out the candle (43%) with the combined probability of the scenarios leading to a dark room (53%).
2. The combined probability of a dark room is higher, indicating it's more likely the room is dark when the candle is blown out.

**Yes or No Answer:**

Yes, the chance of a dark room is larger when observing the blowing out of the candle."
568,no,"Step-by-step Reasoning:**

1. Use the probability formula for the union of events, simplified due to the mutually exclusive nature of cholera contraction with clean and polluted water.
2. Compare the probability of cholera contraction when considering both water types (53%) to the probability of clean water (33%).
3. Compare the probability of clean water and cholera (14%) to the probability of clean water (33%).
4. Conclude that the probability of cholera contraction is not larger when observing clean water.

**Answer:**

No, the chance of cholera contraction is **not** larger when observing clean water."
569,yes,"step-by-step reasoning:

1. **Direct Comparison:**
   - Children with intelligent parents have an 86% probability of being intelligent, regardless of parental social status (low or high).
   - Children with unintelligent parents have a 50% probability of being intelligent, regardless of parental social status (low or high).

2. **Comparison of Probabilities:**
   - The probability of an intelligent child is higher (86%) when parents are intelligent, compared to when parents are unintelligent (50%).

3. **Conclusion:**
   - Since the probability of having an intelligent child is higher when parents are intelligent than when they are not, this indicates a positive effect of parent's intelligence on child's intelligence, independent of parental social status.

**Yes/No Answer: Yes**"
570,yes,"**Full Response:**

Yes, your decision to choose the stairs or the elevator does seem to have an impact on penguin survival, and it is further influenced by the mood of the penguins. 

Here's a breakdown:
- If penguins are sad and you choose the stairs, the probability of their death is 11%.
- If penguins are happy and you choose the stairs, the risk of death drops to 57%.
- Taking the elevator with sad penguins results in a 25% chance of death, which is higher than the stairs.
- With happy penguins in the elevator, the death probability rises to 66%.

Additionally, the chances of penguins being happy are significantly higher (86%) when you opt for the stairs compared to the elevator (39%). 

**Reasoning:**

1. Compare the death probabilities for each transportation method regardless of penguin mood:
   - Stairs: 11% (sad) and 57% (happy)
   - Elevator: 25% (sad) and 66% (happy)

2. The stairs consistently show lower death probabilities across both moods.

3. Further, the stairs have a much higher likelihood of making penguins happy (86%) compared to the elevator.

**Answer:**

Yes, choosing the stairs appears to positively affect penguin survival and their mood."
571,no,"Step-by-Step Reasoning:**

1. Compare the probabilities of long lifespan for normal-weight and obese individuals, both with and without diabetes. Obese individuals have lower probabilities in all cases.
2. Notice that the probabilities of having diabetes are much higher for obese individuals, indicating a strong association between obesity and diabetes.
3. Consider the overall probability of being a smoker, but note that it doesn't change the fact that obesity is associated with lower probabilities of long lifespan across all categories.

**Answer:**

No, obesity does not positively affect lifespan. The data clearly indicates a negative relationship between obesity and long lifespan, independent of diabetes and smoking status."
572,no,"Step-by-step Reasoning:**

   - A correlation of -0.09 is close to zero, indicating a very weak relationship.
   - A negative sign suggests an inverse relationship, but given the proximity to zero, it's so weak that it's almost non-existent.
   - Correlation does not equal causation; even if there were a stronger relationship, it wouldn't prove that attractiveness causes or is caused by talent.

3. **Yes or No Answer:**

**No**, it does not mean that attractive appearance does not affect talent. The correlation simply suggests that, among famous people, there is no significant linear relationship between attractiveness and talent."
573,yes,"Step-by-Step Reasoning:**

1. Compare probabilities of penguin death directly associated with each choice (stairs vs. elevator), taking into account both sad and happy penguin moods.
2. Calculate the weighted average probability of death for each choice, assuming equal likelihood of penguins being sad or happy.
3. Conclude that the choice with the lower average probability of penguin death is the one that positively affects penguin survival.

**Yes or No Answer:**

Yes, your decision to take the stairs would positively affect penguin survival compared to taking the elevator, disregarding the mediation effect through penguin mood."
574,yes,"Step-by-Step Reasoning:**

1. Compare the probabilities of cholera contraction for both groups: 46% (local) vs. 47% (global).
2. Compare the probabilities of clean water for both groups: 66% (local) vs. 60% (global).
3. Conclude that the slight increase in cholera probability for the global water company is accompanied by a higher probability of clean water, indicating that clean water is not the factor increasing cholera risk.

**Yes or No Answer:**

No."
575,no,"Step-by-Step Reasoning:**

1. Calculate the overall probability of a high salary using the given probabilities and the base rates of males and non-males.
2. Compare the overall probability of a high salary to the overall probability of a low salary (which is 100% - the high salary probability).
3. Conclude that since the high salary probability is higher, it is more likely than a low salary overall.

**Answer:**

Yes, a high salary is more likely than a low salary overall."
576,yes,"Step-by-step Reasoning:**

- Compare the probabilities: 72% (no alarm set) vs. 17% (alarm set).
- The higher probability (72%) indicates a greater likelihood of the event (ringing alarm) happening when the alarm is not set.
- Therefore, the conclusion is that it would be more likely to see a ringing alarm if the husband had not set the alarm.

3. **Yes or No Answer:**

No, it would not be less likely to see a ringing alarm if the husband had set the alarm. (It would be more likely if he hadn't set the alarm.)"
577,no,"**Full Response:**

To determine if the chance of admission acceptance is larger when observing male gender, we need to compare the probabilities directly.

Given:
- The probability of male gender (M) is 7%.
- The probability of non-male gender (not-M) is 93% (100% - 7%).
- The probability of admission acceptance (A) given non-male gender is 53%.
- The probability of admission acceptance given male gender is 4%.

We are asked to compare P(A|M) and P(A|not-M).

**Step 1:** Calculate the probability of admission acceptance for each gender.

- P(A|M) = 0.04 (given)
- P(A|not-M) = 0.53 (given)

**Step 2:** Compare the probabilities.

P(A|M) = 0.04 (4%)
P(A|not-M) = 0.53 (53%)

Clearly, P(A|not-M) is greater than P(A|M).

**Step 3:** Conclusion.

The chance of admission acceptance is larger when observing non-male gender, not male gender.

**Summary:**

1. Calculate the probabilities of admission acceptance for male (P(A|M) = 4%) and non-male (P(A|not-M) = 53%) genders.
2. Compare the probabilities: P(A|not-M) > P(A|M).
3. Conclude that the chance of admission acceptance is larger for non-male gender.

**Yes or No Answer:**

No, the chance of admission acceptance is not larger when observing male gender. It is larger for non-male gender."
578,yes,"Step-by-Step Reasoning:**

1. Compare the probabilities of admission acceptance for non-male and male applicants in both competitive and non-competitive departments.
2. Observe that the probabilities for non-male applicants are higher in both cases (63% vs 50% for non-competitive, and 21% vs 90% for competitive).
3. Note that the higher probability for males in the competitive department (90%) does not negate the overall lower average probability of admission acceptance compared to non-males.
4. Conclude that gender negatively affects admission status when department competitiveness is disregarded.

**Yes or No Answer:**

Yes."
579,no,"**Full Response:**

To determine if attractive appearance is more likely than unattractive appearance overall, we need to consider the given probabilities. We are given the following information:

- The overall probability of kindness is 58%.
- For people with mean personalities, the probability of attractive appearance is 40%.
- For people with kind personalities, the probability of attractive appearance is also 40%.

First, let's calculate the probability of having an attractive appearance regardless of personality type. We can do this by using the Law of Total Probability. We assume that the probabilities of having a mean or kind personality add up to 100%.

Probability of attractive appearance = (Probability of attractive appearance given kind personality * Probability of kind personality) + (Probability of attractive appearance given mean personality * Probability of mean personality)

Let K be the event of having a kind personality, M be the event of having a mean personality, and A be the event of having an attractive appearance. We are given P(K) = 0.58, P(A|K) = 0.40, P(A|M) = 0.40. We need to find P(A).

Since the sum of probabilities of all possible outcomes is 1, we can assume P(M) = 1 - P(K) = 1 - 0.58 = 0.42.

P(A) = P(A|K) * P(K) + P(A|M) * P(M)
     = 0.40 * 0.58 + 0.40 * 0.42
     = 0.232 + 0.168
     = 0.40

So, the probability of having an attractive appearance overall is 40%. This means that attractive appearance is equally likely as unattractive appearance overall, as the sum of these probabilities should be 1 (100%).

**Summary:**

1. Calculate the overall probability of attractive appearance using the Law of Total Probability.
2. Assume the probability of having a mean personality is the complement of the probability of having a kind personality.
3. Plug in the given values to find the overall probability of attractive appearance.
4. Conclude that attractive and unattractive appearances are equally likely overall.

**Answer:**

No, attractive appearance is not more likely than unattractive appearance overall. The probability of each is 40%, indicating an equal likelihood."
580,yes,"Step-by-Step Reasoning:**

1. Compare the probabilities of intelligent children across different parental intelligence and social status combinations.
2. Observe that high parental social status seems to be associated with lower probabilities of intelligent children when parents are intelligent.
3. Conclude that parental intelligence may positively affect child intelligence, but this relationship is complicated by the interaction with parental social status.
4. Ignoring the mediating role of social status might lead to an inaccurate assessment of the relationship between parental intelligence and child intelligence.

**Yes/No Answer:**

No, disregarding the mediation effect through parents' social status would not accurately reflect a positive effect of parents' intelligence on a child's intelligence, as the provided data suggests a more complex interaction between these factors."
581,no,"Step-by-Step Reasoning:**

1. Identify potential confounders (unobserved variables) that could influence both education level and salary.
2. Recognize that general correlation (Method 2) doesn't establish causation and can be misleading.
3. Understand that Method 1 aims to control for confounders, providing a more accurate, case-by-case understanding of the education-salary relationship.
4. Conclude that Method 1 is more reliable for determining how education level affects salary.

**Yes or No Answer:**

Yes, it is more correct to use Method 1 than Method 2 to understand how education level affects salary."
582,no,"Step-by-step Reasoning:**

1. Identified that smoking mothers are less likely to have infants with normal birth weight compared to non-smoking mothers, suggesting an indirect link between smoking and infant health.
2. Compared infant mortality rates across different birth weight and smoking categories, finding that low birth weight, regardless of maternal smoking status, has a higher association with infant mortality than smoking itself.
3. Concluded that maternal smoking status indirectly affects infant mortality through factors like birth weight and infant health, rather than directly causing infant mortality.

**Answer:** No, maternal smoking status does not directly negatively affect infant mortality through infant birth weight according to the provided probabilities."
583,yes,"**Full Response:**

Yes, setting the alarm decreases the chance of the alarm actually ringing.

**Reasoning:**

1. Identify the probabilities:
   - No-set probability (P(N)) of alarm ringing is 90%.
   - Set probability (P(S)) of alarm ringing is 25%.

2. Compare the probabilities: P(N) > P(S).

3. Conclusion: Setting the alarm (reducing the probability to 25%) decreases the chance of the alarm ringing compared to not setting it (where the probability is 90%).

**Answer:**

Yes."
584,no,"Step-by-step Reasoning:**

1. Compare the two probabilities: 42% (vaccinated) vs. 41% (unvaccinated).
2. Since 42% is larger than 41%, vaccination increases the survival probability.

**Yes or No Answer:**

Yes, vaccination increases the chance of smallpox survival."
585,no,"Step-by-Step Reasoning:**

1. Compare probabilities for children with unintelligent parents:
   - High parental social status (with inactive confounder): 65%
   - Low parental social status (with inactive confounder): 60%
   - This suggests a slight positive effect of high social status on child intelligence for unintelligent parents.

2. Compare probabilities for children with intelligent parents:
   - High parental social status (with active confounder): 22%
   - High parental social status (with inactive confounder): 35%
   - This indicates that the active confounder negatively affects the probability of an intelligent child for intelligent parents.

3. Conclude that the relationship between parental intelligence and child intelligence is influenced by the confounder, rather than being a direct negative effect of parental intelligence.

**Yes or No Answer:**

No, parents' intelligence does not directly negatively affect a child's intelligence when disregarding the mediation effect through parents' social status; instead, a confounder plays a significant role."
586,no,"Step-by-Step Reasoning:**

1. Compare the probabilities of long lifespan for normal-weight and obese individuals, excluding those with diabetes.
2. Normal-weight without diabetes: 43%
3. Obese without diabetes: 48%
4. Since 48% is greater than 43%, obesity appears to have a slight positive effect on lifespan in the absence of diabetes.

**Answer:**

No, obesity does not negatively affect lifespan, and it may even have a slight positive effect, when the mediation effect of diabetes is disregarded."
587,no,"Step-by-step Reasoning:**

   - Identify the given probabilities: 68% for males and 57% for non-males.
   - Compare the probabilities: 68% is greater than 57%.
   - Conclude that if an individual who is male were not male, their probability of acceptance would decrease from 68% to 57%.

3. **Yes or No Answer:**

**Yes**, it would be less likely to see admission acceptance for an individual who is male if they had not been male, based on the provided probabilities."
588,no,"**Full Response:**

To determine if the chance of admission acceptance is smaller when observing male gender, we need to compare the probability of admission acceptance for males (20%) to that of non-males (22%).

Given:
- The overall probability of male gender is 55%.
- The probability of non-male gender and admission acceptance is 22%.
- The probability of male gender and admission acceptance is 20%.

Step 1: Calculate the overall probability of admission acceptance.
Overall acceptance probability = Male acceptance probability + Non-male acceptance probability
= 20% + 22%
= 42%

Step 2: Compare male acceptance probability to non-male acceptance probability.
Male acceptance probability (20%) is smaller than non-male acceptance probability (22%).

**Summary:**

1. Calculate the overall acceptance probability by adding the acceptance probabilities for both genders.
2. Compare the male acceptance probability to the non-male acceptance probability.

**Answer:**

Yes, the chance of admission acceptance is smaller when observing male gender."
589,yes,"**Full Response:**

Yes, it is more correct to use Method 1 to understand how a husband's actions or behaviors might affect an alarm clock, as it accounts for individual variations and contextual factors within each specific case.

**Reasoning:**

1. **Individual Differences:** Each wife-husband dynamic is unique, and a husband's relationship with an alarm clock could vary widely depending on personal habits, preferences, and routines. Method 1 acknowledges these differences by examining each case individually.

2. **Contextual Factors:** Factors like the husband's occupation, daily schedule, or even cultural background could influence how he interacts with an alarm clock. A comprehensive understanding would require considering these contextual elements.

3. **Generalizations vs. Specifics:** Method 2, by its nature, relies on generalizations and might not capture the nuanced ways in which a husband's actions can correlate with an alarm clock. Generalizations may lead to oversimplifications and inaccuracies.

**Yes/No Answer:**

Yes, Method 1 is more correct."
590,yes,"**Full Response:**

In this scenario, it is more appropriate to use Method 1, which involves examining hospital costs and recovery on a case-by-case basis, stratified by age. Here's why:

- **Individual Differences:** Recovery from illness or injury can vary significantly from person to person due to a multitude of factors including age, pre-existing health conditions, severity of the current illness or injury, overall health status, and individual responses to treatment. Age, in particular, can be a substantial factor influencing both hospital costs and recovery outcomes.
- **Age-Specific Insights:** By analyzing data on a case-by-case basis within specific age groups, you can uncover patterns and relationships that might not be apparent when looking at the data in aggregate. For instance, what constitutes a significant hospital cost for an elderly patient might differ from that of a pediatric patient, and the recovery trajectories could also vary widely.
- **Precision in Analysis:** Method 1 allows for a more nuanced understanding of how hospital costs and recovery are related, accounting for the unique circumstances of each patient. This approach can lead to more accurate conclusions and targeted recommendations for improving healthcare outcomes and cost management within specific age brackets.

**Summary:**

- Identify the key variable (age) that can significantly influence both hospital costs and recovery.
- Recognize the importance of individual differences in healthcare outcomes.
- Understand that a detailed, case-by-case analysis within age groups will provide more precise insights into the relationship between hospital costs and recovery.

**Answer:** Yes, it is more correct to use Method 1 to understand how hospital costs affect recovery when considering the impact of age."
591,no,"**Full Response:**

To determine if college admission is less likely than college rejection overall, we need to consider the probabilities given:

- The overall probability of smoking is 86%.
- For nonsmokers, the probability of college admission is 63%.
- For smokers, the probability of college admission is 54%.

First, we calculate the probability of college admission for the entire population. We can do this by using the law of total probability:

P(College Admission) = P(College Admission | Nonsmoker) * P(Nonsmoker) + P(College Admission | Smoker) * P(Smoker)

We know the probabilities of college admission given smoking and nonsmoking status, but we don't have the probability of being a nonsmoker. Since the overall probability of smoking is 86%, the probability of being a nonsmoker is 100% - 86% = 14%.

Now, we can calculate the overall probability of college admission:

P(College Admission) = 0.63 * 0.14 + 0.54 * 0.86 ≈ 0.5958 or 59.58%

This means the overall probability of college admission is approximately 59.58%. Since this is less than 50%, college admission is indeed less likely than college rejection overall.

**Summary:**

1. Calculated the probability of being a nonsmoker as 14% (100% - 86%).
2. Computed the overall probability of college admission using the law of total probability, resulting in approximately 59.58%.
3. Concluded that since the overall probability of college admission is less than 50%, college admission is less likely than college rejection.

**Answer:**

Yes, college admission is less likely than college rejection overall."
592,no,"Step-by-Step Reasoning:**

1. Identify the direct causes: Captain's order to execute leads to corporal shooting and private not shooting.
2. Understand the result: Either corporal shooting or private shooting causes prisoner's death.
3. Change the order: If captain orders release, corporal shooting and private not shooting do not occur.
4. Conclusion: Without the shootings, the most likely outcome is the prisoner stays alive.

**Yes/No Answer:**

Yes, the prisoner would likely be alive if the captain had ordered the prisoner's release instead of execution."
593,yes,"Step-by-Step Reasoning:**

1. Compare probabilities of increased price for reduced and increased crop yield.
2. Observe that 52% (reduced yield) is greater than 35% (increased yield).
3. Conclude that increased supply (associated with increased yield) increases the chance of increased price.

**Answer:**

No, increased supply does not decrease the chance of increased price in this context; rather, it increases it."
594,yes,"step-by-step reasoning:

* **Identify the key probabilities:**
    *  P(Manager signs | Employee fired) = 0.43 (Given)
    * P(Manager doesn't sign | Employee fired) = 0.16 (Given)
    * P(Manager signs AND Employee fired) = 0.28 (Given)

* **Calculate the missing probability:**
    * P(Manager signs) can be found using the formula: P(A and B) = P(A) * P(B|A). In this case, we have P(Manager signs AND Employee fired) = P(Manager signs) * P(Employee fired | Manager signs). Rearranging for P(Manager signs), we get: P(Manager signs) = P(Manager signs AND Employee fired) / P(Employee fired | Manager signs) = 0.28 / 0.43 ≈ 0.651.

* **Compare the probabilities:** 
    * P(Employee fired | Manager signs) = 0.43 (Given)
    * We know that P(Employee fired | Manager doesn't sign) can be calculated using: P(Employee fired) = P(Employee fired | Manager signs) * P(Manager signs) + P(Employee fired | Manager doesn't sign) * P(Manager doesn't sign). Solving for P(Employee fired | Manager doesn't sign), we get: P(Employee fired | Manager doesn't sign) = (P(Employee fired) - P(Employee fired | Manager signs) * P(Manager signs)) / P(Manager doesn't sign) ≈ 0.16 / 0.35 ≈ 0.457.

* **Conclusion:**  Since 0.43 (probability of employee being fired when manager signs) is greater than 0.457 (probability of employee being fired when manager doesn't sign), the chance of the employee being fired is higher when observing the manager signing the termination letter.

**Summary:**

1. Calculate the probability of the manager signing the letter.
2. Calculate the probability of the employee being fired given the manager didn't sign.
3. Compare the two probabilities. The higher probability indicates a larger chance of the employee being fired.

**Answer:** Yes"
595,yes,"Step-by-step Reasoning:**

1. Compare the probabilities of healthy hearts between those taking and not taking medication, both with low and high blood pressure.
2. Observe that medication increases the probability of a healthy heart in both cases, especially when blood pressure is low.
3. Note that medication also reduces the likelihood of high blood pressure.
4. Conclude that medication positively affects heart condition by managing blood pressure.

**Yes/No Answer:**

**Yes**, medication positively affects heart condition through blood pressure."
596,yes,"Step-by-Step Reasoning:**

1. Compare infant mortality rates directly between smoking and nonsmoking mothers, ignoring birth weight.
2. Smoking mothers have lower infant mortality rates in both low and normal birth weight categories.
3. Therefore, disregarding birth weight, maternal smoking status is associated with a lower infant mortality rate, not a positive effect.

**Answer:**

No, maternal smoking status does not positively affect infant mortality. In this scenario, it is associated with a lower infant mortality rate compared to nonsmoking mothers, all else being equal. However, it's crucial to note that this conclusion is drawn while ignoring the mediation effect of infant birth weight, and in reality, smoking during pregnancy is known to have detrimental effects on infant health."
597,no,"**Full Response:**

To determine if encouragement level positively affects exam score, we should examine the probabilities provided while disregarding the mediation effect through studying habit.

Given:
- Students who are not encouraged and do not study hard have an 80% probability of a high exam score.
- Students who are encouraged and do not study hard have a 47% probability of a high exam score.

Without considering the studying hard factor, we can directly compare the above probabilities. Encouragement alone seems to decrease the likelihood of a high exam score (from 80% to 47%).

**Summary:**

1. Compare probabilities of high exam scores for students who do not study hard, with and without encouragement.
2. Encouragement decreases the probability from 80% to 47% for those who don't study hard.
3. Disregarding studying habit, encouragement appears to have a negative effect on exam scores.

**Answer:**

No, based on the given probabilities and disregarding the mediation effect through studying habit, encouragement level does not positively affect exam score. In fact, it suggests a negative impact on exam scores for students who are not encouraged to study hard."
598,yes,"Step-by-Step Reasoning:**

1. Calculate the probability of penguin death for each choice (elevator and stairs).
2. Sum the probabilities of penguin death for both choices to get the overall probability of penguin death.
3. Compare this probability to the overall probability of penguin survival (100% minus the probability of death).

**Answer:**

No, penguin death is not more likely than penguin survival overall. The total probability of penguin survival (39.9%) is higher than the total probability of penguin death (60.1%)."
599,no,"Step-by-Step Reasoning:**

1. Compare the death rates for each mode of transport, considering penguin mood:
   - Stairs: 2% (sad) vs. 54% (happy)
   - Elevator: 20% (sad) vs. 65% (happy)
2. Observe that the death rates vary depending on the penguins' mood and your chosen mode of transport.
3. Conclude that your decision matters, as it can either increase or decrease the likelihood of penguin survival, depending on their mood.

**Yes or No Answer:**

Yes, your decision to choose the stairs or the elevator can negatively affect penguin survival, and this effect is contingent on the penguins' mood."
600,no,"Step-by-step Reasoning:**

- Step 1: Understand the probabilities given: 22% for smokers and 76% for nonsmokers.
- Step 2: Recognize that these probabilities do not establish causation; they merely present the chances of admission for each group.
- Step 3: Conclude that other factors could influence admission decisions, making it impossible to attribute the difference in probabilities solely to smoking.

3. **Yes or No Answer:**

**No**, it cannot be concluded that a smoker would be less likely to gain college admission if they had been a nonsmoker based solely on the given probabilities. The data does not support a causal relationship between smoking and college admission chances."
601,yes,"**Full Response:**

Yes, smoking genes are likely to increase the chance of lung cancer.

**Reasoning:**

1. **Identify the key probabilities:**
   - The probability of lung cancer for people with nonsmoking genes is 62%.
   - The probability of lung cancer for people with smoking genes is 70%.

2. **Compare the probabilities:**
   - Since 70% (probability with smoking genes) is greater than 62% (probability with nonsmoking genes), it indicates that smoking genes contribute to a higher likelihood of lung cancer.

3. **Conclusion:**
   - The increase in probability from 62% to 70% suggests that smoking genes indeed increase the chance of lung cancer.

**Answer:**

Yes"
602,no,"**Full Response:**

To determine if wet ground is more likely than dry ground overall, we need to consider the probabilities given and apply some basic principles of probability theory.

Given:
- The overall probability of rainy season is 98%.
- In the dry season, the probability of wet ground is 41%.
- In the rainy season, the probability of wet ground is 38%.

We can calculate the overall probability of wet ground by using the law of total probability. Let's denote:
- $P(R)$ as the probability of rainy season ($P(R) = 0.98$).
- $P(\neg R)$ as the probability of dry season ($P(\neg R) = 1 - P(R) = 0.02$).
- $P(W|R)$ as the probability of wet ground given rainy season ($P(W|R) = 0.38$).
- $P(W|\neg R)$ as the probability of wet ground given dry season ($P(W|\neg R) = 0.41$).

The overall probability of wet ground, $P(W)$, can be calculated as:

$$
\begin{align*}
P(W) &= P(W|R) \cdot P(R) + P(W|\neg R) \cdot P(\neg R) \\
&= (0.38 \cdot 0.98) + (0.41 \cdot 0.02) \\
&\approx 0.3724 + 0.0082 \\
&\approx 0.3806
\end{align*}
$$

Now, the probability of dry ground, $P(\neg W)$, can be calculated as:

$$
\begin{align*}
P(\neg W) &= 1 - P(W) \\
&= 1 - 0.3806 \\
&\approx 0.6194
\end{align*}
$$

Comparing $P(W)$ and $P(\neg W)$:

- $P(W) \approx 0.3806$
- $P(\neg W) \approx 0.6194$

Since $P(\neg W) > P(W)$, dry ground is more likely than wet ground overall.

**Summary:**

1. Calculate the overall probability of wet ground, $P(W)$, using the law of total probability.
2. Calculate the probability of dry ground, $P(\neg W)$, by subtracting $P(W)$ from 1.
3. Compare $P(W)$ and $P(\neg W)$; since $P(\neg W) > P(W)$, dry ground is more likely.

**Answer:**

No, wet ground is not more likely than dry ground overall."
603,yes,"Step-by-Step Reasoning:**

1. Compare the probabilities of a healthy heart within each medication group (not taking medication and taking medication) regardless of blood pressure levels.
2. Observe that the overall probability of a healthy heart is lower for those taking medication (9% and 35%) compared to those not taking medication (44% and 71%).
3. Consider that a higher percentage of people taking medication have high blood pressure (73%) compared to those not taking medication (47%), indicating a potential correlation between medication and high blood pressure.
4. Conclude that more information is needed to determine the direct effect of medication on heart health, as the current data suggests a complex interplay between medication, blood pressure, and heart condition.

**Yes or No Answer:**

No, it is not accurate to conclude that medication positively affects heart condition when disregarding the mediation effect through blood pressure based solely on the given data."
604,no,"**Full Response:**

To determine if recovery is less likely than non-recovery overall, we need to consider the probabilities given:

- The overall probability of receiving treatment is 52%.
- For patients not receiving treatment, the probability of recovery is 46%.
- For patients receiving treatment, the probability of recovery is 64%.

First, we calculate the probability of recovery for each group and then combine them using the law of total probability.

1. Probability of recovery given no treatment: 46%
2. Probability of recovery given treatment: 64%
3. Probability of receiving treatment: 52%
4. Probability of not receiving treatment: 100% - 52% = 48%

Now, we calculate the overall probability of recovery:

Overall recovery probability = (Probability of recovery with treatment * Probability of receiving treatment) + (Probability of recovery without treatment * Probability of not receiving treatment)

Overall recovery probability = (0.64 * 0.52) + (0.46 * 0.48) = 0.3328 + 0.2176 = 0.5504 or 55.04%.

Since the overall probability of recovery (55.04%) is greater than 50%, recovery is more likely than non-recovery overall.

**Summary:**

1. Calculate individual recovery probabilities and corresponding treatment/no treatment probabilities.
2. Apply the law of total probability to find the overall recovery probability.
3. Compare the overall recovery probability to 50% to determine if recovery is more or less likely.

**Answer:**

No, recovery is not less likely than non-recovery overall."
605,no,"Step-by-Step Reasoning:**

1. Compare the probabilities of lung cancer for smokers and nonsmokers, both with and without high tar deposit.
2. Note that smoking increases the likelihood of lung cancer in both cases, especially when there is no high tar deposit.
3. Conclude that smoking is associated with a higher risk of lung cancer.

**Yes/No Answer:**

No, smoking does not decrease the chance of lung cancer."
606,no,"Step-by-Step Reasoning:**

1. Compare the probability of blowing out the candle in a dark room (5%) to the probability of blowing out the candle in any condition (10%).
2. The probability of 5% for the specific condition of a dark room is higher than the general 10% chance, indicating a higher likelihood of a dark room when the candle is blown out.

**Yes or No Answer:**

**Yes**, the chance of a dark room is larger when observing the candle being blown out."
607,yes,"Step-by-Step Reasoning:**

1. Observe that P(Manager signs, Employee fired) is much higher than P(Manager signs).
2. Conclude that this implies a strong correlation between the manager signing and the employee being fired.
3. Infer that P(Employee fired | Manager signs) is likely higher than the overall firing probability.

**Answer:** Yes"
608,no,"Step-by-Step Reasoning:**

1. Start with the given information: high poverty + global water company = clean water; high poverty or clean water = cholera contraction; person served by local water company in a high poverty region.
2. Deduce that the local water company likely provides polluted water due to the inverse relationship between clean water and cholera contraction in high poverty areas.
3. Conclude that polluted water from the local source, combined with high poverty, increases the likelihood of cholera contraction.

**Answer:**

Yes, the person would be more likely to get cholera if they consume polluted water from the local water company."
609,yes,"step-by-step analysis:

1. **Compare infant mortality rates for nonsmoking mothers:**
   - Low birth weight: 65%
   - Normal birth weight: 44%
   The difference between these rates is 21% (65% - 44%).

2. **Compare infant mortality rates for smoking mothers:**
   - Low birth weight: 69%
   - Normal birth weight: 47%
   The difference here is 22% (69% - 47%).

The nearly identical differences (21% vs. 22%) between the mortality rates when comparing low and normal birth weights for both smoking and nonsmoking mothers suggest that the effect of birth weight on infant mortality is similar regardless of maternal smoking status. This indicates that maternal smoking status does not appear to *positively* affect infant mortality through infant birth weight.

**Summary:**

- Compare infant mortality rates for low vs. normal birth weight within each maternal smoking category.
- Calculate the differences in mortality rates between low and normal birth weight groups for both smoking and nonsmoking mothers.
- The similar differences suggest that maternal smoking status does not positively affect infant mortality through birth weight.

**Answer:**

No, maternal smoking status does not positively affect infant mortality through infant birth weight according to the provided data."
610,yes,"Step-by-Step Reasoning:**

1. Identify the probabilities:
   - Without a college degree: 45% chance of a high salary.
   - With a college degree or higher: 61% chance of a high salary.

2. Compare the probabilities:
   - The 61% probability for degree holders is considerably higher than the 45% probability for non-degree holders.

3. Conclude that a college degree likely increases the chances of a high salary.

**Yes or No Answer:**

Yes."
611,no,"**Full Response:**

No, the chance of cholera contraction is not larger when observing clean water. The information provided seems to suggest a paradox, but we can resolve this by understanding the relationship between the probabilities.

The probability of cholera contraction given clean water (P(Cholera|Clean Water)) can be calculated using Bayes' Theorem:

P(Cholera|Clean Water) = (P(Clean Water and Cholera) / P(Clean Water))

Given:
- P(Clean Water) = 25%
- P(Clean Water and Cholera) = 23%

So, P(Cholera|Clean Water) = (23% / 25%) = 0.92 or 92%, which is less than 100%.

On the other hand, the probability of cholera contraction given polluted water (P(Cholera|Polluted Water)) can be calculated using the same method:

P(Cholera|Polluted Water) = (P(Polluted Water and Cholera) / P(Polluted Water))

Given:
- P(Polluted Water) = 100% - P(Clean Water) = 75% (assuming no overlap between clean and polluted water)
- P(Polluted Water and Cholera) = 34%

So, P(Cholera|Polluted Water) = (34% / 75%) ≈ 0.45 or 45%, which is greater than 92%.

**Summary:**

1. Calculate the probability of cholera given clean water using Bayes' Theorem.
2. Calculate the probability of cholera given polluted water using the same method.
3. Compare the two probabilities.

**Answer:**

No, the chance of cholera contraction is larger when observing polluted water."
612,yes,"Step-by-Step Reasoning:**

1. Identify the probabilities:
   - Probability of admission acceptance for non-males = 37%
   - Probability of admission acceptance for males = 18%
2. Compare the probabilities: 37% is greater than 18%.
3. Conclusion: Being male decreases the chance of admission acceptance because the probability of acceptance is lower for males compared to individuals who are not male.

**Yes or No Answer:**

Yes."
613,no,"Step-by-Step Reasoning:**

1. Evaluate the scope of each method: Method 1 offers a broad, general correlation, while Method 2 offers a detailed, specific analysis.
2. Consider the potential moderating variable: Studying habits could significantly impact the relationship between encouragement and exam scores.
3. Determine which method aligns better with understanding this impact: Method 2 is more suitable because it accounts for studying habits.

**Yes/No Answer:**

No, Method 1 is not more correct than Method 2 in this context. Method 2 is more likely to provide a nuanced understanding of how encouragement level affects exam scores by considering studying habits."
614,yes,"Step-by-Step Reasoning:**

1. Compare probabilities of increased price for reduced and increased crop yield.
2. Observe that reduced yield has a higher probability of increased price (74%) compared to increased yield (61%).
3. Conclude that increased supply (increased yield) does not decrease the chance of increased price; instead, it suggests a lower likelihood.

**Yes or No Answer:**

No, increased supply does not decrease the chance of increased price."
615,no,"**Full Response:**

No, it is not more correct to use Method 1 than Method 2 to understand how respiratory issues affect broken bones. Both methods have their merits and limitations, but a comprehensive approach would be more appropriate.

**Reasoning:**

1. **Method 1** looks at the correlation between respiratory issues and broken bones in general, which might provide a broad overview but could mask important nuances and varying factors that depend on individual cases. It doesn't account for confounding variables like hospitalization status, age, underlying health conditions, or the nature of the respiratory issue and broken bone.

2. **Method 2**, which examines the correlation case by case according to hospitalization status, allows for a more detailed analysis. It considers the context of each situation, which can be crucial in understanding the relationship between respiratory issues and broken bones. Hospitalization status can be a significant factor as it often indicates severity and might be associated with both respiratory issues and the occurrence of broken bones.

**Answer:**

No, Method 1 is not more correct than Method 2. A combined approach, using elements from both methods, would offer a more comprehensive understanding."
616,yes,"**Full Response:**

To determine if the chance of recovery is larger when observing receives treatment, we need to compare the probabilities directly.

Given:
- The overall probability of receiving treatment is 52%.
- The probability of receiving no treatment and recovery is 30%.
- The probability of receiving treatment and recovery is 15%.

First, we calculate the probability of receiving treatment given recovery. This can be done using the formula for conditional probability:

P(Treatment | Recovery) = P(Treatment and Recovery) / P(Recovery)

We don't have the overall probability of recovery (P(Recovery)), but we can express it in terms of the given probabilities:

P(Recovery) = P(No Treatment and Recovery) + P(Treatment and Recovery) = 30% + 15% = 45%

Now, we can find the conditional probability:

P(Treatment | Recovery) = 15% / 45% = 0.3333 (rounded to four decimal places) or approximately 33.33%.

Since the probability of receiving treatment given recovery is approximately 33.33%, it means that observing receives treatment does not guarantee recovery, and the chance of recovery is not necessarily larger when observing receives treatment.

**Summary:**

1. Given the probabilities: overall treatment (52%), no treatment and recovery (30%), and treatment and recovery (15%).
2. Calculated the overall probability of recovery (45%) by adding the probabilities of the two given recovery scenarios.
3. Determined the probability of receiving treatment given recovery (33.33%) using conditional probability.
4. Concluded that observing treatment does not ensure recovery, as the conditional probability is less than 100%.

**Answer:**

No, the chance of recovery is not necessarily larger when observing receives treatment."
617,no,"**Full Response:**

To determine if recovery is less likely than non-recovery overall, we need to consider the probabilities given and calculate the weighted average probability of recovery, taking into account the likelihood of each bill type.

Given:
- The overall probability of a high hospital bill (H) is 51%.
- For low hospital bill (L), the probability of recovery (R) is 76%.
- For high hospital bill, the probability of recovery is 33%.

We can calculate the weighted average probability of recovery (WAPOR) using the formula:

WAPOR = (Probability of L * Recovery probability with L) + (Probability of H * Recovery probability with H)

WAPOR = (1 - 0.51) * 0.76 + 0.51 * 0.33
WAPOR = 0.49 * 0.76 + 0.51 * 0.33
WAPOR = 0.3724 + 0.1683
WAPOR = 0.5407

So, the weighted average probability of recovery is approximately 54.07%. This means recovery is more likely than non-recovery overall.

**Summary:**

1. Calculate the weighted average probability of recovery (WAPOR) using the given probabilities.
2. Compare the WAPOR to determine the overall likelihood of recovery.
3. Since WAPOR (54.07%) is greater than 50%, recovery is more likely than non-recovery.

**Answer:**

No, recovery is not less likely than non-recovery overall."
618,yes,"Step-by-Step Reasoning:**

1. Identify the relevant probabilities:
   - Large kidney stones with no treatment: 23% recovery rate
   - Large kidney stones with treatment: 9% recovery rate

2. Compare the two probabilities:
   - The recovery rate with treatment (9%) is significantly lower than the recovery rate without treatment (23%).

3. Conclusion:
   - Therefore, it is less likely to see recovery for patients with large kidney stones if they received no treatment compared to receiving treatment.

**Yes/No Answer:**

Yes."
619,no,"**Full Response:**

Yes, the chance of the alarm ringing is smaller when observing that the alarm was set by the husband.

**Reasoning:**

1. **Identify the key probabilities:**
   - $P(\text{Alarm Set by Husband}) = 0.77$
   - $P(\text{Alarm Not Set by Husband AND Ringing Alarm}) = 0.06$
   - $P(\text{Alarm Set by Husband AND Ringing Alarm}) = 0.34$

2. **Calculate the probability of the alarm ringing given it was set by the husband:**
   - $P(\text{Ringing Alarm} | \text{Alarm Set by Husband}) = \frac{P(\text{Alarm Set by Husband AND Ringing Alarm})}{P(\text{Alarm Set by Husband})} = \frac{0.34}{0.77} \approx 0.4415$

3. **Calculate the probability of the alarm ringing given it was not set by the husband:**
   - Since we don't have the exact probability of the alarm being set by someone else, we can infer it from the given information:
     - $P(\text{Alarm Set by Someone Else}) = 1 - P(\text{Alarm Set by Husband}) = 1 - 0.77 = 0.23$
   - $P(\text{Ringing Alarm} | \text{Alarm Set by Someone Else}) = \frac{P(\text{Alarm Not Set by Husband AND Ringing Alarm})}{P(\text{Alarm Set by Someone Else})} = \frac{0.06}{0.23} \approx 0.2609$

4. **Compare the probabilities:**
   - $0.4415 (alarm set by husband) < 0.2609 (alarm set by someone else)$

**Answer:**

Yes, the chance of the alarm ringing is smaller when observing that the alarm was set by the husband."
620,yes,"**Full Response:**

No, it is not necessarily more correct to use Method 1 than Method 2 to understand how maternal smoking status affects infant mortality. While Method 1 provides a broad overview of the correlation between maternal smoking and infant mortality, it may obscure important details. Method 2, by examining cases based on the infant's birth weight, offers a more nuanced perspective as birth weight can be significantly influenced by maternal smoking and is also a critical factor in infant survival.

**Reasoning:**

1. **Method 1** examines the general correlation between maternal smoking status and infant mortality, which might provide a broad understanding but can overlook specific factors like birth weight.
2. **Method 2** focuses on a specific factor (birth weight) that is known to be affected by maternal smoking and is also crucial for infant survival, thus offering a more targeted and potentially more informative analysis.
3. The most effective approach might actually be to use both methods together, as they provide different levels of detail and can complement each other.

**Answer:**

No, Method 2 is not necessarily less correct than Method 1; it offers a more focused analysis and should be considered alongside the broader view provided by Method 1 for a comprehensive understanding."
621,no,"**Full Response:**

To determine if low cholesterol is less likely than high cholesterol overall, we need to consider the given probabilities. 

1. **Understand the Given Probabilities:**
   - The overall probability of taking all assigned drugs is 48%.
   - For patients who haven't taken any drugs (implying they might have taken some or none), the probability of low cholesterol is 89%.
   - For patients who have taken all assigned drugs, the probability of low cholesterol is 64%.

2. **Calculate the Weighted Average Probability of Low Cholesterol:**
   To find the overall probability of low cholesterol, we need to consider the probabilities based on drug-taking behavior. We don't have the exact numbers of patients in each category, but we can calculate a weighted average.

   - Let $x$ be the proportion of patients who take all assigned drugs. Then, $1-x$ is the proportion of patients who haven't taken any drugs.
   - The overall probability of low cholesterol ($P_{LC}$) can be calculated as:
     $$
     P_{LC} = x \times 0.64 + (1-x) \times 0.89
     $$

3. **Compare with 50% (Equal Probability):**
   Since we don't have specific values for $x$, we can't calculate an exact value for $P_{LC}$. However, we can compare it to 50% to see if low cholesterol is less likely:
   - If $P_{LC} < 50\%$, then low cholesterol is less likely than high cholesterol overall.
   - If $P_{LC} > 50\%$, then low cholesterol is more likely than high cholesterol overall.

4. **Conclusion:**
   Without the exact value of $x$, we cannot definitively say whether low cholesterol is less likely than high cholesterol overall. However, given the provided probabilities, it is possible that low cholesterol could be less likely, depending on the value of $x$.

**Summary:**

1. Eliminate obviously incorrect answers: We can rule out extreme answers based on the given probabilities. Low cholesterol cannot be significantly more likely than high cholesterol overall, given the probabilities.
2. Calculate the weighted average probability of low cholesterol: The overall probability depends on the proportion ($x$) of patients taking all assigned drugs.
3. Compare with 50%: Without $x$, we cannot definitively conclude, but low cholesterol could be less likely depending on $x$.

**Answer:**

No, we cannot definitively say that low cholesterol is less likely than high cholesterol overall based on the given information. The answer depends on the unknown proportion ($x$) of patients taking all assigned drugs."
622,yes,"**Full Response:**

To determine if the chance of a high salary is smaller when observing individuals with a college degree or higher, we need to compare the probabilities directly.

Given:
- The overall probability of a college degree or higher is 42%.
- The probability of a high school degree or lower with a high salary is 18%.
- The probability of a college degree or higher with a high salary is 22%.

Step 1: Calculate the probability of a high salary without considering education level. This can be done by adding the probabilities of high salary for both education groups, assuming there are no overlapping cases (which is a simplification, but sufficient for this comparison):

Probability of high salary = Probability (high school or lower with high salary) + Probability (college or higher with high salary)
                        = 18% + 22% = 40%

Step 2: Compare this to the probability of a high salary among those with a college degree or higher (22%).

Since 22% (probability of high salary among college graduates) is less than 40% (overall probability of high salary), it indicates that the chance of a high salary is indeed smaller when observing individuals with a college degree or higher.

**Summary:**

1. Calculate the overall probability of a high salary (40%).
2. Compare it to the probability of a high salary among college graduates (22%).
3. Conclude that the chance of a high salary is smaller for those with a college degree or higher.

**Answer:**

Yes, the chance of a high salary is smaller when observing individuals with a college degree or higher."
623,yes,"**Full Response:**

To determine if lung cancer is less likely than the absence of lung cancer overall, we need to calculate the overall probability of lung cancer and compare it to the probability of not having lung cancer.

Given:
- The overall probability of smoking gene is 88%.
- For people with non-smoking genes (100% - 88% = 12% probability), the probability of lung cancer is 56%.
- For people with smoking genes (88% probability), the probability of lung cancer is 40%.

We can calculate the overall probability of lung cancer (P(LC)) using the law of total probability:

P(LC) = P(LC | Non-Smoking Gene) * P(Non-Smoking Gene) + P(LC | Smoking Gene) * P(Smoking Gene)
P(LC) = 0.56 * 0.12 + 0.40 * 0.88
P(LC) ≈ 0.56 * 0.12 + 0.352
P(LC) ≈ 0.0672 + 0.352
P(LC) ≈ 0.4192 or 41.92%

Now, the probability of not having lung cancer (P(No LC)) would be:
P(No LC) = 1 - P(LC) = 1 - 0.4192 = 0.5808 or 58.08%.

Since 58.08% (absence of lung cancer) is greater than 41.92% (lung cancer), lung cancer is less likely overall.

**Summary:**

1. Calculate the overall probability of lung cancer using the law of total probability.
2. Find the probability of not having lung cancer by subtracting the probability of lung cancer from 100%.
3. Compare the two probabilities.

**Answer:**

No, lung cancer is less likely than the absence of lung cancer overall."
624,no,"Step-by-step Reasoning:**

   - Compare the given probabilities: 33% (males) vs. 25% (non-males).
   - Since 33% is higher than 25%, not being male (which would mean falling into the non-male category) would result in a lower probability of a high salary.

3. **Yes or No Answer:**

**Yes**, it would be less likely to see a high salary if the individual had not been male."
625,no,"Step-by-Step Reasoning:**

1. Identify probabilities for hospitalized individuals: 72% (no respiratory issues) and 76% (with respiratory issues).
2. Compare the two probabilities.
3. Note that the probability increases from 72% to 76% when respiratory issues are present, but this doesn't automatically mean respiratory issues cause the increase.

**Answer:**

Yes, the chance of broken bones appears to slightly increase for hospitalized individuals with respiratory issues compared to those without, based on the given probabilities. However, this observation alone does not establish a causal relationship."
626,yes,"Step-by-Step Reasoning:**

1. Method 2 oversimplifies the complex relationship between gender and salary by looking at a broad, general correlation.
2. Method 1 is more comprehensive as it considers the impact of occupation, a significant factor that interacts with gender.
3. By comparing salaries within occupations, Method 1 helps isolate the effect of gender while controlling for other relevant variables.

**Yes/No Answer:**

Yes, Method 1 is more correct."
627,yes,"**Full Response:**

Yes, the chance of recovery is smaller when observing those who receive treatment, based on the probabilities given. 

**Reasoning:**

Here's the breakdown:

* **Total probability of recovery:** 27% (no treatment) + 18% (treatment) = 45%
* **Probability of receiving treatment:** 60%

Since the total probability of recovery (45%) is less than the probability of receiving treatment (60%),  this means that a smaller proportion of those who receive treatment recover compared to the overall population.

**Answer:** Yes"
628,no,"Step-by-Step Reasoning:**

1. Calculate the conditional probability of recovery given high hospital bills (P(R|H)).
2. Calculate the conditional probability of recovery given low hospital bills (P(R|L)).
3. Compare the two probabilities.

**Answer:**

Yes, the chance of recovery is smaller when observing high hospital bills (P(R|H) ≈ 0.7059) compared to low hospital bills (P(R|L) ≈ 0.3265)."
629,no,"Step-by-Step Reasoning:**

1. Compare probabilities of high salary directly between genders for each occupation group.
2.  Observe that females consistently have higher probabilities across all occupation groups.
3. Consider the probabilities of obtaining white-collar jobs by gender and skill level. 
4. Note that even with high skills, females are more likely to be in white-collar positions.
5. Conclude that gender appears to have a negative impact on salary potential, independent of occupation.

**Yes/No Answer:**

**Yes**, gender negatively affects salary, even disregarding the mediation effect through occupation."
630,no,"**Full Response:**

To determine if the chance of a high salary is larger when observing individuals with a college degree or higher, we need to compare the probabilities directly.

Given:
- The probability of a college degree or higher (C) is 36%.
- The probability of a high school degree or lower (H) and a high salary (S) is 43%.
- The probability of a college degree or higher (C) and a high salary (S) is 10%.

We want to compare P(S|C) (the probability of a high salary given a college degree) with P(S|H) (the probability of a high salary given a high school degree or lower).

**Step 1:** Calculate P(S|C):
P(S|C) = P(S and C) / P(C) = 10% / 36% ≈ 0.278 (rounded to three decimal places).

**Step 2:** Calculate P(S|H):
First, find P(H) using the fact that P(H) + P(C) = 1:
P(H) = 1 - 36% = 64%.

Now, calculate P(S|H):
P(S|H) = P(S and H) / P(H) = (43% - 10%) / 64% ≈ 0.516 (rounded to three decimal places).

**Step 3:** Compare P(S|C) and P(S|H):
P(S|C) ≈ 0.278 is less than P(S|H) ≈ 0.516.

Therefore, the chance of a high salary is **not** larger when observing individuals with a college degree or higher compared to those with a high school degree or lower.

**Summary:**

1. Calculate the probability of a high salary given a college degree (P(S|C)) and given a high school degree or lower (P(S|H)).
2. Find that P(S|C) is less than P(S|H).
3. Conclude that the chance of a high salary is higher for those with a high school degree or lower compared to those with a college degree or higher.

**Answer:** No, the chance of a high salary is **not** larger when observing individuals with a college degree or higher."
631,no,"Step-by-step Reasoning:**

1. Compare the probabilities of recovery directly: 38% (with treatment) vs. 21% (without treatment).
2. The higher probability (38%) is associated with receiving treatment.

**Yes or No Answer:**

Yes, the chance of recovery is larger when observing those who receive treatment."
632,no,"Step-by-Step Reasoning:**

1. Compare the probabilities of smallpox survival for both scenarios:
   - Lack of vaccination and survival: 28%
   - Vaccination and survival: 1%
2. Observe that 28% is much larger than 1%.
3. Conclude that the chance of smallpox survival is greater when there is no vaccination compared to when vaccination is observed.

**Yes or No Answer:**

No, the chance of smallpox survival is **not** smaller when observing vaccination. It is significantly larger when there is no vaccination."
633,no,"**Full Response:**

Yes, Method 1, which involves examining the correlation between medication and heart condition on a case-by-case basis according to blood pressure, is more correct than Method 2 when trying to understand how medication affects heart condition.

**Reasoning:**

1. **Individualized Approach:** Method 1 considers the variability in individual patients' blood pressure, which is a crucial factor in determining the impact of medication on heart condition. Different blood pressure levels can influence how a medication affects the heart.

2. **Specificity:** By looking at each case individually, Method 1 provides a more detailed and nuanced understanding of the medication-heart condition relationship, taking into account the particular circumstances of each patient.

3. **Potential for Confounders:** Method 2, which considers the correlation in general, might overlook important factors that vary from person to person, such as blood pressure, other health conditions, and medication interactions, which could confound the results.

**Yes/No Answer:**

Yes, Method 1 is more correct than Method 2."
634,no,"Step-by-step Reasoning:**

- Calculate the overall probability of a ringing alarm using the given probabilities and the law of total probability.
- Compare this probability to the 77% chance of the alarm being set.
- Since 70.11% is less than 77%, a ringing alarm is less likely than a silent alarm overall.

3. **Yes or No Answer:**

**Yes**, a ringing alarm is less likely than a silent alarm overall."
635,no,"**Full Response:**

To determine if gender negatively affects admission status, we should compare the average probability of admission for males and females, assuming equal representation in all categories.

For non-male (female assumed):
- Non-competitive: 64%
- Competitive: 39%
- Average: (64% + 39%) / 2 = 51.5%

For male:
- Non-competitive: 65%
- Competitive: 39%
- Average: (65% + 39%) / 2 = 52%

Given these averages, males have a slightly higher overall probability of admission (52%) compared to females (51.5%). However, this difference is very marginal and might not be statistically significant.

Moreover, the data provided indicates that other factors, such as department competitiveness and residency status, have a more substantial impact on admission probabilities than gender. For instance, the difference between in-state and out-of-state residency for competitive departments is much larger (78% vs. 21% for males, and 51% vs. 39% for females).

**Summary:**

1. Calculate the average admission probability for males and females across all department types.
2. Compare these averages to see if one gender has a higher overall probability.
3. Note that other factors, such as residency status, have a more significant impact on admission probabilities.
4. The slight difference in averages suggests a minimal effect of gender on admission status.

**Answer:**

No, gender does not negatively affect admission status, given the provided data. In fact, males have a slightly higher overall probability of admission compared to females, but this difference is marginal. The more substantial influences on admission chances are department competitiveness and residency status."
636,no,"**Full Response:**

To determine if a healthy heart is less likely than heart problems overall, we need to compare the probabilities.

Given:
- The overall probability of taking medication is 6%.
- For people not taking medication, the probability of a healthy heart is 37%.
- For people taking medication, the probability of a healthy heart is 37%.

First, let's calculate the probability of a healthy heart for the whole population. We can use the law of total probability:

Probability of healthy heart = (Probability of healthy heart among those not taking medication) * (Probability of not taking medication) + (Probability of healthy heart among those taking medication) * (Probability of taking medication)

Probability of healthy heart = (0.37) * (1 - 0.06) + (0.37) * (0.06)
Probability of healthy heart = 0.37 * 0.94 + 0.37 * 0.06
Probability of healthy heart ≈ 0.3494 + 0.0222
Probability of healthy heart ≈ 0.3716 or 37.16%

So, the probability of a healthy heart overall is approximately 37.16%.

Now, comparing this to the probability of heart problems:
- Since the total probability of all outcomes (healthy heart and heart problems) must add up to 100%, the probability of heart problems is 100% - 37.16% = 62.84%.

Therefore, heart problems are indeed more likely than a healthy heart overall.

**Summary:**

1. Calculate the probability of a healthy heart for the whole population using the law of total probability.
2. Determine the probability of heart problems by subtracting the probability of a healthy heart from 100%.
3. Compare the two probabilities.

**Answer:**

Yes, heart problems are more likely than a healthy heart overall.

**Yes or No Answer:**

No (Heart problems are more likely than a healthy heart overall, so the original statement is incorrect.)"
637,no,"Step-by-Step Reasoning:**

1. **Calculate combined probabilities:** Sum the admission probabilities for each gender across both department types.
2. **Compare combined probabilities:**  Males have a higher combined probability (121%) than females (112%).
3. **Investigate department distribution:**  Notice that females are more likely to apply to competitive departments where admission is harder.
4. **Conclude:**  Gender appears to have a negative effect on admission chances when not considering the imbalance in department applications.

**Yes/No Answer:**

**Yes**, gender negatively affects admission status when department competitiveness is not considered."
638,no,"Step-by-step Reasoning:**

1. Identify the probabilities:
   - Probability of male gender (P(M)) = 45%
   - Probability of non-male gender (P(¬M)) = 100% - 45% = 55%
   - Probability of admission acceptance for non-males (P(A|¬M)) = 45%
   - Probability of admission acceptance for males (P(A|M)) = 34%

2. Compare P(A|M) and P(A|¬M):
   - Since P(A|¬M) = 45% and P(A|M) = 34%, the probability of admission acceptance is smaller for males.

**Yes or No Answer:**

Yes, the chance of admission acceptance is smaller when observing male gender."
639,yes,"Step-by-step Reasoning:**

1. Identify the probabilities: 77% for not setting the alarm, 25% for setting the alarm.
2. Compare the probabilities: 77% is greater than 25%.
3. Conclude that it's more likely to see a ringing alarm when the husband doesn't set it.

**Answer:**

No, it would *not* be more likely to see a ringing alarm if the husband had not set the alarm. (The question seems to reverse the logic; the higher probability of 77% is for husbands who *don't* set the alarm.)"
640,no,"Step-by-step Reasoning:**

1. Identify the independent probabilities given: 27% death for released prisoners and 63% death for executed prisoners.
2. Understand the question is asking about the probability of death given execution (P(Death | Execution)).
3. Recognize that the release of a prisoner does not influence the outcome of execution for another prisoner.
4. Conclude that the information about releasing prisoners is irrelevant to the likelihood of death for executed prisoners.

**Answer:**

No, it would not be more likely to see the prisoner's death if the captain had ordered the release of another prisoner. The probabilities are independent, and the outcome of one action does not affect the other."
641,no,"Step-by-Step Reasoning:**

1. Compare the probabilities of lung cancer between smokers and nonsmokers.
2. Observe the significant difference (20%) between these probabilities.
3. Conclude that smoking increases lung cancer risk.
4. Note that tar deposit is one of the primary mechanisms by which smoking negatively affects lung cancer risk.

**Answer:**

Yes, smoking negatively affects lung cancer risk through tar deposit."
642,no,"**Full Response:**

No, it is not necessarily more correct to use Method 1 than Method 2 to understand how treatment affects recovery in the context of kidney stone size. Both methods have their merits and the choice between them depends on the specific research question and the nature of the data available.

**Reasoning:**

1. **Method 1** looks at the overall correlation between treatment and recovery without considering the kidney stone size, which could potentially mask important relationships that are dependent on the size of the stone.

2. **Method 2** considers the correlation between treatment and recovery on a case-by-case basis according to kidney stone size, which might reveal nuanced relationships that are obscured in the general analysis.

The more appropriate method would depend on the research question. If the goal is to understand the general impact of treatment regardless of stone size, Method 1 might be sufficient. However, if the objective is to tailor treatment based on stone size or to understand how treatment effectiveness varies with stone size, Method 2 would be more suitable.

**Answer:**

No, it is not inherently more correct to use Method 1 than Method 2. The choice depends on the specific research question and context."
643,no,"Step-by-Step Reasoning:**

1. Calculate the average probability of college admission for both smokers and nonsmokers, treating effort as a constant.
2. Compare these averages to determine the effect of smoking on college admission rates.
3. Conclude that smoking does not negatively affect college admission rates in this scenario.

**Answer:**

No, smoking does not negatively affect college admission when the mediation effect through effort is disregarded."
644,no,"Step-by-step Reasoning:**

- Compare the probabilities: 52% (smokers) vs. 40% (nonsmokers).
- Higher probability indicates a greater likelihood.
- Therefore, smokers have a higher chance of lung cancer.

3. **Yes or No Answer:**

No, it would not be more likely to see lung cancer in a smoker if the person had been a nonsmoker. Smokers have a higher probability of developing lung cancer compared to nonsmokers."
645,no,"Step-by-Step Reasoning:**

1. A correlation of -0.07 is close to zero, indicating a very weak relationship.
2. The negative sign suggests an inverse relationship: as one increases, the other tends to decrease, but very slightly.
3. The correlation does not prove causation; other factors could be at play.
4. Therefore, we cannot conclude that kindness does not affect appearance, but we can say its impact, if any, is very small within this specific context.

**Yes or No Answer:**

No, it does not mean that kindness does not affect attractive appearance based on the given correlation."
646,yes,"Step-by-step Reasoning:**

- Calculate the overall probability of arriving on time by multiplying the probability of waking up on time by the probability of arriving on time given that scenario, and adding it to the product of the probability of waking up late and the probability of arriving on time given that scenario.
- Find the probability of arriving late by subtracting the probability of arriving on time from 1.
- Compare the two probabilities.

3. **Yes/No Answer:**

**Yes**, arriving to school on time is less likely than arriving late overall."
647,no,"Step-by-step Reasoning:**

- Compare the acceptance rates: 67% (non-males) vs. 64% (males).
- Since 67% is greater than 64%, non-males have a higher acceptance probability.
- Thus, a male individual would have a higher chance of acceptance if they were not male.

3. **Yes or No Answer:**

**No**, it would not be less likely to see admission acceptance if the individual had not been male."
648,no,"**Full Response:**

To determine if the chance of college admission is smaller when observing smoking, we need to compare the probabilities of college admission for smokers and non-smokers.

Given information:
- The overall probability of smoking is 8%.
- The probability of non-smoking and college admission is 40%.
- The probability of smoking and college admission is 5%.

First, let's calculate the probability of non-smoking:
Since the overall probability of smoking is 8%, the probability of non-smoking is 100% - 8% = 92%.

Now, we can find the conditional probabilities of college admission for smokers and non-smokers:
- Probability of college admission given non-smoking = 40% / 92% ≈ 0.435 (rounded to 3 decimal places)
- Probability of college admission given smoking = 5% / 8% ≈ 0.625

Comparing these two probabilities, we find that the probability of college admission is higher for smokers (0.625) than for non-smokers (0.435).

**Summary:**

1. Calculate the probability of non-smoking by subtracting the probability of smoking from 100%.
2. Compute the conditional probabilities of college admission for both smokers and non-smokers.
3. Compare the conditional probabilities to determine if the chance of college admission is smaller when observing smoking.

**Answer:**

No, the chance of college admission is **not** smaller when observing smoking. In fact, the probability of college admission is higher for smokers than for non-smokers according to the given data."
649,no,"**Full Response:**

To determine if the chance of lung cancer is larger when observing smoking, we need to compare the probabilities associated with smoking and nonsmoking.

Given:
- The overall probability of smoking (S) is 13%.
- The probability of nonsmoking (not-S) and lung cancer (C) is 25%.
- The probability of smoking and lung cancer is 7%.

We can use Bayes' theorem to calculate the probability of lung cancer given smoking:

P(C|S) = (P(S and C) / P(S)) = (7% / 13%) ≈ 53.85%

And the probability of lung cancer given nonsmoking:

P(C|not-S) = (P(not-S and C) / P(not-S))

We know P(not-S) = 100% - P(S) = 100% - 13% = 87%.

However, we don't have enough information to directly calculate P(not-S and C), but we can infer it from the given data. The sum of probabilities of lung cancer for smokers and nonsmokers should equal the overall probability of lung cancer.

Let X be P(not-S and C). Then:

7% (smokers with lung cancer) + X (nonsmokers with lung cancer) = Total lung cancer probability

We don't have the total lung cancer probability, but we can express it in terms of X:

X + 7% = Total lung cancer probability

Since the probability of nonsmoking and lung cancer is 25%, we can assume that X = 25%.

Now we can calculate:

P(C|not-S) = (25% / 87%) ≈ 28.74%

Comparing the two probabilities:

P(C|S) ≈ 53.85%
P(C|not-S) ≈ 28.74%

This shows that the chance of lung cancer is indeed larger when observing smoking.

**Summary:**

1. Calculated P(C|S) and P(C|not-S) using the given probabilities and Bayes' theorem.
2. Inferred the missing probability from the given data.
3. Compared the two probabilities to determine the likelihood of lung cancer in each group.

**Answer:**

Yes, the chance of lung cancer is larger when observing smoking."
650,no,"Step-by-Step Reasoning:**

1. **Understand the Correlation:** A correlation of -0.08 is close to zero, indicating a very weak relationship.
2. **Interpret the Direction:** The negative sign means that as attractiveness increases, talent tends to decrease slightly, but the relationship is very weak.
3. **Avoid Overgeneralization:** The correlation is observed within the specific group of famous people and may not apply universally.
4. **Conclusion:** Attractive appearance may have a slight, negative impact on talent within this group, but it doesn't mean appearance has no effect on talent altogether.

**Yes or No Answer:**

No, it does not mean that attractive appearance does not affect talent."
651,no,"Step-by-Step Reasoning:**

1. Eliminate the obviously incorrect answer first: Since the overall probability of smoking is 99%, the probability of lung cancer among the general population will be closer to the 57% rate for smokers than the 27% rate for nonsmokers. So, we can eliminate the idea that lung cancer is more likely than its absence.

2. Compare the probabilities: The overall probability of lung cancer (approximately 57%) is indeed less than the probability of the absence of lung cancer (43%).

**Yes or No Answer:**

Yes, lung cancer is less likely than the absence of lung cancer overall."
652,no,"Step-by-Step Reasoning:**

   - Start with the given probabilities: 46% for not male and 67% for male.
   - Identify the question's focus: likelihood of admission acceptance for males.
   - Compare the probabilities: 67% (male) vs. 46% (not male).
   - Conclude that the higher probability (67%) is associated with being male, so it's more likely for males to be accepted.

3. **Yes or No Answer:**

**No**, it would not be more likely to see admission acceptance if the individual had not been male. The probability of admission acceptance for males is higher (67%) than for those who are not male (46%)."
653,yes,"Step-by-Step Reasoning:**

1. Identify the key nutrient: Vitamin C is crucial for preventing scurvy.
2. Focus on the direct relationship: Method 1 examines citrus consumption in relation to vitamin C and scurvy, providing a clear causal link.
3. Avoid confounding factors: Method 2 might be influenced by other factors, such as cultural diet preferences, that could skew the results.
4. Conclusion: Method 1 offers a more accurate approach by directly targeting the relevant nutrient and its impact on scurvy.

**Yes or No Answer:**

Yes, Method 1 is more correct."
654,no,"**Full Response:**

To determine if lung cancer is more likely than the absence of lung cancer overall, we need to calculate the probabilities taking into account the given conditions.

Given:
- The overall probability of smoking is 5%.
- For nonsmokers (95% of the population), the probability of lung cancer is 41%.
- For smokers (5% of the population), the probability of lung cancer is 83%.

Step 1: Calculate the probability of lung cancer for the total population.

We can use the law of total probability:
P(lung cancer) = P(lung cancer | nonsmoker) * P(nonsmoker) + P(lung cancer | smoker) * P(smoker)
P(lung cancer) = 0.41 * 0.95 + 0.83 * 0.05
P(lung cancer) ≈ 0.4795

Step 2: Compare this probability with the probability of no lung cancer.

Since the total probability of lung cancer is approximately 47.95%, the probability of no lung cancer for the total population is:
P(no lung cancer) = 1 - P(lung cancer) = 1 - 0.4795 ≈ 0.5205

**Conclusion:**
Lung cancer is **not** more likely than the absence of lung cancer overall. The probability of no lung cancer (approximately 52.05%) is higher than the probability of lung cancer (approximately 47.95%).

**Summary:**

1. Calculate the overall probability of lung cancer using the law of total probability.
2. Compare this probability with the probability of no lung cancer (1 - P(lung cancer)).
3. Determine that the probability of no lung cancer is higher.

**Answer:**
No."
655,yes,"Step-by-Step Reasoning:**

1. A correlation of -0.07 is very close to zero, meaning there is almost no linear relationship between the two variables.
2. Even if a slight negative trend is observed, correlation does not imply causation. Many factors can influence both talent and hard-working behavior.
3. Therefore, we cannot conclude that talent affects being hard-working based solely on this correlation.

**Yes or No Answer:**

No, the correlation does not mean that talent affects being hard-working among students accepted to elite institutions."
656,no,"**Full Response:**

To determine if an intelligent child is more likely than an unintelligent child overall, we need to consider the given probabilities and their implications.

1. **Given Data:**
   - The overall probability of intelligent parents (IP) is 14%.
   - For children with unintelligent parents (UIP), the probability of an intelligent child (IC) is 52%.
   - For children with intelligent parents, the probability of an intelligent child is 35%.

2. **Bayes' Theorem Application:**
   We can use Bayes' theorem to find the probability of having an intelligent child given the parents are intelligent, and vice versa.

   - P(IC) = P(IC|IP) * P(IP) + P(IC|UIP) * P(UIP)

   - P(IC) = 0.35 * 0.14 + 0.52 * (1 - 0.14)

   - P(IC) = 0.049 + 0.52 * 0.86

   - P(IC) = 0.049 + 0.4472

   - P(IC) ≈ 0.4962 or 49.62%

3. **Comparison:**
   - The overall probability of an intelligent child, P(IC) ≈ 49.62%, is higher than the probability of an unintelligent child, which is 100% - 49.62% ≈ 50.38%.

**Summary:**

1. Calculate the overall probability of an intelligent child using Bayes' theorem.
2. Compare this probability to the probability of an unintelligent child (100% - P(IC)).
3. The overall probability of an intelligent child (49.62%) is slightly higher than that of an unintelligent child (50.38%).

**Answer:**

Yes, an intelligent child is slightly more likely than an unintelligent child overall."
657,yes,"**Full Response:**

Yes, it is more correct to use Method 1 (looking at the correlation between smoking and lung cancer in general) than Method 2 (examining the correlation case by case according to gender) to understand how smoking affects lung cancer.

**Reasoning:**

1. **General Correlation (Method 1):** This method considers the overall relationship between smoking and lung cancer across the entire population under study. It captures the broad impact of smoking on lung cancer incidence without breaking down the data by gender. This approach is beneficial because the link between smoking and lung cancer is well-established in numerous large-scale studies that encompass diverse populations.

2. **Case-by-Case by Gender (Method 2):** While gender can influence the risk of lung cancer (e.g., hormonal differences, smoking patterns), examining the correlation case by case according to gender alone can obscure the larger, overarching relationship between smoking and lung cancer. This method might lead to inconclusive or misleading results due to the smaller sample sizes for each gender-specific analysis and the potential for increased statistical variability.

3. **Scientific Consensus:** The overwhelming majority of scientific evidence supports a strong causal link between smoking and lung cancer, regardless of gender. Therefore, focusing on the general correlation provides a more reliable and comprehensive understanding of this relationship.

**Yes/No Answer:** Yes, Method 1 is more correct."
658,yes,"**Full Response:**

To determine if smoking increases the chance of lung cancer, we can compare the probabilities of lung cancer for smokers and non-smokers, taking into account the presence or absence of high tar deposits.

Given data:
- Probability of lung cancer for non-smokers with no tar deposit = 49%
- Probability of lung cancer for non-smokers with high tar deposit = 82%
- Probability of lung cancer for smokers with no tar deposit = 40%
- Probability of lung cancer for smokers with high tar deposit = 74%

Step 1: Compare the probabilities of lung cancer for smokers and non-smokers with no tar deposit:
- Smokers with no tar deposit: 40%
- Non-smokers with no tar deposit: 49%

In this case, the probability of lung cancer is higher for non-smokers (49%) compared to smokers (40%).

Step 2: Compare the probabilities of lung cancer for smokers and non-smokers with high tar deposit:
- Smokers with high tar deposit: 74%
- Non-smokers with high tar deposit: 82%

Here, the probability of lung cancer is also higher for non-smokers (82%) compared to smokers (74%).

**Summary:**

Comparing the probabilities of lung cancer for smokers and non-smokers in both scenarios (with and without high tar deposits), non-smokers have a higher probability of developing lung cancer in both cases.

**Answer:**

No, based on the given data, smoking does not appear to increase the chance of lung cancer. The probabilities suggest that non-smokers have a higher risk of lung cancer, especially in the presence of high tar deposits. However, it's important to note that this conclusion may be misleading without considering other factors and the overall complexity of lung cancer development. The given data presents specific probabilities that indicate a higher risk for non-smokers in the described scenarios.

**Yes or No Answer:**

No."
659,no,"**Full Response:**

To determine whether arriving at school on time is less likely than arriving late overall, we need to consider the probabilities in combination. We're given the following information:

- The overall probability of waking up late is 5%.
- If Alice wakes up on time, the probability of arriving at school on time is 52%.
- If Alice wakes up late, the probability of arriving at school on time is 87%.

First, let's calculate the probability of arriving at school on time given the two scenarios:

1. **Waking up on time:** Since the probability of waking up on time is 1 - 5% = 95%, and the probability of arriving at school on time when waking up on time is 52%, the combined probability for this scenario is 0.95 * 0.52 = 0.494 or 49.4%.

2. **Waking up late:** The probability of waking up late is 5%, and given that she wakes up late, the probability of arriving at school on time is 87%. The combined probability for this scenario is 0.05 * 0.87 = 0.0435 or 4.35%.

Now, to find the overall probability of arriving at school on time, we sum the probabilities of the two scenarios:

0.494 (waking up on time and arriving on time) + 0.0435 (waking up late and arriving on time) = 0.5375 or 53.75%.

So, the probability of arriving at school on time overall is 53.75%.

Since the probability of arriving on time (53.75%) is higher than the probability of arriving late (which is the remaining 46.25%), arriving at school on time is more likely than arriving late overall.

**Summary:**

1. Calculate the probability of arriving on time given waking up on time and waking up late.
2. Combine these probabilities with their respective waking-up probabilities.
3. Sum the probabilities of arriving on time from both scenarios to find the overall probability.
4. Compare the overall probability of arriving on time with the probability of arriving late (100% - overall on time probability).

**Answer:**

No, arriving to school on time is not less likely than arriving late overall. In fact, it is more likely (53.75% vs. 46.25%)."
660,no,"Step-by-step Reasoning:**

* Compare the probabilities: 80% (with match) is significantly higher than 38% (without match).
* Lighting a match introduces an additional risk factor, presumably due to the potential for the flame to ignite dry brush or other flammable materials.

3. **Yes or No Answer:**

**No**, lighting a match does not decrease the chance of the forest catching on fire. **It increases the risk.**"
661,no,"**Full Response:**

To determine whether cholera contraction is more likely than cholera prevention overall, we need to consider the probabilities given:

- The overall probability of clean water is 33%.
- For people without clean water (implying they have polluted water), the probability of cholera contraction is 79%.
- For people with access to clean water, the probability of cholera contraction is 43%.

First, let's calculate the probability of cholera contraction overall. We can do this by using the law of total probability:

P(Cholera) = P(Cholera | Polluted Water) * P(Polluted Water) + P(Cholera | Clean Water) * P(Clean Water)

We know:
- P(Cholera | Polluted Water) = 0.79
- P(Clean Water) = 0.33
- P(Cholera | Clean Water) = 0.43

We need to find P(Polluted Water), which is 1 - P(Clean Water) = 1 - 0.33 = 0.67.

Now, we can calculate the overall probability of cholera:

P(Cholera) = (0.79 * 0.67) + (0.43 * 0.33) = 0.5253 + 0.1419 = 0.6672 or 66.72%

Since the overall probability of cholera contraction is 66.72%, which is higher than 50%, cholera contraction is indeed more likely than cholera prevention overall.

**Summary:**

1. Calculate the probability of cholera contraction for each scenario (polluted and clean water).
2. Determine the probability of having polluted water (1 - probability of clean water).
3. Use the law of total probability to find the overall probability of cholera contraction.
4. Compare this probability to 50% to determine if cholera contraction is more likely than prevention.

**Yes/No Answer:**

Yes, cholera contraction is more likely than cholera prevention overall."
662,no,"Step-by-step Reasoning:**

1. The problem presents two probabilities: a 43% chance of admission for non-males and a 55% chance for males.
2. Comparing these probabilities, 43% is lower than 55%.
3. Therefore, being male (with a 55% probability) gives a higher chance of admission acceptance compared to not being male (with a 43% probability).

**Yes or No Answer:**

No, male gender does not decrease the chance of admission acceptance; it increases it."
663,no,"**Full Response:**

No, it is not necessarily more correct to use Method 1 than Method 2 to understand how encouragement level affects exam scores. Both methods have their merits and the choice between them depends on the research goals and the complexity of the relationship being studied.

- **Method 1** has the advantage of providing a general overview of the correlation between encouragement level and exam scores, which can be useful for identifying broad trends. However, it doesn't account for individual differences or moderating variables like studying habits.
- **Method 2**, on the other hand, allows for a more nuanced understanding by considering the interaction between encouragement and other factors, such as studying habits. This can provide deeper insights into how encouragement influences exam scores under different conditions.

**Summary:**

1. Method 1 provides a general correlation between encouragement level and exam scores.
2. Method 2 examines this correlation case by case, taking studying habits into account.
3. Neither method is inherently superior; the choice depends on the research objective.

**Answer:** No"
664,yes,"**Full Response:**

To determine if the chance of a high exam score is larger when observing encouragement, we need to compare the probabilities directly.

Given:
- The overall probability of encouragement is 91%.
- The probability of discouragement and a high exam score is 5%.
- The probability of encouragement and a high exam score is 41%.

First, let's calculate the probability of a high exam score when encouragement is observed. This can be found by taking the probability of encouragement and a high exam score and dividing it by the overall probability of encouragement:

Probability of high exam score given encouragement = (Probability of encouragement and high exam score) / (Overall probability of encouragement) 
= 41% / 91% 
≈ 0.4505 or 45.05%.

Now, let's calculate the probability of a high exam score when discouragement is observed. This can be found by taking the complement of the probability of encouragement and then using the given probability of discouragement and a high exam score:

Probability of high exam score given discouragement = (Overall probability of discouragement) * (Probability of high exam score given discouragement) 
= (100% - 91%) * 5% 
= 9% * 5% 
= 0.045 or 4.5%.

Comparing these two probabilities:
- Probability of high exam score given encouragement ≈ 45.05%
- Probability of high exam score given discouragement = 4.5%

It is clear that the probability of a high exam score is significantly larger when observing encouragement.

**Summary:**

1. Calculate the probability of a high exam score given encouragement by dividing the probability of encouragement and a high exam score by the overall probability of encouragement, resulting in approximately 45.05%.
2. Calculate the probability of a high exam score given discouragement by using the complement of the overall probability of encouragement and the given probability of discouragement and a high exam score, resulting in 4.5%.
3. Compare the two probabilities: 45.05% (encouragement) vs. 4.5% (discouragement).

**Answer:**

Yes, the chance of a high exam score is larger when observing encouragement."
665,no,"**Full Response:**

To determine if the chance of recovery is smaller when observing high hospital bills, we need to compare the probabilities directly. We are given:

- The probability of a high hospital bill (regardless of recovery) is 38%.
- The probability of a low hospital bill and recovery is 23%.
- The probability of a high hospital bill and recovery is 23%.

First, let's calculate the probability of recovery given a high hospital bill. This can be found by dividing the probability of high hospital bill and recovery by the probability of high hospital bill:

Probability of recovery given high hospital bill = (Probability of high hospital bill and recovery) / (Probability of high hospital bill) 
= 23% / 38% 
≈ 0.6053 or 60.53%.

Now, we can compare this to the probability of recovery given a low hospital bill, which is simply the probability of low hospital bill and recovery since there are only two bill categories (high and low):

Probability of recovery given low hospital bill = 23%.

Comparing these two probabilities:

- Probability of recovery given high hospital bill ≈ 60.53%
- Probability of recovery given low hospital bill = 23%

This shows that the chance of recovery is **higher** when observing high hospital bills.

**Summary:**

1. Calculate the probability of recovery given high hospital bill (23% / 38% ≈ 60.53%).
2. Compare this to the probability of recovery given low hospital bill (23%).
3. Conclude that the chance of recovery is higher with high hospital bills.

**Answer:**

No, the chance of recovery is **not** smaller when observing high hospital bills; it is actually higher."
666,yes,"**Full Response:**

Yes, it is more appropriate to use Method 1 (examining the general correlation between education level and salary) than Method 2 (assessing the correlation case by case according to skill) to understand how education level impacts salary.

**Reasoning:**

1. **Broad Overview:** Method 1 provides a broad overview of the relationship between education and salary by examining the general correlation. This approach allows for the identification of overall trends and patterns, which can offer valuable insights into how different levels of education typically influence earning potential.

2. **Statistical Significance:** By analyzing a large dataset, Method 1 can yield statistically significant results. When you look at the correlation across a broad population, you can control for various factors and make more reliable conclusions about the impact of education on salary.

3. **Standardization:** Method 1 standardizes the analysis by considering education level as a primary factor, making it easier to compare different groups and draw conclusions that apply to a wider population.

**Yes or No Answer:**

Yes, Method 1 is more correct for understanding how education level affects salary."
667,yes,"Step-by-Step Reasoning:**

1. Method 1 offers a general correlation study, which may be too broad to capture specific factors affecting the relationship between respiratory issues and broken bones.
2. Method 2 provides a more detailed, case-by-case analysis, which can account for individual differences and hospitalization status, potentially revealing more accurate and applicable findings.
3. Therefore, Method 2 is more likely to offer a more comprehensive understanding of how respiratory issues affect broken bones in specific contexts.

**Yes or No Answer:**

No, Method 1 is not more correct than Method 2 in this scenario. Method 2 is more likely to be effective for understanding the relationship between respiratory issues and broken bones when considering hospitalization status."
668,yes,"Step-by-Step Reasoning:**

1. **Eliminate Obviously Incorrect Answers:**
   - It's biologically implausible to claim that intelligent parents would *decrease* the chance of an intelligent child. Intelligence is a heritable trait, so intelligent parents are more likely to have intelligent children, all else being equal.

2. **Examine the Paradox:**
   - The given probabilities (58% for unintelligent parents and 33% for intelligent parents) might suggest a counterintuitive result, but these percentages are likely oversimplifications and do not account for the complex nature of intelligence.

3. **Consider Confounding Factors:**
   - Other factors, such as socioeconomic status, education level, and environmental enrichment, can significantly influence a child's cognitive development.

**Answer:**

No, intelligent parents do not decrease the chance of having an intelligent child. The question is based on an oversimplification of genetic inheritance and does not account for the complex, multifactorial nature of intelligence."
669,no,"**Full Response:**

To determine if recovery is less likely than non-recovery overall, we need to consider the probabilities given and weigh them against each other.

Given:
- The overall probability of receiving treatment is 54%.
- For patients not receiving treatment, the probability of recovery is 62%.
- For patients receiving treatment, the probability of recovery is 36%.

First, we calculate the probability of recovery for each scenario:
- Probability of recovery given no treatment: 62%
- Probability of recovery given treatment: 36%

Next, we calculate the weighted average probability of recovery, taking into account the overall probability of receiving treatment:
- Weighted probability of recovery = (Probability of no treatment * Probability of recovery given no treatment) + (Probability of treatment * Probability of recovery given treatment)
- Weighted probability of recovery = (0.46 * 0.62) + (0.54 * 0.36) = 0.2852 + 0.1944 = 0.4796 or 47.96%

Since the weighted probability of recovery (47.96%) is less than 50%, it means that overall, recovery is less likely than non-recovery.

**Summary:**

1. Calculate the probabilities of recovery for both treatment and no treatment scenarios.
2. Compute the weighted average probability of recovery using the overall treatment probability.
3. Compare the weighted probability of recovery to 50% to determine if recovery is more or less likely.

**Answer:**

Yes, recovery is less likely than non-recovery overall."
670,no,"Step-by-Step Reasoning:**

1. Compare infant mortality probabilities directly between smoking and non-smoking mothers, ignoring birth weight.
2. For both low and normal birth weights, infant mortality is higher for nonsmoking mothers.
3. Conclude that smoking status, in this data, is associated with a lower probability of infant mortality, not a positive effect.

**Answer:**

No, according to the given data, maternal smoking status does not positively affect infant mortality. It is associated with a lower probability of infant mortality compared to nonsmoking mothers, when birth weight is not considered."
671,no,"**Full Response:**

No, it is not necessarily more correct to use Method 1 than Method 2 to understand how maternal smoking status affects infant mortality. While Method 1 provides a nuanced approach by considering infant birth weight, Method 2 offers a broader perspective that includes a larger sample size and may capture underlying trends more effectively.

**Reasoning:**

1. **Method 1** examines the correlation between maternal smoking status and infant mortality specifically within subgroups defined by infant birth weight. This approach can be insightful because low birth weight is a known risk factor for infant mortality, and smoking during pregnancy is associated with reduced fetal growth. By focusing on this subgroup, you might uncover important relationships within a high-risk population.

2. **Method 2** takes a more comprehensive view by looking at the overall correlation between maternal smoking status and infant mortality without initially breaking down the data by birth weight. This method includes all infants, regardless of their birth weight, providing a broader picture of the relationship between smoking and infant mortality across the entire population.

While Method 1 has the advantage of focusing on a high-risk subgroup, Method 2 offers the benefit of a larger sample size and the potential to capture underlying trends that might be obscured when focusing only on low birth weight infants. Additionally, Method 2 allows for a more direct assessment of the primary research question without initially filtering the data.

**Yes or No Answer:**

No, Method 1 is not inherently more correct than Method 2. Both methods have their strengths and should ideally be considered together for a comprehensive understanding."
672,yes,"Step-by-Step Reasoning:**

1. A high skill level can lead to a white-collar job (from the first statement).
2. A high skill level is already observed in the individual.
3. High salary is associated with male gender, high skill level, or white-collar job (second statement).
4. Since high skill level is present, it contributes to a high salary, regardless of gender.

**Answer:**

No, the employee would not necessarily have a low salary if they were male. The high skill level is the determining factor for a high salary in this context."
673,yes,"**Full Response:**

To determine if broken bones are more likely than no broken bones overall, we need to consider the probabilities given and how they interact.

1. **Step 1:** Understand the probabilities:
   - The overall probability of respiratory issues is 89%.
   - For people *without* respiratory issues, the probability of broken bones is 85%.
   - For people *with* respiratory issues, the probability of broken bones is also 85%.

2. **Step 2:** Calculate the probability of broken bones overall. This can be done by considering the probabilities of broken bones in both groups (with and without respiratory issues) weighted by the likelihood of each group. However, with the given information, we cannot directly calculate the overall probability of broken bones because we don't know the base rate of broken bones in the general population or the conditional probability of broken bones given the presence or absence of respiratory issues.

3. **Step 3:** Analyze the information. The key here is that the probability of broken bones is the same (85%) for both groups. This suggests that the presence or absence of respiratory issues does not affect the likelihood of broken bones.

**Summary:**

The probabilities provided do not allow for a direct calculation of the overall likelihood of broken bones. However, since the probability of broken bones is the same (85%) for both those with and without respiratory issues, it indicates that respiratory issues do not increase or decrease the likelihood of broken bones. Therefore, we cannot conclude that broken bones are more likely than no broken bones overall based on the given information.

**Answer:**

No, we cannot conclude that broken bones are more likely than no broken bones overall based on the provided probabilities."
674,no,"Step-by-Step Reasoning:**

1. Compare the probabilities: 19% (manager signs and employee is fired) vs. 21% (manager doesn't sign, but employee is fired).

2. Conclude that the higher probability (21%) occurs when the manager does not sign the letter, indicating a larger chance of firing in this scenario.

**Answer:** No. (The question asks if the chance of firing is *larger* when observing the manager signing the letter, but the calculation shows the opposite.)"
675,yes,"Step-by-Step Reasoning:**

1. Identify the probabilities:
   - Probability of high salary for non-males = 36%
   - Probability of high salary for males = 31%

2. Compare the probabilities:
   - Since 36% is greater than 31%, it indicates that non-males have a higher chance of earning a high salary.

3. Conclude that being male decreases the likelihood of a high salary:
   - The lower probability for males suggests that gender is a factor influencing salary outcomes, with males being at a slight disadvantage.

**Answer:** Yes"
676,no,"Step-by-Step Reasoning:**

- Compare the probabilities of tanned skin under different conditions.
- The probability of tanned skin given tanning salon treatment (26%) is higher than the probability of tanned skin without tanning salon treatment (8%).

3. **Yes or No Answer:**

**No**, the chance of tanned skin is not smaller when observing tanning salon treatment. In fact, it is higher."
677,yes,"Step-by-Step Reasoning:**

1. Compare probabilities within each age group for high vs. low hospital bills.
2. Notice that for both young and old patients, a high hospital bill corresponds to a higher probability of recovery.
3. Since the question is about patients with high hospital bills, the relevant comparison is between old patients with high bills (93% recovery probability) and old patients with low bills (80% recovery probability).
4. Conclude that a high hospital bill is associated with a more likely recovery for old patients.

**Yes/No Answer:**

No, it would not be more likely to see recovery if the patient had paid a low hospital bill."
678,yes,"Step-by-Step Reasoning:**

1. In areas with low cigarette tax, where smoking among mothers is more prevalent (22% vs 70% in high tax areas), the probability of normal infant birth weight is only 20%.
2. Conversely, in areas with high cigarette tax, where smoking among mothers is less common, the probability of normal infant birth weight increases to 41%.
3. This data suggests a clear inverse relationship between maternal smoking rates and the likelihood of normal infant birth weight.

**Yes or No Answer:**

Yes."
679,yes,"**Full Response:**

To determine if smallpox survival is less likely than smallpox death overall, we need to consider the probabilities given:

- Overall probability of vaccination: 77%
- Smallpox survival rate for unvaccinated individuals: 51%
- Smallpox survival rate for vaccinated individuals: 62%

First, we calculate the probability of smallpox survival for the entire population. We can do this by using the law of total probability:

P(Survival) = P(Survival | Vaccinated) * P(Vaccinated) + P(Survival | Unvaccinated) * P(Unvaccinated)

P(Survival) = 0.62 * 0.77 + 0.51 * (1 - 0.77) = 0.4814 + 0.1307 = 0.6121 or 61.21%

Since the overall probability of smallpox survival (61.21%) is higher than 50%, it means smallpox survival is more likely than smallpox death overall.

**Summary:**

1. Calculate the overall smallpox survival probability using the law of total probability.
2. Compare the overall survival probability (61.21%) with 50%.
3. Conclude that since the overall survival probability is higher than 50%, smallpox survival is more likely than death overall.

**Answer:**

No, smallpox survival is not less likely than smallpox death overall."
680,no,"**Full Response:**

The information provided doesn't give us enough context to definitively conclude whether the captain negatively affects prisoners through the corporal and private. We only know the probabilities of a prisoner's death based on the captain's direct actions (releasing or executing). We don't have data on the outcomes when a corporal or private is involved, nor do we know the specific roles or actions of these lower-ranking officers.

**Reasoning:**

1. We are given probabilities for prisoner outcomes based on captain's actions.
2. We are not given any information about corporals or privates.
3. Without data on their involvement or impact, we cannot determine if they contribute to negative outcomes.

**Answer:**

No, we cannot conclude from the given information that the captain negatively affects prisoners through the corporal and private."
681,no,"**Full Response:**

To determine if medication positively affects heart condition, we should compare the probabilities of having a healthy heart for people taking medication and not taking medication, while considering blood pressure levels.

Given data:
- Without medication:
  - Low blood pressure: 40% healthy heart
  - High blood pressure: 69% healthy heart
  - Probability of high blood pressure: 54%
- With medication:
  - Low blood pressure: 7% healthy heart
  - High blood pressure: 44% healthy heart
  - Probability of high blood pressure: 28%

First, let's calculate the overall probability of a healthy heart for each group:

- Without medication:
  - (0.4 * 0.46 + 0.69 * 0.54) = 0.5564 (or 55.64%)

- With medication:
  - (0.07 * 0.72 + 0.44 * 0.28) = 0.1456 (or 14.56%)

Comparing these two probabilities, the overall probability of having a healthy heart is higher for those not taking medication (55.64%) than for those taking medication (14.56%).

**Summary:**

1. Calculate the overall probability of a healthy heart for both groups (with and without medication), considering the given probabilities and the likelihood of having high blood pressure.
2. Compare the two probabilities.
3. Conclude that medication does not positively affect heart condition based on the comparison.

**Answer:**

No, medication does not positively affect heart condition when disregarding the mediation effect through blood pressure. (The probability of a healthy heart is higher for those not taking medication.)"
682,no,"**Full Response:**

To determine if scurvy is less likely than no scurvy overall, we need to consider the given probabilities. We are provided with the following information:

- The overall probability of citrus intake is 94%.
- For patients not consuming citrus, the probability of scurvy is 68%.
- For patients consuming citrus, the probability of scurvy is 51%.

First, let's calculate the probability of scurvy overall. We can use the law of total probability, which states that the probability of an event (in this case, scurvy) is the sum of the probabilities of that event occurring in each of the mutually exclusive cases.

The probability of scurvy overall (P(Scurvy)) can be calculated as:

P(Scurvy) = P(Scurvy | No Citrus) * P(No Citrus) + P(Scurvy | Citrus) * P(Citrus)

Given:
- P(No Citrus) = 1 - P(Citrus) = 1 - 0.94 = 0.06
- P(Scurvy | No Citrus) = 0.68
- P(Scurvy | Citrus) = 0.51
- P(Citrus) = 0.94

Plugging in the values:

P(Scurvy) = (0.68 * 0.06) + (0.51 * 0.94)
          = 0.0408 + 0.4794
          ≈ 0.5202 or 52.02%

So, the probability of scurvy overall is approximately 52.02%.

Since we are comparing this to the probability of ""no scurvy overall,"" which is 100% - 52.02% = 47.98%, we can conclude that scurvy is less likely than no scurvy overall.

**Summary:**

1. Calculate the overall probability of scurvy using the law of total probability.
2. Compare this probability to the probability of ""no scurvy overall.""
3. Conclude that scurvy is less likely than no scurvy overall if the calculated probability of scurvy is lower.

**Answer:**

Yes, scurvy is less likely than no scurvy overall."
683,yes,"**Full Response:**

Yes, it is more correct to use Method 1 (examining the correlation between treatment and recovery case by case according to gender) than Method 2 (looking generally at the correlation between treatment and recovery) to understand how treatment affects recovery while considering gender differences.

**Reasoning:**

1. **Eliminating Incorrect Answers:**
   - Method 2, which looks at the correlation in general, might overlook important gender-specific differences in how treatment affects recovery. This approach could lead to inaccurate or incomplete conclusions if the relationship between treatment and recovery varies significantly between genders.

2. **Choosing the Most Likely Correct Answer:**
   - Method 1 is more appropriate because it acknowledges and accounts for potential gender differences. By examining the correlation case by case and considering gender, this method provides a more nuanced and accurate understanding of how treatment impacts recovery for different groups.

**Yes/No Answer:**

Yes, Method 1 is more correct."
684,no,"Step-by-Step Reasoning:**

1. Intelligent parents and the confounder 'active' contribute to high parental social status.
2. Both intelligent parents and high parental social status, influenced by the confounder, contribute to an intelligent child.
3. Observing the confounder suggests its significant role in the relationship.
4. Therefore, without knowing the specific effects of the confounder, we cannot assume that unintelligent parents will definitely result in a non-intelligent child.

**Yes or No Answer:**

No, we cannot conclude that the child will not be intelligent if the parents are unintelligent based on the given information."
685,yes,"Step-by-Step Reasoning:**

1. Method 1 examines gender and salary correlations within specific occupations, accounting for unique contextual factors.
2. Method 2 takes a broad, overall view, which might obscure important occupation-specific details.
3. A detailed, context-aware approach (Method 1) is more likely to reveal the complex interplay between gender and salary than a general, across-the-board analysis (Method 2).

**Yes or No Answer:**

Yes, Method 1 is more correct than Method 2 for understanding how gender affects salary."
686,no,"Step-by-step Reasoning:**

- Tanning salon treatments are a known cause of tanned skin.
- The person does not go to the beach, ruling out natural sun exposure as a cause.
- Without the tanning salon treatment, we'd need to rely on other potential causes for tanned skin, which are not specified in the question.
- Thus, without the specified cause (tanning salon treatment), it's unlikely the person would have the observed effect (tanned skin).

3. **Yes or No Answer:**

**No**, the person would likely not have tanned skin if they did not undergo tanning salon treatment."
687,yes,"Step-by-Step Reasoning:**

1. Compare the probabilities:
   - Probability of tanning salon treatment and tanned skin: 1%
   - Probability of no tanning salon treatment and tanned skin: 16%

2. Observe that 16% is significantly larger than 1%.

3. Conclude that the chance of tanned skin is higher without tanning salon treatment.

**Yes or No Answer:**

No, the chance of tanned skin is not larger when observing tanning salon treatment."
688,yes,"Step-by-Step Reasoning:**

- Start with the given probabilities: 64% for nonsmoking genes and 77% for smoking genes.
- Compare the probabilities: 77% is greater than 64%.
- Conclude that since the probability of lung cancer is higher with smoking genes, these genes increase the risk, not decrease it.

3. **Yes or No Answer:**

**No**, smoking genes do not decrease the chance of lung cancer; they increase it."
689,yes,"Step-by-step Reasoning:**

1. Compare the probabilities of normal infant birth weight for smoking and nonsmoking mothers.
2. Observe that 19% (nonsmoking) is greater than 17% (smoking).
3. Conclude that the chance of normal infant birth weight is not larger for smoking mothers.

**Yes or No Answer:**

No, the chance of normal infant birth weight is *not* larger when observing a smoking mother."
690,no,"Step-by-step Reasoning:**

1. Compare the probabilities of high infant mortality for both groups.
2. Observe that the probability for smoking mothers (58%) is higher than that for nonsmoking mothers (54%).
3. Conclude that smoking mothers increase the chance of high infant mortality.

**Yes or No Answer:**

Yes, smoking mothers increase the chance of high infant mortality."
691,no,"Step-by-Step Reasoning:**

- Compare the probabilities: 79% (normal weight) vs. 72% (obese).
- Identify the difference: 79% - 72% = 7%.
- Conclude that this difference suggests a lower probability of a long lifespan for obese individuals.

3. **Yes or No Answer:**

**Yes**, obesity is likely to decrease the chance of a long lifespan based on the given probabilities."
692,yes,"Step-by-step Reasoning:**

1. Calculate the probability of a high salary using the given information and the formula for the union of events.
2. Compare this probability to the probability of a high salary given a college degree or higher.
3. Conclude that the chance of a high salary is smaller for those with a college degree or higher.

**Yes or No Answer:**

Yes, the chance of a high salary is smaller when observing individuals with a college degree or higher."
693,no,"Step-by-Step Reasoning:**

1. Compare the two probabilities: 71% (not male) vs. 68% (male).
2. Identify that 71% is greater than 68%.
3. Conclude that being not male increases the likelihood of admission acceptance for a male individual.

**Yes or No Answer:**

Yes, it would be more likely to see admission acceptance for an individual who is male if they had not been male."
694,yes,"**Full Response:**

To determine if lung cancer is less likely than the absence of lung cancer overall, we need to consider the probabilities given:

- The overall probability of smoking is 86%.
- For nonsmokers (which is 14% of the population, since 100% - 86% = 14%), the probability of lung cancer is 37%.
- For smokers (86% of the population), the probability of lung cancer is 53%.

To find the overall probability of lung cancer, we can use the law of total probability. Let's calculate the weighted average of lung cancer probabilities for smokers and nonsmokers:

Overall probability of lung cancer = (Probability of lung cancer in smokers * Probability of being a smoker) + (Probability of lung cancer in nonsmokers * Probability of being a nonsmoker)

Overall probability of lung cancer = (0.53 * 0.86) + (0.37 * 0.14) = 0.4598 + 0.0518 = 0.5116 or 51.16%.

Since the overall probability of lung cancer (51.16%) is greater than the probability of absence of lung cancer (100% - 51.16% = 48.84%), lung cancer is **less likely than the absence of lung cancer overall**.

**Summary:**

1. Calculate the weighted average of lung cancer probabilities for smokers and nonsmokers to find the overall probability of lung cancer.
2. Compare the overall probability of lung cancer with the probability of absence of lung cancer.
3. Conclude that lung cancer is less likely than the absence of lung cancer overall if the overall probability of lung cancer is less than 50%.

**Answer:**

No, lung cancer is **not** less likely than absence of lung cancer overall."
695,no,"Step-by-Step Reasoning:**

1. Identify the overall probability of increased supply (53%).
2. Compare probabilities of price changes within reduced supply (85%) and increased supply (42%) scenarios.
3. Conclude that increased price is less likely overall because increased supply is more common, and it has a lower probability of leading to a price increase.

**Yes or No Answer:**

Yes, an increased price is less likely than a reduced price overall."
696,no,"Step-by-Step Reasoning:**

1. Compare probabilities of normal infant birth weight in areas with low and high smoking rates among mothers.
2. Observe that higher smoking rates correspond with a higher probability of normal birth weight.
3. Note that cigarette tax might also influence other factors related to infant health.
4. Conclude that the data does not support the idea that smoking mothers decrease the chance of normal infant birth weight, but it also doesn't definitively prove the opposite.

**Yes or No Answer:**

No, based on the given data, smoking mothers do not decrease the chance of normal infant birth weight. However, the data is not sufficient to conclusively prove that smoking mothers increase the chance of normal infant birth weight."
697,yes,"**Full Response:**

No, it is not necessarily more correct to use Method 1 than Method 2 to understand how maternal smoking status affects infant mortality. Both methods have their merits and limitations, and the choice between them depends on the specific research question and context.

- **Method 1 (General Correlation):** This method provides a broad overview of the relationship between maternal smoking and infant mortality, which can be useful for identifying overall trends. However, it doesn't account for other factors that might influence this relationship, such as birth weight, gestational age, or socioeconomic status.

- **Method 2 (Case-by-Case Analysis):** This method allows for a more nuanced understanding by considering specific cases, particularly the impact of smoking on different categories of birth weight. This can provide valuable insights into the mechanisms through which smoking affects infant mortality, such as the increased risk of low birth weight and prematurity associated with maternal smoking.

**Reasoning:**

1. Method 1 examines the general correlation, offering a broad view but potentially overlooking important details.
2. Method 2 analyzes cases based on birth weight, providing a more detailed and potentially more informative perspective on the specific effects of smoking.
3. The best method depends on the research goal; if the aim is to understand the overall impact, Method 1 might suffice, but for exploring the mechanisms, Method 2 is more appropriate.

**Answer:**

No, it is not inherently more correct to use Method 1 over Method 2. The choice depends on the research objectives."
698,no,"**Full Response:**

Given the provided information:
- Rainy season causes rain and sprinkler off.
- Rain or sprinkler on causes a wet ground.

To determine if the ground is wet during the dry season, we can follow these steps:

1. **Eliminate obviously incorrect answers:**
   - Since the dry season is the opposite of the rainy season, it implies there is less or no rain.
   - With no rain, the condition 'rain or sprinkler on' that causes a wet ground does not hold true.

2. **Reasoning:**
   - The ground getting wet is attributed to either rain or sprinkler being on.
   - During the dry season, there is no rain, so the only potential cause for a wet ground would be the sprinkler being on.
   - However, the information states that during the rainy season, the sprinkler is off. There's no explicit mention of sprinkler behavior during the dry season, but logically, if it's off during rainy season, it's likely to be on during the dry season to compensate for the lack of rain.

3. **Most likely answer:**
   - Yes, the ground could be wet during the dry season due to the sprinkler being on.

**Summary:**

1. Dry season implies less or no rain.
2. Wet ground is caused by rain or sprinkler on.
3. Sprinkler is likely on during dry season to compensate for the absence of rain.
4. Therefore, the ground can be wet during dry season.

**Yes or No Answer:**

**Yes**, the ground is likely to be wet if it's the dry season instead of the rainy season."
699,no,"Step-by-Step Reasoning:**

1. Compare the probabilities of lung cancer for smokers and nonsmokers in the context of tar deposits.
2. Note that smokers have higher lung cancer probabilities in both tar deposit scenarios.
3. Conclude that smoking does not decrease the chance of lung cancer.

**Answer:**

No, smoking does not decrease the chance of lung cancer."
700,yes,"**Full Response:**

The question asks us to compare the overall likelihood of students being hard-working to them being lazy. To do this, we need to consider the probabilities given and how they interact.

First, let's define some terms:
- Let $T$ be the event that a student is talented.
- Let $H$ be the event that a student is hard-working.
- Let $L$ be the event that a student is lazy.

We are given the following probabilities:
- $P(T) = 0.82$ (82% overall probability of talent)
- $P(H| \neg T) = 0.89$ (89% probability of being hard-working given they are not talented)
- $P(H|T) = 0.89$ (89% probability of being hard-working given they are talented)

To find the overall probability of a student being hard-working, we need to use the law of total probability:

$$P(H) = P(H|T)P(T) + P(H| \neg T)P(\neg T)$$

Where $P(\neg T)$ is the probability of a student not being talented, which is $1 - P(T) = 1 - 0.82 = 0.18$.

Plugging in the values:

$$P(H) = (0.89 \times 0.82) + (0.89 \times 0.18) = 0.7346 + 0.1602 = 0.8948$$

So, the overall probability of a student being hard-working is approximately 89.48%.

Since we don't have a direct probability for the likelihood of being lazy, we can't directly compare it to the probability of being hard-working. However, we can infer that since the sum of probabilities of all possible outcomes (hard-working or lazy) must equal 1, and we've found that the probability of being hard-working is already 89.48%, the probability of being lazy (the complement of being hard-working) would be significantly lower.

**Summary:**

1. Defined events and given probabilities.
2. Calculated the overall probability of a student being hard-working using the law of total probability.
3. Inferred that the probability of being lazy, being the complement of being hard-working, is less likely.

**Answer:**

No, being hard-working is not less likely than being lazy overall. In fact, based on the provided probabilities, being hard-working is considerably more likely."
701,no,"Step-by-step Reasoning:**

1. Eliminate the obviously incorrect answer: The probability of penguin death when taking the elevator is 0%, so it cannot be larger than any other probability.
2. Compare the remaining probabilities: The probability of penguin death when taking the stairs is 44%, which is greater than the overall probability of taking the elevator (8%).
3. Conclusion: The chance of penguin death is larger when taking the stairs, not when observing someone taking the elevator.

**Answer:**

No, the chance of penguin death is not larger when observing taking the elevator. The correct inference is that the chance of penguin death is larger when taking the stairs."
702,yes,"**Full Response:**

To determine if lung cancer is more likely than the absence of lung cancer overall, we need to consider the probabilities given:

- The overall probability of smoking is 12%.
- For nonsmokers (which is 100% - 12% = 88% of the population), the probability of lung cancer is 52%.
- For smokers (12% of the population), the probability of lung cancer is 90%.

First, we calculate the weighted probability of lung cancer for the entire population:

- Weighted probability of lung cancer = (Probability of lung cancer for nonsmokers * Probability of being a nonsmoker) + (Probability of lung cancer for smokers * Probability of being a smoker)
- Weighted probability of lung cancer = (0.52 * 0.88) + (0.90 * 0.12) = 0.4576 + 0.108 = 0.5656 or 56.56%.

So, the overall probability of lung cancer is approximately 56.56%. This is higher than the probability of not having lung cancer, which would be 100% - 56.56% = 43.44%.

**Summary:**

1. Calculate the weighted probability of lung cancer by multiplying the probability of lung cancer in each group by the probability of belonging to that group, then summing the results.
2. The weighted probability of lung cancer (56.56%) is higher than the probability of not having lung cancer (43.44%).

**Answer:**

Yes, lung cancer is more likely than the absence of lung cancer overall."
703,no,"Step-by-Step Reasoning:**

1. Eliminate the option that the confounder directly causes a high salary, as it only influences the likelihood of getting a college degree.
2. Recognize that having a college degree or higher is a necessary condition for a high salary according to the given information.
3. Conclude that without knowledge of the person's actual educational attainment, we cannot determine if they meet the necessary condition for a high salary.

**Answer:**
No, we cannot definitively conclude that the employee has a high salary based on the given information."
704,yes,"Step-by-Step Reasoning:**

1. Identify the key probabilities:
   - Normal weight: 53% chance of a long lifespan
   - Obese: 74% chance of a long lifespan

2. Compare the probabilities:
   - Since 74% is greater than 53%, obesity is associated with a higher probability of a long lifespan compared to normal weight.

3. Conclude:
   - Obesity does not decrease the chance of a long lifespan in this context; it appears to increase it.

**Yes or No Answer:**

No, obesity does not decrease the chance of a long lifespan based on the given probabilities."
705,yes,"Step-by-Step Reasoning:**

1. The data shows a higher probability of high salary for individuals with a college degree or higher compared to those without a college degree.
2. This correlation suggests a positive relationship between education level and salary potential.
3. However, correlation does not prove causation, and other factors could influence both education and salary.
4. To confirm that education level positively affects salary through skill development, additional analysis controlling for other variables and examining skill acquisition would be necessary.

**Yes or No Answer:**

Yes, the data suggests that education level positively affects salary potential, but further analysis is needed to definitively conclude that this is due to skill development."
706,no,"Step-by-Step Reasoning:**

1. Compare probabilities of the alarm ringing when the wife doesn't set it (89%) to when she does (44% and 58%).
2. Note that the alarm rings more often when the wife doesn't set it, indicating the husband's involvement may increase the chances of the alarm ringing.
3. Conclude that the husband positively affects the alarm clock through the wife's actions.

**Yes or No Answer:**

Yes, the husband positively affects the alarm clock through the wife."
707,yes,"Step-by-Step Reasoning:**

1. Identify the probabilities:
   - No citrus intake: 58% scurvy probability
   - Citrus intake: 32% scurvy probability

2. Compare the probabilities:
   - The probability of scurvy is higher without citrus intake.

3. Conclude:
   - Since the scurvy probability decreases when citrus is consumed, it suggests that citrus intake is associated with a reduced chance of scurvy.

**Yes or No Answer:**

Yes, citrus intake likely decreases the chance of scurvy."
708,yes,"Step-by-Step Reasoning:**

1. Identify the probabilities:
   - Nonsmokers: 36% chance of admission
   - Smokers: 15% chance of admission

2. Compare the probabilities:
   - Since 36% is greater than 15%, smoking decreases the likelihood of college admission.

3. Conclude:
   - Smoking does not increase the chance of college admission; it reduces it.

**Yes or No Answer:**

No."
709,no,"Step-by-Step Reasoning:**

1. Identify the probabilities for smokers with high tar deposit (69%) and nonsmokers with high tar deposit (59%).
2. Compare these probabilities directly.
3. Conclude that a smoker with high tar deposit has a higher probability of lung cancer compared to a nonsmoker with high tar deposit.

**Answer:**

No, the question as posed does not accurately compare the likelihood of lung cancer for smokers based on their past smoking status. It is more likely that a smoker with high tar deposit has a higher probability of lung cancer compared to a nonsmoker with high tar deposit."
710,no,"Step-by-step Reasoning:**

- Compare the probabilities: 80% (smokers) vs. 64% (nonsmokers).
- Higher probability indicates a greater likelihood.
- Therefore, smokers are more likely to have lung cancer, regardless of their past smoking habits.

3. **Yes or No Answer:**

**No**, it would not be more likely to see lung cancer in a smoker if the person had been a nonsmoker. Smokers have a higher probability of lung cancer compared to nonsmokers."
711,yes,"**Full Response:**

To determine if smallpox survival is less likely than smallpox death overall, we need to consider the probabilities given:

- The overall probability of vaccination is 78%.
- For unvaccinated individuals, the probability of smallpox survival is 57%.
- For vaccinated individuals, the probability of smallpox survival is 52%.

First, let's calculate the probability of smallpox survival given vaccination and non-vaccination:

1. Probability of survival if unvaccinated: 57%
2. Probability of survival if vaccinated: 52%

Next, we can calculate the weighted average survival probability, taking into account the overall vaccination rate:

- Weighted average survival probability = (Probability of survival if unvaccinated * Probability of being unvaccinated) + (Probability of survival if vaccinated * Probability of being vaccinated)
- Weighted average survival probability = (0.57 * (100% - 78%)) + (0.52 * 78%)
- Weighted average survival probability = (0.57 * 22%) + (0.52 * 78%)
- Weighted average survival probability ≈ 46.74%

Now, since the weighted average survival probability (approximately 46.74%) is less than 50%, it means that overall, smallpox survival is less likely than smallpox death.

**Summary:**

1. Calculate individual survival probabilities.
2. Compute the weighted average survival probability based on vaccination rates.
3. Compare the weighted average survival probability to 50% to determine if survival or death is more likely.

**Answer:**

Yes, smallpox survival is less likely than smallpox death overall."
712,yes,"Step-by-Step Reasoning:**

1. Compare the probabilities of high exam scores for students who study hard, with and without encouragement. The group without encouragement has a higher probability.
2. Observe that encouraged students who don't study hard have a lower probability of a high score compared to their unencouraged counterparts.
3. Note the significant difference in the likelihood of studying hard between encouraged and unencouraged students, indicating that encouragement is not translating into improved study habits.

**Answer:** Yes"
713,yes,"Step-by-Step Reasoning:**

1. Identify the probabilities:
   - Nonsmokers: 53% chance of college admission
   - Smokers: 27% chance of college admission

2. Compare the probabilities:
   - The probability of college admission for nonsmokers (53%) is significantly higher than that for smokers (27%).

3. Conclude:
   - Since the probability of college admission is lower for smokers compared to nonsmokers, smoking is likely to decrease the chance of college admission.

**Yes or No Answer:**

Yes."
714,no,"Step-by-step Reasoning:**

- Compare the probabilities of wet ground for both seasons directly.
- The rainy season has a higher probability (50%) than the dry season (41%).
- Conclusion: Rainy season is more likely to have wet ground.

3. **Yes or No Answer:**

**No**, it would not be more likely to see wet ground in the rainy season just because the previous season was dry. The rainy season inherently has a higher probability of wet ground regardless of the previous season's conditions."
715,yes,"Step-by-Step Reasoning:**

1. Eliminate the obvious: The probability of an event occurring is always less than or equal to 1. Since 58% (for non-males with high salaries) is already less than 1, it's an acceptable probability and doesn't need further elimination.
2. Calculate the probability of high salary without gender specification, which turns out to be approximately 59.18%.
3. Compare this probability with the given 1% for males. Since 59.18% is much higher than 1%, the chance of a high salary is indeed smaller for males.

**Answer:** Yes."
716,yes,"Step-by-Step Reasoning:**

1. Compare probabilities for unintelligent parents: A slight increase in intelligent children when social status is high, but not a significant positive correlation.
2. Compare probabilities for intelligent parents: A high probability of intelligent children regardless of social status, with a slight decrease when social status is high.
3. Analyze the impact of the confounder: It influences social status probabilities but does not consistently affect child intelligence within each parental intelligence group.
4. Conclusion: The data does not support a clear positive effect of parental intelligence on child intelligence through social status.

**Answer:**

No, parents' intelligence does not positively affect child's intelligence through parents' social status, based on the provided probabilities."
717,yes,"Step-by-Step Reasoning:**

1. Compare infant mortality probabilities directly associated with maternal smoking status, ignoring birth weight.
2. Note that smoking mothers have lower probabilities of high infant mortality compared to nonsmoking mothers.
3. Consider that smoking mothers also have higher probabilities of having infants with normal birth weights.
4. Conclude that, on the surface and disregarding birth weight, maternal smoking status does not negatively affect infant mortality.

**Yes or No Answer:**

No, maternal smoking status does not negatively affect infant mortality when disregarding the mediation effect through infant birth weight (based on the given probabilities)."
718,no,"Step-by-Step Reasoning:**

1. Compare the probabilities of lung cancer between smokers and nonsmokers.
2. Recognize that higher probability in smokers suggests increased risk.
3. Understand that tar deposit from smoking is linked to lung cancer development.
4. Conclude that smoking does not positively affect lung cancer through tar deposit but rather increases the risk.

**Answer:**

No, smoking does not positively affect lung cancer through tar deposit. The data and scientific understanding indicate that smoking increases the risk of lung cancer."
719,no,"Step-by-step Reasoning:**

1. Compare the two probabilities: 57% (stairs) vs. 59% (elevator).
2. Since 57% is less than 59%, choosing the stairs results in a lower probability of penguin death.

**Yes or No Answer:**

Yes, it would be less likely to see penguin death if you had taken the stairs."
720,yes,"Step-by-Step Reasoning:**

1. Calculate the difference in talent probability between attractive and unattractive groups: 83% (attractive) - 83% (unattractive) = 0%.
2. Since there is no difference in talent probability between the two groups, the overall talent probability depends on the distribution of attractive and unattractive people in the population.
3. Without knowing the base rates of attractiveness and unattractiveness, we cannot determine the overall probability of talent.
4. Therefore, we cannot conclude that talent is less likely than a lack of talent overall.

**Yes or No Answer:**

No."
721,no,"Step-by-Step Reasoning:**

1. Evaluate Method 1: It provides a general overview but may overlook important specifics.
2. Evaluate Method 2: It offers a detailed, case-by-case analysis that can capture nuances.
3. Compare the two: The best method depends on the research goal. If the goal is a broad understanding, Method 1 might be sufficient. If the goal is to understand specific impacts based on individual factors like blood pressure, Method 2 is more appropriate.

**Yes or No Answer:**

No, Method 1 is not universally more correct than Method 2 for understanding how medication affects heart condition."
722,yes,"**Full Response:**

To determine if the husband positively affects the alarm clock through the wife, we need to analyze the probabilities provided. We can start by understanding the scenarios:

1. **Husbands don't set the alarm, wives don't set the alarm (H-No, W-No):** Alarm rings with a 4% probability.
2. **Husbands don't set the alarm, wives set the alarm (H-No, W-Yes):** Alarm rings with a 50% probability.
3. **Husbands set the alarm, wives don't set the alarm (H-Yes, W-No):** Alarm rings with a 39% probability.
4. **Husbands set the alarm, wives set the alarm (H-Yes, W-Yes):** Alarm rings with an 88% probability.

Additionally, we have probabilities for whether the wife sets the alarm given the husband's behavior:

- For husbands that don't set the alarm, the wife sets it 60% of the time.
- For husbands that set the alarm, the wife sets it 13% of the time.

Given these probabilities, we can infer that when the husband sets the alarm (H-Yes), the alarm is more likely to ring (39% or 88%) compared to when he doesn't set it (4% or 50%). This suggests that the husband's action of setting the alarm positively affects the likelihood of the alarm ringing, regardless of the wife's actions.

However, the question asks specifically about the husband's positive influence through the wife. The data provided does not directly support a causal relationship where the husband's alarm-setting behavior leads to the wife setting the alarm more frequently. The probabilities for the wife setting the alarm given the husband's behavior are independent of the overall alarm-ringing probabilities.

Therefore, while the husband's action of setting the alarm seems to positively affect the alarm ringing, there's no evidence from the given data that he does so through influencing the wife.

**Summary:**

1. Eliminate obviously incorrect answers: The data shows that husbands setting the alarm is correlated with a higher probability of the alarm ringing.
2. Assess the influence on the wife: The probabilities do not support the idea that husbands setting the alarm increases the likelihood of the wife setting it.
3. Conclude: The husband positively affects the alarm ringing, but not through influencing the wife.

**Answer:** No, the husband does not positively affect the alarm clock through the wife based on the provided probabilities."
723,yes,"Step-by-Step Reasoning:**

1. **Eliminate Incorrect Answers:**
   - The question stems from a set of premises that include a smoking mother, good health, and normal infant birth weight influencing infant mortality.
   - The conclusion drawn in the question (""infant mortality is low if nonsmoking mother instead of smoking mother"") is not directly supported by the premises given.
   - While common knowledge and scientific evidence suggest that nonsmoking during pregnancy is beneficial for infant health, the specific scenario presented does not provide enough information to draw this conclusion.

2. **Assess the Premises:**
   - The premises state that a smoking mother and good health cause normal infant birth weight, and that smoking mother, good health, or normal infant birth weight cause high infant mortality.
   - The observation of good health in the scenario does not directly imply low infant mortality without considering the other factors, especially the smoking status of the mother.

3. **Determine the Most Likely Answer:**
   - Given the information, we cannot definitively conclude that infant mortality would be low if the mother was nonsmoking. The relationship between the variables is more complex than a simple binary of smoking/nonsmoking.

**Yes or No Answer:**

No, we cannot conclude that infant mortality would be low if the mother was nonsmoking based solely on the given information. The relationship between maternal smoking, health, birth weight, and infant mortality is multifaceted and cannot be reduced to a simple causal link without further data."
724,yes,"Step-by-Step Reasoning:**

1. Evaluate the probabilities given:
   - Overall kindness probability: 94%
   - Attractive appearance probability for mean personalities: 97%
   - Attractive appearance probability for kind personalities: 97%

2. Note that the probability of attractive appearance is the same for both personality types.

3. Recognize that the overall likelihood of attractive appearance depends on the distribution of personality types in the population, which is not provided.

4. Conclude that without this additional information, we cannot determine if attractive appearance is more likely than unattractive appearance overall.

**Yes or No Answer:**

No, we cannot conclude that attractive appearance is more likely than unattractive appearance overall based on the given information."
725,no,"**Full Response:**

No, it is not necessarily more correct to use Method 1 than Method 2 to understand how a husband affects an alarm clock. The optimal approach would depend on the specific research question and the context of the study.

**Reasoning:**

1. **Method 1** focuses on the general correlation between husbands and alarm clocks, treating all husbands as a homogeneous group. This might oversimplify the relationship and ignore important individual differences that could impact the interaction between a husband and an alarm clock.

2. **Method 2**, on the other hand, acknowledges that the relationship between a husband and an alarm clock could vary from one wife to another. By considering each case individually, this method allows for a more nuanced understanding of the factors at play.

In many social sciences, understanding individual variations and contextual factors is crucial. Therefore, Method 2, which accounts for these differences, would generally be considered more robust and insightful.

**Answer:**

No."
726,yes,"Step-by-Step Reasoning:**

1. Identify the biases in each method: Method 1 is biased by the multifaceted nature of fame, while Method 2 is less biased but still faces challenges in measurement.
2. Compare the two methods: Method 2 is more direct and less influenced by external factors not related to appearance and talent.
3. Conclude that Method 2 is the more correct approach despite its own challenges.

**Yes or No Answer:**

No, it is not more correct to use Method 1."
727,yes,"Step-by-Step Reasoning:**

1. Identify the probabilities:
   - Execution probability of death: 62%
   - Release probability of death: 28%
2. Compare the probabilities: 62% is greater than 28%.
3. Conclusion: Executing the prisoner increases the chance of death.

**Yes or No Answer:**

Yes."
728,yes,"**Full Response:**

Yes, based on the given probabilities, having a smoking mother decreases the chance of high infant mortality compared to having a non-smoking mother. 

**Reasoning:**

1. Identify the probabilities: 
   - Non-smoking mother: 59% high infant mortality
   - Smoking mother: 26% high infant mortality

2. Compare the probabilities: 
   - Since 26% is less than 59%, having a smoking mother results in a lower probability of high infant mortality.

3. Conclusion: 
   - Therefore, smoking mothers are associated with a decreased chance of high infant mortality compared to non-smoking mothers.

**Answer:** Yes"
729,no,"**Full Response:**

To determine if a high exam score is less likely than a low exam score overall, we need to consider the probabilities given:

- The overall probability of encouragement is 57%.
- For students who are not encouraged, the probability of a high exam score is 18%.
- For students who are encouraged, the probability of a high exam score is 66%.

First, we calculate the probability of a high exam score for the encouraged and non-encouraged students:

- Probability of high exam score for encouraged students: 0.57 (encouragement probability) * 0.66 (conditional probability) = 0.3762
- Probability of high exam score for non-encouraged students: 0.43 (1 - encouragement probability) * 0.18 (conditional probability) = 0.0774

Now, we compare these probabilities:

- Total probability of high exam score: 0.3762 + 0.0774 = 0.4536

Since 0.4536 (total probability of high exam score) is greater than 0.57 (overall encouragement probability), a high exam score is more likely overall.

**Summary:**

1. Calculate probabilities of high exam score for encouraged and non-encouraged students.
2. Sum these probabilities to find the total probability of a high exam score.
3. Compare this total probability to the overall encouragement probability.
4. Since the total probability of a high exam score (0.4536) is greater than the overall encouragement probability (0.57), a high exam score is more likely overall.

**Answer:**

No, a high exam score is not less likely than a low exam score overall."
730,yes,"Step-by-Step Reasoning:**

1. Identify the relevant probabilities: 18% (not talented and accepted) vs. 14% (talented and accepted).
2. Compare the probabilities: 18% > 14%.
3. Conclude that the chance of being hard-working does not increase with talent for students accepted to elite institutions.

**Answer:**

No, the chance of being hard-working does not increase with talent for students accepted to elite institutions."
731,yes,"**Full Response:**

Yes, Method 1 is more correct than Method 2 when trying to understand how gender affects salary. Here's why:

- **Method 2** simplifies the issue by looking at gender and salary correlation in general. This approach can lead to broad, inaccurate conclusions because it doesn't account for other important factors like occupation, which significantly influences salary. It might suggest that gender is the primary driver of salary differences, which could be misleading.
- **Method 1**, on the other hand, takes a more nuanced approach by examining gender salary disparities within specific occupations. This method controls for the confounding variable of occupation, allowing for a clearer picture of gender's role in salary determination. It helps identify whether gender gaps exist within specific job types, which is crucial for targeted interventions and policy changes.

**Reasoning:**

1. **Identify the Confounding Variable:** Occupation significantly impacts salary.
2. **Control for the Confounder:** Method 1 does this by looking at gender and salary within each occupation, eliminating the influence of occupation on salary.
3. **Accurate Conclusion:** This approach leads to more accurate insights into gender's role in salary differences.

**Yes/No Answer:** Yes, Method 1 is more correct."
732,no,"**Full Response:**

To determine if the chance of an intelligent child is smaller when observing intelligent parents, we need to compare the probability of an intelligent child given intelligent parents (22%) to the overall probability of intelligent parents (41%) and the probability of unintelligent parents and an intelligent child (15%).

Given the information:
- The probability of intelligent parents and an intelligent child (P(I|I)) is 22%.
- The probability of unintelligent parents and an intelligent child (P(U|I)) is 15%.
- The overall probability of intelligent parents (P(I)) is 41%.

We can calculate the probability of an intelligent child (P(I)) by considering all possible scenarios:
P(I) = P(I|I) * P(I) + P(U|I) * P(U)

However, we don't have the probability of unintelligent parents (P(U)). Without this value, we cannot accurately calculate P(I) and thus cannot definitively compare it to P(I|I).

**Summary:**

1. We have probabilities for specific scenarios: P(I|I) = 22%, P(U|I) = 15%, and P(I) = 41%.
2. To compare the chance of an intelligent child in all scenarios (P(I)) to the chance given intelligent parents (P(I|I)), we need the probability of unintelligent parents (P(U)).
3. Without P(U), we cannot proceed with the calculation.

**Answer:**

No, we cannot conclude that the chance of an intelligent child is smaller when observing intelligent parents without additional information."
733,yes,"Step-by-Step Reasoning:**

1. Recognize that age is a significant factor in both hospital costs and recovery.
2. Understand that case-by-case analysis (Method 1) allows for more nuanced understanding of cost-recovery relationships.
3. Acknowledge that general correlations (Method 2) might hide important variables and lead to incorrect conclusions.
4. Therefore, Method 1 is the more correct approach.

**Yes or No Answer:** Yes, it is more correct to use Method 1."
734,yes,"**Full Response:**

To determine if the forest is less likely to be on fire overall, we need to consider the probabilities given and apply some basic principles of probability theory.

1. **Understanding the Probabilities:**
   - The probability of a camper lighting a match is 100%. This means every camper will light a match.
   - If a camper does not light a match, the probability of the forest catching fire is 87%.
   - If a camper lights a match, the probability of the forest catching fire is 53%.

2. **Key Insight:**
   Since every camper lights a match, the scenario of a camper *not* lighting a match is moot. Therefore, the only relevant probability is the one when a camper lights a match, which is 53%.

3. **Comparison:**
   - The probability of the forest catching fire when a match is lit is 53%.
   - There is no explicit probability given for the forest *not* catching fire when a match is lit, but we can infer it as 100% - 53% = 47%.

4. **Conclusion:**
   The forest is less likely to be on fire overall (47%) compared to the probability of 53% when a match is lit.

**Summary:**

1. Eliminate the irrelevant scenario: Since all campers light a match, the 87% probability is not applicable.
2. Focus on the relevant probability: 53% chance of fire when a match is lit.
3. Infer the probability of no fire: 100% - 53% = 47%.
4. Compare: 47% (no fire) is greater than 53% (fire), so fire is less likely overall.

**Answer:**

Yes, the forest is less likely to be on fire overall."
735,no,"Step-by-Step Reasoning:**

1. Correlation between obesity and lower lifespan probability doesn't prove causation.
2. The probability of a long lifespan for obese people is 49%, regardless of their previous weight status.
3. The individual's current weight category determines their associated probability.

**Yes or No Answer:**

No, it would not be less likely to see a long lifespan in obese people who had been normal weight, based solely on the probabilities given. The relevant probability is the one associated with their current obese status (49%), not the one associated with normal weight (81%)."
736,no,"Step-by-step Reasoning:**

1. Eliminate obviously incorrect answers by understanding basic probability concepts. The overall probability of an event cannot be less than the probability of the event occurring in any specific condition. Since the probability of scurvy for those consuming citrus (74%) is higher than for those not consuming citrus (60%), it's likely that the overall probability of scurvy will be closer to 74%.

2. Apply the law of total probability to calculate the overall probability of scurvy.

3. Calculate the probability of not consuming citrus.

4. Compute the overall probability of scurvy using the probabilities of scurvy given citrus consumption and not consuming citrus, weighted by their respective probabilities.

5. Compare the overall probability of scurvy to the probability of no scurvy (which is 1 minus the overall probability of scurvy) to determine which is more likely.

**Yes/No Answer:**

Yes, scurvy is more likely than no scurvy overall."
737,no,"**Full Response:**

To determine if recovery is less likely than non-recovery overall, we need to consider the probabilities given and the impact of treatment on the overall likelihood of recovery.

Given:
- The overall probability of receiving treatment is 65%.
- For patients not receiving treatment, the probability of recovery is 37%.
- For patients receiving treatment, the probability of recovery is 63%.

First, we calculate the probability of recovery for those who receive treatment and those who don't:
- Probability of recovery given no treatment: 37%
- Probability of recovery given treatment: 63%

Next, we can use the law of total probability to find the overall probability of recovery. The overall probability of recovery (P(Recovery)) can be calculated as:

P(Recovery) = P(Recovery | No Treatment) * P(No Treatment) + P(Recovery | Treatment) * P(Treatment)

Plugging in the values:
P(Recovery) = 0.37 * (1 - 0.65) + 0.63 * 0.65
P(Recovery) = 0.37 * 0.35 + 0.63 * 0.65
P(Recovery) = 0.13 + 0.4045
P(Recovery) ≈ 0.5345 or 53.45%

Since the overall probability of recovery is approximately 53.45%, it means that recovery is more likely than non-recovery overall.

**Summary:**

1. Given probabilities: overall treatment rate (65%), recovery rate without treatment (37%), and recovery rate with treatment (63%).
2. Calculated recovery probabilities for treated and untreated patients.
3. Used the law of total probability to find the overall recovery probability.
4. Compared the overall recovery probability (53.45%) to the overall non-recovery probability (100% - 53.45% = 46.55%) to determine that recovery is more likely.

**Answer:**

No, recovery is not less likely than non-recovery overall."
738,no,"Step-by-step Reasoning:**

1. Eliminate obviously incorrect answers: We know that high infant mortality is not more likely than low infant mortality overall because the probabilities sum to 100%. If high infant mortality were more likely, low infant mortality would be less than 50%.

2. Calculate low infant mortality probabilities for each group:
   - Non-smoking mothers: 15%
   - Smoking mothers: 35%

3. Calculate the overall probability of low infant mortality by weighting each group's probability by the proportion of cases it represents.

4. Compare the overall probabilities of low and high infant mortality.

**Answer:**

No, high infant mortality is not less likely than low infant mortality overall. (68.8% high infant mortality > 31.2% low infant mortality)"
739,no,"Step-by-Step Reasoning:**

1. Calculate the probability of not being vaccinated: 1 - 0.71 = 0.29.
2. Find the probability of survival given no vaccination: 0.16 / 0.29 ≈ 0.5517.
3. Compare the probabilities: 0.35 (vaccinated) < 0.5517 (not vaccinated).

**Answer:**

No, the chance of smallpox survival is **not** smaller when observing vaccination."
740,yes,"Step-by-Step Reasoning:**

1. Compare the acceptance probabilities: 55% (males) vs. 54% (not male).
2. Recognize that a 1% difference is small and could be due to various factors beyond gender.
3. Consider that admission processes involve multiple criteria, making it unlikely that gender alone significantly impacts acceptance.
4. Note that the provided information lacks context about the applicant pool and other relevant factors.

**Answer:**

No, the given information does not conclusively show that male gender decreases the chance of admission acceptance."
741,no,"**Full Response:**

Yes, gender appears to have a negative impact on admission status through department competitiveness according to the given data. 

Here's a breakdown:

* **Non-Competitive Departments:**
    * Females: 71% acceptance rate
    * Males: 82% acceptance rate (higher than females)

* **Competitive Departments:**
    * Females: 40% acceptance rate 
    * Males: 32% acceptance rate (lower than females, but the comparison is less clear-cut due to the low overall acceptance rate)

While the difference in acceptance rates for competitive departments is not as pronounced as in non-competitive departments, the overall trend suggests a potential negative impact of being female in competitive programs.

**Reasoning:**

1. **Direct Comparison:** Males have higher acceptance rates than females in non-competitive departments.
2. **Competitiveness Effect:** Both genders see decreased acceptance rates in competitive departments, but the decrease is more substantial for females.
3. **Potential Bias:**  These patterns could indicate a systemic bias where females face steeper challenges in competitive environments.

**Yes/No Answer:**

**Yes**, gender appears to negatively affect admission status through department competitiveness."
742,no,"Step-by-step Reasoning:**

1. **Identify the probabilities:**
   - Without citrus: 58% chance of scurvy.
   - With citrus: 40% chance of scurvy.

2. **Compare the probabilities:**
   - Since 40% is less than 58%, consuming citrus appears to reduce the probability of scurvy.

**Yes or No Answer:**

No, citrus intake does not increase the chance of scurvy; instead, it seems to decrease it."
743,yes,"Step-by-Step Reasoning:**

1. **Understand the Correlation Coefficient:** A correlation coefficient (r) measures the strength and direction of a linear relationship between two variables. It ranges from -1 to 1.
2. **Interpret the Value:** An r-value of -0.05 indicates a very weak negative correlation. This means that as talent increases, being hard-working tends to decrease ever so slightly, but the relationship is so weak that it's practically negligible.
3. **Conclusion:** Since the correlation is so close to zero, we can conclude that talent does not significantly affect being hard-working among students accepted to elite institutions.

**Yes or No Answer:**

No, talent does not affect being hard-working for students accepted to elite institutions, based on the given correlation coefficient."
744,no,"**Full Response:**

To determine if lung cancer is more likely than the absence of lung cancer overall, we need to consider the probabilities you've provided. Let's break this down:

- The overall probability of smoking is 39%.
- For nonsmokers (which is 100% - 39% = 61% of the population), the probability of lung cancer is 51%.
- For smokers (39% of the population), the probability of lung cancer is 57%.

First, calculate the weighted average probability of lung cancer in the population:

- Weighted average probability of lung cancer = (Probability of lung cancer in nonsmokers * Probability of being a nonsmoker) + (Probability of lung cancer in smokers * Probability of being a smoker)
- Weighted average = (0.51 * 0.61) + (0.57 * 0.39) ≈ 0.5191

So, the overall probability of lung cancer is approximately 51.91%. This means lung cancer is more likely than the absence of lung cancer overall.

**Summary:**

1. Calculate the weighted average probability of lung cancer by multiplying the individual probabilities by their respective population percentages and summing them.
2. The weighted average probability of lung cancer (51.91%) is greater than 50%, indicating lung cancer is more likely than its absence.

**Answer:**

Yes, lung cancer is more likely than the absence of lung cancer overall."
745,yes,"Step-by-Step Reasoning:**

1. Compare the two probabilities: 45% (stairs) and 34% (elevator).
2. Identify that 45% is greater than 34%.
3. Conclude that the action with the higher probability (taking the stairs) increases the chance of penguin death.

**Yes or No Answer:**

Yes."
746,no,"Step-by-step Reasoning:**

- Calculate the weighted average probability of death for each choice (elevator and stairs) using the given probabilities.
- Sum the weighted death probabilities to find the overall death probability.
- Subtract this from 1 to find the overall survival probability.
- Compare the two probabilities to determine which is higher.

3. **Yes or No Answer:**

No, penguin death is **not** less likely than penguin survival overall. The probability of penguin death (0.707) is higher than the probability of penguin survival (0.293)."
747,yes,"Step-by-Step Reasoning:**

1. Compare the two probabilities: 79% (no match) and 44% (with match).
2. Identify that the probability of a forest fire is higher when no match is lit.
3. Conclude that lighting a match actually decreases the chance of a forest fire.

**Answer:**

No, lighting a match **does not** increase the chance of the forest catching on fire; it **reduces** the probability."
748,yes,"**Full Response:**

Yes, it is more correct to use Method 1 (examining the correlation between the captain and each prisoner individually) than Method 2 (looking at the general correlation between captains and prisoners) to understand how the captain affects the prisoner.

**Reasoning:**

1. **Individual Context Matters:** Each prisoner's situation, background, and interactions with the captain are unique. By examining these individually, you account for specific factors that might influence the relationship or impact between the captain and each prisoner.

2. **Generalization vs. Specificity:** Method 2 generalizes the relationship, which could overlook crucial details and nuances present in individual cases. Method 1 allows for a more nuanced understanding by considering the unique dynamics at play in each case.

3. **Accuracy:** To accurately understand and predict outcomes, it's essential to consider the specific circumstances surrounding each prisoner's interaction with the captain rather than relying on broad, sweeping generalizations.

**Yes or No Answer:** Yes."
749,no,"Step-by-Step Reasoning:**

1. Start by acknowledging the given probabilities: 81% clean water, 13% polluted water and cholera, and 17% clean water and cholera.
2. Recognize the contradiction: The probability of cholera with clean water (17%) is higher than with polluted water (13%), which is illogical in the context of cholera transmission.
3. Conclude that the provided probabilities do not reflect the actual relationship between water quality and cholera risk. Therefore, the question's premise is incorrect.

**Answer:** No."
750,no,"**Full Response:**

While both methods provide valuable insights, Method 1 is more comprehensive and nuanced when examining the relationship between smoking and lung cancer in the context of understanding how it affects different genders.

**Reasoning:**

1. **Eliminating Obviously Incorrect Answer:** Method 2, which looks at smoking and lung cancer in general without considering gender, might overlook important differences in risk factors, biological responses to smoking, or behavioral patterns between men and women.

2. **Choosing the Most Likely Correct Answer:** Method 1 is preferable because it accounts for potential gender-specific variations. By examining the correlation case by case according to gender, Method 1 allows for a deeper understanding of how smoking impacts lung cancer risk and development differently in men and women. This approach can reveal more accurate and applicable findings for targeted prevention and treatment strategies.

**Yes or No Answer:** Yes, it is more correct to use Method 1 than Method 2 to understand how smoking affects lung cancer when considering gender differences."
751,yes,"Step-by-Step Reasoning:**

1. Calculate the acceptance probability for each gender.
2. Sum the acceptance probabilities to find the overall acceptance rate.
3. Compare the overall acceptance rate to 50% to determine if acceptance or rejection is more likely.

**Yes or No Answer:**

No, admission acceptance is not more likely than admission rejection overall."
752,no,"**Full Response:**

To determine if admission acceptance is more likely than rejection overall, we need to consider the probabilities given:

- The overall probability of male gender is 16%.
- The probability of admission acceptance for non-males is 62%.
- The probability of admission acceptance for males is 39%.

First, let's calculate the probability of admission acceptance overall. We can use the law of total probability, which states that the probability of an event (in this case, admission acceptance) is the sum of the probabilities of that event occurring in each of the mutually exclusive categories (male and non-male).

The overall probability of admission acceptance (P(A)) can be calculated as follows:

P(A) = P(A|Not Male) * P(Not Male) + P(A|Male) * P(Male)

Given:
- P(A|Not Male) = 0.62 (probability of acceptance if not male)
- P(Not Male) = 1 - 0.16 = 0.84 (probability of not being male)
- P(A|Male) = 0.39 (probability of acceptance if male)
- P(Male) = 0.16 (probability of being male)

Plugging these values into the formula:

P(A) = (0.62 * 0.84) + (0.39 * 0.16) = 0.5208 + 0.0624 = 0.5832

So, the overall probability of admission acceptance is approximately 58.32%.

Since this probability is greater than 50%, it means that admission acceptance is more likely than rejection overall.

**Summary:**

1. Calculate the overall probability of admission acceptance using the law of total probability.
2. Multiply the probability of acceptance for each gender by the probability of belonging to that gender group.
3. Sum the results from step 2 to find the overall probability of acceptance.
4. Compare the overall probability of acceptance to 50% to determine if acceptance is more likely than rejection.

**Answer:**

Yes, admission acceptance is more likely than admission rejection overall."
753,yes,"Step-by-step Reasoning:**

1. We are given three probabilities:
   - The probability of male gender (M) is 16%.
   - The probability of non-male gender (not-M) and admission acceptance (A) is 51%.
   - The probability of male gender and admission acceptance is 1%.

2. To find the probability of admission acceptance given male gender (P(A|M)), we can use the formula for conditional probability:
   P(A|M) = P(A ∩ M) / P(M)
   = 1% / 16%
   = 0.0625 or 6.25%.

3. Compare this to the probability of admission acceptance given non-male gender (P(A|not-M)):
   P(A|not-M) = P(A ∩ not-M) / P(not-M)
   = 51% / (100% - 16%)  (Since P(not-M) = 1 - P(M))
   = 51% / 84%
   ≈ 0.6071 or 60.71%.

4. Clearly, P(A|M) is smaller than P(A|not-M), indicating a smaller chance of admission acceptance when observing male gender.

**Yes/No Answer:**

Yes."
754,yes,"**Full Response:**

To determine if the chance of a high salary is larger when observing individuals with a college degree or higher, we need to compare the probabilities associated with each group.

Given:
- The overall probability of having a college degree or higher is 57%.
- The probability of having a high school degree or lower and a high salary is 19%.
- The probability of having a college degree or higher and a high salary is 43%.

First, let's calculate the probability of a high salary for each group:

- For those with a high school degree or lower: 19% (given)
- For those with a college degree or higher: This can be calculated by subtracting the probability of having a college degree or higher and *not* having a high salary from the overall probability of having a college degree or higher. We don't have the exact number for those with a college degree or higher who do *not* have a high salary, but we can denote it as X%. So, the probability of a high salary for those with a college degree or higher is (43% / 57%) * 100 = ~75.3%.

Comparing these probabilities:
- High school degree or lower: 19%
- College degree or higher: ~75.3%

It is clear that the chance of a high salary is significantly larger when observing individuals with a college degree or higher.

**Summary:**

1. Calculate the probability of a high salary for each group: high school degree or lower (19%) and college degree or higher (~75.3%).
2. Compare the probabilities: 19% vs. ~75.3%.
3. Conclude that the chance of a high salary is larger for those with a college degree or higher.

**Answer:**

Yes, the chance of a high salary is larger when observing individuals with a college degree or higher."
755,yes,"**Full Response:**

The question provided is a logical deduction based on given premises. Let's break it down:

1. **Premise 1:** Male gender causes non-competitive department.
2. **Premise 2:** Male gender and competitive department cause admission acceptance.

From Premise 1, we understand that being male leads to placement in a non-competitive department. Premise 2 tells us that being male and being in a competitive department leads to admission acceptance.

Now, if we change the gender to non-male (female or any other gender identity) while keeping all other factors constant, the causal relationship in Premise 1 doesn't apply anymore. That is, being non-male does not cause placement in a non-competitive department.

However, the crucial factor here is the department type. If the applicant is in a competitive department, then according to Premise 2, they would be accepted regardless of their gender.

**Reasoning:**

1. Identify the key factors: gender and department type.
2. Evaluate the impact of changing gender from male to non-male.
3. Determine the effect of the department type on admission acceptance.

**Answer:**

Yes, the applicant would likely get admitted if they are in a competitive department, regardless of their gender.

**Yes/No Answer:**

Yes."
756,no,"Step-by-Step Reasoning:**

1. The probability of low cholesterol among those who take all assigned drugs is 6%.
2. The probability of low cholesterol among those who don't take any assigned drugs is 5%.
3. Since 6% is less than 5%, this suggests that the likelihood of having low cholesterol is lower in the group that adheres to their medication regimen.

**Yes/No Answer:**

No, the chance of low cholesterol is **not** smaller when observing taking of all assigned drugs. (This seems counterintuitive and may indicate an error in the provided probabilities.)"
757,no,"**Full Response:**

While both methods provide valuable insights, Method 1 is more comprehensive and nuanced when trying to understand the relationship between education level and salary. Here's why:

1. **Consideration of Skills:** Method 1 accounts for the fact that salary is influenced by specific skills and competencies, which can vary significantly even among individuals with the same education level. By examining the correlation case by case according to skill, you can better isolate the impact of education while controlling for other factors that contribute to earnings.

2. **Holistic Understanding:** This method allows for a more holistic analysis. It acknowledges that while education is a factor, it doesn't operate in a vacuum. Other variables, such as experience, industry, location, and specific skill sets, also play crucial roles in determining salary.

3. **Addressing Outliers:** Method 1 helps in understanding why some individuals with higher education might have lower salaries (e.g., due to lack of relevant skills or experience) or vice versa (e.g., highly paid individuals with less formal education but exceptional skills).

In contrast, Method 2, which looks at the general correlation, might oversimplify the relationship by suggesting that more education always leads to higher pay, which is not always the case.

**Summary:**

- Eliminate Method 2 first because it oversimplifies the relationship between education and salary, not accounting for other crucial factors.
- Choose Method 1 because it provides a more nuanced approach, considering skills and other variables that influence salary, thus offering a more accurate understanding of how education level affects earnings.

**Answer: Yes** (It is more correct to use Method 1 than Method 2)."
758,no,"Step-by-step Reasoning:**

1. Identify the causal relationships: C → D, C,D → T, C,T → L.
2. Given: Patient is not assigned drug treatment (D') and confounder inactive (C').
3. C' breaks the chains C → D → T and C,D → T, so T' (not taking any drugs) is not caused by C or D.
4. Since C' does not lead to T, and T is necessary for L along with C, the condition for L is not met.

**Answer:**

No, the patient would **not** have low cholesterol if they were not taking any assigned drugs instead of taking all assigned drugs."
759,yes,"Step-by-Step Reasoning:**

1. Method 1 examines the overall correlation between smoking and lung cancer without considering gender.
2. Method 2 breaks down the correlation by gender, allowing for the identification of potential differences in how smoking affects men and women.
3. Gender can significantly influence the risk and manifestation of lung cancer due to biological and hormonal factors.
4. Therefore, Method 2 offers a more comprehensive and accurate approach to understanding the specific impact of smoking on lung cancer by gender.

**Yes or No Answer:**

No, Method 1 is not more correct than Method 2. Method 2 provides a more detailed and potentially more accurate perspective."
760,yes,"**Full Response:**

Yes, Method 1 is more correct than Method 2 when trying to understand how eating citrus affects scurvy. Here's why:

- **Method 1** considers the specific role of Vitamin C, which is the essential nutrient found in citrus fruits that directly combats scurvy. Scurvy is caused by a deficiency of Vitamin C, so examining this correlation case-by-case provides a clear and direct understanding of the relationship between citrus consumption and scurvy prevention.

- **Method 2**, on the other hand, might capture indirect correlations or confounding factors. For instance, people who eat citrus might also have generally healthier diets or lifestyles, which could contribute to lower scurvy rates independently of citrus consumption.

**Summary:**

1. Method 1 focuses on the direct relationship between Vitamin C in citrus and scurvy, providing a clear causal link.
2. Method 2 could lead to misleading conclusions by including indirect correlations or confounding factors.
3. Therefore, Method 1 is more precise and reliable for understanding the impact of citrus eating on scurvy.

**Yes or No Answer: Yes**"
761,yes,"**Full Response:**

To determine whether the prisoner's death is less likely than the prisoner being alive overall, we need to consider the probabilities given and how they interact.

Given:
- The overall probability of the captain's order to execute the prisoner is 44%.
- For captains who release prisoners, the probability of the prisoner's death is 53%.
- For captains who execute prisoners, the probability of the prisoner's death is 66%.

First, let's calculate the probability of the prisoner being released. Since the probability of execution is 44%, the probability of release would be 100% - 44% = 56%.

Now, we can calculate the overall probability of the prisoner's death:
- Probability of death if released: 56% (probability of release) * 53% (probability of death given release) = 29.68%
- Probability of death if executed: 44% (probability of execution) * 66% (probability of death given execution) = 29.04%

The total probability of death is the sum of these two probabilities: 29.68% + 29.04% = 58.72%.

Therefore, the probability of the prisoner being alive overall is 100% - 58.72% = 41.28%.

Comparing the two, the prisoner's death is more likely than the prisoner being alive overall.

**Summary:**

1. Calculate the probability of the prisoner being released (100% - 44% execution probability = 56%).
2. Calculate the probability of death given release (56% * 53% = 29.68%) and given execution (44% * 66% = 29.04%).
3. Sum the probabilities of death to find the overall probability of death (29.68% + 29.04% = 58.72%).
4. Subtract this from 100% to find the probability of the prisoner being alive (100% - 58.72% = 41.28%).
5. Compare the two probabilities: Death (58.72%) is more likely than being alive (41.28%).

**Answer:**

No, the prisoner's death is not less likely than the prisoner being alive overall."
762,yes,"Step-by-step Reasoning:**

- Identify the given probabilities: 43% for wet ground in the dry season, 54% in the rainy season.
- Recognize that the question implies a causal link between seasons and ground moisture.
- Conclude that without additional information about the transition between seasons, the ground moisture at the start of the rainy season would still be governed by the probability of the previous season (dry season), as the change in season alone does not guarantee a change in ground moisture.

3. **Yes or No Answer:**

**No**, it would not be more likely to see wet ground in the rainy season immediately following a dry season compared to during the dry season itself, based solely on the probabilities provided."
763,no,"Step-by-Step Reasoning:**

1. A correlation of -0.27 is negative, meaning there is an inverse relationship between the two variables (attractive appearance and talent).
2. The magnitude of the correlation is relatively small (close to zero), indicating a weak relationship.
3. This suggests that, while there is a tendency for less attractive famous people to be more talented, the association is not strong, and individual variations can exist.
4. Therefore, it cannot be concluded that attractive appearance does not affect talent; instead, it simply shows that the relationship is weak and complex within the context of fame.

**Yes or No Answer:**

No, it does not mean that attractive appearance does not affect talent."
764,yes,"**Full Response:**

Yes, it is more correct to use Method 1 to understand how tanning salon treatment affects the skin in general, rather than Method 2.

**Reasoning:**

1. **Scope of Analysis:** Method 1 examines the direct correlation between tanning salon treatments and skin health broadly, providing a comprehensive understanding of the impact on various skin types and conditions. This approach allows for the identification of general trends and patterns.

2. **Consistency:** By focusing on the direct correlation, Method 1 ensures consistency in the analysis, as it considers the inherent risks and benefits of tanning salon treatments without introducing variables, such as different sun exposure levels at the beach, which can skew the results.

3. **Relevance:** The primary goal is to understand the impact of tanning salon treatments, and Method 1 directly addresses this by focusing on the treatment itself and its effects on the skin, making it more relevant to the question at hand.

**Answer:** Yes"
765,yes,"Step-by-Step Reasoning:**

1. Calculate $P(\text{Scurvy}|\text{Citrus})$ using Bayes' theorem.
2. Find the overall probability of scurvy $P(\text{Scurvy})$.
3. Compare the two probabilities to determine if $P(\text{Scurvy}|\text{Citrus})$ is smaller.

**Yes or No Answer:**

Yes, the chance of scurvy is smaller when observing citrus intake."
766,yes,"Step-by-Step Reasoning:**

1. Identify the probabilities given in the question.
2. Calculate and compare the probabilities of recovering from the disease in both scenarios.
3. Conclude that the higher probability of recovery is associated with vaccine refusal.

**Answer:**

No, the chance of recovering from the disease is **not** smaller when observing getting the vaccine. It is actually higher when observing vaccine refusal."
767,no,"Step-by-Step Reasoning:**

1. **Eliminate Obviously Incorrect Answers:** A correlation of -0.11 is not zero, so it does not indicate no relationship at all. Therefore, we can eliminate the idea that kindness has absolutely no effect on attractive appearance.

2. **Interpret the Correlation:** A negative correlation, however small, suggests an inverse relationship. This means that, on average, as kindness increases, attractive appearance tends to decrease slightly, and vice versa. But the magnitude of -0.11 is very small, indicating a weak relationship.

3. **Consider the Context:** The question specifies ""people in a relationship."" This subset of the population might have different dynamics at play compared to the general population, which could affect the perceived relationship between kindness and attractiveness.

**Yes/No Answer:**

No, it does not mean that kindness does not affect attractive appearance among people in relationships."
768,no,"**Full Response:**

Yes, it is more correct to use Method 1 (looking directly at the correlation between smoking and lung cancer in general) than Method 2 (examining the correlation case by case according to tar deposit) to understand how smoking affects lung cancer.

**Reasoning:**

1. **Population-level trends**: Method 1 examines the overall relationship between smoking and lung cancer across a large population. This approach allows for the identification of general trends and established statistical associations, which are crucial for understanding public health risks.

2. **Established Science**: Decades of research have consistently shown a strong correlation between smoking and lung cancer at the population level. This method relies on well-established epidemiological evidence.

3. **Case-by-case variations**: Method 2, focusing on tar deposit levels in individual cases, overlooks the complexity of other factors contributing to lung cancer, such as genetic predisposition, exposure to other carcinogens, and overall health. Tar deposit levels alone do not comprehensively reflect the multifaceted relationship between smoking and lung cancer.

4. **Statistical Power**: Population-based studies (Method 1) have greater statistical power to detect associations and are less prone to errors that can arise from individual variations (Method 2).

**Yes/No Answer:**

Yes, Method 1 is more correct than Method 2."
769,yes,"**Full Response:**

Yes, Method 1 is more correct than Method 2 when trying to understand how gender affects admission status, especially in a context where department competitiveness plays a role. Here's why:

- **Contextual Factors (Method 1):** Considering department competitiveness adds a crucial layer of context. Different departments within the same institution can have varying levels of selectivity and criteria for admission. By looking at gender correlates with admission status on a case-by-case basis according to department competitiveness, you account for these differences and provide a more nuanced analysis.

- **Direct Correlation (Method 2):** Method 2, which examines the direct correlation between gender and admission status in general, might oversimplify the issue. It doesn't account for the variability in admission standards and practices across different departments or programs. This approach could lead to inaccurate conclusions or generalizations about gender disparities in admissions.

- **Precision and Fairness:** Method 1 allows for a more precise and fair assessment of gender's impact on admission chances. It acknowledges that the competitiveness of the field or department can influence admission outcomes, which is particularly important in academic settings where certain disciplines have historically been more dominated by one gender.

**Summary:**

- Step 1: Recognize that department competitiveness varies.
- Step 2: Method 1 considers this variability, while Method 2 does not.
- Step 3: Therefore, Method 1 provides a more accurate and contextually appropriate analysis of gender's influence on admission status.

**Yes/No Answer:** Yes, Method 1 is more correct."
770,yes,"Step-by-Step Reasoning:**

1. Compare the acceptance rates for non-male and male applicants in competitive departments: 68% vs. 33%.
2. Note the substantial difference in the probability of being in a competitive department between non-males and males: 99% vs. 55%.
3. Conclude that gender seems to negatively influence admission chances, as males have lower acceptance rates and are less likely to be in competitive departments.

**Yes or No Answer:**

Yes."
771,no,"**Full Response:**

To determine if broken bones are more likely than no broken bones overall, we need to consider the probabilities given:

- The overall probability of respiratory issues is 59%.
- For people with no respiratory issues, the probability of broken bones is 5%.
- For people with respiratory issues, the probability of broken bones is 5%.

First, let's calculate the probability of broken bones overall. We can do this by using the law of total probability:

P(Broken Bones) = P(Broken Bones | Respiratory Issues) * P(Respiratory Issues) + P(Broken Bones | No Respiratory Issues) * P(No Respiratory Issues)

P(Broken Bones) = (0.05 * 0.59) + (0.05 * 0.41)
P(Broken Bones) = 0.0295 + 0.0205
P(Broken Bones) = 0.05

Now, compare this to the probability of no broken bones overall:

P(No Broken Bones) = 1 - P(Broken Bones) = 1 - 0.05 = 0.95

**Summary:**

1. Calculate the probability of broken bones overall using the law of total probability.
2. Compare this probability to the probability of no broken bones overall.
3. The probability of no broken bones (0.95) is higher than the probability of broken bones (0.05).

**Answer:**

No, broken bones are not more likely than no broken bones overall."
772,yes,"**Full Response:**

To determine if normal infant birth weight is less likely than low infant birth weight overall, we need to consider the probabilities given:

- The overall probability of a smoking mother is 48%.
- For infants with non-smoking mothers, the probability of normal birth weight is 83%.
- For infants with smoking mothers, the probability of normal birth weight is 47%.

First, we calculate the probability of a normal birth weight overall. We can do this by using the law of total probability:

P(Normal Birth Weight) = P(Normal Birth Weight | Non-Smoking Mother) * P(Non-Smoking Mother) + P(Normal Birth Weight | Smoking Mother) * P(Smoking Mother)

Plugging in the values:

P(Normal Birth Weight) = 0.83 * (1 - 0.48) + 0.47 * 0.48 
= 0.83 * 0.52 + 0.47 * 0.48
= 0.4396 + 0.2256
= 0.6652 or 66.52%

Since the probability of a normal infant birth weight overall is 66.52%, it is more likely than low infant birth weight overall.

**Summary:**

1. Calculate the overall probability of a normal birth weight using the law of total probability.
2. Compare this probability to 50% (since low birth weight would be the complement of normal birth weight).
3. Conclude that normal infant birth weight is more likely overall.

**Answer:**

No, normal infant birth weight is not less likely than low infant birth weight overall. In fact, it is more likely."
773,no,"Step-by-Step Reasoning:**

1. Compare recovery probabilities within each pre-condition group:
   - No pre-conditions: 7% (no vaccine) vs. 37% (vaccine)
   - Pre-conditions: 65% (no vaccine) vs. 96% (vaccine)
2. In both cases, the probability of recovery is higher for those who get the vaccine.
3. Therefore, getting the vaccine increases the chance of recovering from the disease.

**Answer:**

No, getting the vaccine will **not** decrease the chance of recovering from the disease. Instead, it substantially **increases** the likelihood of recovery, regardless of an individual's pre-conditions."
774,yes,"Step-by-Step Reasoning:**

1. **Recognize the Multifaceted Nature of Intelligence:** Intelligence is influenced by both genetic and environmental factors.
2. **Consider Environmental Factors:** Social status is a significant environmental factor that can impact intelligence.
3. **Choose the Method That Accounts for These Factors:** Method 1 considers social status, making it a more comprehensive approach to understanding the relationship between parents' and children's intelligence.

**Yes or No Answer:**

Yes, Method 1 is more correct than Method 2."
775,yes,"**Full Response:**

Given the provided information:
- Encouragement causes a lack of studying.
- Encouragement and studying hard lead to a high exam score.

To determine if a student would have a low exam score if they experienced discouragement instead of encouragement, we can reason as follows:

1. **Encouragement leads to a lack of studying:** If a student is encouraged, they are less likely to study hard.
2. **Studying hard is necessary for a high exam score:** The second statement emphasizes that studying hard is a crucial factor in achieving a high exam score.

Therefore, if a student is discouraged (the opposite of encouraged), they might be more likely to study hard to compensate for the negative sentiment.

**Reasoning:**

1. Discouragement is the opposite of encouragement.
2. Encouragement leads to less studying, which is counterproductive for a high exam score.
3. Discouragement might motivate a student to study hard to overcome the negative sentiment.
4. Studying hard is a direct path to a high exam score.

Thus, it is likely that a student who is discouraged would not have a low exam score, as discouragement could lead to increased studying, which in turn leads to a higher likelihood of a high exam score.

**Answer:**

No, the student would not necessarily have a low exam score if they experienced discouragement instead of encouragement. In fact, discouragement might lead to more studying and consequently a higher exam score."
776,yes,"Step-by-Step Reasoning:**

1. Compare the probabilities for local and global water companies.
2. Notice that lower clean water probability corresponds to higher cholera contraction probability.
3. Conclude that clean water is not increasing the chance of cholera contraction based on the given data.

**Yes or No Answer:**

No, clean water does not increase the chance of cholera contraction according to the given probabilities. However, the data provided seems to be contradictory to real-world expectations, as higher clean water probabilities should correspond to lower cholera contraction probabilities."
777,yes,"1. **Full Response:**

Yes, it would be less likely to observe high infant mortality if an infant with a smoking mother had a nonsmoking mother instead.

**Reasoning:**

- The given probabilities indicate that smoking has a negative impact on infant mortality rates.
- The probability of high infant mortality is higher (61%) for infants with smoking mothers compared to infants with nonsmoking mothers (46%).
- Therefore, switching from a smoking mother to a nonsmoking mother would reduce the likelihood of high infant mortality.

2. **Yes or No Answer:**

**Yes**"
778,no,"Step-by-Step Reasoning:**

1. Compare the admission probabilities for smokers and nonsmokers across both effort levels.
2. Observe that, in both cases, nonsmokers have higher admission rates.
3. Conclude that smoking is associated with lower college admission probabilities.

**Yes/No Answer:**

Yes, smoking negatively affects college admission when effort is not considered."
779,no,"**Full Response:**

In the context of understanding how talent affects effort, Method 1, which involves looking at the general correlation between talent and effort, is more correct than Method 2, which examines this correlation case by case according to elite institution admission status. Here's why:

1. **Generalizability**: Method 1 provides a broader, more generalized understanding of the relationship between talent and effort. It considers a wider range of individuals and situations, making the findings more applicable to the population at large.

2. **Avoidance of Bias**: Method 2, by focusing solely on elite institution admission status, introduces a potential bias. Elite institutions often have highly selective admission processes that might not accurately represent the general population's talent-effort dynamic. This could lead to skewed results that aren't reflective of the overall relationship between talent and effort.

3. **Simplicity and Directness**: Method 1 is simpler and more direct in its approach. It aims to understand the inherent link between talent and effort without complicating factors that might not be relevant to the core question.

**Summary:**

1. Eliminate Method 2 first because it introduces bias by focusing only on a select group (those admitted to elite institutions).
2. Then, choose Method 1 as it provides a more generalized and direct approach to understanding the talent-effort correlation.

**Answer:** Yes, it is more correct to use Method 1 than Method 2 to understand how talent affects effort."
780,no,"Step-by-step Reasoning:**

1. Identify the key factors: candle's wax status and its relation to light emission.
2. Understand that a candle without wax cannot produce light.
3. Conclude that the room will be dark due to the absence of light from the candle, regardless of its blown-out state.

**Answer:**

Yes, the room would likely be dark even if you did not blow out the candle, given that the candle is out of wax."
781,yes,"**Full Response:**

Yes, gender would positively affect admission status if we disregard the mediating effect of department competitiveness. 

Here's why:

- For non-competitive departments, the probability of admission is higher for males (60%) compared to individuals who are not male (34%).
- Even in competitive departments, males have a higher probability of admission (84%) than individuals who are not male (59%).

This pattern holds true regardless of residency status. So, being male consistently confers an advantage in terms of admission probabilities across all categories, indicating a positive effect of gender on admission status.

**Summary:**

1. Compare probabilities of admission for males and individuals who are not male in both competitive and non-competitive departments.
2. Note that males have higher admission probabilities in both cases.
3. Conclude that gender has a positive effect on admission status, independent of department competitiveness.

**Yes or No Answer:**

Yes."
782,yes,"Step-by-Step Reasoning:**

1. Compare the probabilities: 60% (not male) vs. 39% (male).
2. The probability of a high salary for males (39%) is lower than for those who are not male (60%).
3. Therefore, being male decreases the chance of having a high salary.

**Yes or No Answer:**

Yes."
783,no,"Step-by-Step Reasoning:**

1. Eliminate the idea that talent is directly comparable to lack of talent using the given probabilities because these probabilities are conditional on attractiveness/unattractiveness.

2. Recognize that the probabilities do not represent the overall distribution of talent in the population without additional information about the base rates of attractiveness and unattractiveness.

3. Conclude that we cannot determine whether talent is less likely than lack of talent overall based on the given information.

**Answer:**

No, we cannot conclude that talent is less likely than lack of talent overall based on the provided probabilities."
784,yes,"Step-by-Step Reasoning:**

1. Calculate implied probabilities of high salary for each educational group.
2. Compare the implied probabilities.
3. Conclude that the chance of high salary is larger for those with a college degree or higher.

**Yes/No Answer:**

Yes, the chance of a high salary is larger when observing individuals with a college degree or higher."
785,yes,"Step-by-Step Reasoning:**

1. **Identify Confounders:**  Recognize that ""confounder active"" likely influences both cigarette taxes and smoking rates, creating a tangled causal web.
2. **Missing Link:**  We need to know how the confounder affects infant birth weight *directly*, not just through smoking reduction.
3. **Insufficient Data:**  Since we lack this information, we cannot conclude whether the infant would have a normal birth weight with a nonsmoking mother.

**Answer:**

No, we cannot determine if the infant would be born with a normal weight with a nonsmoking mother based on the given information."
786,yes,"**Full Response:**

Yes, the camper lighting a match will increase the chance of the forest catching on fire.

**Reasoning:**

1. **Identify the Probabilities:**
   - Without lighting a match: 47% chance of the forest catching fire.
   - With lighting a match: 75% chance of the forest catching fire.

2. **Compare the Probabilities:**
   - Since 75% is greater than 47%, lighting a match raises the probability of a forest fire.

**Answer:** Yes"
787,no,"Step-by-Step Reasoning:**

1. Method 1 examines the gene-lung cancer correlation in general.
2. Method 2 examines the correlation case by case based on smoking, a significant risk factor for lung cancer.
3. Both methods have strengths: Method 1 provides an overall view, while Method 2 offers detailed insights into specific subgroups.
4. Choosing one method over the other overlooks the potential value of the other approach.
5. A comprehensive understanding would ideally incorporate both methods.

**Yes or No Answer:**

No, Method 1 is not inherently more correct than Method 2 for understanding how a gene affects lung cancer."
788,yes,"Step-by-step Reasoning:**

1. **Identify the Goal:** The goal is to understand how smoking affects lung cancer.
2. **Evaluate Method 1:** Method 1 focuses on tar deposits, which are a result of smoking but do not directly equate to lung cancer incidence or risk. It is a localized effect rather than a measure of overall risk.
3. **Evaluate Method 2:** Method 2 directly examines the correlation between smoking behavior and lung cancer cases, providing a broader and more direct insight into the relationship.
4. **Compare:** Method 2 is more inclusive and relevant to the research goal because it captures the overall trend and risk associated with smoking and lung cancer.

**Yes or No Answer:** No."
789,no,"**Full Response:**

To determine if recovery is more likely than non-recovery overall, we need to consider the probabilities given and apply some basic principles of probability theory.

Given:
- The overall probability of a high hospital bill (H) is 40%.
- For patients with a low hospital bill (not H), the probability of recovery (R) is 33%.
- For patients with a high hospital bill (H), the probability of recovery (R) is 69%.

We can use the law of total probability to find the overall probability of recovery:

P(R) = P(R|H) * P(H) + P(R|not H) * P(not H)

First, we know that P(H) = 0.40, so P(not H) = 1 - P(H) = 0.60.

Next, we can plug in the values:

P(R) = 0.69 * 0.40 + 0.33 * 0.60
P(R) = 0.276 + 0.198
P(R) = 0.474

So, the overall probability of recovery is 47.4%. Since this is greater than 50%, recovery is more likely than non-recovery overall.

**Summary:**

1. Given the probabilities of high and low hospital bills and the corresponding recovery rates.
2. Calculated the overall probability of recovery using the law of total probability.
3. Compared the overall recovery probability (47.4%) to 50% to determine likelihood.

**Answer:**

Yes, recovery is more likely than non-recovery overall."
790,yes,"**Full Response:**

To determine if the chance of an intelligent child is smaller when observing intelligent parents, we need to compare the probability of an intelligent child given intelligent parents (P(Intelligent Child | Intelligent Parents)) with the overall probability of an intelligent child (P(Intelligent Child)).

Given:
- Overall probability of intelligent parents (P(Intelligent Parents)) = 51%
- Probability of unintelligent parents and intelligent child (P(Unintelligent Parents) * P(Intelligent Child | Unintelligent Parents)) = 18%
- Probability of intelligent parents and intelligent child (P(Intelligent Parents) * P(Intelligent Child | Intelligent Parents)) = 34%

First, let's calculate the probability of an intelligent child without conditioning on parents' intelligence:
P(Intelligent Child) = P(Intelligent Parents and Intelligent Child) + P(Unintelligent Parents and Intelligent Child)
= 34% + 18%
= 52%

Now, we can find the probability of an intelligent child given intelligent parents:
P(Intelligent Child | Intelligent Parents) = 34% / 51% ≈ 66.67%

Comparing the two probabilities:
- P(Intelligent Child) = 52%
- P(Intelligent Child | Intelligent Parents) ≈ 66.67%

**Summary:**

1. Calculate the overall probability of an intelligent child (P(Intelligent Child)) by adding the probabilities of both cases: 52%.
2. Find the probability of an intelligent child given intelligent parents (P(Intelligent Child | Intelligent Parents)): 66.67%.
3. Compare the two probabilities.

**Answer:**

No, the chance of an intelligent child is **not** smaller when observing intelligent parents. In fact, the probability of an intelligent child increases from 52% overall to approximately 66.7% given that the parents are intelligent."
791,no,"Step-by-Step Reasoning:**

1. Calculate the overall probability of a high salary using the given probabilities and the formula provided.
2. Determine the probability of a low salary by subtracting the high salary probability from 100%.
3. Compare the two probabilities to conclude whether a high or low salary is more likely.

**Answer: No, a high salary is not less likely than a low salary overall.**"
792,yes,"**Full Response:**

Yes, smoking is likely to decrease the chance of college admission for an individual.

**Reasoning:**

1. We are given two probabilities: a 60% chance of college admission for nonsmokers and a 51% chance for smokers.
2. To determine if smoking decreases admission chances, we compare these probabilities.
3. Since 60% is greater than 51%, it indicates that nonsmokers have a higher probability of college admission compared to smokers.
4. Therefore, smoking is associated with a lower chance of college admission.

**Answer:**

Yes."
793,yes,"**Full Response:**

No, it does not mean that kindness does not affect attractive appearance. A correlation of -0.04 indicates a very weak negative relationship between kindness and attractive appearance, suggesting that there is not a strong association between the two variables in the given context. However, it does not imply that kindness has no effect on attractiveness. It simply means that, within the population of people in relationships, the connection between kindness and perceived attractiveness is not significant.

**Reasoning:**

1. A correlation of -0.04 is close to zero, implying a weak relationship.
2. A negative correlation suggests that as kindness increases, attractive appearance tends to decrease slightly, but the effect is minimal.
3. The question asks if kindness ""does not affect"" attractiveness, which is an absolute claim. The data does not support this absolute claim; it only suggests a very weak relationship.

**Yes or No Answer:**

No, it does not mean that kindness does not affect attractive appearance."
794,yes,"**Full Response:**

To determine if a long lifespan is more likely than a short lifespan overall, we need to consider the probabilities you've provided. We know that:

- The overall probability of obesity is 8%.
- The probability of long lifespan among normal-weight people is 68%.
- The probability of long lifespan among obese people is 37%.

First, let's calculate the probability of a long lifespan given the prevalence of obesity. We can use the law of total probability:

P(Long Lifespan) = P(Long Lifespan | Normal Weight) * P(Normal Weight) + P(Long Lifespan | Obese) * P(Obese)

We know the probabilities for the first two terms:

P(Long Lifespan) = 0.68 * (1 - 0.08) + 0.37 * 0.08
P(Long Lifespan) ≈ 0.6344

So, the overall probability of a long lifespan is approximately 63.44%.

Now, since the probability of a long lifespan (63.44%) is greater than the probability of a short lifespan (100% - 63.44% = 36.56%), we can conclude that a long lifespan is more likely than a short lifespan overall.

**Summary:**

1. Calculate the overall probability of a long lifespan using the law of total probability.
2. Compare the overall probability of a long lifespan to the overall probability of a short lifespan.
3. Conclude that since the probability of a long lifespan is higher, it is more likely overall.

**Yes or No Answer:**

Yes, a long lifespan is more likely than a short lifespan overall."
795,yes,"Step-by-Step Reasoning:**

1. Identify the probabilities:
   - Unvaccinated survival rate: 31%
   - Vaccinated survival rate: 41%

2. Compare the probabilities:
   - Since 41% is greater than 31%, vaccination increases the likelihood of survival.

3. Conclusion:
   - Vaccination improves the chances of surviving smallpox.

**Answer:** Yes"
796,no,"Step-by-Step Reasoning:**

1. Identify the key information: The candle has no wax, so it cannot be lit.
2. Understand the effect of blowing out a candle: Blowing out a candle extinguishes its flame, reducing the light source.
3. Apply logic: Since the candle cannot be lit due to the lack of wax, blowing it out will not create a flame to reduce.
4. Conclude: The room will stay dark whether the candle is blown out or not.

**Answer:**

No, the room would not be bright if you blow out the candle instead of not blowing it out. The room will remain dark in both cases because the candle cannot be lit due to the absence of wax."
797,no,"**Full Response:**

To determine if medication has a positive effect on heart condition through blood pressure, we should compare the probabilities of having a healthy heart for people with similar blood pressure levels but different medication status.

Let's examine the data:

- People with low blood pressure, not taking medication: 48% chance of a healthy heart.
- People with low blood pressure, taking medication: 77% chance of a healthy heart.
- People with high blood pressure, not taking medication: 20% chance of a healthy heart.
- People with high blood pressure, taking medication: 46% chance of a healthy heart.

First, we can eliminate the idea that medication has no effect. If medication had no impact, we would expect the probabilities for a healthy heart to be similar between those taking medication and those not, at each blood pressure level. However, in all cases, the probabilities are quite different.

Now, we compare the increases in probability due to medication at each blood pressure level:

- For low blood pressure: 77% (with medication) - 48% (without) = 29% increase.
- For high blood pressure: 46% (with medication) - 20% (without) = 26% increase.

Both increases are positive, suggesting medication does positively affect heart health through blood pressure. However, the increase is greater for those with low blood pressure.

**Summary:**

1. Compare probabilities of healthy heart across medication and blood pressure groups.
2. Calculate the increase in probability due to medication for each blood pressure level.
3. Observe the positive increases in both cases, indicating a positive effect of medication.

**Answer:**

Yes, medication positively affects heart condition through blood pressure, with a more significant benefit for those with low blood pressure."
798,yes,"Step-by-Step Reasoning:**

1. Start with the understanding that increased supply and demand lead to increased price.
2. Identify that reduced yield per acre and low demand are present.
3. Since yield per acre is reduced, this implies a reduction in supply.
4. Low demand further supports the idea that price will not increase.
5. Therefore, with reduced supply and low demand, the price is likely to be reduced.

**Answer:**

Yes, there would likely be a reduced price if the supply was reduced (due to the reduced yield per acre) and demand remained low."
799,yes,"**Full Response:**

No, it is not more correct to use Method 1 than Method 2 to understand how respiratory issues affect broken bones. Both methods have their merits and the choice between them depends on the specific research question and context.

- **Method 1** might provide a broad overview of the correlation between respiratory issues and broken bones, which can be useful for identifying general trends. However, it does not account for confounding factors that may vary among individuals, such as age, underlying health conditions, or the circumstances of the injury.

- **Method 2**, by examining cases according to hospitalization status, allows for a more nuanced analysis. It can reveal differences in the relationship between respiratory issues and broken bones based on the severity of the injury or the presence of other complications that required hospitalization. This method can provide deeper insights into the specific mechanisms and contexts in which respiratory issues might influence bone fractures.

**Summary:**

1. Method 1 looks at the overall correlation between respiratory issues and broken bones, providing a broad but potentially oversimplified view.
2. Method 2 examines the correlation based on hospitalization status, offering a more detailed and context-specific analysis.
3. Without additional information about the research goals and context, neither method is inherently superior.

**Yes/No Answer:**

No, it is not more correct to use Method 1 than Method 2."
800,no,"**Full Response:**

To determine if normal infant birth weight is less likely than low infant birth weight overall, we need to calculate the overall probability of normal infant birth weight considering both smoking and nonsmoking mothers.

Given:
- The overall probability of smoking mothers is 49%.
- For infants with nonsmoking mothers, the probability of normal birth weight is 72%.
- For infants with smoking mothers, the probability of normal birth weight is 47%.

We can calculate the overall probability of normal birth weight using the following formula:

Overall probability of normal birth weight = (Probability of nonsmoking mothers * Probability of normal birth weight with nonsmoking mothers) + (Probability of smoking mothers * Probability of normal birth weight with smoking mothers)

Overall probability = (0.51 * 0.72) + (0.49 * 0.47) = 0.3732 + 0.2303 = 0.6035 or 60.35%

So, normal infant birth weight is more likely overall, not less likely.

**Summary:**

1. Calculate the overall probability of normal infant birth weight using the given probabilities and the formula provided.
2. The overall probability of normal birth weight (60.35%) is higher than the implied probability of low birth weight (100% - 60.35% = 39.65%), indicating that normal infant birth weight is not less likely.

**Answer:**

No, normal infant birth weight is not less likely than low infant birth weight overall."
801,no,"Step-by-Step Reasoning:**

1. Compare probabilities for non-male applicants:
   - Non-competitive: 65%
   - Competitive: 28%
   - Difference: 37%
2. Compare probabilities for male applicants:
   - Non-competitive: 69%
   - Competitive: 22%
   - Difference: 47%
3. Note that while non-male applicants have a larger difference in probabilities between competitive and non-competitive departments, male applicants also show a significant difference, suggesting other factors are at play.
4. Consider the additional data points related to residency, which introduce another variable affecting competitiveness probabilities.
5. Conclude that a definitive answer cannot be determined from the given data due to the presence of multiple variables.

**Yes or No Answer:**

No, the data does not conclusively show that gender negatively affects admission status through department competitiveness due to the presence of other influencing factors."
802,no,"Step-by-Step Reasoning:**

1. Calculate the probability of non-smoking: 100% - 7% (smoking) = 93%.
2. Identify the probabilities of college admission for both groups: 48% for non-smokers and 3% for smokers.
3. Compare the probabilities: 48% (non-smokers) is much greater than 3% (smokers).

**Answer:**

No, the chance of college admission is **not** larger when observing smoking. The probability of college admission is higher for non-smokers."
803,yes,"**Full Response:**

Yes, it is more correct to use Method 1 to understand how tanning salon treatments affect the skin in general, rather than Method 2.

**Reasoning:**

1. **General vs. Specific:** Method 1 examines the direct correlation between tanning salon treatments and skin health broadly, providing a comprehensive understanding of the impact on various skin types and conditions. This approach allows for the analysis of patterns and trends that might apply to a wide range of individuals.

2. **Case-by-case analysis (Method 2) can be misleading:** Focusing solely on the correlation between tanning salon visits and skin health based on beach attendance introduces a bias. Not everyone who goes to the beach uses a tanning salon, and many other factors (like natural sun exposure, sunscreen use, skin type, etc.) can significantly influence skin health. This method would not capture the full scope of how tanning salons affect the skin.

3. **Relevance:** Method 1 is more relevant to understanding the inherent risks and benefits of tanning salon treatments, independent of other environmental factors. It provides a clearer picture of the direct cause-and-effect relationship between tanning salon treatments and skin health.

**Yes/No Answer:** Yes, Method 1 is more correct."
804,yes,"Step-by-step Reasoning:**

1. Identify the probabilities:
   - Unvaccinated survival rate: 58%
   - Vaccinated survival rate: 69%

2. Compare the probabilities:
   - The vaccinated survival rate (69%) is higher than the unvaccinated survival rate (58%).

3. Conclude that vaccination improves survival odds:
   - Since the vaccinated survival rate is greater, it follows that vaccination increases the likelihood of smallpox survival.

**Yes or No Answer:**

Yes."
805,yes,"**Full Response:**

Given the information provided, we cannot definitively conclude whether the person will get cholera if they consume clean water instead of polluted water. The statements given establish a correlation between high poverty, global water companies providing clean water, and cholera contraction, but they do not directly indicate the outcome of consuming clean water in a region with high poverty.

**Reasoning:**

1. **Eliminate Obviously Incorrect Answers:**
   - It is not automatically true that a person will get cholera from clean water. Clean water is generally safe and does not cause cholera.
   - The presence of a global water company providing clean water is typically associated with reduced cholera risk, not increased risk.

2. **Analyze the Given Information:**
   - High poverty and access to clean water from a global water company do not necessarily cause cholera contraction. The causative agent for cholera is the bacterium Vibrio cholerae, which is typically found in polluted water sources.
   - The key factor in cholera contraction is the presence of the bacterium, not the source of the water (global vs. local) or the economic status of the region.

3. **Most Likely Correct Answer:**
   - In the context given, if the person is served by a local water company and the region has high poverty, the risk of cholera might be higher if the local water source is polluted. However, if the water provided by the local company is clean, the risk of cholera would be reduced compared to consuming polluted water.

**Yes or No Answer:**

No, the person would not necessarily get cholera if they consume clean water instead of polluted water. Clean water reduces the risk of cholera."
806,yes,"Step-by-Step Reasoning:**

1. Identify the probabilities:
   - Probability of admission for non-males: 51%
   - Probability of admission for males: 31%

2. Compare the probabilities:
   - The probability of admission for males (31%) is lower than that for non-males (51%).

3. Conclude:
   - Since the admission probability is lower for males, being male decreases the chance of admission acceptance.

**Answer:** Yes"
807,no,"Step-by-step Reasoning:**

1. Compare lifespans: Obese with diabetes (81%) > Normal weight with diabetes (74%).
2. Compare diabetes probabilities: Normal weight (54% and 46%) > Obese (4% and 16%).
3. Conclude that diabetes mitigates the negative effects of obesity on lifespan, and obesity is not a stronger predictor of diabetes.

**Answer:** No, obesity does not negatively affect lifespan through diabetes according to the given data."
808,yes,"Step-by-Step Reasoning:**

1. Compare the death probabilities for each mode of transport, both for sad and happy penguins. In both cases, the stairs have a lower death probability.
2. Consider the impact on penguin happiness. The stairs are more likely to result in happy penguins.
3. Conclusion: Choosing the stairs appears to have a positive effect on penguin survival and their mood.

**Yes or No Answer: Yes**"
809,yes,"**Full Response:**

To determine if lung cancer is less likely than the absence of lung cancer overall, we need to consider the probabilities given:

- The overall probability of smoking is 96%.
- For nonsmokers (which is 4% of the population, since 100% - 96% = 4%), the probability of lung cancer is 46%.
- For smokers (96% of the population), the probability of lung cancer is 68%.

To find the overall probability of lung cancer, we can use the law of total probability. Let's denote the events as:

- $S$: Smoking
- $L$: Lung Cancer

We want to find $P(L)$, the overall probability of lung cancer. Using the law of total probability:

$$
\begin{align*}
P(L) &= P(L|S) \cdot P(S) + P(L|\neg S) \cdot P(\neg S) \\
&= 0.68 \cdot 0.96 + 0.46 \cdot 0.04 \\
&= 0.6528 + 0.0184 \\
&= 0.6712
\end{align*}
$$

So, the overall probability of lung cancer is approximately 67.12%.

Now, the probability of absence of lung cancer overall would be:

$$
\begin{equation*}
P(\neg L) = 1 - P(L) = 1 - 0.6712 = 0.3288 \approx 32.88\%
\end{equation*}
$$

Comparing the two, we see that lung cancer (67.12%) is more likely than the absence of lung cancer (32.88%) overall.

**Summary:**

1. Calculate the overall probability of lung cancer using the law of total probability.
2. Find the probability of the absence of lung cancer by subtracting the probability of lung cancer from 100%.
3. Compare the two probabilities.

**Answer:**

No, lung cancer is not less likely than the absence of lung cancer overall."
810,no,"Step-by-Step Reasoning:**

1. Compare the probabilities of a healthy heart for those with high blood pressure: 23% (without medication) vs. 59% (with medication).
2. Observe the substantial increase in heart health probability when medication is introduced.
3. Note that medication also improves heart health for those with low blood pressure and effectively controls blood pressure in general.

**Answer:**

No, **medication does not negatively affect heart condition through blood pressure**. On the contrary, it appears to have a positive impact, especially for individuals with high blood pressure."
811,no,"Step-by-Step Reasoning:**

1. Identify the relevant probabilities: 10% (no respiratory issues, hospitalized) and 9% (respiratory issues, hospitalized).
2. Compare the probabilities: 10% is greater than 9%.
3. Conclude that the chance of broken bones decreases slightly for hospitalized individuals with respiratory issues.

**Answer:**

No, the chance of broken bones does **not** decrease for hospitalized individuals with respiratory issues. In fact, it slightly increases."
812,yes,"Step-by-Step Reasoning:**

1. Calculate the probabilities of each scenario.
2. Determine the overall probability of a ringing alarm using the given probabilities and their respective weights.
3. Compare the overall probability of a ringing alarm to 50% (equal likelihood) to determine if it is more or less likely.

**Answer:**

Yes, a ringing alarm is more likely than a silent alarm overall."
813,yes,"Step-by-Step Reasoning:**

1. The problem presents two probabilities:
   - 55% chance of a dark room when people do *not* blow out candles.
   - 86% chance of a dark room when people *do* blow out candles.

2. Since 86% (with blown-out candles) is greater than 55% (without blowing out candles), it indicates that blowing out candles is associated with a higher probability of ending up in a dark room.

**Yes**"
814,no,"**Full Response:**

To determine if the chance of smallpox survival is larger when observing vaccination, we can use Bayes' theorem to calculate the probability of survival given vaccination.

Given:
- $P(\text{Vaccination}) = 0.10$
- $P(\text{Survival}|\text{No Vaccination}) = 0.38$
- $P(\text{Survival}|\text{Vaccination}) = 0.06$

We want to find $P(\text{Survival}|\text{Vaccination})$ and compare it to $P(\text{Survival}|\text{No Vaccination})$.

Using Bayes' theorem:

$$
\begin{align*}
P(\text{Survival}|\text{Vaccination}) &= \frac{P(\text{Vaccination}|\text{Survival}) \cdot P(\text{Survival})}{P(\text{Vaccination})} \\
&= \frac{P(\text{Survival}|\text{Vaccination}) \cdot [P(\text{Vaccination}|\text{Survival}) + P(\text{No Vaccination}|\text{Survival}) \cdot P(\text{No Vaccination})]}{P(\text{Vaccination})} \, .
\end{align*}
$$

Since we don't have $P(\text{Survival})$, we cannot directly calculate the exact value. However, we can compare $P(\text{Survival}|\text{Vaccination})$ and $P(\text{Survival}|\text{No Vaccination})$ by looking at their given values.

**Summary:**

1. Use Bayes' theorem to set up the equation for $P(\text{Survival}|\text{Vaccination})$.
2. Realize that without $P(\text{Survival})$, we cannot calculate an exact value.
3. Compare the given values of $P(\text{Survival}|\text{Vaccination})$ and $P(\text{Survival}|\text{No Vaccination})$.

**Answer:**

No, we cannot conclude that the chance of smallpox survival is larger when observing vaccination, based on the given information. The problem cannot be solved definitively without knowing $P(\text{Survival})$.

However, the given values suggest that the probability of survival given vaccination ($0.06$) is indeed smaller than the probability of survival given no vaccination ($0.38$), indicating a lower chance of survival with vaccination. But without the overall survival rate, we cannot make a definitive conclusion."
815,no,"**Full Response:**

To determine if recovery is less likely than non-recovery overall, we need to consider the probabilities given and calculate the weighted average probability of recovery, taking into account the likelihood of each billing scenario.

Given:
- The overall probability of a high hospital bill is 56%.
- For low hospital bills, the probability of recovery is 67%.
- For high hospital bills, the probability of recovery is 32%.

Step 1: Calculate the weighted average probability of recovery.

We can use the formula: Weighted Average = (Probability of Low Bill * Recovery Probability with Low Bill) + (Probability of High Bill * Recovery Probability with High Bill).

Weighted Average Recovery Probability = (1 - 0.56) * 0.67 + 0.56 * 0.32 = 0.3708 + 0.1792 = 0.55.

Step 2: Compare the weighted average recovery probability to 0.5 (which represents an equal chance of recovery and non-recovery).

Since 0.55 is greater than 0.5, it indicates that recovery is slightly more likely than non-recovery overall.

**Summary:**

1. Calculate the weighted average probability of recovery using the given probabilities.
2. Compare the weighted average to 0.5 to determine the likelihood of recovery.

**Answer:**

No, recovery is not less likely than non-recovery overall. The weighted average probability of recovery (0.55) is greater than 0.5, indicating a slightly higher likelihood of recovery."
816,no,"**Full Response:**

We are given the following probabilities:

- Overall probability of obesity: 91%
- Probability of normal weight and long lifespan: 7%
- Probability of obesity and long lifespan: 58%

To determine if the chance of long lifespan is smaller when observing obesity, we need to compare the probability of long lifespan in the general population (which includes both normal weight and obese individuals) to the probability of long lifespan given that an individual is obese.

First, let's calculate the probability of long lifespan in the general population. We know that:

- P(Normal weight and long lifespan) = 7%
- P(Obesity and long lifespan) = 58%

The total probability of long lifespan, P(Long lifespan), can be calculated as the sum of these two probabilities, assuming these events are mutually exclusive (an individual can be either normal weight or obese):

P(Long lifespan) = P(Normal weight and long lifespan) + P(Obesity and long lifespan) = 7% + 58% = 65%

Now, we can calculate the probability of long lifespan given obesity, P(Long lifespan | Obesity), using the formula for conditional probability:

P(Long lifespan | Obesity) = P(Obesity and long lifespan) / P(Obesity)

We know P(Obesity and long lifespan) = 58%, but we don't have the exact value for P(Obesity). However, since the overall probability of obesity is 91%, we can assume that the probability of obesity is significantly higher than the probability of normal weight. Therefore, when calculating the conditional probability, the denominator (P(Obesity)) will be much larger than the numerator (P(Obesity and long lifespan)), resulting in a fraction less than 1.

Comparing this to the general probability of long lifespan (65%), it is clear that the chance of long lifespan is indeed smaller when observing obesity.

**Summary:**

1. Calculate the overall probability of long lifespan (P(Long lifespan)) by adding the probabilities of normal weight and long lifespan, and obesity and long lifespan.
2. Determine that the probability of long lifespan given obesity (P(Long lifespan | Obesity)) is a fraction of the overall probability due to the high probability of obesity in the general population.
3. Conclude that the chance of long lifespan is smaller when observing obesity.

**Answer:**

Yes, the chance of long lifespan is smaller when observing obesity."
817,yes,"**Full Response:**

To determine if the chance of college admission is larger when observing smoking, we need to compare the probabilities of college admission for smokers and non-smokers.

Given:
- The overall probability of smoking is 7%.
- The probability of non-smoking and college admission is 48%.
- The probability of smoking and college admission is 3%.

First, let's calculate the probability of college admission for non-smokers and smokers:

- Probability of college admission for non-smokers: P(College Admission | Non-smoking) = 48% / (100% - 7%) = 51.06% (approximately)
- Probability of college admission for smokers: P(College Admission | Smoking) = 3% / 7% = 42.86% (approximately)

Comparing these probabilities, we find that the probability of college admission is slightly higher for non-smokers (51.06%) than for smokers (42.86%).

**Summary:**

1. Calculate the probabilities of college admission for both smokers and non-smokers using the given information.
2. Compare these probabilities.
3. The probability of college admission is approximately 51.06% for non-smokers and 42.86% for smokers, indicating a higher chance for non-smokers.

**Answer:**

No, the chance of college admission is **not** larger when observing smoking."
818,yes,"Step-by-Step Reasoning:**

1. Compare the probabilities when both set the alarm (0%) and when only one of them sets it (35% or 46%).
2. Observe that the probability decreases when both set the alarm compared to when only one does.
3. Conclude that the husband's action does not positively affect the alarm ringing when the wife sets it.

**Answer:**

No, the husband does not positively affect the alarm clock through the wife's actions."
819,no,"**Full Response:**

To determine if being hard-working is less likely than being lazy overall, we need to consider the probabilities given:

- The overall probability of talent is 15%.
- For students who are not talented (which is 85% of the population), the probability of being hard-working is 9%.
- For students who are talented (15% of the population), the probability of being hard-working is also 9%.

First, let's calculate the probability of a student being hard-working:

- Probability of hard-working among non-talented students: 0.85 (probability of not being talented) * 0.09 (probability of being hard-working given they are not talented) = 0.0765
- Probability of hard-working among talented students: 0.15 (probability of being talented) * 0.09 (probability of being hard-working given they are talented) = 0.0135

Total probability of being hard-working: 0.0765 + 0.0135 = 0.09

Now, since we don't have specific probabilities for being lazy, we cannot directly compare it to the probability of being hard-working. However, we can infer that if the probability of being hard-working is 9%, it is less likely than having a higher probability, such as if the probability of being lazy were greater than 9%.

**Summary:**

1. Calculate the probabilities of being hard-working for both talented and non-talented students.
2. Sum these probabilities to find the overall probability of being hard-working, which is 9%.
3. Conclude that without the specific probability of being lazy, we cannot definitively say it is more likely, but being hard-working is less likely than any probability higher than 9%.

**Answer:**

No, we cannot definitively say that being hard-working is less likely than being lazy overall based on the given information. However, the probability of being hard-working (9%) suggests it is less common than a behavior with a higher probability."
820,no,"Step-by-Step Reasoning:**

1. Evaluate the scope of each method: Method 1 is broad and general, Method 2 is focused and specific to stone size.
2. Consider the relevance of the variable 'kidney stone size' to recovery outcomes: It's a significant factor.
3. Conclude that Method 2 is more likely to provide useful insights because it accounts for a crucial variable.

**Yes/No Answer:**

No, Method 1 is not more correct than Method 2 in this context. Method 2 is more appropriate for understanding how treatment affects recovery from kidney stone removal when considering stone size."
821,yes,"**Full Response:**

No, it is not more correct to use Method 1 than Method 2 to understand how maternal smoking status affects infant's birth weight. Both methods have their limitations and biases, but they serve different purposes and should be used complementarily rather than exclusively.

- **Method 1** (looking at the general correlation) might reveal an overall relationship between maternal smoking and infant birth weight but cannot account for individual-level confounders that could influence this relationship. It provides a broad view but may obscure important nuances.
- **Method 2** (examining the correlation case by case according to unobserved confounders) attempts to control for these individual differences but is challenging in practice because it requires knowledge of and control for all relevant confounders, which is often impossible.

A more robust approach would involve using Method 1 as a starting point to establish a general relationship, then employing Method 2 (or more sophisticated statistical techniques) to adjust for known confounders and explore potential biases.

**Summary:**

1. Method 1 provides a general correlation but may overlook important individual differences.
2. Method 2 aims to account for individual confounders but is practically limited.
3. Combining insights from both methods, along with advanced statistical adjustments, offers a more comprehensive understanding.

**Yes or No Answer:**

No, Method 1 is not inherently more correct than Method 2."
822,no,"**Full Response:**

To determine if recovery is more likely than non-recovery overall, we need to consider the probabilities you've provided. We can calculate the weighted average probability of recovery, taking into account the proportion of patients who receive treatment and those who do not.

Given:
- The overall probability of receiving treatment is 52%.
- For patients not receiving treatment (48% of patients), the probability of recovery is 45%.
- For patients receiving treatment (52% of patients), the probability of recovery is 73%.

The weighted average probability of recovery can be calculated as follows:

Weighted average probability of recovery = (Probability of recovery with treatment * Proportion of patients receiving treatment) + (Probability of recovery without treatment * Proportion of patients not receiving treatment)

Weighted average probability of recovery = (0.73 * 0.52) + (0.45 * 0.48) = 0.3876 + 0.216 = 0.6036

Since 0.6036 (or 60.36%) is greater than 50%, recovery is indeed more likely than non-recovery overall.

**Summary:**

1. Calculate the weighted average probability of recovery using the given probabilities and proportions.
2. Compare the weighted average to 50% to determine if recovery is more likely than non-recovery.
3. The weighted average probability of recovery (60.36%) is greater than 50%, indicating that recovery is more likely overall.

**Answer:** Yes, recovery is more likely than non-recovery overall."
823,no,"**Full Response:**

To determine if gender positively affects salary through occupation, we should examine the provided probabilities and focus on the relationship between gender, occupation, and salary.

Firstly, let's compare the probabilities of having a high salary for males and non-males in both blue-collar and white-collar jobs:

- **Blue-collar workers:**
  - Non-male: 31%
  - Male: 25%

- **White-collar workers:**
  - Non-male: 62%
  - Male: 60%

In both cases, the probability of a high salary is slightly higher for non-males. This suggests that, in the given data, being non-male has a small positive effect on the probability of earning a high salary, regardless of occupation type.

However, to truly answer the question, we need to consider the probabilities of obtaining a white-collar job, as these jobs generally offer higher salaries. Let's look at the probabilities of having a white-collar job based on gender and skill level:

- **Low skill levels:**
  - Non-male: 28%
  - Male: 50%

- **High skill levels:**
  - Non-male: 50%
  - Male: 80%

Here, males with high skill levels have a significantly higher probability of securing a white-collar job compared to non-males with the same skill level. This indicates that, when considering skill level, being male increases the chances of obtaining a higher-paying white-collar occupation.

**Summary:**

1. For blue-collar workers, non-males have a slightly higher probability of high salary.
2. For white-collar workers, the probability of a high salary is nearly equal for males and non-males.
3. Males with high skill levels are more likely to secure white-collar jobs compared to non-males with high skill levels.
4. The overall probability of high skill level is 11%, which is irrelevant to the question at hand.

**Answer:**

Yes, gender positively affects salary through occupation, specifically for individuals with high skill levels, as males are more likely to obtain white-collar jobs."
824,yes,"Step-by-Step Reasoning:**

1. Recognize that intelligence is influenced by both genetic and environmental factors.
2. Understand that social status can significantly impact the environmental factors that contribute to intelligence.
3. Conclude that considering social status (Method 1) provides a more nuanced and accurate approach to understanding the relationship between parental and child intelligence.

**Yes or No Answer:**

Yes, it is more correct to use Method 1."
825,no,"Step-by-Step Reasoning:**

1. Compare the probabilities of penguin death for each transportation method, disregarding mood.
2. Observe that the stair option has higher death probabilities in both cases.
3. Conclude that choosing the stairs would negatively impact penguin survival.

**Yes or No Answer:**

Yes, your decision to take the stairs would negatively affect penguin survival, disregarding their mood."
826,no,"Step-by-Step Reasoning:**

1. **Identify Key Probabilities:** We know the overall probability of kindness is 5%, and the probability of attractive appearance for both mean and kind personalities is 88%.
2. **Recognize Missing Information:** To determine the overall likelihood of attractive appearance, we need to know the probability of attractive appearance for individuals with neutral or other personality types, which is not provided.
3. **Analyze Given Data:** Since the probability of kindness is low (5%), a significant portion of the population could have other personality types, which might influence the overall probability of attractive appearance.
4. **Conclusion:** Without the missing information, we cannot accurately compare the likelihood of attractive versus unattractive appearance overall.

**Yes or No Answer:**

No, we cannot conclude that attractive appearance is more likely than unattractive appearance overall based on the given information."
827,no,"Step-by-Step Reasoning:**

1. Compare acceptance rates for males and non-males within the same department type and residency status.
2. Observe that while there are variations, these differences do not consistently favor one gender across all categories.
3. Note that factors other than gender could be driving the acceptance rate differences.
4. Conclude that the data insufficiently supports a claim of positive effect of gender on admission status through department competitiveness.

**Yes or No Answer:**

No, the given data does not support the conclusion that gender positively affects admission status through department competitiveness."
828,no,"Step-by-Step Reasoning:**

1. Identify the probabilities: 46% for the dry season and 47% for the rainy season.
2. Compare the probabilities: 47% (rainy season) is greater than 46% (dry season).
3. Conclude that the rainy season has a higher likelihood of wet ground, regardless of the previous season's conditions.

**Answer:**

No, it would not be less likely to see wet ground during the rainy season simply because the previous season was dry. The rainy season inherently has a higher probability of wet ground."
829,no,"Step-by-step Reasoning:**

- Calculate the overall probability of a ringing alarm using the law of total probability.
- Multiply the probability of the alarm ringing given each scenario by the probability of each scenario occurring.
- Sum the results to find the overall probability of a ringing alarm.
- Compare this probability to 50% (chance of a silent alarm) to determine if a ringing alarm is less likely.

3. **Yes or No Answer:**

**No**, a ringing alarm is **not** less likely than a silent alarm overall."
830,no,"**Full Response:**

No, it is not necessarily more correct to use Method 1 than Method 2 to understand how gender affects admission status. The optimal approach would depend on the specific context and goals of the analysis.

**Reasoning:**

1. **Method 1** looks at the overall correlation between gender and admission status, which can provide a broad understanding of any general trends. However, it doesn't account for variations across different departments or disciplines, which could have differing levels of competitiveness and gender distribution.

2. **Method 2**, on the other hand, considers the case-by-case scenario based on department competitiveness. This method can offer more nuanced insights into how gender might influence admission decisions within specific, high-stakes environments.

The choice between the two methods should be based on the research question and the specific factors believed to influence admission decisions.

**Answer:**

No"
831,no,"Step-by-Step Reasoning:**

1. Identify the two possible causes.
2. Confirm one cause is in action (chain-smoker lighting a match).
3. Conclude that the other cause (camper lighting a match) is irrelevant in this specific scenario.
4. Determine the forest can still burn down due to the observed action.

**Answer: No, the forest would still burn down.**"
832,yes,"Step-by-Step Reasoning:**

1. Calculate individual probabilities of acceptance and rejection for males and non-males.
2. Determine the overall probabilities of acceptance and rejection by weighting the individual probabilities by their respective population proportions.
3. Compare the overall probabilities to determine which is more likely.

**Answer:**

No, admission acceptance is not more likely than admission rejection overall. The overall probability of rejection (53.48%) is slightly higher than the overall probability of acceptance (46.52%)."
833,yes,"Step-by-step Reasoning:**

1. The probabilities given only indicate the likelihood of wet ground in each season and do not provide information on the cause of wet ground.
2. The minimal difference in probability (1%) between the two seasons does not strongly suggest a significant impact of the season on ground wetness.
3. Other factors, such as specific weather events, irrigation practices, or local microclimates, could easily account for the observed difference in ground wetness.

**Answer:**

No, the given information does not support the conclusion that the season negatively affects ground through weather and sprinkler use."
834,no,"**Full Response:**

To determine if smoking positively affects lung cancer through tar deposit, we need to compare the probabilities of lung cancer among smokers and nonsmokers, particularly focusing on the groups with and without high tar deposits.

Given data:
- Probability of high tar deposit in nonsmokers: 63%
- Probability of high tar deposit in smokers: 26%
- Probability of lung cancer in nonsmokers with no tar deposit: 61%
- Probability of lung cancer in nonsmokers with high tar deposit: 27%
- Probability of lung cancer in smokers with no tar deposit: 44%
- Probability of lung cancer in smokers with high tar deposit: 14%
- Overall probability of smoking: 21%

Step 1: Compare the probabilities of lung cancer in nonsmokers and smokers, regardless of tar deposit.
- The overall probability of lung cancer in nonsmokers can be calculated by considering the probabilities of lung cancer in nonsmokers with and without high tar deposits, weighted by their respective probabilities:
  - (Probability of no high tar deposit in nonsmokers) * (Probability of lung cancer in nonsmokers with no high tar deposit) + (Probability of high tar deposit in nonsmokers) * (Probability of lung cancer in nonsmokers with high tar deposit)
  - (100% - 63%) * 61% + 63% * 27% = 37% * 61% + 63% * 27% = 22.79% + 17.01% = 39.8%
- The overall probability of lung cancer in smokers can be calculated similarly:
  - (Probability of no high tar deposit in smokers) * (Probability of lung cancer in smokers with no high tar deposit) + (Probability of high tar deposit in smokers) * (Probability of lung cancer in smokers with high tar deposit)
  - (100% - 26%) * 44% + 26% * 14% = 74% * 44% + 26% * 14% = 32.56% + 3.64% = 36.2%

Step 2: Compare the calculated probabilities.
- The overall probability of lung cancer in nonsmokers (39.8%) is higher than that in smokers (36.2%).

Conclusion:
Based on the provided data, smoking does not positively affect lung cancer through tar deposit. In fact, the data suggests that nonsmokers have a higher overall probability of lung cancer compared to smokers, indicating that smoking may have a protective effect or that there are other factors at play. However, this conclusion contradicts established medical knowledge, which firmly links smoking to an increased risk of lung cancer. The discrepancy might be due to errors or biases in the provided data or the simplified model used.

**Summary:**

1. Calculate the overall probabilities of lung cancer for nonsmokers and smokers using the given data.
2. Compare these probabilities; nonsmokers have a higher probability of lung cancer (39.8%) than smokers (36.2%).
3. Conclude that smoking does not positively affect lung cancer through tar deposit based on the provided data, but this conclusion contradicts established medical knowledge.

**Answer:**

No, according to the provided data, smoking does not positively affect lung cancer through tar deposit. However, the conclusion should be treated with caution due to the counterintuitive result."
835,yes,"Step-by-Step Reasoning:**

1. Compare the two probabilities: 38% (unencouraged) vs. 80% (encouraged).
2. The higher probability (80%) indicates a greater chance of a high score when students are encouraged.
3. Therefore, encouragement does not decrease but increases the likelihood of a high exam score.

**Yes or No Answer:**

No, encouragement does not decrease the chance of a high exam score."
836,yes,"Step-by-Step Reasoning:**

1. Compare the probabilities of recovery for old patients with low and high bills: 30% vs. 19%.
2. The higher probability (30%) is associated with a low bill, indicating a better chance of recovery with higher expenditure.
3. Therefore, it would be less likely for an old patient to recover if they had paid a low hospital bill.

**Yes/No Answer:**

No, it would not be more likely to see recovery if an old patient had paid a low hospital bill; in fact, it would be less likely."
837,yes,"Step-by-Step Reasoning:**

1. Compare the probabilities of the employee being fired when the manager signs the termination letter:
   - With director signing: 88%
   - With director not signing: 52%

2. The higher probability (88%) occurs when both the manager and director sign the termination letter.

**Yes/No Answer:**

Yes, it would be more likely for an employee to be fired if the manager signs the termination letter."
838,no,"Step-by-Step Reasoning:**

1. Old age is initially given as a factor for high hospital bills and subsequent recovery.
2. The patient is observed to be young, eliminating old age as a factor.
3. The question shifts to the likelihood of recovery with low hospital bills instead of high hospital bills.
4. For a young patient, recovery is more directly tied to medical condition, healthcare quality, and individual health, not hospital bill amount.
5. Therefore, it's not the level of the hospital bill (high or low) that directly causes recovery; it's the quality of care and the patient's health status.

**Yes or No Answer:**

No, the patient's recovery is not directly determined by whether the hospital bill is low or high. The patient's young age, along with the quality of healthcare and the nature of the illness or injury, are more critical factors in determining recovery."
839,yes,"**Full Response:**

The question involves determining the causal relationships between encouragement, studying hard, and exam scores. Given the premises:

1. Encouragement causes studying hard.
2. Encouragement or studying hard causes high exam scores.

We are asked to consider if a student would have a low exam score if they experienced discouragement instead of encouragement.

**Reasoning:**

1. **Eliminate obviously incorrect answers:**
   - Since encouragement causes studying hard, discouragement (the opposite of encouragement) would likely lead to less studying.
   - High exam scores are caused by either encouragement or studying hard, so if discouragement leads to less studying, it would likely lead to lower exam scores.

2. **Most likely correct answer:**
   - With less studying due to discouragement, the student would not fulfill the condition for achieving a high exam score. Therefore, it is likely that the student would have a low exam score.

**Yes or No Answer:**

Yes, the student would likely have a low exam score if they experienced discouragement instead of encouragement."
840,yes,"**Full Response:**

In the context of understanding how smoking affects college admission, Method 1, which proposes to look at the correlation between smoking and college admission in general, is more appropriate than Method 2, which suggests a case-by-case analysis according to effort.

**Reasoning:**

1. **General Correlation (Method 1):** Examining the overall correlation between smoking and college admission provides a broad view of the relationship. This method allows for the identification of trends and patterns that might apply across a wide range of applicants. It's a more efficient way to gather insights that could apply to policy or general guidance.

2. **Case-by-Case Analysis (Method 2):** Focusing on individual cases according to effort can introduce too many variables and biases. Each person's situation is unique, and factors like academic performance, extracurricular activities, and personal statements play a significant role in college admissions. Isolating the effect of smoking in individual cases would be difficult, if not impossible, due to these confounding variables. Moreover, this method would be incredibly time-intensive and might not yield generalizable results.

3. **Comparison:** Method 1 is more practical and statistically sound for understanding the broader impact of smoking on college admissions. It allows researchers to control for other variables more effectively and to draw conclusions that can be applied more broadly.

**Answer:** Yes, it is more correct to use Method 1 than Method 2 to understand how smoking affects college admission."
841,no,"Step-by-Step Reasoning:**

1. Start by acknowledging the known risk factors: smoking, smoking gene, and high pollution.
2. Understand that genetic predisposition increases risk but doesn't guarantee cancer.
3. Recognize that high pollution exposure is a significant risk, but also doesn't ensure cancer development.
4. Conclude that while the smoking gene might elevate the risk, it doesn't provide a definitive answer without considering other factors.

**Answer:**

No, we cannot conclusively determine that the person will have lung cancer solely based on the presence of the smoking gene and high pollution exposure."
842,yes,"Step-by-Step Reasoning:**

1. Old age may cause high hospital bills, but it doesn't directly cause recovery.
2. High hospital bills don't cause recovery; recovery is primarily due to medical treatment and the body's healing capabilities.
3. The patient's age alone doesn't predict recovery.
4. The cost of the hospital bill is not a determining factor for recovery.

**Answer:** No, the patient's recovery cannot be attributed to a high hospital bill."
843,yes,"Step-by-Step Reasoning:**

1. Identify the probabilities:
   - No candle-blowing: 89% dark room
   - Candle-blowing: 58% dark room

2. Compare the probabilities:
   - The probability of a dark room is higher when the candle is not blown out (89%) than when it is (58%).

3. Conclude that not blowing out the candle increases the likelihood of a dark room.

**Yes or No Answer:**

Yes."
844,yes,"Step-by-Step Reasoning:**

1. Method 1 considers the individual contexts (hospitalization status) that could influence both respiratory issues and broken bones, providing a more comprehensive analysis.
2. By examining cases individually, it controls for potential confounding factors, leading to a more accurate understanding of the relationship.
3. This approach is more aligned with real-world medical practice, where treating physicians need to assess patients' unique circumstances.

**Yes/No Answer:** Yes."
845,yes,"**Full Response:**

To determine if a high salary is more likely than a low salary overall, we need to consider the probabilities given and apply some basic probability theory.

Given:
- The overall probability of having a college degree or higher is 51%.
- For those without a college degree, the probability of a high salary is 32%.
- For those with a college degree or higher, the probability of a high salary is 64%.

First, let's calculate the probability of not having a college degree:
- Probability (no college degree) = 100% - Probability (college degree or higher) 
= 100% - 51% 
= 49%.

Now, we can calculate the overall probability of a high salary:
- Overall Probability (high salary) = [Probability (high salary | no college degree) * Probability (no college degree)] + [Probability (high salary | college degree or higher) * Probability (college degree or higher)]
= (0.32 * 0.49) + (0.64 * 0.51)
= 0.1568 + 0.3264
= 0.4832 or 48.32%.

Since the overall probability of a high salary (48.32%) is higher than the overall probability of a low salary (100% - 48.32% = 51.68%), a high salary is more likely than a low salary overall.

**Summary:**

1. Calculate the probability of not having a college degree (49%).
2. Use the formula for conditional probability to find the overall probability of a high salary (48.32%).
3. Compare this to the overall probability of a low salary (51.68%).

**Answer:**

Yes, a high salary is more likely than a low salary overall."
846,yes,"**Full Response:**

To determine if the chance of broken bones increases for hospitalized individuals with respiratory issues, we should compare the probabilities of broken bones for hospitalized individuals with and without respiratory issues.

Given:
- Probability of broken bones for people with no respiratory issues and hospitalized: 29%
- Probability of broken bones for people with respiratory issues and hospitalized: 30%

Comparing these two probabilities, we find that the probability of broken bones is slightly higher (by 1 percentage point) for hospitalized individuals with respiratory issues.

**Summary:**

1. Eliminate the irrelevant data: Focus on the probabilities for hospitalized individuals.
2. Compare the probabilities for hospitalized individuals with and without respiratory issues.
3. Conclude that the probability of broken bones is higher for hospitalized individuals with respiratory issues.

**Answer:**

Yes, the chance of broken bones increases for hospitalized individuals with respiratory issues."
847,no,"**Full Response:**

To determine if the chance of lung cancer is smaller when observing smokers, we need to compare the probability of lung cancer in smokers to that of the general population.

Given:
- The overall probability of smoking is 12%.
- The probability of non-smoking and lung cancer is 12%.
- The probability of smoking and lung cancer is 4%.

First, let's calculate the probability of lung cancer in the general population (P(Lung Cancer)):

P(Lung Cancer) = P(Non-Smoking and Lung Cancer) + P(Smoking and Lung Cancer)
P(Lung Cancer) = 0.12 + 0.04 = 0.16 or 16%.

Now, we can compare the probability of lung cancer in smokers (P(Lung Cancer | Smoking)) to the general population:

P(Lung Cancer | Smoking) = 0.04 / 0.12 = 0.3333 or 33.33%.

Since P(Lung Cancer | Smoking) (33.33%) is greater than P(Lung Cancer) (16%), the chance of lung cancer is higher when observing smokers.

**Summary:**

1. Calculate the overall probability of lung cancer (P(Lung Cancer)) by adding the probabilities of non-smoking and lung cancer, and smoking and lung cancer.
2. Compare this to the probability of lung cancer in smokers (P(Lung Cancer | Smoking)).
3. If P(Lung Cancer | Smoking) is greater than P(Lung Cancer), then the chance of lung cancer is higher when observing smokers.

**Answer:**

No, the chance of lung cancer is **not** smaller when observing smoking individuals. In fact, it is higher."
848,no,"Step-by-Step Reasoning:**

1. Compare recovery rates for people with pre-conditions: 23% (without vaccine) vs. 12% (with vaccine).
2. The vaccine reduces the recovery probability from 23% to 12% for those with pre-conditions.
3. This decrease in recovery rate suggests that the vaccine may not be beneficial and could potentially be detrimental to those with pre-existing health conditions in terms of disease recovery.

**Yes or No Answer:**

Yes, getting the vaccine will likely decrease the chance of recovering from the disease for people with pre-conditions."
849,no,"**Full Response:**

No, it is not more correct to use Method 1 than Method 2 to understand how gender affects salary. Both methods have their merits and should ideally be used together for a comprehensive understanding.

- **Method 1** provides a broad view of the overall correlation between gender and salary across various industries and occupations, which can highlight general trends and potential systemic issues. However, it doesn't account for the significant variations that exist within specific occupations.
- **Method 2**, on the other hand, offers a detailed look at how gender and salary interact within specific job sectors, which can uncover more nuanced issues and factors influencing pay disparities. However, focusing solely on individual occupations might mask broader patterns.

A comprehensive approach would involve first using Method 1 to identify general trends, then applying Method 2 to delve into specific areas of interest or concern.

**Summary:**

1. Method 1 gives a broad overview of gender-salary correlations across various sectors.
2. Method 2 provides detailed insights into specific occupations.
3. Neither method alone is sufficient; a combined approach offers the most comprehensive understanding.

**Answer:** No"
850,no,"**Full Response:**

The question seems to contain a logical fallacy. It suggests that a person's smoking status could retroactively change their likelihood of lung cancer based on their tar deposit levels, which doesn't make medical or statistical sense. A person's smoking history is a significant factor in determining the probability of lung cancer, independent of tar deposit levels.

- **Step 1:** Eliminate the idea that a person's smoking status can influence past events (i.e., tar deposit levels).
- **Step 2:** Compare the probabilities directly for smokers.
- **Step 3:** The probability of lung cancer for smokers with high tar deposit (43%) is lower than for nonsmokers with high tar deposit (77%).

**Summary:**

The comparison should be made based on current smoking status and tar deposit levels. Smokers with high tar deposits have a lower probability of lung cancer (43%) compared to nonsmokers with high tar deposits (77%).

**Yes/No Answer:**

No, it would not be more likely to see lung cancer in a smoker if the person had been a nonsmoker. The probabilities indicate the reverse: smokers with high tar deposits are less likely to have lung cancer than nonsmokers with high tar deposits."
851,yes,"Step-by-step Reasoning:**

1. Tanning salon treatments and beach exposure are known causes of tanned skin.
2. The person is observed not to go to the beach.
3. Therefore, if the person has tanned skin, it is likely due to tanning salon treatments.
4. Without direct evidence of tanned skin or confirmation of tanning salon visits, certainty is not achievable.

**Yes or No Answer:**

**Likely Yes** (but not definitive without direct evidence)."
852,yes,"Step-by-step Reasoning:**

1. Compare the probabilities: 80% (nonsmoking) vs. 61% (smoking).
2. The lower probability (61%) corresponds to infants with smoking mothers.
3. Lower probability indicates a decrease in the chance of high infant mortality.

**Answer:**

No, smoking mother **does not** decrease the chance of high infant mortality. (The question's assumption is incorrect based on the given data.)"
853,yes,"**Full Response:**

To determine if gender positively affects admission status, we need to compare the overall probabilities of admission acceptance for males and those who are not male, averaging out the effects of department competitiveness.

For individuals who are not male:
- Probability of admission in a non-competitive department: 59%
- Probability of admission in a competitive department: 88%
- Average probability of admission (weighted by the probability of applying to each type of department) can be calculated as follows:
  - Assuming equal likelihood of applying to competitive or non-competitive departments, the average probability would be: (59% + 88%) / 2 = 73.5%

For individuals who are male:
- Probability of admission in a non-competitive department: 28%
- Probability of admission in a competitive department: 57%
- Average probability of admission: (28% + 57%) / 2 = 42.5%

Comparing the averages, individuals who are not male have a higher average probability of admission (73.5%) than males (42.5%).

**Summary:**

1. Calculate the average probability of admission for both genders, assuming equal likelihood of applying to competitive or non-competitive departments.
2. Compare these averages to determine the overall effect of gender on admission status.
3. The higher average probability for individuals who are not male indicates a positive effect of not being male on admission status.

**Answer:**

No, gender does not positively affect admission status when disregarding the mediation effect through department competitiveness. In fact, the data suggests that individuals who are not male have a higher probability of admission on average."
854,no,"Step-by-step Reasoning:**

1. **Identify the probabilities:**
   - Release prisoner: 24% chance of death
   - Execute prisoner: 71% chance of death

2. **Compare the probabilities:**
   Since 71% is significantly higher than 24%, executing the prisoner results in a higher likelihood of death compared to releasing them.

**Yes/No Answer:**

No, the order to execute the prisoner does not decrease the chance of the prisoner's death; it increases it."
855,yes,"Step-by-Step Reasoning:**

1. Compare probabilities: 82% (not talented, accepted) vs. 53% (talented, accepted).
2. The lower probability (53%) is associated with talented students accepted to elite institutions.

**Answer:**

Yes, the chance of being hard-working decreases when talent is present among students accepted to elite institutions."
856,yes,"**Full Response:**

The given data suggests that maternal smoking status does not directly cause infant mortality but could be indirectly related through other factors like infant health and birth weight. Here's why:

1. **Comparing Mortality Rates:** When comparing infants with nonsmoking mothers, those with low birth weight have a lower mortality rate (61%) than those with normal birth weight (89%). This suggests that low birth weight is not always indicative of higher mortality when the mother doesn't smoke.

2. **Smoking Mothers:** For infants with smoking mothers, the mortality rates are 24% (low birth weight) and 59% (normal birth weight). This indicates that, for smoking mothers, low birth weight infants have a significantly lower mortality rate.

3. **Health Status:** The data also shows that infants with smoking mothers are more likely to have poor health, which could be a confounding factor. Poor health is associated with a higher chance of low birth weight and, therefore, could contribute to increased mortality.

Since smoking mothers are more likely to have infants with poor health and low birth weight, and these factors are linked to higher mortality, it suggests that maternal smoking status indirectly affects infant mortality through these intermediaries.

**Summary:**

- Compare mortality rates for nonsmoking and smoking mothers across birth weights.
- Consider the role of infant health as a confounding factor.
- Conclude that smoking status indirectly affects mortality through health and birth weight.

**Answer:**

No, maternal smoking status does not directly negatively affect infant mortality but is indirectly related through factors like infant health and birth weight."
857,no,"Step-by-Step Reasoning:**

1. Calculate the weighted average probability of college admission for both nonsmokers and smokers, where the weights are the probabilities of being hard-working in each group.
2. Compare these averages to determine the effect of smoking on college admission.
3. Conclude that smoking has a negative effect if the average probability for nonsmokers is higher.

**Yes or No Answer:**

Yes, smoking negatively affects college admission when effort is not considered as a mediating factor."
858,yes,"Step-by-Step Reasoning:**

1. Compare the probabilities of cholera contraction:
   - Local water company: 73%
   - Global water company: 65%

2. Compare the probabilities of clean water:
   - Local water company: 28%
   - Global water company: 61%

3. The lower probability of cholera contraction for the global water company aligns with the higher probability of clean water, suggesting cleaner water reduces the risk of cholera, not increases it.

**Yes or No Answer:**

No, clean water does not increase the chance of cholera contraction."
859,yes,"Step-by-Step Reasoning:**

1. Calculate the probability of death given execution: 55% * 53% = 29.15%.
2. Calculate the probability of death given release: 45% * 20% = 9%.
3. Compare the two probabilities: 29.15% (death if executed) > 9% (death if released).

**Yes/No Answer:**

Yes, the prisoner's death is more likely than their being alive overall."
860,no,"Step-by-Step Reasoning:**

1. Calculate the probability of non-smoking: 100% - 11% (smoking) = 89%.
2. Compare the probabilities of college admission:
   - Non-smokers: 76%
   - Smokers: 3%
3. Conclude that the chance of college admission is significantly smaller when observing smoking.

**Yes/No Answer:**

Yes, the chance of college admission is smaller when observing smoking."
861,no,"Step-by-Step Reasoning:**

1. Compare infant mortality probabilities directly for smoking vs. nonsmoking mothers, ignoring birth weight.
2. Smoking mothers have lower probabilities (29% vs. 64% for low birth weight, and 63% vs. 89% for normal birth weight) than nonsmoking mothers.
3. Conclude that smoking status is associated with a lower, not higher, infant mortality rate.

**Answer:**

No, maternal smoking status does not positively affect infant mortality. In fact, the data suggests it is associated with a lower probability of infant mortality compared to nonsmoking mothers, when birth weight is not considered."
862,no,"Step-by-step Reasoning:**

1. Given the probabilities, calculate the conditional probabilities of tanned skin given tanning salon treatment (P(S|T)) and no tanning salon treatment (P(S|¬T)) using Bayes' theorem.
2. Compare the two probabilities: P(S|T) ≈ 0.3 (30%) and P(S|¬T) ≈ 0.67 (67%).
3. Since 67% > 30%, the chance of tanned skin is smaller when observing tanning salon treatment.

**Yes or No Answer:**

No, the chance of tanned skin is not smaller when observing tanning salon treatment. It is higher when there is no tanning salon treatment."
863,no,"Step-by-Step Reasoning:**

1. **Identify the probabilities for large kidney stones:**
   - With treatment: 9%
   - Without treatment: 23%

2. **Compare the probabilities:**
   - The probability of recovery is significantly higher without treatment (23%) compared to with treatment (9%).

**Yes/No Answer:**

Yes, it would be more likely to see recovery without treatment for patients with large kidney stones."
864,no,"Step-by-step Reasoning:**

1. Compare the probabilities: 71% (no match) vs. 57% (with match).
2. Identify that 57% is less than 71%.
3. Conclude that lighting a match decreases the probability of the forest catching fire.

**Answer:**

No, the camper lighting a match **does not** increase the chance of the forest on fire."
865,no,"**Full Response:**

No, it is not more correct to use Method 1 (looking directly at the correlation between vaccination and disease in general) than Method 2 (examining this correlation case by case according to pre-conditions) to understand how vaccination affects disease. In fact, Method 2 is generally more accurate and comprehensive.

**Reasoning:**

1. **Correlation vs. Causation:** Method 1 assumes that a general correlation between vaccination and disease presence or absence proves causation, which is a logical fallacy. Just because two things occur together does not mean one causes the other. There could be confounding factors.

2. **Individual Variability:** Method 2 acknowledges that individuals have unique pre-conditions (like age, health status, and genetic factors) that can influence how they respond to vaccines and develop diseases. These factors are crucial in understanding the relationship between vaccination and disease.

3. **Scientific Rigor:** Method 2 aligns more closely with scientific methodology, which requires controlled studies and consideration of multiple variables to establish cause-and-effect relationships.

**Answer:**

No, Method 2 is more correct."
866,yes,"Step-by-Step Reasoning:**

1. Calculate the probability of unintelligent parents (P(UIP)) by subtracting the probability of intelligent parents from 1.
2. Use the law of total probability to find the overall probability of an intelligent child (P(IC)).
3. Compare the overall probabilities of intelligent and unintelligent children.

**Yes/No Answer:**

Yes, an intelligent child is more likely than an unintuitive child overall."
867,yes,"**Full Response:**

Yes, it is more correct to use Method 1 to understand how season affects the ground in general. Method 1 examines the broad relationship between seasons and ground conditions, providing a comprehensive understanding of how different seasons correlate with various ground attributes across a wide area. This method is more suitable for drawing general conclusions about seasonal impacts on the ground.

**Reasoning:**

1. **Scope of Analysis:** Method 1 takes a holistic approach by considering the overall correlation between seasons and ground conditions, allowing for the identification of general patterns and trends.
2. **Generalizability:** By analyzing data from multiple locations and sprinklers, Method 1 provides results that can be generalized to a broader context, giving a more comprehensive understanding of seasonal effects.
3. **Efficiency:** Focusing on the direct relationship between season and ground conditions in Method 1 is more efficient for understanding large-scale impacts, rather than individually assessing each sprinkler system (Method 2).

**Yes or No Answer:** Yes."
868,no,"Step-by-Step Reasoning:**

1. Calculate P(D|E) = P(E ∩ D) / P(E) = 0.30 / 0.72 ≈ 0.4167.
2. Calculate P(D|S) = P(S ∩ D) / P(S) = 0.14 / 0.28 ≈ 0.5.
3. Compare P(D|E) and P(D|S): 0.4167 < 0.5.

**Answer:**

No, the chance of penguin death is *not* larger when observing taking the elevator."
869,no,"Step-by-Step Reasoning:**

- Compare the probabilities: 45% (without medication) vs. 31% (with medication).
- Since 45% is greater than 31%, taking medication does not increase the chance of a healthy heart; instead, it decreases it.

3. **Yes or No Answer:**

**No**, taking medication does not increase the chance of having a healthy heart according to the given probabilities."
870,yes,"**Full Response:**

Yes, it is more correct to use Method 1 (examining the correlation between treatment and recovery case by case according to gender) than Method 2 (looking generally at the correlation between treatment and recovery) to understand how treatment affects recovery while considering gender differences.

**Reasoning:**

1. **Account for Gender Differences:** Gender can play a significant role in how individuals respond to treatments, as biological and societal factors can influence recovery processes. Method 1 acknowledges and accounts for these differences by examining the correlation within each gender.

2. **Precision and Specificity:** Analyzing data by gender provides a more precise understanding of treatment effectiveness for each gender. This specificity helps tailor healthcare approaches and policies that are more likely to be effective for each gender.

3. **Potential for Generalization with Method 2:** Method 2 might mask important differences between genders, leading to general conclusions that may not apply to everyone. This could result in ineffective or even harmful treatment recommendations.

**Yes or No Answer:**

Yes, Method 1 is more correct than Method 2."
871,no,"Step-by-step Reasoning:**

- Compare the probabilities: 90% (if not set) vs. 25% (if set).
- The 90% probability is significantly higher than 25%, indicating a higher likelihood of a ringing alarm when the alarm is not set.
- Therefore, it's less likely to observe a ringing alarm among husbands who set the alarm.

3. **Yes or No Answer:**

**Yes**, it would be less likely to see a ringing alarm if the husband had set the alarm."
872,no,"Step-by-Step Reasoning:**

1. Compare probabilities of normal birth weight in low and high tax areas.
2. Observe that high smoking mother rates correspond with lower normal birth weight probabilities.
3. Conclude that smoking mothers are less likely to have normal birth weight infants.

**Answer:** No, smoking mothers do not increase the chance of normal infant birth weight."
873,yes,"Step-by-Step Reasoning:**

1. Calculate the conditional probabilities of lung cancer given smoking and non-smoking using Bayes' Theorem.
2. Compare the two probabilities.
3. Conclude that the probability of lung cancer is smaller when observing smoking since the conditional probability given smoking (approx. 0.5176) is less than the conditional probability given non-smoking (approx. 0.6).

**Yes/No Answer:**

**Yes**, the chance of lung cancer is smaller when observing smoking."
874,no,"Step-by-Step Reasoning:**

1. **Eliminate Obviously Incorrect Answers:**
   - The probabilities provided defy conventional understanding of genetics, where traits are often passed down from parents to children. Thus, the statement ""For children with intelligent parents, the probability of an intelligent child is 46%"" is unlikely.

2. **Identify the Most Likely Correct Answer:**
   - Based on the typical understanding of genetics, the correct relationship should be the reverse of what is stated. That is, children with intelligent parents are more likely to be intelligent.

**Yes or No Answer:**

No, it would *not* be less likely to see an intelligent child if the child had intelligent parents. Instead, it would be more likely."
875,yes,"Step-by-step Reasoning:**

- Step 1: Understand the given probabilities: 68% acceptance for non-males, 38% for males.
- Step 2: Recognize that the question indirectly asks about the likelihood of acceptance for a male if they were to change their gender to non-male.
- Step 3: Compare the probabilities. Changing to ""not male"" would result in a higher acceptance rate (68% vs. 38%).

3. **Yes or No Answer:**

**No**, it would not be less likely for a male to see admission acceptance if they had not been male; it would be more likely (68% vs. 38%)."
876,yes,"Step-by-step Reasoning:**

1. Identify the variables: The problem involves understanding the relationship between Alice waking up and her arrival at school, with traffic as a potential influencing factor.
2. Evaluate Method 1: This method acknowledges the impact of traffic, suggesting a case-by-case analysis to account for varying traffic conditions.
3. Evaluate Method 2: It oversimplifies the correlation by ignoring traffic, which could lead to an incomplete understanding of the relationship.
4. Compare and conclude: Method 1 is more comprehensive as it considers the dynamic nature of traffic, making it the more correct approach to accurately assess the impact of Alice's waking time on her school arrival time.

**Yes or No Answer:**

Yes, Method 1 is more correct."
877,no,"Step-by-Step Reasoning:**

1. **Eliminate Incorrect Assumptions:** It's incorrect to directly compare the 75% and 35% probabilities. The 75% is for a larger group (those not using tanning salons), while the 35% is for a smaller, specific subgroup (those using tanning salons).

2. **Consider Base Rates:** The overall 85% probability suggests that the majority of people are tanned. This is driven mostly by the larger group (those not using tanning salons) who have a 75% chance of being tanned.

3. **Conclusion:** Therefore, tanned skin is more likely than pale skin overall.

**Yes/No Answer:**

Yes, tanned skin is more likely than pale skin overall."
878,yes,"Step-by-Step Reasoning:**

1. Method 1 directly examines the correlation between the man and the room, offering a broad view of their relationship.
2. Method 2 narrows the focus to a single object (candle) within the room, indirectly relating to the man's presence.
3. To understand the man's overall effect on the room, a general perspective (Method 1) is more relevant and comprehensive.

**Yes or No Answer:** Yes."
879,no,"**Full Response:**

To determine if the chance of penguin death is larger when observing taking the elevator, we need to compare the probabilities directly.

Given:
- The overall probability of taking the elevator is 77%.
- The probability of taking the stairs and penguin death is 10%.
- The probability of taking the elevator and penguin death is 38%.

First, let's clarify that the 10% probability of taking the stairs and penguin death is irrelevant to the comparison of penguin death chances between taking the elevator and not taking it. We are concerned with the conditional probabilities of penguin death given that the elevator is taken.

The key comparison is between:
- The probability of penguin death given that the elevator is taken (38%).
- The probability of penguin death given that the elevator is not taken (which is not directly given but can be calculated).

Since the overall probability of taking the elevator is 77%, the probability of not taking the elevator is 100% - 77% = 23%.

Now, we can calculate the probability of penguin death when not taking the elevator. Given that the only two options are taking the elevator or taking the stairs, and we know the probabilities of penguin death for each option, we can find the probability of penguin death when not taking the elevator:

Probability of penguin death when not taking the elevator = (Total probability of penguin death) - (Probability of penguin death when taking the elevator)
                              = (100% - 77%) - 38%
                              = 23% - 38%
                              = -15% (This value indicates an impossibility, suggesting there might be an error in the provided probabilities.)

However, since the sum of probabilities of mutually exclusive events should be 100%, and given the probabilities provided, it appears there is an inconsistency. For our question, we are interested in comparing the conditional probabilities.

**Comparing the conditional probabilities:**

- Probability of penguin death given the elevator is taken: 38%
- Probability of penguin death given the elevator is not taken: Cannot be accurately calculated from the given information due to inconsistencies.

Since we cannot accurately calculate the probability of penguin death when not taking the elevator, we cannot definitively state whether the chance of penguin death is larger when observing taking the elevator.

**Summary:**

1. The probability of penguin death given that the elevator is taken is 38%.
2. The probability of penguin death given that the elevator is not taken cannot be accurately calculated due to inconsistencies in the provided probabilities.
3. Due to the inability to calculate a valid probability for penguin death when not taking the elevator, we cannot compare the two probabilities directly.

**Answer:**

No, it cannot be determined from the given information if the chance of penguin death is larger when observing taking the elevator due to inconsistencies in the provided probabilities."
880,no,"Step-by-step Reasoning:**

1. Identify the given causes of arriving late to school: waking up late or heavy traffic.
2. Eliminate traffic as a factor due to the observation of no traffic on the road.
3. Conclude that waking up late is the remaining cause, making it likely Alice will arrive late if she wakes up late.

**Answer:**

Yes, Alice will likely arrive at school late if she wakes up late instead of waking up on time."
881,no,"**Full Response:**

To determine if a long lifespan is more likely than a short lifespan overall, we need to consider the probabilities you've provided. We know that:

- The overall probability of obesity is 19%.
- The probability of long lifespan among normal-weight people is 78%.
- The probability of long lifespan among obese people is 47%.

First, let's calculate the probability of a long lifespan for the entire population. We can do this by taking a weighted average, where the weights are the proportions of people who are normal-weight and obese, respectively. We don't have the exact percentages of the population that are normal-weight, but we can infer it's approximately 81% (100% - 19% = 81%).

The weighted average formula for the probability of long lifespan (L) is:

L = (0.81 * 0.78) + (0.19 * 0.47) = 0.6398

So, the overall probability of a long lifespan is approximately 63.98%. Since this is greater than 50%, it indicates that a long lifespan is more likely than a short lifespan overall.

**Summary:**

1. Eliminate obvious incorrect answers: We know obesity is linked to lower chances of long lifespan (47% vs. 78%).
2. Calculate overall probability: Weighted average of long lifespan probabilities considering the proportion of normal-weight and obese people.
3. Compare to 50%: The calculated overall probability of long lifespan (63.98%) is greater than 50%, meaning long lifespan is more likely overall.

**Answer:** Yes, long lifespan is more likely than short lifespan overall."
882,no,"Step-by-step Reasoning:**

1. The captain's order to execute the prisoner directly causes the corporal and private to shoot.
2. The shootings by the corporal and private directly cause the prisoner's death.
3. If the captain had ordered the prisoner's release, the shootings would not have taken place.
4. Without the shootings, the prisoner would not have died.

**Answer:**

Yes, the prisoner would most likely be alive if the captain had ordered the prisoner's release instead of execution."
883,no,"Step-by-Step Reasoning:**

1. Compare the probabilities with and without the manager's signature:
   - No signature: 54%
   - Signature: 14%
2. The above comparison shows a lower probability of firing when the manager signs the letter.
3. Consider the overall probability of 87%, which implies a high likelihood of firing in general.
4. Conclude that, despite the overall high probability, signing the letter still reduces the individual chance of being fired.

**Yes/No Answer:**

No, manager signing the termination letter **decreases** the chance of the employee being fired."
884,no,"Step-by-Step Reasoning:**

1. Compare the probabilities of lung cancer for nonsmokers and smokers in both high tar deposit and no tar deposit scenarios.
2. Note that smokers have higher lung cancer probabilities in both cases.
3. Consider the overall probability of smoking in the population.
4. Conclude that smoking increases the chance of lung cancer.

**Answer:**

No, smoking will not decrease the chance of lung cancer. In fact, the data strongly suggests that smoking increases the likelihood of lung cancer."
885,yes,"Step-by-Step Reasoning:**

1. A correlation of -0.04 is very close to zero, indicating a weak relationship.
2. Correlation does not equal causation; just because two variables are correlated doesn't mean one causes the other.
3. The negative correlation suggests a slight trend where higher kindness corresponds to lower perceived attractiveness, but this is a very weak trend and could be due to numerous other factors.
4. Without controlling for other variables and conducting further analysis, we cannot conclude that kindness affects attractiveness.

**Yes or No Answer:**

No, the correlation between kindness and attractive appearance among people in a relationship does not imply that kindness affects attractive appearance."
886,yes,"Step-by-step Reasoning:**

1. **Understand the relationship between water quality, cholera, and poverty:** Cholera is primarily transmitted through contaminated water sources, but the accessibility to clean water and proper sanitation facilities is often impacted by poverty levels.

2. **Evaluate Method 1:** This method considers all these factors together, providing a more comprehensive view of how water quality influences cholera incidence in specific contexts.

3. **Evaluate Method 2:** This method oversimplifies the relationship by looking only at the direct correlation between water quality and cholera, ignoring the socio-economic factors that significantly modify this relationship.

4. **Compare the two methods:** Method 1 is more accurate because it accounts for the complex interplay between water quality, cholera, and poverty.

**Yes/No Answer:** Yes, Method 1 is more correct."
887,yes,"**Full Response:**

To determine if the chance of tanned skin is smaller when observing tanning salon treatment, we need to compare the probabilities directly.

Given:
- The overall probability of tanning salon treatment (T) is 93%.
- The probability of no tanning salon treatment (~T) and tanned skin (S) is 5%.
- The probability of tanning salon treatment (T) and tanned skin (S) is 26%.

We want to compare P(S|T) (the probability of tanned skin given tanning salon treatment) and P(S) (the overall probability of tanned skin).

First, we can calculate P(S) using the given probabilities:
P(S) = P(S|T) * P(T) + P(S|~T) * P(~T)
P(S) = 0.26 * 0.93 + 0.05 * 0.07
P(S) ≈ 0.2551

Now, we can compare P(S|T) (0.26) and P(S) (0.2551).

**Summary:**

1. Calculate the overall probability of tanned skin, P(S), using the given probabilities.
2. Compare P(S|T) and P(S).

**Answer:**

No, the chance of tanned skin is not smaller when observing tanning salon treatment. The probability of tanned skin given tanning salon treatment (26%) is actually higher than the overall probability of tanned skin (25.51%).

**Yes/No Answer:**

No"
888,no,"**Full Response:**

To determine if the forest is on fire less likely than it not being on fire overall, we need to consider the probabilities given and apply some basic principles of probability theory.

1. **Calculate the probability of the forest being on fire given that a match is lit (P(Fire|Match)):** 65%

2. **Calculate the probability of the forest being on fire given that a match is not lit (P(Fire|No Match)):** 79%

3. **Calculate the probability of a camper lighting a match (P(Match)):** 93%

4. **Calculate the probability of a camper not lighting a match (P(No Match)):** 100% - 93% = 7%

5. **Calculate the overall probability of the forest being on fire (P(Fire)):**
   - P(Fire) = P(Fire|Match) * P(Match) + P(Fire|No Match) * P(No Match)
   - P(Fire) = (0.65 * 0.93) + (0.79 * 0.07)
   - P(Fire) ≈ 0.6015 + 0.0553
   - P(Fire) ≈ 0.6568 or 65.68%

6. **Compare the probabilities:**
   - The overall probability of the forest being on fire (65.68%) is less than the probability of it not being on fire (100% - 65.68% = 34.32%).

**Summary:**

1. Calculate individual probabilities.
2. Use the law of total probability to find the overall probability of the forest being on fire.
3. Compare this probability to the probability of the forest not being on fire.

**Answer:**

No, the forest is not less likely to be on fire overall compared to it not being on fire. The overall probability of the forest being on fire is approximately 65.68%, which is greater than the 34.32% probability of it not being on fire."
889,no,"Step-by-Step Reasoning:**

1. **Identify the issue:** The question asks which method is more correct for understanding the effect of vaccination on disease.
2. **Evaluate Method 1:** A general correlation approach (Method 1) might show that vaccination reduces disease incidence overall, but it doesn't account for individual variations and other influencing factors.
3. **Evaluate Method 2:** A case-by-case approach (Method 2) considers pre-conditions like age, health status, type of vaccine, and the specific disease, providing a more detailed and accurate understanding of vaccination's effects.
4. **Compare and conclude:** Method 2 is more comprehensive and therefore more likely to give a correct understanding of how vaccination affects disease.

**Yes or No Answer:** No, Method 1 is not more correct than Method 2. Method 2 is the more appropriate approach."
890,yes,"Step-by-Step Reasoning:**

1. Calculate the probability of a high salary for individuals with a high school degree or lower by dividing the given probability by the complement of the college degree or higher probability (34% / 0.5 = 68%).
2. Calculate the probability of a high salary for individuals with a college degree or higher by dividing the given probability by the college degree or higher probability (16% / 50% = 32%).
3. Compare the two probabilities: 68% (HS) vs. 32% (C).

**Answer:**

No, the chance of a high salary is **not** larger when observing individuals with a college degree or higher. The probability of a high salary is higher for those with a high school degree or lower."
891,no,"**Full Response:**

To determine if treatment increases the chance of recovery for kidney stone patients, we need to compare the probabilities of recovery for each stone size category with and without treatment.

- For small kidney stones:
  - With treatment: 81% recovery rate
  - Without treatment: 95% recovery rate
- For large kidney stones:
  - With treatment: 6% recovery rate
  - Without treatment: 17% recovery rate

Given these probabilities, it is clear that for both small and large kidney stones, the chance of recovery is higher without treatment.

However, the overall probability of having large kidney stones is 54%, which means that more than half of the patients fall into the category with lower recovery rates when untreated. This suggests that, on average, receiving treatment might still be beneficial for the overall population.

**Summary:**

1. Compare recovery rates for small and large kidney stones with and without treatment.
2. Note that for both sizes, the recovery rate is higher without treatment.
3. Consider the overall probability of having large kidney stones (54%), indicating that a majority of patients have lower recovery rates without treatment.
4. Conclude that, on average, treatment may still be beneficial due to the higher prevalence of large kidney stones.

**Answer:**

No, based on the given probabilities, receiving treatment does not increase the chance of recovery for individual patients with kidney stones. However, for the overall population, treatment might be beneficial due to the higher prevalence of large kidney stones, which have a significantly lower recovery rate without treatment."
892,yes,"Step-by-step Reasoning:**

- Identify the original causal relationship: waking up late + heavy traffic = late arrival at school.
- Eliminate the ""heavy traffic"" factor since it is no longer applicable.
- Conclude that the remaining factor (waking up late) alone does not guarantee on-time arrival due to the absence of information about the new travel conditions.
- Determine that the question cannot be answered definitively with the given information.

3. **Yes or No Answer:**

No, we cannot conclude that Alice will arrive at school on time solely based on waking up on time, given the absence of traffic, without further details."
893,no,"Step-by-Step Reasoning:**

1. Eliminate obvious incorrect answers: The probability of an intelligent child cannot be higher in both cases simultaneously. Since 42% is greater than 5%, it's obvious that the chance of an intelligent child is not larger when observing intelligent parents based on the given probabilities.
2. Calculate the conditional probability: Use Bayes' Theorem to find the probability of an intelligent child given intelligent parents, which turns out to be approximately 26.3%.
3. Compare: Compare the calculated probability (26.3%) with the given probability of an intelligent child with unintelligent parents (42%).

**Answer:**

No, the chance of an intelligent child is **not** larger when observing intelligent parents according to the given probabilities."
894,yes,"Step-by-Step Reasoning:**

1. Start with the given information: intelligent parents and confounder activity cause high parental social status, and intelligent parents, confounder activity, and high parental social status cause an intelligent child.

2. Recognize that the confounder, even when inactive, has already influenced parental intelligence.

3. Understand that intelligence is a complex trait influenced by multiple factors, including genetics and environment.

4. Conclude that without detailed information about the specific confounder and other potential influences, we cannot predict the intelligence of the child solely based on parental intelligence.

**Yes or No Answer:**

No, we cannot conclude that the child would be intelligent if they had unintelligent parents instead of intelligent parents based on the given information."
895,yes,"**Full Response:**

To determine if the chance of lung cancer is larger when observing smoking, we need to compare the probabilities directly. We are given:

- The overall probability of smoking (S) is 45%.
- The probability of nonsmoking (not-S) and lung cancer (C) is 42%.
- The probability of smoking (S) and lung cancer (C) is 41%.

First, let's calculate the overall probability of lung cancer (C) using the formula for total probability:

P(C) = P(C|S) * P(S) + P(C|not-S) * P(not-S)

We know P(S) = 0.45 and P(not-S) = 1 - P(S) = 0.55. We also know P(C|S) = 0.41 and P(C|not-S) = 0.42. Plugging these values into the formula:

P(C) = (0.41 * 0.45) + (0.42 * 0.55) = 0.1845 + 0.231 = 0.4155 ≈ 41.55%

Now we compare the probability of lung cancer given smoking (P(C|S) = 41%) to the overall probability of lung cancer (P(C) ≈ 41.55%).

Since 41.55% > 41%, the chance of lung cancer is indeed larger when observing smoking.

**Summary:**

1. Calculate the overall probability of lung cancer using the given probabilities.
2. Compare this to the probability of lung cancer given smoking.
3. Conclude that since the overall probability of lung cancer is larger, the chance of lung cancer is greater when observing smoking.

**Yes/No Answer:**

Yes, the chance of lung cancer is larger when observing smoking."
896,yes,"**Full Response:**

Yes, it is more correct to use Method 1 (examining the correlation between treatment and recovery case by case according to kidney stone size) than Method 2 (looking generally at the correlation between treatment and recovery) to understand how treatment affects recovery when considering kidney stones.

**Reasoning:**

1. **Specificity of Method 1:** Method 1 accounts for the fact that the effectiveness of treatment for kidney stones can vary significantly based on the size of the stone. By considering stone size, this method provides a more nuanced understanding of treatment outcomes, making it more likely to yield accurate insights into how treatment affects recovery.

2. **Generalization in Method 2:** Method 2, by looking at treatment and recovery in general, overlooks crucial variables like stone size. This approach may lead to oversimplification and potentially misleading conclusions, as it doesn't account for the fact that smaller stones might pass naturally, while larger ones might require more aggressive treatment.

3. **Precision in Medical Context:** In medical research and practice, it's crucial to consider specific patient characteristics (like kidney stone size) that can influence treatment outcomes. This precision helps in tailoring treatments to individual needs and predicting recovery more accurately.

**Answer:** Yes"
897,no,"**Full Response:**

The question involves a causal reasoning scenario with multiple variables: intelligent parents, confounder active/inactive, high parental social status, and an intelligent child. Given the provided information, we can deduce the following:

1. **Premise 1:** Intelligent parents and confounder active causes high parental social status.
2. **Premise 2:** Intelligent parents or confounder active or high parental social status causes an intelligent child.
3. **Observation:** The confounder is inactive.

We are asked to determine the likelihood of a child being unintelligent if the parents are unintelligent instead of intelligent, given the confounder is inactive.

**Reasoning:**

1. **Step 1:** Since the confounder is inactive, we can rule out its direct influence on parental social status or child intelligence.
2. **Step 2:** Without the confounder's influence, the causal path from intelligent parents to high parental social status is weakened. Intelligent parents no longer necessarily cause high parental social status.
3. **Step 3:** Given the observation of the inactive confounder, the direct causal relationship between intelligent parents and an intelligent child becomes less certain.
4. **Step 4:** If we replace intelligent parents with unintelligent parents, there is no longer a direct causal path from parental intelligence to child intelligence, assuming the confounder's inactivity remains constant.

**Conclusion:**

Based on the provided information and the reasoning above, it is likely that the child would not be intelligent if the parents are unintelligent, given the confounder is inactive.

**Summary:**

1. The inactive confounder eliminates its direct influence on parental status and child intelligence.
2. Without the confounder, intelligent parents do not necessarily lead to high parental social status.
3. Unintelligent parents, with the confounder inactive, do not directly contribute to child intelligence.
4. Therefore, the child is likely not intelligent.

**Yes or No Answer:**

Yes, the child is likely not intelligent if the parents are unintelligent instead of intelligent, given the confounder is inactive."
898,no,"Step-by-Step Reasoning:**

1. Compare the probabilities of penguin death directly:
   - Probability of penguin death given taking the stairs: 76%
   - Probability of penguin death given taking the elevator: 9%

2. Since 76% is greater than 9%, the chance of penguin death is higher when taking the stairs, not when taking the elevator.

**Yes or No Answer:**

No, the chance of penguin death is *not* larger when observing taking the elevator."
899,yes,"**Full Response:**

Yes, it is more correct to use Method 1 to understand how season affects the ground in general. Method 1 examines the broad relationship between seasons and ground conditions, which is the primary concern of the question. By considering the overall correlation, Method 1 provides a more comprehensive and generalizable understanding of how different seasons impact the ground.

**Reasoning:**

1. Identify the main focus: The question aims to understand the effect of seasons on the ground.
2. Evaluate Method 1: This method directly addresses the general correlation between seasons and ground conditions, offering a broad perspective.
3. Evaluate Method 2: This method focuses on a detailed, case-by-case analysis according to sprinklers, which is less relevant to the primary question and may introduce unnecessary complexity.
4. Compare and choose: Method 1 is more appropriate because it aligns more closely with the question's objective.

**Yes/No Answer:** Yes."
900,no,"Step-by-Step Reasoning:**

1. Method 1 examines supply's correlation with price on a case-by-case basis, considering demand fluctuations.
2. Method 2 directly analyzes the general correlation between supply and price across multiple scenarios.
3. A general understanding (Method 2) of supply's impact on price is more informative and applicable than a case-by-case approach (Method 1) because it reveals underlying economic principles.
4. Demand variability in Method 1 can lead to inconsistent results, making it less reliable for understanding the universal relationship between supply and price.

**Answer: No**

(Note: The answer is ""No"" because Method 1 is not the most effective approach for understanding the general relationship between supply and price; Method 2 is more suitable for that purpose.)"
901,yes,"Step-by-Step Reasoning:**

1. Identify the probabilities:
   - No encouragement: 31%
   - Encouragement: 69%
2. Compare the probabilities:
   - The probability of a high score is higher for encouraged students (69%) than for those who are not encouraged (31%).
3. Conclude that encouragement seems to have a positive impact on the likelihood of achieving a high exam score.

**Yes or No Answer:**

Yes."
902,yes,"Step-by-step Reasoning:**

1. Compare the probabilities:
   - Non-male admission acceptance: 80%
   - Male admission acceptance: 1%
2. Since 80% is greater than 1%, it means the chance of admission acceptance is larger when observing non-male gender, not male gender.

**Yes or No Answer:**

No, the chance of admission acceptance is not larger when observing male gender."
903,no,"**Full Response:**

To determine if the chance of smallpox survival is larger when observing vaccination, we need to compare the probabilities directly. We are given the following information:

- The overall probability of vaccination is 76%.
- The probability of lack of vaccination and smallpox survival is 8%.
- The probability of vaccination and smallpox survival is 26%.

First, let's calculate the probability of smallpox survival, regardless of vaccination status. We can use the formula:

\[ P(\text{Smallpox Survival}) = P(\text{Vaccinated and Survival}) + P(\text{Unvaccinated and Survival}) \]

\[ P(\text{Smallpox Survival}) = 0.26 + 0.08 = 0.34 \]

Now, we can compare the probability of smallpox survival among the vaccinated and unvaccinated groups:

- Probability of smallpox survival given vaccination: \( P(\text{Survival} | \text{Vaccinated}) = 0.26 \)
- Probability of smallpox survival given lack of vaccination: \( P(\text{Survival} | \text{Unvaccinated}) = 0.08 \)

Clearly, the probability of smallpox survival is higher when observing vaccination (\(0.26\)) compared to when observing lack of vaccination (\(0.08\)).

**Summary:**

1. Calculate the overall probability of smallpox survival.
2. Compare the probabilities of smallpox survival given vaccination and given lack of vaccination.
3. The higher probability indicates a larger chance of survival.

**Answer:**

Yes, the chance of smallpox survival is larger when observing vaccination."
904,no,"Step-by-Step Reasoning:**

1. Identify the nature of each method: Method 1 is a general correlation analysis, while Method 2 is a detailed, case-by-case study.
2. Assess the importance of specific variables: In this context, traffic is a significant factor that can influence the time it takes for Alice to get to school.
3. Determine the most appropriate method: Given the impact of traffic, Method 2, which considers such variables, is likely to provide a more accurate and useful understanding of the relationship between Alice waking up and her arrival at school.

**Yes or No Answer:**

No, Method 1 is not more correct than Method 2 in this scenario. Method 2 is more likely to yield a comprehensive understanding by accounting for crucial variables like traffic."
905,no,"Step-by-step Reasoning:**

1. Eliminate the irrelevant information: The overall probability of taking medication (5%) is not directly related to the likelihood of a healthy heart.
2. Calculate the weighted average probability of a healthy heart based on the probabilities for those taking and not taking medication, weighted by their respective proportions in the population.
3. Compare the resulting probability (68.1%) to 50% to determine if a healthy heart is more likely.

**Yes or No Answer:**

**Yes**, a healthy heart is more likely than heart problems overall."
906,no,"Step-by-Step Reasoning:**

1. Identify the probabilities:
   - No encouragement: 28% chance of a high score.
   - Encouragement: 71% chance of a high score.

2. Compare the probabilities:
   - The probability of a high score is more than double when students are encouraged (71%) compared to when they are not (28%).

3. Conclude that encouragement increases the likelihood of a high score.

**Answer:**

No, encouragement does not decrease the chance of a high exam score. (Encouragement increases the likelihood of a high score.)"
907,yes,"**Full Response:**

To determine if a high salary is less likely than a low salary overall, we need to consider the probabilities given:

- The overall probability of having a college degree or higher is 23%.
- For those without a college degree, the probability of a high salary is 79%.
- For those with a college degree or higher, the probability of a high salary drops to 29%.

First, we calculate the probability of a high salary overall. We can use the law of total probability:

P(High Salary) = P(High Salary | No College Degree) * P(No College Degree) + P(High Salary | College Degree) * P(College Degree)

We know:
- P(High Salary | No College Degree) = 0.79
- P(College Degree) = 0.23

So, we need to find P(No College Degree), which is 1 - P(College Degree) = 1 - 0.23 = 0.77.

Now, we can calculate:

P(High Salary) = 0.79 * 0.77 + 0.29 * 0.23 ≈ 0.6243

So, the overall probability of a high salary is approximately 62.43%.

Since this is higher than 50%, a high salary is more likely overall.

**Summary:**

1. Calculate overall probability of high salary using the law of total probability.
2. Find the probability of no college degree (1 - probability of college degree).
3. Compute the overall probability of high salary: P(High Salary) ≈ 0.6243.
4. Compare to 50%: Since it's higher, a high salary is more likely overall.

**Answer:**

No, high salary is not less likely than low salary overall."
908,yes,"**Full Response:**

Yes, getting the vaccine increases the chance of recovering from the disease for both people with and without pre-conditions. 

Here's the breakdown:

- For individuals without pre-conditions: The vaccine boosts the recovery probability from 14% to 25%.
- For those with pre-conditions: The vaccine significantly raises the recovery probability from 87% to 98%.

**Reasoning:**

1. Compare recovery probabilities for each group with and without the vaccine.
2. For both groups, the probability of recovery is higher when the vaccine is received.
3. The vaccine increases the chance of recovery by 11% for those without pre-conditions and by 11% for those with pre-conditions.

**Yes or No Answer:**

**Yes**, getting the vaccine will increase the chance of recovering from the disease."
909,yes,"Step-by-Step Reasoning:**

1. Compare the probabilities: 62% (intelligent parents) vs. 31% (unintelligent parents).
2. Higher probability indicates a greater chance.
3. Therefore, intelligent parents increase the likelihood of an intelligent child.

**Yes or No Answer:**

No, intelligent parents do not decrease the chance of having an intelligent child."
910,no,"Step-by-Step Reasoning:**

1. Identify the probabilities:
   - Without college degree: 61%
   - With college degree or higher: 81%
2. Compare the probabilities: 81% is greater than 61%.
3. Conclude that having a college degree or higher increases the chance of a high salary.

**Answer:**

No"
911,yes,"Step-by-step Reasoning:**

- Compare the probabilities: 59% (normal weight) vs. 79% (obese).
- Higher probability for obese individuals (79%) indicates a greater chance of a long lifespan.
- Therefore, obesity does not decrease but rather increases the likelihood of a long lifespan based on these figures.

3. **Yes or No Answer:**

No, obesity does not decrease the chance of a long lifespan in this context; it increases it."
912,no,"Step-by-step Reasoning:**

1. A correlation of 0 (-0.00) suggests no linear association between two variables.
2. In this case, the variables are talent and being hard-working.
3. Therefore, the absence of a correlation implies that talent does not affect or predict being hard-working among students accepted to elite institutions.

**Answer:**

No, it does not mean that talent affects being hard-working."
913,yes,"**Full Response:**

Yes, Method 1 is more correct than Method 2 to understand how a husband's actions or behaviors might affect an alarm clock, specifically in the context of a wife's experience.

**Reasoning:**

1. **Contextual Understanding:** Method 1 considers the individual experiences of each wife, taking into account the unique dynamics of their relationship and living situations. This approach allows for a more nuanced understanding of how a husband's actions might impact the alarm clock in various ways for different wives.

2. **Personal Perspective:** By examining the correlation case by case, Method 1 acknowledges that the relationship between a husband's behavior and an alarm clock's function could vary widely depending on individual circumstances. For example, one husband might consistently set the alarm for his wife, while another might never use it, affecting the alarm clock's utility differently in each case.

3. **Direct vs. Generalized Correlation:** Method 2, focusing on a general correlation between husbands and alarm clocks, might oversimplify the complex realities of individual relationships. It assumes a uniform impact that may not exist, potentially leading to inaccurate conclusions.

**Answer:** Yes."
914,yes,"Step-by-Step Reasoning:**

1. Compare the probabilities: 32% (with citrus) vs. 58% (without citrus).
2. The lower probability (32%) indicates a lesser chance of scurvy when consuming citrus.
3. Therefore, citrus intake seems to decrease the likelihood of scurvy.

**Yes or No Answer:**

Yes, citrus intake likely decreases the chance of scurvy."
915,no,"Step-by-Step Reasoning:**

1. Identify the probabilities: 
   - 34% of patients take all drugs, and their low cholesterol probability is 66%.
   - 66% of patients do not take all drugs, and their low cholesterol probability is 40%.
2. Compare the probabilities: The majority (66%) have a lower chance of low cholesterol (40%) than the minority (34%) who take all drugs (66% chance).
3. Conclude: Since the larger group has a lower probability, low cholesterol is less likely overall.

**Answer:** Yes, low cholesterol is less likely than high cholesterol overall."
916,yes,"Step-by-step Reasoning:**

1. Compare the probabilities of long lifespan between normal-weight and obese individuals, with and without diabetes.
2. Notice that obesity alone does not positively affect lifespan as the probabilities are lower for obese groups.
3. Observe that diabetes significantly reduces the chances of a long lifespan, regardless of weight.
4. Conclude that obesity does not positively influence lifespan through diabetes; instead, it may contribute to a higher risk of diabetes, further lowering the chances of a long lifespan.

**Answer:** No, obesity does not positively affect lifespan through diabetes."
917,yes,"Step-by-Step Reasoning:**

1. Calculate the probability of a high exam score for both encouraged and unencouraged students.
2. Determine the probabilities of being encouraged and unencouraged.
3. Use the law of total probability to find the overall probability of a high exam score.
4. Compare this probability to 50% to determine if a high exam score is less likely than a low exam score.

**Answer:**

Yes, a high exam score is less likely than a low exam score overall."
918,no,"Step-by-Step Reasoning:**

1. Calculate P(C|S) and P(C|not-S) using the given probabilities and the conditional probability formula.
2. Compare the two calculated probabilities.
3. Conclude that the chance of lung cancer is larger when observing smoking since P(C|S) > P(C|not-S).

**Yes/No Answer:**

Yes, the chance of lung cancer is larger when observing smoking."
919,yes,"Step-by-step Reasoning:**

- Compare the probabilities: 47% (on-time wake-up) vs. 86% (late wake-up).
- The probability of arriving on time is higher when Alice wakes up late.

3. **Yes or No Answer:**

**No**, it would not be less likely to see Alice arriving at school on time on days when she wakes up late compared to when she wakes up on time."
920,no,"Step-by-step Reasoning:**

1. Identify the key probabilities:
   - Probability of a healthy heart without medication: 67%
   - Probability of a healthy heart with medication: 44%

2. Compare the probabilities:
   - The probability of a healthy heart is higher without medication (67%) compared to with medication (44%).

3. Conclusion:
   - Since the probability of a healthy heart decreases when taking medication, it does not increase the chance of having a healthy heart.

**Yes or No Answer:**

No, taking medication does not increase the chance of a healthy heart in this scenario."
921,yes,"**Full Response:**

No, it is not necessarily more correct to use Method 1 than Method 2 to understand how gender affects admission status. Both methods have their merits and limitations, and the better approach depends on the specific context and goals of the analysis.

**Reasoning:**

1. **Method 1 (General Correlation):** This method provides a broad overview of how gender correlates with admission status across the entire institution. It can quickly highlight any overall disparities in admission rates between genders. However, it doesn't account for varying levels of competitiveness across different departments or programs.

2. **Method 2 (Case-by-Case by Department):** This method offers a more nuanced understanding by considering the competitiveness of each department. It can reveal if certain departments have gender-based admission biases that might be obscured in a general analysis. However, it requires more detailed data and analysis.

**Yes/No Answer:**

No, Method 1 is not inherently more correct than Method 2. The most appropriate method depends on the specific research question and the context of the admission process."
922,no,"**Full Response:**

The scenario presented involves confounders and causal relationships. Let's break it down:

1. **Given Information:**
   - Confounder (C) actively causes high cigarette tax (T).
   - High cigarette tax (T) and confounder (C) actively cause smoking mother (S).
   - Smoking mother (S) and confounder (C) actively cause normal infant birth weight (W).
   - Observed: Cigarette tax (T) is low, and confounder (C) is active.

2. **Analysis:**
   - Since the cigarette tax is low, it's less likely that a smoking mother is caused by a high tax (as per the given causal relationship between T and S).
   - However, the confounder (C) is active, which directly causes both high cigarette tax and smoking mother. Therefore, the presence of the confounder still makes it likely that the mother smokes.
   - The question asks if an infant would be born with low weight if the mother smokes instead of not smoking.

3. **Causal Pathways:**
   - Smoking mother (S) directly influences infant birth weight (W).
   - The confounder (C) influences W indirectly through S.

4. **Conclusion:**
   - Given the direct causal relationship between smoking mother (S) and infant birth weight (W), and the fact that the confounder (C) is active, it's likely that the smoking mother would cause the infant to be born with low weight.

**Summary:**

1. High cigarette tax leads to smoking mother, but low tax doesn't rule out the confounder's influence.
2. The active confounder still makes smoking mother likely.
3. Smoking mother directly causes low infant birth weight.
4. Therefore, the infant is likely to be born with low weight due to the smoking mother.

**Answer:**

Yes, the infant is likely to be born with low weight if the mother smokes instead of not smoking."
923,yes,"**Full Response:**

Yes, Method 1, which involves examining the correlation between a gene and lung cancer on a case-by-case basis according to smoking status, is more correct than Method 2 when trying to understand how a gene affects lung cancer. Here's why:

- **Controlling for Confounders:** Smoking is a significant risk factor for lung cancer. By considering smoking status, Method 1 helps control for this confounding variable. This means you can isolate the gene's effect more accurately because you're accounting for the influence smoking has on lung cancer development.

- **Precision and Context:** A case-by-case analysis provides a more nuanced understanding of how the gene interacts with lung cancer in the presence or absence of smoking. This approach allows for the discovery of potential differences in the gene's impact based on smoking history, which could be crucial for personalized medicine and targeted treatments.

- **Avoidance of Bias:** Method 2, by looking at the general correlation, might lead to biased conclusions. Since smoking is such a strong risk factor, a general correlation could be heavily influenced by the high number of smoking-related lung cancer cases, potentially overshadowing the gene's actual effect.

**Summary:**

- Identify and control confounders: Method 1 considers smoking, a major confounder, to isolate the gene's effect.
- Offer more detailed insights: Case-by-case analysis provides a deeper understanding of the gene-cancer relationship in different contexts.
- Reduce potential bias: Method 2 may overemphasize the impact of smoking, leading to inaccurate general correlations.

**Yes/No Answer:** Yes, Method 1 is more correct."
924,no,"Step-by-Step Reasoning:**

1. Calculate the probability of recovering for those who get vaccinated and those who don't.
2. Sum these probabilities to find the overall probability of recovering.
3. Compare this to the overall probability of dying (100% - recovery probability).

**Yes or No Answer:**

No, recovering from the disease is not more likely than dying from it overall. The probability of dying (51%) is slightly higher than the probability of recovering (49%)."
925,no,"Step-by-Step Reasoning:**

1. Compare probabilities of long lifespan between obese and normal-weight people with diabetes: 86% vs. 60%.
2. Note the high overall probability of being a smoker (91%), indicating smoking as a potential confounding factor.
3. Consider that obese nonsmokers have a lower probability of having diabetes compared to normal-weight nonsmokers.
4. Conclude that the data does not provide a clear causal link between obesity and reduced lifespan through diabetes.

**Answer:**

No, the data does not conclusively show that obesity negatively affects lifespan through diabetes, as other factors like smoking significantly influence both diabetes prevalence and lifespan."
926,no,"**Full Response:**

To determine if lung cancer is more likely than the absence of lung cancer overall, we need to consider the probabilities given:

- The overall probability of smoking is 50%.
- For nonsmokers (50% of the population), the probability of lung cancer is 40%.
- For smokers (also 50% of the population), the probability of lung cancer is 37%.

First, calculate the weighted average probability of lung cancer:

- Weighted average = (Probability of lung cancer in nonsmokers * Percentage of nonsmokers) + (Probability of lung cancer in smokers * Percentage of smokers)
- Weighted average = (0.40 * 0.5) + (0.37 * 0.5) = 0.20 + 0.185 = 0.385 or 38.5%

Since the weighted average probability of lung cancer (38.5%) is higher than the probability of the absence of lung cancer (61.5%), lung cancer is more likely overall.

**Summary:**

1. Calculate the weighted average probability of lung cancer based on the given probabilities for smokers and nonsmokers, taking into account their respective percentages in the population.
2. Compare the weighted average probability of lung cancer to the probability of the absence of lung cancer (which is 100% - the weighted average).
3. If the weighted average is higher, then lung cancer is more likely overall.

**Answer:**

Yes, lung cancer is more likely than the absence of lung cancer overall."
927,no,"**Full Response:**

No, the chance of having a healthy heart is not larger when observing individuals who are taking medication. 

Here's the reasoning:

- We are given three probabilities:
   - The overall probability of taking medication (M) is 14%.
   - The probability of not taking medication (not-M) and having a healthy heart (H) is 53%.
   - The probability of taking medication (M) and having a healthy heart (H) is 5%.

- To compare the chances of a healthy heart between those who take medication and those who don't, we can use the following calculations:

   - Probability of healthy heart given no medication: P(H|not-M) = 53%

   - Probability of healthy heart given medication: P(H|M) = 5%

- Since P(H|not-M) is significantly higher than P(H|M), it indicates that the chance of having a healthy heart is greater among those who are not taking medication compared to those who are.

**Summary:**

By comparing the probabilities of having a healthy heart among those who take medication (5%) and those who don't (53%), it is clear that the chance of a healthy heart is not larger when observing individuals taking medication.

**Answer:**

No."
928,yes,"Step-by-Step Reasoning:**

1. **Compare smoker vs. nonsmoker probabilities:**
   - Smokers with high tar deposits have a 74% chance of lung cancer, compared to 83% for nonsmokers with high tar deposits.
   - Smokers with no tar deposits have a 48% chance, compared to 42% for nonsmokers with no tar deposits.

2. **Conclusion:** Despite the slightly higher probability for nonsmokers with high tar deposits, the overall trend shows that smoking increases the risk of lung cancer at every level of tar deposit.

**Yes/No Answer:**

**Yes**, smoking negatively affects lung cancer risk through tar deposit."
929,no,"**Full Response:**

To determine if smoking positively affects lung cancer through tar deposit, we need to compare the probabilities of lung cancer given different combinations of smoking status and tar deposit levels.

Given:
- The probability of lung cancer for nonsmokers with no tar deposit is 44%.
- The probability of lung cancer for nonsmokers with high tar deposit is 96%.
- The probability of lung cancer for smokers with no tar deposit is 25%.
- The probability of lung cancer for smokers with high tar deposit is 70%.

Firstly, comparing the probabilities for nonsmokers:
- No tar deposit: 44%
- High tar deposit: 96%

This suggests that the presence of high tar deposit significantly increases the probability of lung cancer among nonsmokers.

Secondly, comparing the probabilities for smokers:
- No tar deposit: 25%
- High tar deposit: 70%

Similarly, the presence of high tar deposit also increases the probability of lung cancer among smokers, but not as much as it does for nonsmokers.

However, the key comparison is between the increases in probability due to tar deposit for both groups:
- For nonsmokers, the increase is from 44% to 96% (a 52% increase).
- For smokers, the increase is from 25% to 70% (a 45% increase).

While both groups show an increase in lung cancer probability with high tar deposit, the increase is greater for nonsmokers. This suggests that tar deposit has a more pronounced effect on lung cancer probability for nonsmokers than for smokers.

Therefore, based on the given probabilities, smoking itself still increases the risk of lung cancer, but the positive effect of tar deposit on lung cancer is more significant for nonsmokers than for smokers.

**Summary:**

1. Compare lung cancer probabilities for nonsmokers and smokers with and without high tar deposit.
2. Observe that high tar deposit increases lung cancer probability for both groups, but more so for nonsmokers.
3. Conclude that while smoking increases lung cancer risk, the positive effect of tar deposit on lung cancer is greater for nonsmokers.

**Answer:**

No, smoking does not positively affect lung cancer through tar deposit in the way the question implies. The data suggests that tar deposit has a more substantial impact on lung cancer probability for nonsmokers compared to smokers."
930,yes,"**Full Response:**

To determine if medication has a positive effect on heart condition through blood pressure, we should compare the probabilities of having a healthy heart for people with similar blood pressure levels but different medication statuses.

Given data:
- Low blood pressure, no medication: 48% chance of healthy heart
- High blood pressure, no medication: 77% chance of healthy heart
- Low blood pressure, on medication: 20% chance of healthy heart
- High blood pressure, on medication: 46% chance of healthy heart

First, let's compare individuals with low blood pressure:
- Without medication, there's a 48% chance of a healthy heart.
- With medication, there's a 20% chance of a healthy heart.

This suggests medication has a negative effect in this scenario, as the probability decreases with medication.

Next, compare individuals with high blood pressure:
- Without medication, there's a 77% chance of a healthy heart.
- With medication, there's a 46% chance of a healthy heart.

Again, the probability decreases with medication, indicating a potential negative effect.

**Summary:**

1. For both low and high blood pressure groups, the probability of a healthy heart is higher without medication.
2. Medication appears to be associated with lower probabilities of a healthy heart in both blood pressure categories.

**Answer:**

No, medication does not positively affect heart condition through blood pressure based on the provided data. In fact, it suggests a potential negative impact."
931,yes,"Step-by-step Reasoning:**

1. Calculate the probability of the forest being on fire using the given conditional probabilities and the probability of a camper lighting a match.
2. Subtract this probability from 1 to find the probability of the forest not being on fire.
3. Compare the two probabilities; the higher probability indicates the more likely outcome.

**Yes/No Answer:**

Yes, the forest is more likely to be on fire overall."
932,yes,"Step-by-Step Reasoning:**

1. The problem presents two probabilities: a 54% chance of scurvy when not consuming citrus and a 24% chance of scurvy when consuming citrus.
2. Comparing these probabilities, 24% (with citrus) is lower than 54% (without citrus).
3. Therefore, citrus intake is linked to a lower probability of scurvy, indicating it might help prevent scurvy rather than increase the chance of it.

**Yes or No Answer:**

No, citrus intake does not increase the chance of scurvy; instead, it appears to reduce the likelihood."
933,no,"Step-by-Step Reasoning:**

1. Method 1 examines the direct, overall correlation between education level and salary.
2. Method 2 focuses on case-by-case analysis, which can be influenced by unobserved confounders, potentially skewing the results.
3. The most reliable approach is to first understand the general correlation, as it provides a broader, less biased view of the relationship.

**Yes or No Answer:**

Yes, it is more correct to use Method 1 than Method 2 to understand how education level affects salary."
934,no,"Step-by-Step Reasoning:**

1. Eliminate obviously incorrect answers: The probability of an event cannot be greater than 100%, so we can discard any answers that imply otherwise.
2. Calculate the conditional probabilities: $P(L|D)$ and $P(L|\neg D)$.
3. Compare the conditional probabilities: $P(L|D) \approx 0.255$ and $P(L|\neg D) \approx 0.428$.
4. Conclude that the chance of low cholesterol is larger when observing the *not* taking of all assigned drugs.

**Answer:**

No, the chance of low cholesterol is **not** larger when observing the taking of all assigned drugs. The probability of low cholesterol is higher when observing the *not* taking of all assigned drugs."
935,yes,"**Full Response:**

Yes, Method 1 is more correct for understanding how medication affects heart condition. Here's why:

- **Individualized Approach:** Method 1 considers the unique relationship between medication and heart condition for each individual based on their blood pressure. This is crucial because blood pressure can significantly influence both the choice of medication and the effect it has on the heart.

- **Blood Pressure as a Critical Factor:** Blood pressure is a vital indicator of cardiovascular health. Medications can affect blood pressure, and in turn, blood pressure can impact the heart in various ways. By examining this relationship case by case, you account for the variability in responses to medication among individuals.

- **Limitations of Generalization:** Method 2, while quicker and simpler, risks oversimplifying the complex interplay between medication and heart condition. It doesn't account for the variability in patient characteristics, such as blood pressure, that can significantly modify the effect of medication on the heart.

**Summary:**

1. Method 1 examines the medication-heart condition relationship on a case-by-case basis, considering blood pressure.
2. Blood pressure is a critical factor in both medication choice and heart health.
3. Method 2 generalizes the relationship, potentially missing important individual differences.

**Yes or No Answer:** Yes, Method 1 is more correct."
936,no,"Step-by-Step Reasoning:**

1. Old age is a factor that can lead to higher hospital bills due to increased health complications.
2. High hospital bills can be an indicator of serious health issues that require recovery.
3. However, the cost of hospital bills alone does not determine recovery; it is the underlying health condition and the effectiveness of treatment that truly dictate recovery.
4. Therefore, it is not logically sound to conclude that a patient won't recover solely based on the assumption of low hospital bills.

**Yes or No Answer:**

No, we cannot conclude that the patient wouldn't recover if the hospital bill was low."
937,no,"Step-by-Step Reasoning:**

1. **Identify the issue with Method 1:** Generalizing the correlation between gender and salary without considering occupations can lead to oversimplification and might mask important details.
2. **Recognize the benefits of Method 2:** Analyzing salary disparities by occupation takes into account specific job-related factors that can influence salary, providing a more comprehensive understanding of gender-based salary differences.
3. **Conclusion:** To accurately understand the impact of gender on salary, it's more effective to use Method 2.

**Yes or No Answer:** No, Method 1 is not more correct than Method 2."
938,yes,"**Full Response:**

To determine if a high exam score is more likely than a low exam score overall, we need to consider the probabilities given and weigh them against each other.

Given:
- The overall probability of encouragement is 92%.
- For students who are not encouraged, the probability of a high exam score is 42%.
- For students who are encouraged, the probability of a high exam score is 25%.

First, we calculate the probability of a high exam score for each group:
- Probability of high exam score for encouraged students: 0.92 (overall encouragement) * 0.25 (high score if encouraged) = 0.23 (23%)
- Probability of high exam score for non-encouraged students: 0.08 (100% - overall encouragement) * 0.42 (high score if not encouraged) = 0.0336 (3.36%)

Now, compare the two probabilities:
- 23% (encouraged) vs. 3.36% (non-encouraged)

Since 23% is significantly higher than 3.36%, a high exam score is more likely overall, given the encouragement and non-encouragement probabilities.

**Summary:**

1. Calculate the probability of a high exam score for both encouraged and non-encouraged students.
2. Compare the calculated probabilities.
3. Conclude that the higher probability indicates a higher likelihood of a high exam score overall.

**Answer:**

Yes, a high exam score is more likely than a low exam score overall."
939,yes,"Step-by-Step Reasoning:**

1. The premise states that male gender causes receiving treatment, and receiving treatment causes recovery.
2. It then introduces an observation: the patient is not male.
3. The question asks about the patient's potential recovery without treatment.
4. The fallacy lies in assuming that because males receive treatment and recover, females would not recover without treatment. This is an unjustified assumption.
5. The correct conclusion is that the information provided is insufficient to determine the patient's recovery status without treatment.

**Answer:**

No, we cannot conclude that the patient would recover if they receive no treatment instead of receives treatment based on the given information."
940,yes,"**Full Response:**

To determine if the chance of recovery is larger when observing receives treatment, we need to compare the probabilities directly.

Given:
- The overall probability of receiving treatment is 52%.
- The probability of receiving no treatment and recovering is 35%.
- The probability of receiving treatment and recovering is 15%.

First, we calculate the probability of receiving treatment given recovery. This can be done using Bayes' Theorem:

P(Treatment | Recovery) = P(Recovery | Treatment) * P(Treatment) / P(Recovery)

However, we don't have the overall probability of recovery (P(Recovery)) directly. But we can express it in terms of the given probabilities:

P(Recovery) = P(Recovery | Treatment) * P(Treatment) + P(Recovery | No Treatment) * P(No Treatment)

Substituting the given values:

P(Recovery) = 0.15 * 0.52 + 0.35 * (1 - 0.52) = 0.15 * 0.52 + 0.35 * 0.48 ≈ 0.198

Now, we can calculate P(Treatment | Recovery):

P(Treatment | Recovery) = (0.15 * 0.52) / 0.198 ≈ 0.394

This means the probability of receiving treatment given that recovery occurs is approximately 39.4%.

**Summary:**

1. Calculated the overall probability of recovery using the given probabilities.
2. Used Bayes' Theorem to find the probability of receiving treatment given recovery.
3. Compared this probability to the probability of receiving no treatment given recovery (which is 1 - P(Treatment | Recovery)).

**Answer:**

No, the chance of recovery is not larger when observing receives treatment. The probability of receiving treatment given recovery (approximately 39.4%) is less than 50%, indicating that observing treatment does not guarantee a higher chance of recovery. The remaining 60.6% chance is associated with not receiving treatment while still recovering.

**Yes/No Answer:**

No."
941,yes,"**Full Response:**

Yes, it is more correct to use Method 1 (considering unobserved confounders) than Method 2 (looking at the general correlation) to understand how maternal smoking status affects infant's birth weight.

**Reasoning:**

1. **Identify Potential Confounders:** In research, confounders are variables that can influence both the independent variable (maternal smoking status) and the dependent variable (infant's birth weight). These confounders can skew the results if not accounted for.

2. **Unobserved Confounders:** In the context of this question, unobserved confounders could include factors like socioeconomic status, maternal age, nutrition, and other lifestyle choices that might affect birth weight and also be correlated with smoking status.

3. **Correlation vs. Causation:** Method 2 only looks at the surface-level correlation, which might not represent a causal relationship due to the influence of these hidden variables.

4. **Case-by-Case Analysis:** Method 1, by considering unobserved confounders on a case-by-case basis, attempts to isolate the effect of maternal smoking status from other influencing factors, providing a more accurate understanding of its impact on infant birth weight.

**Yes/No Answer:** Yes."
942,yes,"Step-by-Step Reasoning:**

1. Compare the probabilities directly:
   - Waking up on time and arriving on time: 31%
   - Waking up late and arriving on time: 13%
2. Since 31% is greater than 13%, it's more probable to arrive on time by waking up on time.

**Yes/No Answer:**

No."
943,no,"Step-by-step Reasoning:**

1. Calculate the probability of reduced supply (40%).
2. Compute the overall probability of increased price by multiplying the probability of increased supply by the probability of increased price given increased supply, and the probability of reduced supply by the probability of increased price given reduced supply.
3. Sum the probabilities of increased price from both scenarios.
4. Find the probability of reduced price by subtracting the total probability of increased price from 100%.

**Answer:**

No, increased price is not more likely than reduced price overall. The probability of a reduced price is slightly higher at 50.8%."
944,no,"Step-by-Step Reasoning:**

1. **Identify the limitation of Method 1:** It oversimplifies the issue by averaging out variations across all occupations, potentially obscuring important details.
2. **Recognize the limitation of Method 2:** It might lead to an incomplete understanding if used in isolation, as it doesn't provide a broader context.
3. **Conclude the best approach:** Combining both methods offers a more holistic view—first, identify the overall trend (Method 1), then delve into specific occupations to understand the underlying reasons (Method 2).

**Yes or No Answer:**

No, Method 1 is not more correct than Method 2. The most effective strategy is to use both methods together."
945,no,"**Full Response:**

To determine if it would be more likely to see recovery if a patient had received no treatment, we need to compare the recovery probabilities for patients receiving treatment versus those not receiving treatment, while considering the gender distribution.

Given data:
- Female patients not receiving treatment: 97% recovery rate
- Female patients receiving treatment: 66% recovery rate
- Male patients not receiving treatment: 39% recovery rate
- Male patients receiving treatment: 7% recovery rate
- Overall male gender probability: 48%

First, we calculate the weighted average recovery rate for patients receiving treatment, considering the gender distribution:

Weighted recovery rate for treatment = (Female recovery rate * Female probability) + (Male recovery rate * Male probability)
                              = (0.66 * 0.52) + (0.07 * 0.48)
                              = 0.3492 + 0.0336
                              = 0.3828 or 38.28%

Now, we compare this to the recovery rate for patients not receiving treatment:

- Overall recovery rate without treatment = (Female recovery rate * Female probability) + (Male recovery rate * Male probability)
                                       = (0.97 * 0.52) + (0.39 * 0.48)
                                       = 0.5004 + 0.1872
                                       = 0.6876 or 68.76%

Clearly, the recovery rate for patients not receiving treatment (68.76%) is significantly higher than the recovery rate for patients receiving treatment (38.28%).

**Summary:**

1. Calculate weighted recovery rates for both treatment and no treatment groups, considering gender distribution.
2. Compare the weighted recovery rates.
3. Conclude that the recovery rate without treatment is higher.

**Answer:**

Yes, it would be more likely to see recovery if the patient had received no treatment."
946,yes,"Step-by-Step Reasoning:**

1. Identify the goal: Understand the gene's effect on lung cancer.
2. Evaluate Method 1: Provides a broad overview but may overlook crucial factors like smoking.
3. Evaluate Method 2: Offers a detailed analysis considering smoking, a key risk factor.
4. Conclude: Method 2 is more likely to provide a comprehensive understanding, but Method 1 can be useful as an initial screening tool.

**Answer:**

No, Method 2 is more likely to be correct for a comprehensive understanding."
947,no,"Step-by-step Reasoning:**

- Identify the given probabilities: 90% for non-males and 44% for males.
- Compare the probabilities: 90% is greater than 44%.
- Conclude that changing from male to not male increases the chance of acceptance.

3. **Yes or No Answer:**

**No**, it would not be less likely to see admission acceptance if the individual had not been male; it would be more likely, given the higher acceptance rate for non-males."
948,yes,"Step-by-Step Reasoning:**

1. **Calculate weighted average acceptance rates:**  Weigh the department-specific acceptance rates by the probability of an individual being in that department type.
2. **Compare overall rates:** Compare the weighted average acceptance rates for males and females.
3. **Draw conclusion:**  The higher average acceptance rate for males indicates a positive effect of gender on admission status.

**Answer:** Yes"
949,no,"**Full Response:**

To determine if lung cancer is less likely than the absence of lung cancer overall, we need to consider the probabilities given:

- The overall probability of smoking is 42%.
- For nonsmokers (which is 100% - 42% = 58% of the population), the probability of lung cancer is 55%.
- For smokers (42% of the population), the probability of lung cancer is 64%.

First, let's calculate the overall probability of lung cancer. We can use the law of total probability:

Overall probability of lung cancer = (Probability of lung cancer among nonsmokers) * (Probability of being a nonsmoker) + (Probability of lung cancer among smokers) * (Probability of being a smoker)

Overall probability of lung cancer = (0.55 * 0.58) + (0.64 * 0.42) = 0.319 + 0.2688 = 0.5878 or 58.78%.

Now we compare this to the probability of absence of lung cancer overall, which is 100% - 58.78% = 41.22%.

**Summary:**

1. Calculate the overall probability of lung cancer using the law of total probability.
2. Compare this probability to the probability of absence of lung cancer overall.
3. The overall probability of lung cancer (58.78%) is higher than the probability of absence of lung cancer (41.22%).

**Answer:**

No, lung cancer is not less likely than absence of lung cancer overall."
950,yes,"**Full Response:**

To determine if the chance of college admission is larger when observing smoking, we need to compare the probabilities of college admission given smoking and nonsmoking.

Given:
- The overall probability of smoking is 82%.
- The probability of nonsmoking and college admission is 16%.
- The probability of smoking and college admission is 39%.

Let's denote:
- P(S) as the probability of smoking (0.82).
- P(¬S) as the probability of nonsmoking (1 - 0.82 = 0.18).
- P(C|S) as the probability of college admission given smoking (0.39).
- P(C|¬S) as the probability of college admission given nonsmoking (0.16).

To compare the chances of college admission between smoking and nonsmoking, we directly compare P(C|S) and P(C|¬S):

- P(C|S) = 0.39
- P(C|¬S) = 0.16

Since 0.39 > 0.16, the probability of college admission is higher when observing smoking.

**Summary:**

1. Identified given probabilities and defined relevant terms.
2. Compared P(C|S) and P(C|¬S).
3. Determined that P(C|S) > P(C|¬S).

**Answer:**

Yes, the chance of college admission is larger when observing smoking."
951,yes,"Step-by-Step Reasoning:**

1. **Identify the goal:** Understand how personality affects appearance.
2. **Evaluate Method 1:** Introduces an additional variable (relationship status) that can confound results.
3. **Evaluate Method 2:** Offers a direct and broader examination of the personality-appearance relationship.
4. **Compare methods:** Method 2 is more straightforward and comprehensive for the given goal.
5. **Conclude:** Method 2 is the more correct approach.

**Yes or No Answer:** No."
952,yes,"Step-by-Step Reasoning:**

1. Calculate the conditional probability of recovery given a high hospital bill (P(R|H)).
2. Calculate the conditional probability of recovery given a low hospital bill (P(R|L)).
3. Compare the two probabilities.

**Answer:**

No, the chance of recovery is **not** larger when observing high hospital bills. The probability of recovery given a low hospital bill (61.2%) is significantly higher than that given a high hospital bill (19.6%)."
953,no,"**Full Response:**

When trying to understand the relationship between education level and salary, it is more appropriate to use Method 1, which considers unobserved confounders, rather than Method 2.

**Reasoning:**

1. **Confounders:** Confounders are variables that can influence both the independent variable (education level) and the dependent variable (salary). If not accounted for, they can distort the true relationship between education and salary. Unobserved confounders, in particular, can lead to biased estimates.

2. **Method 1:** By examining the correlation between education level and salary case by case while considering unobserved confounders, you are taking into account individual differences and potential hidden factors that might affect both education and earnings. This approach helps to isolate the direct effect of education on salary more accurately.

3. **Method 2:** Looking directly at the general correlation between education level and salary without considering unobserved confounders can lead to oversimplification. It may not capture the nuanced ways in which education impacts earnings and could overlook important factors that contribute to both an individual's educational attainment and their wage.

**Answer:**

Yes, it is more correct to use Method 1 than Method 2 to understand how education level affects salary."
954,yes,"Step-by-step Reasoning:**

1. The probability of talent among attractive and unattractive individuals is the same (14%).
2. The overall probability of talent cannot be determined solely from the given information without knowing the distribution of attractiveness in the population.
3. Since we don't have enough information to calculate the overall probability of talent, we cannot conclude that talent is less likely than a lack of talent.

**Yes or No Answer:**

No, we cannot conclude that talent is less likely than a lack of talent overall based on the given information."
955,yes,"Step-by-step Reasoning:**

1. Identify the given information: pre-conditions lead to vaccine refusal, the individual has no pre-conditions, and getting the vaccine aids in recovering from the disease.
2. Remove the obvious incorrect answer: since there are no pre-conditions, vaccine refusal as a result of pre-conditions is unlikely.
3. Conclude that, based on the remaining information, getting the vaccine would likely lead to recovery from the disease.

**Answer: Yes** (The person would likely recover from the disease if they get the vaccine.)"
956,yes,"Step-by-Step Reasoning:**

1. Calculate the weighted average probability of long lifespan for normal-weight and obese individuals, considering the given diabetes probabilities.
2. Compare these averages to determine the impact of obesity on lifespan.
3. Conclude that obesity negatively affects lifespan, independent of diabetes.

**Yes or No Answer:**

Yes, obesity negatively affects lifespan, even without considering the mediation effect of diabetes."
957,yes,"**Full Response:**

No, it is not necessarily more correct to use Method 1 than Method 2 to understand how hospital costs affect recovery. Both methods have their merits and limitations, and the choice between them depends on the specific research question and context.

**Reasoning:**

1. **Method 1 (General Correlation):** This method provides a broad overview of the relationship between hospital costs and recovery across a large population. It can help identify general trends and patterns but may overlook important nuances and variations among different age groups or other demographic factors.

2. **Method 2 (Case-by-Case by Age):** This method offers a more detailed and nuanced understanding of how hospital costs and recovery are related within specific age groups. By considering age, it accounts for potential differences in health conditions, treatment needs, and recovery processes that may vary with age.

**Answer:**

No, it is not more correct to use Method 1 than Method 2. The better method depends on the specific research goals; Method 2 might provide more relevant insights if age is a significant factor in the relationship between hospital costs and recovery."
958,yes,"Step-by-Step Reasoning:**

1. Compare the probabilities of recovery for young patients with low and high bills: 3% vs. 14%.
2. Compare the probabilities of recovery for old patients with low and high bills: 77% vs. 92%.
3. In both cases, the high bill is associated with a higher probability of recovery.
4. Conclude that a high hospital bill is indicative of a higher chance of recovery regardless of age.

**Yes/No Answer:**

No."
959,yes,"Step-by-step Reasoning:**

1. The problem provides two probabilities:
   - 86% chance of a dark room when people do *not* blow out candles.
   - 55% chance of a dark room when people *do* blow out candles.

2. Compare the two probabilities: 86% is significantly higher than 55%.

3. Therefore, the probability of a dark room is higher when the candle is not blown out.

**Yes or No Answer:**

Yes."
960,no,"**Full Response:**

To determine if the chance of recovery is smaller when observing receives treatment, we need to compare the probabilities directly. We are given the following information:

- The overall probability of receiving treatment is 42%.
- The probability of receiving no treatment and recovery is 21%.
- The probability of receiving treatment and recovery is 22%.

However, there's a crucial piece of information missing: the total probability of recovery, regardless of treatment. This is necessary to accurately compare the chances of recovery between those who receive treatment and those who don't.

**Summary:**

1. Identify the given probabilities:
   - Overall treatment: 42%
   - No treatment and recovery: 21%
   - Treatment and recovery: 22%
2. Recognize the missing information: the total probability of recovery (both with and without treatment).
3. Conclude that without this information, we cannot accurately compare the chances of recovery between those who receive treatment and those who don't.

**Answer:**

No, we cannot conclude that the chance of recovery is smaller when observing receives treatment because we lack the total probability of recovery."
961,yes,"Step-by-Step Reasoning:**

1. Compare the probabilities of recovering from the disease in both scenarios:
   - Vaccine and recovery: 36%
   - Vaccine refusal and recovery: 18%
2. Since 36% > 18%, the probability of recovering is higher when observing the vaccine.

**Yes/No Answer:**

Yes, the chance of recovering from the disease is larger when observing getting the vaccine."
962,yes,"Step-by-step Reasoning:**

1. Compare survival probabilities: 41% (vaccinated) vs. 31% (unvaccinated).
2. Conclude that vaccination status positively affects smallpox survival based on the higher survival probability for vaccinated individuals.
3. Note that the question's mention of ""vaccination reaction"" is not supported by provided data, so its impact cannot be assessed.

**Yes or No Answer:**

**Yes**, vaccination status positively affects smallpox survival based on the given probabilities."
963,no,"Step-by-Step Reasoning:**

1. Identify the probabilities:
   - Probability of admission acceptance for individuals who are not male = 68%
   - Probability of admission acceptance for individuals who are male = 22%

2. Compare the probabilities:
   - Since 68% is greater than 22%, it is clear that being not male (i.e., female or identifying with another gender) confers a higher chance of admission acceptance compared to being male.

3. Conclude that male gender does not increase admission chances.

**Yes or No Answer:**

No, male gender does not increase the chance of admission acceptance."
964,no,"Step-by-step Reasoning:**

- The probability of admission acceptance for males is 28%.
- The probability of admission acceptance for individuals who are not male is 57%.
- If a male individual were to ""not be male,"" they would fall into the category of ""not male,"" which has a higher acceptance rate.

3. **Yes or No Answer:**

**No**, it would not be less likely for a male to be accepted if they were not male; it would be more likely (57% vs. 28%)."
965,no,"Step-by-Step Reasoning:**

- Calculate the probability of no respiratory issues: 100% - 89% = 11%.
- Compare this to the probability of broken bones in both groups: 85% (with no respiratory issues) and 85% (with respiratory issues).
- Conclude that, given the high probabilities in both groups, broken bones are more likely overall.

3. **Yes or No Answer:**

**No**, broken bones are not less likely than no broken bones overall."
966,yes,"Step-by-Step Reasoning:**

1. Calculate the overall probability of a high salary (P(High Salary)) by adding the probabilities of high salary for both educational groups.
2. Compare this probability to the probability of a high salary given a college degree or higher (P(High Salary | College Degree or Higher)).

**Answer:**

No, the chance of a high salary is not smaller when observing individuals with a college degree or higher. The probability of a high salary for this group (41%) is actually higher than the overall probability of a high salary (59%)."
967,yes,"**Full Response:**

To determine if being hard-working is less likely than being lazy overall, we need to consider the probabilities given and how they interact.

Given:
- The overall probability of talent is 91%.
- For students who are not talented, the probability of being hard-working is 95%.
- For students who are talented, the probability of being hard-working is 95%.

First, let's calculate the probability of a student being lazy. We can assume that a student is either talented or not talented, and these are mutually exclusive events. So, the probability of a student being lazy can be calculated as:

- Probability of (not talented and lazy) or (talented and lazy).

We don't have the direct probability of lazy students in each category, but we can use the given probabilities to infer that if a student is not talented, there's a 5% chance they are not hard-working (since 100% - 95% = 5%). Similarly, if a student is talented, there's also a 5% chance they are not hard-working.

Now, let's calculate the probabilities:

- Probability of (not talented and lazy) = Probability of (not talented) * Probability of (lazy given not talented) = (100% - 91%) * 5% = 4.5%
- Probability of (talented and lazy) = 91% * 5% = 4.55%

The total probability of a student being lazy is approximately 9% (4.5% + 4.55%).

Comparing this to the probability of a student being hard-working, we have:

- Probability of a student being hard-working = Probability of (hard-working given talented) * Probability of talented + Probability of (hard-working given not talented) * Probability of (not talented) 
= 95% * 91% + 95% * (100% - 91%) 
= 85.95% + 4.75% 
= 90.7%.

Clearly, the probability of a student being hard-working (90.7%) is higher than the probability of a student being lazy (9%).

**Summary:**

1. Calculate the probability of a student being lazy by considering both talented and not talented students.
2. Compare this probability to the probability of a student being hard-working, calculated using the given probabilities.
3. Conclude that the probability of a student being hard-working is higher.

**Answer:**

No, being hard-working is not less likely than being lazy overall."
968,yes,"Step-by-Step Reasoning:**

1. Eliminate the confounder's direct effect on salary since it is inactive.
2. Consider the indirect effect of the confounder on salary through educational attainment.
3. Given that the person has a college degree or higher, this educational attainment could still lead to a higher salary, even if the confounder is not active.

**Answer:**

No, the employee would not necessarily have a low salary if they have a college degree or higher, even though they live near a college where the confounder is inactive. Their salary would likely be higher compared to someone with only a high school degree or lower."
969,no,"**Full Response:**

To determine if a high exam score is less likely than a low exam score overall, we need to consider the probabilities given:

- The overall probability of encouragement is 45%.
- For students who are not encouraged, the probability of a high exam score is 21%.
- For students who are encouraged, the probability of a high exam score is 87%.

First, we calculate the probability of a high exam score for each group:

- Probability of high exam score for encouraged students: 0.45 (encouragement probability) * 0.87 (high score given encouragement) = 0.3915
- Probability of high exam score for non-encouraged students: 0.55 (1 - encouragement probability) * 0.21 (high score given no encouragement) = 0.1155

Now, we compare these probabilities:

- Total probability of high exam score: 0.3915 + 0.1155 = 0.507

Since the total probability of a high exam score (0.507) is greater than 0.5 (50%), it means that a high exam score is more likely than a low exam score overall.

**Summary:**

1. Calculate the probability of a high exam score for encouraged and non-encouraged students.
2. Sum these probabilities to find the overall probability of a high exam score.
3. Compare this to 0.5 (50%) to determine likelihood.

**Answer:**

No, a high exam score is not less likely than a low exam score overall."
970,no,"Step-by-step Reasoning:**

- Start with the given probabilities: 68% acceptance for individuals who are not male, and 38% for males.
- Compare the probabilities: 68% is higher than 38%.
- Conclude that, based on these probabilities alone, individuals who are not male have a higher chance of acceptance, so it would not be less likely to see admission acceptance if the individual were not male.

3. **Yes or No Answer:**

**No**, it would not be less likely to see admission acceptance if the individual had not been male."
971,no,"Step-by-Step Reasoning:**

1. Eliminate the confounder's influence: The confounder's inactivity suggests that the person's proximity to a college is not a significant factor in their educational attainment.
2. Assess the relationship: A college degree or higher is associated with higher salaries, but this is a correlation, not a guarantee.
3. Consider the observation: The person's distance from a college and the confounder's state indicate a lower educational attainment, but this does not necessarily mean a low salary.
4. Avoid oversimplification: Salary determination is complex and cannot be attributed solely to educational attainment.

**Final Answer:**

No, we cannot conclude that the employee has a low salary solely based on having a high school degree or lower. The relationship between education and salary is complex and influenced by numerous factors."
972,yes,"Step-by-step Reasoning:**

1. We are given three probabilities:
   - The probability of male gender (M) is 7%.
   - The probability of non-male gender (not-M) and high salary (H) is 42%.
   - The probability of male gender and high salary is 2%.

2. To determine if the chance of high salary is smaller for males, we can compare the probability of high salary given male gender (P(H|M)) to the probability of high salary given non-male gender (P(H|not-M)).

3. Using the formula for conditional probability:
   - P(H|M) = P(M and H) / P(M) = 2% / 7% ≈ 0.286 (rounded to three decimal places)
   - P(H|not-M) can be calculated as: P(H|not-M) = P(not-M and H) / P(not-M). We know P(not-M) is 93% (100% - 7%), and P(not-M and H) can be found by subtracting P(M and H) from P(H|not-M):
     - P(not-M and H) = 42% - 2% = 40%
     - So, P(H|not-M) = 40% / 93% ≈ 0.430 (rounded to three decimal places)

4. Comparing the two conditional probabilities:
   - P(H|M) ≈ 0.286
   - P(H|not-M) ≈ 0.430

5. Since P(H|M) is smaller than P(H|not-M), the chance of having a high salary is indeed smaller when observing the male gender.

**Yes/No Answer:**

Yes."
973,yes,"Step-by-Step Reasoning:**

1. Compare recovery probabilities for young patients with low vs. high bills.
2. Compare recovery probabilities for old patients with low vs. high bills.
3. Observe that in both age groups, higher hospital bills correlate with higher recovery probabilities.
4. Conclude that a high hospital bill increases the chance of recovery, regardless of age.

**Yes or No Answer:**

Yes, high hospital bills increase the chance of recovery."
974,yes,"Step-by-step Reasoning:**

   - A correlation of -0.02 is close to zero, indicating a very weak relationship.
   - A negative correlation means that as one variable increases, the other tends to decrease, but the strength of this relationship is very small.
   - While the data doesn't show a significant effect, it also doesn't prove there is absolutely no effect.

3. **Yes or No Answer:**

**No**, it does not mean that respiratory issues do not affect broken bones. The correlation is too weak to imply a strong or even moderate relationship, but it also doesn't rule out the possibility of a very small or indirect effect."
975,yes,"**Full Response:**

No, it is not necessarily more correct to use Method 1 than Method 2 to understand how hospital costs affect recovery. Both methods have their merits and the choice between them depends on the specific research goals and context.

- **Method 1** provides a broad overview of the correlation between hospital costs and recovery across a general population, which can be useful for identifying overall trends and making general statements about the relationship. However, it does not account for individual differences, such as age, which can significantly impact both costs and recovery outcomes.

- **Method 2**, on the other hand, offers a more nuanced approach by examining the correlation case by case according to age. This method acknowledges that different age groups may experience varying levels of recovery and incur different costs due to physiological, socioeconomic, and other factors related to age.

**Summary:**

1. Method 1 looks at the overall correlation between hospital costs and recovery without considering age.
2. Method 2 examines the correlation on an individual basis, taking age into account.
3. The most appropriate method depends on the research objective. If the goal is to understand the general relationship, Method 1 is suitable. If the focus is on age-specific impacts, Method 2 is more apt.

**Yes/No Answer:**

No, it is not inherently more correct to use Method 1 than Method 2."
976,no,"**Full Response:**

To determine if college admission is less likely than college rejection overall, we need to consider the probabilities given:

- The overall probability of smoking is 5%.
- For nonsmokers (which comprise 95% of the population, since the overall smoking rate is 5%), the probability of college admission is 78%.
- For smokers (5% of the population), the probability of college admission is 46%.

First, let's calculate the weighted average probability of college admission:

- Weighted average probability of college admission = (Probability of nonsmokers * Their proportion) + (Probability of smokers * Their proportion)
                                     = (0.78 * 0.95) + (0.46 * 0.05)
                                     = 0.741 + 0.023
                                     = 0.764 or 76.4%

Since the weighted average probability of college admission (76.4%) is greater than 50%, college admission is more likely than college rejection overall.

**Summary:**

1. Calculate the weighted average probability of college admission based on the given probabilities and proportions of smokers and nonsmokers.
2. Compare the weighted average to the 50% mark to determine whether college admission or rejection is more likely.
3. The weighted average is above 50%, indicating college admission is more likely.

**Answer:**

No, college admission is not less likely than college rejection overall."
977,yes,"Step-by-step Reasoning:**

1. Calculate the overall probability of lung cancer using the given probabilities for smokers and nonsmokers, weighted by their respective probabilities.
2. Compare this overall probability to the probability of absence of lung cancer (100% - overall probability of lung cancer).
3. If the overall probability of lung cancer is higher, then lung cancer is more likely than its absence.

**Yes/No Answer:**

Yes, lung cancer is more likely than the absence of lung cancer overall."
978,no,"Step-by-step Reasoning:**

1. Identify the primary goal: To understand how water quality affects cholera.
2. Evaluate Method 1: It directly addresses the relationship between water quality and cholera, providing a broad perspective.
3. Evaluate Method 2: It introduces an additional variable (poverty) that, while relevant, might obscure the direct relationship between water quality and cholera.
4. Compare the methods: Method 1 is more straightforward and foundational for understanding the core relationship.

**Yes or No Answer:**

Yes, it is more correct to use Method 1 than Method 2 to understand how water quality affects cholera."
979,no,"Step-by-Step Reasoning:**

- Compare the probabilities directly: 37% (non-males) vs. 18% (males).
- Since 37% is greater than 18%, non-males have a higher probability of acceptance.
- Thus, males have a lower probability of acceptance.

3. **Yes or No Answer:**

**Yes**, it would be less likely to see admission acceptance for an individual if they were male compared to if they were not male (i.e., female)."
980,yes,"**Full Response:**

To determine if gender positively affects admission status, we need to compare the overall acceptance rates for males and females, assuming all other factors are equal.

Given data:
- Probability of admission for non-males in non-competitive departments: 81%
- Probability of admission for males in non-competitive departments: 86%
- This suggests a higher acceptance rate for males in non-competitive departments.

However, when we look at competitive departments:
- Probability of admission for non-males: 40%
- Probability of admission for males: 30%
- Here, non-males have a higher acceptance rate.

**Summary:**
1. In non-competitive departments, males have a higher acceptance rate (86%) than non-males (81%).
2. In competitive departments, non-males have a higher acceptance rate (40%) than males (30%).
3. Overall, the data suggests that the effect of gender on admission varies by department competitiveness.

**Answer:**
No, gender does not have a consistently positive effect on admission status. It depends on the competitiveness of the department. In non-competitive departments, males have a slight advantage, but in competitive departments, non-males are more likely to be accepted. Therefore, without considering other factors, we cannot conclusively say that gender positively affects admission status across all scenarios."
981,yes,"Step-by-Step Reasoning:**

1. Compare the average probability of death for each choice: 
   - Stairs: 60% (approx.)
   - Elevator: 21.5%

2. The elevator option presents a significantly lower risk to penguins.

**Answer:** Yes."
982,yes,"Step-by-step Reasoning:**

1. Encouragement leads to a lack of studying.
2. Studying hard is necessary for a high exam score when encouragement is present.
3. Discouragement would replace encouragement, hindering the student's motivation to study hard.
4. Without studying hard, per the second premise, a high exam score is unlikely.
5. Hence, the student would likely have a low exam score.

**Answer: Yes**"
983,no,"Step-by-Step Reasoning:**

1. **Understand the Correlation:** A correlation of -0.14 is close to zero, which signifies a weak or negligible relationship.
2. **Interpret the Sign:** The negative sign indicates an inverse relationship, but given the proximity to zero, it's very weak.
3. **Apply to Context:** Since the correlation is so low, it does not support the idea that talent has a significant effect on being hard-working among students accepted to elite institutions.

**Yes or No Answer:**

No, the data does not indicate that talent affects being hard-working for students accepted to elite institutions."
984,yes,"Step-by-Step Reasoning:**

1. Method 1 considers unobserved confounders that could influence both maternal smoking and infant birth weight.
2. Accounting for these confounders provides a more accurate estimate of the causal effect of smoking on birth weight.
3. Method 2 ignores these potential confounders, potentially leading to misleading conclusions.
4. Therefore, Method 1 is the more correct approach.

**Yes or No Answer:**

Yes, Method 1 is more correct than Method 2."
985,no,"**Full Response:**

The provided data allows us to analyze the relationship between genes, smoking behavior, and lung cancer probability. By comparing the probabilities for people with smoking genes and nonsmoking genes, we can infer the impact of genes on lung cancer risk, considering smoking behavior and pollution levels.

- **Smoking Genes vs. Nonsmoking Genes:**
  - Nonsmokers: 52% (nonsmoking genes) vs. 48% (smoking genes)
  - Smokers: 86% (nonsmoking genes) vs. 77% (smoking genes)

This comparison suggests that individuals with smoking genes have a slightly higher probability of lung cancer compared to those with nonsmoking genes, regardless of their smoking behavior. However, the difference is more pronounced among nonsmokers, indicating a potential genetic predisposition to lung cancer that is independent of smoking.

- **Pollution's Impact:**
The data also shows that pollution increases the probability of smoking across all genetic types. However, the question asks specifically about the impact of genes on lung cancer through smoking, not the direct effect of pollution.

**Summary:**

1. Compare lung cancer probabilities for smoking and nonsmoking genes within each smoking category.
2. The higher lung cancer probability for nonsmokers with smoking genes suggests a genetic predisposition.
3. Pollution increases smoking probabilities but is not the focus of the question.

**Answer:**

Yes, genes negatively affect lung cancer risk through smoking, as indicated by the higher lung cancer probability among nonsmokers with smoking genes compared to those with nonsmoking genes."
986,no,"Step-by-step Reasoning:**

   - The probabilities are conditional: 83% chance of ringing when not set, 27% when set.
   - You cannot directly compare these to say one is ""less likely"" without considering the base rates (how often each action occurs) and the overall probability of an alarm ringing regardless of setting.
   - The question assumes a false dichotomy – it implies setting the alarm should make a ringing alarm less likely, which is not necessarily true. The percentages given only tell us the effectiveness of the alarm when it is set versus not set.

3. **Yes or No Answer:**

**No**, it would not be less likely to see a ringing alarm if the husband had set the alarm, based on the given probabilities alone. The 27% probability when the alarm is set indicates it's less effective as an alarm when set, not less likely to ring overall."
987,yes,"Step-by-Step Reasoning:**

1. Identify the probabilities:
   - Increased supply: 93%
   - Reduced supply: 100% - 93% = 7% (assuming these are the only two mutually exclusive outcomes)
   - Probability of increased price with reduced supply: 50%
   - Probability of increased price with increased supply: 84%

2. Calculate the overall probability of increased price:
   - (Probability of increased supply) * (Probability of increased price given increased supply) + (Probability of reduced supply) * (Probability of increased price given reduced supply)
   - (0.93 * 0.84) + (0.07 * 0.50) = 0.7812 + 0.035 = 0.8162 or 81.62%

3. Compare with the probability of reduced price:
   - The overall probability of reduced price is the complement of the probability of increased price, which is 100% - 81.62% = 18.38%

**Answer:**

Yes, increased price is more likely than reduced price overall."
988,no,"Step-by-Step Reasoning:**

1. Method 1 considers the specific demand for a product, which is crucial as the relationship between supply and price is not constant across different demand scenarios.
2. It allows for a tailored analysis, recognizing that market conditions vary, and what applies to one case might not generalize to others.
3. This approach provides a more comprehensive view, accounting for various factors that influence price, making it a more reliable method for understanding supply's impact on price.

**Answer: Yes**

It is more correct to use Method 1 to understand how supply affects price, as it accounts for the nuances of demand and market context, leading to a more accurate analysis."
989,no,"Step-by-step Reasoning:**

1. Calculate the probability of not taking any assigned drugs ($P(\neg D)$) using the given overall probability of taking all assigned drugs ($P(D)$).
2. Compute the conditional probability of low cholesterol given no assigned drugs are taken ($P(L|\neg D)$) using the given probability of not taking any assigned drugs and having low cholesterol.
3. Calculate the conditional probability of low cholesterol given all assigned drugs are taken ($P(L|D)$) using the given probability of taking all assigned drugs and having low cholesterol.
4. Compare the two conditional probabilities to determine if the chance of low cholesterol is larger when observing the taking of all assigned drugs.

**3. Yes or No Answer:**

**Yes**, the chance of low cholesterol is larger when observing the taking of all assigned drugs."
990,yes,"Step-by-step Reasoning:**

1. The problem presents two probabilities:
   - 84% chance of a dark room when people do not blow out candles.
   - 50% chance of a dark room when people blow out candles.

2. Compare the two probabilities: 84% is significantly higher than 50%.

3. Therefore, the probability of a dark room is higher when people do not blow out candles, implying that not blowing out the candle makes a dark room less likely.

**Yes or No Answer:**

Yes."
991,no,"**Full Response:**

To determine if a high exam score is less likely than a low exam score overall, we need to consider the probabilities given:

- The overall probability of encouragement is 47%.
- For students who are not encouraged, the probability of a high exam score is 25%.
- For students who are encouraged, the probability of a high exam score is 75%.

First, we calculate the probability of a high exam score for each group:

- Probability of high score for unencouraged students: 0.53 (100% - 47%) * 0.25 = 0.1325 (or 13.25%)
- Probability of high score for encouraged students: 0.47 * 0.75 = 0.3525 (or 35.25%)

Now, we add these probabilities to find the overall probability of a high exam score:

0.1325 + 0.3525 = 0.485 (or 48.5%)

Since the overall probability of a high exam score (48.5%) is greater than the probability of a low exam score (100% - 48.5% = 51.5%), a high exam score is more likely overall.

**Summary:**

1. Calculate the probability of a high exam score for both encouraged and unencouraged students.
2. Sum these probabilities to find the overall probability of a high exam score.
3. Compare this to the overall probability of a low exam score (100% - high score probability).
4. Since 48.5% (high score) is greater than 51.5% (low score), a high exam score is more likely.

**Answer:**

No, a high exam score is not less likely than a low exam score overall."
992,yes,"Step-by-Step Reasoning:**

1. Calculate the probability of a high salary for those with a college degree or higher: 90% * 69% = 62.1%.
2. Calculate the probability of a high salary for those without a college degree: 10% * 19% = 1.9%.
3. Add these probabilities to find the overall probability of a high salary: 62.1% + 1.9% = 64%.
4. Compare this to the probability of not having a high salary (100% - 64% = 36%).
5. Since 36% is greater than 64%, a high salary is less likely overall.

**Yes or No Answer:**

No, a high salary is not less likely than a low salary overall."
993,no,"Step-by-Step Reasoning:**

1. Compare the probabilities of high infant mortality for each category of maternal smoking status and infant birth weight.
2. Look for a consistent pattern where smoking mothers have higher probabilities of high infant mortality across all birth weight categories.
3. Assess if the data supports a direct positive effect of maternal smoking on infant mortality through birth weight.
4. Consider the overall health of the infants, but note that this alone does not answer the specific question.

**Answer:**

No, the data does not conclusively show that maternal smoking status positively affects infant mortality through infant birth weight. The relationship is not clear-cut, with conflicting probabilities across different categories."
994,yes,"Step-by-step Reasoning:**

1. Calculate the probability of wet ground given a rainy season: 21% / 35% ≈ 0.6 (60%).
2. Calculate the probability of wet ground given a dry season: 31% / 65% ≈ 0.477 (47.7%).
3. Compare the two probabilities: 0.6 > 0.477.

**Answer:**

Yes, the chance of wet ground is larger when observing a rainy season."
995,no,"Step-by-Step Reasoning:**

1. Identify the probabilities of recovery in both scenarios: 20% without treatment and 33% with treatment.
2. Compare the probabilities: 33% > 20%.
3. Conclusion: The chance of recovery is larger when observing receives treatment.

**Yes/No Answer:**

Yes, the chance of recovery is larger when observing receives treatment."
996,yes,"Step-by-step Reasoning:**

1. Calculate overall acceptance rates for both genders by weighing the given probabilities based on the assumed distribution of applications between competitive and non-competitive departments.
2. Compare the two overall acceptance rates to determine the effect of gender on admission status.
3. Conclude that gender does not positively affect admission status, but rather has a negative impact, based on the higher overall acceptance rate for non-males.

**Yes or No Answer:**

No, gender does not positively affect admission status when we disregard the mediation effect through department competitiveness."
997,no,"**Full Response:**

To determine if lung cancer is more likely than the absence of lung cancer overall, we need to consider the probabilities given:

- The overall probability of smoking is 17%.
- For nonsmokers (which is 100% - 17% = 83% of the population), the probability of lung cancer is 27%.
- For smokers (17% of the population), the probability of lung cancer is 41%.

First, we calculate the weighted probability of lung cancer for the entire population. The weighted probability takes into account the proportion of smokers and nonsmokers:

- Weighted probability of lung cancer = (Probability of lung cancer in nonsmokers * proportion of nonsmokers) + (Probability of lung cancer in smokers * proportion of smokers)
- Weighted probability = (0.27 * 0.83) + (0.41 * 0.17) = 0.2241 + 0.0697 = 0.2938 or 29.38%.

Since the weighted probability of lung cancer (29.38%) is higher than the probability of no lung cancer (100% - 29.38% = 70.62%), lung cancer is more likely than the absence of lung cancer overall.

**Summary:**

1. Calculate the weighted probability of lung cancer by multiplying the probability of lung cancer in each group by the proportion of that group in the population and then summing the results.
2. Compare the weighted probability of lung cancer to the probability of no lung cancer (100% - weighted probability).
3. If the weighted probability of lung cancer is higher, then lung cancer is more likely overall.

**Answer:**

Yes, lung cancer is more likely than the absence of lung cancer overall."
998,yes,"Step-by-Step Reasoning:**

1. Compare the probability of talent for unattractive famous people (9%) to that of attractive famous people (5%).
2. Observe that 9% is greater than 5%.
3. Conclude that attractiveness decreases the chance of talent for famous individuals.

**Answer:**

No, the chance of talent does **not** increase when attractive appearance is considered for people who are famous."
999,no,"**Full Response:**

To determine if increased supply will increase the chance of increased price, we need to compare the probabilities of increased price associated with increased and reduced crop yield per acre.

- For farms with **reduced crop yield**, the probability of increased price is 54%.
- For farms with **increased crop yield**, the probability of increased price is 47%.

At first glance, the probability of increased price is higher for farms with reduced crop yield (54%) compared to those with increased crop yield (47%). This suggests that a decrease in supply (due to reduced yield) is more likely to lead to an increase in price.

However, the question asks about the relationship between **increased supply** and **increased price**. Since increased supply typically leads to a decrease in price (as per economic principles), the logical inference is that increased supply is less likely to increase the chance of increased price.

**Summary:**

1. Compare probabilities: 54% (reduced yield, increased price) vs. 47% (increased yield, increased price).
2. Understand the economic principle: Increased supply usually decreases price.
3. Conclude that increased supply is unlikely to increase the chance of increased price.

**Answer:**

No, increased supply will **not** increase the chance of increased price."
