Unnamed: 0,answers,concise_reasoning
0,yes,"Step-by-Step Reasoning:**
1. Calculate the probability of a camper not lighting a match.
2. Apply the law of total probability to find the overall probability of the forest being on fire.
3. Compare the calculated probability of the forest being on fire with the probability of it not being on fire.

**Yes or No Answer:** No"
1,yes,"Step-by-step reasoning:
1. Identify the probabilities of a child being intelligent based on parents' intelligence.
2. Compare these probabilities to assess the relationship between parents' intelligence and child's intelligence.
3. Determine if the data suggests a positive effect of parents' intelligence on child's intelligence when disregarding social status.

Yes or no answer: Yes."
2,yes,"Step-by-Step Reasoning:**
1. Calculate the probability of not using tanning salon treatments.
2. Calculate the weighted probability of tanned skin among users and non-users of tanning salons.
3. Compare the calculated probability of tanned skin with the probability of pale skin.

**Yes or No Answer:** No"
3,yes,"Step-by-Step Reasoning:**
1. **Understanding the Goal**: The aim is to understand how the captain affects the prisoner.
2. **Analyzing Method 1**: It involves a case-by-case analysis, offering detailed insights into specific instances and how the captain's actions impact the prisoner in those cases.
3. **Analyzing Method 2**: It involves a general analysis, providing a broader view of overall trends or patterns in the captain-prisoner dynamic.
4. **Comparing Methods**: Method 1 provides specific, detailed insights into the captain's influence, while Method 2 offers a general overview of trends.
5. **Conclusion**: For understanding the captain's effect on the prisoner, a detailed, case-by-case analysis (Method 1) is more directly relevant.

**Yes or No Answer**: Yes."
4,yes,"Step-by-Step Reasoning:**
1. **Understand Method 1**: It involves a general analysis of the correlation between talent and effort.
2. **Understand Method 2**: It involves a specific analysis based on elite institution admission status.
3. **Compare the Methods**: Method 1 provides a broader, more general insight into the talent-effort correlation, while Method 2 offers specific insights into a particular context.
4. **Conclusion**: For a broad understanding of how talent affects effort, Method 1 is more universally applicable.

**Yes or No Answer:** Yes"
5,yes,"Step-by-Step Reasoning:**
1. Calculate the probability of a student being talented and hard-working.
2. Calculate the probability of a student not being talented and hard-working.
3. Add these probabilities to find the overall probability of being hard-working.
4. Compare this to the probability of being lazy (100% - probability of being hard-working).

**Yes or No Answer:** No"
6,yes,"Step-by-Step Reasoning**
1. Calculate the probability of recovery without treatment using the given conditional probabilities.
2. Calculate the probability of recovery with treatment using the given conditional probabilities.
3. Compare the two overall probabilities to determine if treatment increases the chance of recovery.

**Yes or No Answer**
No"
7,yes,"Step-by-Step Reasoning:
- Identify the probability of tanned skin without tanning salon treatment: 21%.
- Identify the probability of tanned skin with tanning salon treatment: 72%.
- Compare these probabilities to determine if not having a tanning salon treatment results in a lower likelihood of tanned skin among people who went to tanning salons.

3. Yes or No Answer: Yes"
8,yes,"Step-by-step reasoning:**
1. Identify the probabilities given for lighting a match and the forest being on fire in both scenarios.
2. Calculate the probability of the forest being on fire for each scenario.
3. Add these probabilities to find the overall probability of the forest being on fire.
4. Compare this overall probability to 50% to determine if the forest is more likely to be on fire or not.

**Yes or no answer:** No"
9,yes,"Step-by-step reasoning:
   - Identify the probabilities of wet ground in each season.
   - Consider the implications of these probabilities for ground condition (dryness vs. moisture).
   - Analyze how weather (dry vs. rainy) and sprinkler usage might impact the ground in each season.
   - Determine if the season, through its associated weather patterns and potential sprinkler use, could have a negative effect on the ground.

3. Yes."
10,yes,"step-by-step reasoning is:
   - Compare the probabilities of cholera contraction and clean water for both companies.
   - Notice that for both companies, the probability of cholera contraction is higher than the probability of clean water.
   - Consider that clean water typically reduces the risk of waterborne diseases like cholera.
   - Analyze if the data supports the notion that clean water decreases the chance of cholera contraction by comparing the relative risks between the two water companies.

3. Yes."
11,yes,"Step-by-Step Reasoning:**
1. Identify the probability of lung cancer for people with nonsmoking genes: 49%.
2. Identify the probability of lung cancer for people with smoking genes: 53%.
3. Compare the probabilities to determine if there's an increase in risk associated with smoking genes.
4. Recognize that even a small increase in probability indicates a higher risk.

**Yes or No Answer:** Yes"
12,yes,"Step-by-step reasoning:
1. **Identify relevant probabilities**: The probabilities given directly relate to the child's intelligence based on parental intelligence and social status.
2. **Consider the effect of parental intelligence**: We compare scenarios with intelligent parents to those with unintelligent parents.
3. **Disregard social status mediation**: While social status affects the probabilities, the question asks us to consider the effect of parental intelligence directly on child intelligence, ignoring how social status might mediate this relationship.
4. **Analyze the direction of the effect**: Generally, the probabilities suggest that having intelligent parents is associated with a higher likelihood of the child being intelligent, especially when comparing similar social status conditions.

Given the information, the presence of intelligent parents seems to increase the probability of the child being intelligent, especially noticeable in the contrast between unintelligent and intelligent parents within similar social status groups.

Yes or no answer: Yes."
13,no,"Step-by-step reasoning:
   - Understand the given correlation coefficient (-0.05) and its implications.
   - Recognize that a weak correlation does not necessarily imply causation.
   - Consider the nature of talent and physical appearance, and how they are generally perceived to relate (or not relate) to each other.
   - Acknowledge that the question of whether attractive appearance affects talent involves considerations beyond mere correlation.

3. No."
14,yes,"Step-by-Step Reasoning**:
   - Method 1 analyzes medication's effect on heart condition case by case, considering blood pressure.
   - Method 2 looks at the general correlation without considering individual factors like blood pressure.
   - Method 1 provides a more nuanced understanding by accounting for individual variability.
   - This approach can reveal patterns or correlations that Method 2 might miss.
3. **Yes or No Answer**: Yes"
15,yes,"Step-by-step reasoning:
   - Identify the probabilities of prisoner death based on the captain's actions: 20% for release, 60% for execution.
   - Recognize that the question implies a comparison of outcomes based on the captain's decision.
   - Acknowledge the lack of direct information regarding the corporal and the private's influence on the prisoner's fate.
   - Infer that if the captain's decision (to release or execute) directly influences the probability of the prisoner's death, then the captain's action could be seen as having a negative effect in the context of increasing the probability of death when choosing to execute.

3. Yes"
16,yes,"Step-by-Step Reasoning:**
1. Identify the conditional probabilities of high salary for different gender and occupation combinations.
2. Note the influence of gender on the probability of white-collar jobs and high skill levels.
3. Recognize the limitation in directly comparing genders due to conditional probabilities.
4. Consider the overall implication of gender on salary through the provided probabilities, focusing on the higher probabilities of high salary for non-male individuals across job types.

**Yes or No Answer:** No"
17,yes,"step by step. We know that high poverty and a global water company can lead to the availability of clean water. Additionally, we're told that either high poverty or clean water can cause cholera contraction, which seems counterintuitive since clean water should prevent cholera, not cause it. However, for the sake of argument, we'll proceed with the given premises. The person in question is served by a local water company and lives in a region with high poverty. Given these conditions, we need to determine if having clean water instead of polluted water would help the person avoid cholera.

First, let's clarify the potential confusion in the premises. Typically, clean water is known to prevent cholera, not cause it. Cholera is usually spread through contaminated food or water. Therefore, the statement ""high poverty or clean water causes cholera contraction"" might be misleading or incorrect in the context of how cholera is typically understood to spread. However, we're working with the information provided.

Given the person is in a high-poverty region and is served by a local water company, and considering the usual understanding that clean water prevents cholera, we can infer that if the water provided is clean, it would likely reduce the risk of cholera contraction, regardless of the poverty level. The key factor here is the cleanliness of the water.

2. Concise Step-by-Step Reasoning:
- High poverty and a global water company can lead to clean water.
- High poverty or clean water is stated to cause cholera, but typically, clean water prevents cholera.
- The person is in a high-poverty region with a local water company.
- Clean water is known to prevent cholera in general understanding.
- Therefore, having clean water should help prevent cholera, contrary to the stated cause.

3. Yes or No Answer: Yes"
18,yes,"Step-by-Step Reasoning:
- Identify the probability of high salary for non-males: 39%.
- Identify the probability of high salary for males: 55%.
- Compare the probabilities to determine if there's an increase for males.
- Since 55% (male) is greater than 39% (non-male), being male is associated with a higher chance of high salary.

3. Yes or No Answer: Yes"
19,no,"step-by-step reasoning:
1. Calculate the probability of an infant having a nonsmoking mother: 100% - 94% = 6%.
2. Calculate the probability of high infant mortality for nonsmoking and smoking mothers separately.
3. Add the probabilities of high infant mortality for both groups to find the overall probability.
4. Compare the overall probability to 50% to determine if high infant mortality is more likely.

The answer is: No."
20,no,"Step-by-step reasoning:
1. Identify the probabilities of normal infant birth weight and smoking mothers in areas with low and high cigarette taxes.
2. Recognize the inverse relationship between smoking (influenced by tax rates) and normal birth weight probabilities.
3. Consider the general knowledge that smoking during pregnancy is associated with lower birth weights.
4. Infer the relationship between smoking and normal infant birth weight based on the provided probabilities and general knowledge.

Answer: No."
21,yes,"Step-by-Step Reasoning:**
1. Identify the given probabilities for college degree attainment and salary levels.
2. Calculate the proportion of the population without a college degree.
3. Compute the overall probability of having a high salary by considering both groups (with and without a college degree).
4. Compare the calculated probability of a high salary to 50% to determine if it's more likely than a low salary.
5. Conclude based on the comparison.

**Yes or No Answer:** No"
22,yes,"Full Response:
When considering the relationship between appearance and talent, it's essential to approach the topic systematically to avoid biases and ensure a comprehensive understanding. Method 1 involves examining the correlation between appearance and talent in general, which could provide a broad overview of how these two factors might be related across various domains. This method might help in identifying any overarching patterns or trends that exist independently of specific contexts or levels of fame. On the other hand, Method 2 focuses on analyzing the correlation case by case according to fame, which could offer insights into how appearance impacts talent perception or success within the context of public recognition or celebrity status.

However, when the goal is to understand how appearance affects talent in a more fundamental or intrinsic sense, Method 1 seems more appropriate. This is because it does not limit the analysis to individuals who are already famous, which could introduce biases related to the mechanisms of how fame is achieved or the characteristics that are valued in famous individuals. By looking at the general population or a broad range of individuals with varying levels of talent and appearance, Method 1 can potentially provide a more unbiased view of the relationship between appearance and talent.

Summary of Full Response:
1. Method 1 examines the general correlation between appearance and talent.
2. Method 2 analyzes the correlation based on fame, which might introduce biases.
3. For understanding the intrinsic relationship between appearance and talent, a broader, less biased approach is preferable.

Yes or No Answer: Yes"
23,yes,"To address this question, let's analyze the given probabilities in the context of patients receiving treatment and those who do not, considering the size of the kidney stones.

1. **Full Response**: The question asks us to compare the likelihood of recovery for patients receiving treatment versus those not receiving treatment, given that the patient is already under treatment. To do this, we must consider the probabilities of recovery with and without treatment for both small and large kidney stones, and how these probabilities relate to patients who are receiving treatment.

For patients with small kidney stones, the probability of recovery without treatment is 95%, and with treatment, it's 81%. For patients with large kidney stones, the probability of recovery without treatment is 17%, and with treatment, it drops to 6%. 

However, the key piece of information we need to focus on is the overall probability of having a large kidney stone, which is 54%. This implies that the majority of patients have large kidney stones. Given that treatment seems to decrease the probability of recovery for both small and large kidney stones, we need to determine if the decrease in recovery probability due to treatment outweighs the increase in recovery probability without treatment, considering the distribution of kidney stone sizes.

Since the majority of patients have large kidney stones and treatment decreases the recovery probability for both types of stones, but especially significantly for large stones (from 17% to 6%), the overall effect of treatment on recovery probability is likely negative, especially considering the high incidence of large stones.

2. **Summary of Full Response**:
    - Identify probabilities of recovery with and without treatment for small and large kidney stones.
    - Consider the overall probability of large kidney stones (54%).
    - Analyze how treatment affects recovery probabilities, especially for the majority group (large kidney stones).
    - Determine if the negative impact of treatment on recovery probability outweighs any potential benefits, considering the distribution of kidney stone sizes.

3. **Yes or No Answer**: Yes."
24,yes,"Step-by-Step Reasoning:
- Identify the probability of high exam score for students who are not encouraged: 35%.
- Identify the probability of high exam score for students who are encouraged: 67%.
- Compare the two probabilities to determine if receiving no encouragement would increase the likelihood of a high exam score for a student who is encouraged.

3. Yes or No Answer: No"
25,yes,"Step-by-step reasoning:
1. Identify given probabilities: 5% for tanning salon treatment, 13% for no tanning salon treatment and tanned skin, and 3% for tanning salon treatment and tanned skin.
2. Understand the question is about comparing the chance of tanned skin with and without tanning salon treatment.
3. Recognize that the probability of tanned skin among those who have had tanning salon treatment (3%) is directly comparable to the scenario without treatment (13%) in the context of whether tanning salon treatment increases or decreases the chance of tanned skin.

Yes or no answer: No."
26,yes,"Step-by-Step Reasoning:**
1. **Understanding Method 1**: It involves a general analysis of manager-employee correlation.
2. **Understanding Method 2**: It involves a case-by-case analysis based on the director.
3. **Comparing Methods**: Method 2 provides more nuanced insights by considering the director's influence.
4. **Conclusion**: Method 2 is more likely to provide a detailed understanding of how managers affect employees.

**Yes or No Answer**: No"
27,yes,"Step-by-step reasoning:
   - Identify the probabilities of increased price and supply under both reduced and increased crop yield conditions.
   - Recognize that the question essentially asks for the relationship between supply and price, considering the crop yield conditions.
   - Note that increased supply is generally expected to decrease prices according to basic economic principles, but the given data does not directly support a simple cause-and-effect analysis without considering demand and other market factors.
   - Analyze if the provided probabilities suggest any correlation between increased supply and increased price.

3. Yes or no answer: No."
28,yes,"Step-by-Step Reasoning:
- Identify the probability of long lifespan for normal weight individuals: 64%.
- Identify the probability of long lifespan for obese individuals: 52%.
- Compare the probabilities to determine the impact of being normal weight versus obese on the likelihood of a long lifespan.
- Conclusion: Being normal weight is associated with a higher probability of long lifespan compared to being obese.

3. Yes or no answer: No."
29,yes,"Step-by-Step Reasoning**
1. Identify the main goal: Understand how Alice waking up affects her arrival at school.
2. Evaluate Method 1: It simplifies the relationship but might overlook crucial variables like traffic.
3. Evaluate Method 2: It considers the relationship on a case-by-case basis, including variables like traffic.
4. Compare the methods: Method 2 provides a more detailed and realistic view of the factors influencing Alice's arrival at school.
5. Conclusion: Method 2 is more comprehensive and likely more accurate for understanding the impact of Alice waking up on her arrival at school.

**Yes or No Answer**
No"
30,yes,"Step-by-Step Reasoning:
- Identify the probability of long lifespan for normal weight people: 49%.
- Identify the probability of long lifespan for obese people: 60%.
- Consider the implication of transitioning from normal weight to obese on the probability of long lifespan based on the given statistics.
- Since the probability of long lifespan is actually higher for obese people according to the given data, transitioning from normal weight to obese would, based on these statistics, imply an increase in the probability of long lifespan, not a decrease.

3. Yes or No Answer: No"
31,yes,"Step-by-Step Reasoning:
- Identify the probabilities of wet ground in both seasons: 50% in the dry season and 51% in the rainy season.
- Compare these probabilities to determine if the rainy season increases the likelihood of wet ground.
- Recognize the question's phrasing might imply a conditional probability or a comparison between the two seasons.

3. Yes or No Answer: No"
32,no,"Step-by-step reasoning:
   - The captain's direct actions have significant, known outcomes: 29% death rate for release and 72% for execution.
   - The question implies an indirect influence (through the corporal and the private), which is not directly related to the given probabilities.
   - Without specific probabilities or outcomes for the indirect influence, we must consider if the captain's general role could imply a positive effect on the prisoner's survival or well-being when not directly deciding their fate.

3. No."
33,yes,"Step-by-step reasoning:
   - Identify the probabilities given for increased price and supply under different yield conditions.
   - Recognize the economic principle that increased supply typically leads to decreased price, assuming constant demand.
   - Analyze how the given probabilities for farms with reduced and increased crop yields relate to the principle.
   - Note that for farms with reduced crop yield, the probability of increased price is higher (74%) than for those with increased yield (61%), which seems counterintuitive to the basic supply and demand principle.
   - Consider that the probability of increased supply is higher for farms with reduced yield (88%) than for those with increased yield (39%), which might initially seem to contradict typical expectations.
   - Realize that these probabilities reflect specific conditions and might not directly answer the question without considering the underlying economic relationships between supply, demand, and price.

3. Yes."
34,yes,"step-by-step reasoning:
   - Identify the given probabilities: 31% for no tanning salon treatment, 95% for tanning salon treatment.
   - Recognize the logical inconsistency in the question's phrasing regarding tanning salon usage.
   - Compare probabilities to determine the likelihood of tanned skin with and without tanning salon treatments.
   - Conclude that tanned skin is more likely with tanning salon treatments than without.

3. Yes or no answer: No"
35,yes,"Step-by-step reasoning:
   - Calculate the probability of a nonsmoking mother: 100% - 30% (smoking mother) = 70%.
   - Understand that the probability of a nonsmoking mother and normal infant birth weight is 19%, and the probability of a smoking mother and normal infant birth weight is 17%.
   - To compare the chance of normal infant birth weight when observing a smoking mother versus the general population, we need to consider the conditional probability of normal birth weight given the mother's smoking status. However, the direct comparison to determine if the chance is ""larger"" when observing a smoking mother involves understanding that we're essentially comparing the proportion of normal birth weights among smoking mothers to the overall proportion or to nonsmoking mothers.
   - The probability of normal birth weight among all mothers can be calculated by adding the probabilities of normal birth weight among smoking and nonsmoking mothers: 19% (nonsmoking) + 17% (smoking) = 36%.
   - However, to directly answer the question, we need to consider the proportion of normal birth weight among smoking mothers compared to the overall population or nonsmoking mothers. Given that 17% of the population are smoking mothers with normal birth weight infants and 30% are smoking mothers, the proportion of normal birth weight among smoking mothers is 17%/30%. Similarly, for nonsmoking mothers, it's 19%/70%.

3. Yes or no answer: No."
36,yes,"Step-by-Step Reasoning:
- Identify given conditions: Smoking mother or good health leads to normal infant birth weight.
- Identify outcome of combined conditions: Smoking mother, good health, and normal infant birth weight lead to high infant mortality.
- Given good health, assess the impact of the mother's smoking status on infant mortality.
- Remove the smoking factor (nonsmoking mother) while maintaining good health.
- Deduce the likely outcome on infant mortality without the negative impact of smoking.

3. Yes or no answer: Yes"
37,yes,"step-by-step reasoning:
- Identify the probability of kindness and mean personalities: 11% kind, 89% mean.
- Note the probability of attractive appearance for both kinds of personalities: 11% for both.
- Recognize that attractiveness is independent of personality type based on the given probabilities.
- Conclude that the overall probability of attractive appearance is 11%, as it's consistent across personality types.

3. Yes or no answer: Yes."
38,yes,"Step-by-Step Reasoning:
1. Identify the probabilities: 94% of people have respiratory issues, and 95% of people both with and without respiratory issues have broken bones.
2. Recognize that the probability of broken bones is consistent across both groups (with and without respiratory issues).
3. Calculate the probability of not having broken bones as 100% - 95% = 5%.
4. Compare the probabilities: 95% for having broken bones versus 5% for not having broken bones.

Yes or No Answer: No"
39,yes,"Step-by-Step Reasoning:**
1. Identify given probabilities for blowing out the candle and associated dark room probabilities.
2. Calculate the probability of not blowing out the candle.
3. Use the law of total probability to find the overall probability of a dark room.
4. Compare the calculated probability of a dark room to the probability of a bright room.

**Yes or No Answer:** Yes"
40,yes,"step by step. We are told that old age can lead to high hospital bills, and both old age and high hospital bills can contribute to recovery. The patient in question is observed to be old. The question essentially asks whether the patient's recovery would be negatively affected (i.e., the patient doesn't recover) if they had a high hospital bill instead of a low hospital bill.

Given that old age can lead to high hospital bills and that both old age and high hospital bills are associated with recovery, it suggests that the relationship between high hospital bills and recovery is not necessarily negative when considering the factor of old age. In fact, the information provided implies that high hospital bills, in the context of old age, are part of the recovery process.

Therefore, if the patient is old and has a high hospital bill, according to the given associations, this would be in line with the conditions that can lead to recovery. The question seems to imply a causal relationship where high hospital bills might negatively impact recovery, but based on the information given, high hospital bills are associated with recovery in the context of old age.

**Concise Step-by-Step Reasoning**
1. Old age leads to high hospital bills.
2. Old age and high hospital bills are associated with recovery.
3. The patient is old, which aligns with the conditions leading to high hospital bills and subsequently to recovery.
4. The presence of a high hospital bill, in the context provided, does not inherently suggest a failure to recover but rather is part of the recovery process for an old patient.

**Yes or No Answer**
No"
41,yes,"Step-by-Step Reasoning:**
1. Calculate the overall probability of penguin death for those taking the stairs by considering the probabilities of penguin happiness and sadness and their respective death probabilities.
2. Calculate the overall probability of penguin death for those taking the elevator in the same manner.
3. Compare the two overall probabilities to determine which option has a lower probability of penguin death.

**Yes or No Answer:** No"
42,yes,"Step-by-Step Reasoning:**
1. Calculate the probability of recovering given the vaccine using conditional probability formula.
2. Calculate the probability of not getting the vaccine.
3. Calculate the probability of recovering without the vaccine using conditional probability formula.
4. Compare the two conditional probabilities to determine if recovery is more likely with the vaccine.

**Yes or No Answer:** No."
43,no,"Step-by-step reasoning:
   - Calculate the overall probability of recovery: 30% (low bill and recovery) + 10% (high bill and recovery) = 40%.
   - Identify the probability of high hospital bill: 51%.
   - Calculate the probability of recovery given a high hospital bill: 10% / 51%.
   - Compare this with the overall probability of recovery to assess if recovery is more likely with a high hospital bill.

3. No"
44,yes,"Step-by-Step Reasoning:
- Identify the probability of lung cancer for people with nonsmoking genes: 52%.
- Identify the probability of lung cancer for people with smoking genes: 58%.
- Compare the probabilities to determine if having a nonsmoking gene would increase the likelihood of lung cancer in someone with smoking genes.
- Since the question's phrasing is somewhat ambiguous regarding the interaction between smoking and nonsmoking genes, we focus on the direct comparison of the given probabilities.

3. Yes or No Answer: No"
45,yes,"Step-by-Step Reasoning**:
   - Identify the probabilities given: 54% overall receive treatment, 29% receive no treatment and recover, 20% receive treatment and recover.
   - Recognize that the comparison of interest is between the recovery rates of those who receive treatment and those who do not.
   - Note that the probability of recovery without treatment (29%) is given directly and can be considered as a proportion of those not treated.
   - The probability of recovery with treatment (20%) is directly given but needs to be understood in the context of those who were treated.

3. **Yes or No Answer**: Yes."
46,yes,"Step-by-Step Reasoning:**
1. Calculate the conditional probability of cholera contraction given clean water: 11%/19% ≈ 57.8%.
2. Calculate the probability of polluted water: 100% - 19% = 81%.
3. Calculate the conditional probability of cholera contraction given polluted water: 30%/81% ≈ 37%.
4. Compare the probabilities to determine if the chance of cholera contraction is smaller with clean water.

**Yes or No Answer:** No"
47,yes,"Step-by-Step Reasoning:
- Identify the probability of scurvy for patients not consuming citrus: 83%.
- Identify the probability of scurvy for patients consuming citrus: 56%.
- Compare these probabilities to determine if not consuming citrus would increase the likelihood of scurvy for a patient who is currently consuming citrus.

3. Yes or No Answer: No"
48,yes,"Step-by-Step Reasoning**:
- Identify the scenarios where the husband's action is the variable.
- Compare the probabilities of the alarm ringing in these scenarios.
- Disregard the wife's mediation effect by focusing on the direct relationship between the husband's action and the alarm ringing.

3. **Yes or No Answer**: 
No."
49,no,"step-by-step reasoning:
1. Calculate the probability of reduced supply: 100% - 75% = 25%.
2. Calculate the probability of increased price given reduced supply: 0.25 * 0.48.
3. Calculate the probability of increased price given increased supply: 0.75 * 0.77.
4. Calculate the overall probability of increased price by adding the probabilities from steps 2 and 3.
5. Compare the overall probability of increased price to 50% to determine if it's more or less likely than reduced price.

The final answer is: No"
50,yes,"Step-by-Step Reasoning**:
- Calculate the overall probability of penguin death for each mode of transportation by considering the probabilities of penguin happiness/sadness and the associated death rates.
- For stairs: (Probability of happiness * Death rate if happy) + (Probability of sadness * Death rate if sad) = 45.72%.
- For elevator: Same calculation yields 48.2%.
- Compare the two overall probabilities to determine the impact of the decision on penguin survival.

3. **Yes or No Answer**: No."
51,yes,"Step-by-Step Reasoning:
1. Calculate the probability of the manager not signing the termination letter: 100% - 86% = 14%.
2. Calculate the probability of the employee being fired if the manager signs the letter: 0.86 * 0.70.
3. Calculate the probability of the employee being fired if the manager does not sign the letter: 0.14 * 0.31.
4. Calculate the overall probability of the employee being fired by adding the results of steps 2 and 3.
5. Compare the overall probability of being fired to the probability of not being fired to determine which is more likely.

Yes or No answer: No"
52,yes,"Step-by-Step Reasoning**:
   - Identify the key factors that influence exam scores, including studying habits.
   - Recognize that encouragement might interact differently with these factors.
   - Choose the method that accounts for these interactions (Method 1).

3. **Yes or No Answer**: Yes"
53,yes,"Step-by-Step Reasoning:**
1. Calculate the probability of not having pre-conditions: 100% - 42% = 58%.
2. Calculate the weighted average recovery rate without the vaccine using the probabilities of recovery for those with and without pre-conditions.
3. Calculate the weighted average recovery rate with the vaccine using the same method.
4. Compare the overall recovery rates with and without the vaccine to determine if the vaccine decreases the chance of recovering.

**Yes or No Answer:** Yes."
54,yes,"Step-by-Step Reasoning**:
    - Identify probabilities of intelligent child based on parental intelligence and social status.
    - Compare probabilities while holding social status constant to isolate effect of parental intelligence.
    - Intelligent parents have higher probabilities of having intelligent children in both low and high social status scenarios compared to unintelligent parents.
    - This suggests a positive relationship between parental intelligence and child intelligence, independent of social status.

3. **Yes or No Answer**: Yes"
55,no,"Step-by-step reasoning:
   - Identify the probability of high salary without a college degree: 40%.
   - Identify the probability of high salary with a college degree or higher: 61%.
   - Compare the two probabilities to determine the effect of having a college degree or higher on the chance of high salary.
   - If the probability with a college degree or higher is greater than without, then a college degree or higher does not decrease the chance of high salary.

3. No"
56,yes,"Step-by-Step Reasoning**
1. Identify the probability of college admission for nonsmokers: 58%.
2. Identify the probability of college admission for smokers: 48%.
3. Compare the probabilities to determine if smoking decreases the chance of college admission.
   - If the probability for smokers is lower than for nonsmokers, then smoking decreases the chance.
   - Since 48% (smokers) is less than 58% (nonsmokers), smoking does decrease the chance of college admission.

**Yes or No Answer**
Yes"
57,yes,"Step-by-Step Reasoning:**
1. Identify the given probabilities for attractive and unattractive appearances and their respective probabilities of talent.
2. Calculate the probability of talent in the attractive and unattractive groups separately.
3. Combine these probabilities to find the overall probability of talent in the population.
4. Compare the overall probability of talent to the probability of lack of talent to determine which is more likely.

**Yes or No Answer:** Yes."
58,yes,"Step-by-Step Reasoning**:
   - Identify given probabilities.
   - Recognize the need for conditional probabilities to answer the question.
   - Consider the relationship between taking all drugs, not taking any drugs, and low cholesterol.
   - Understand that direct calculation of conditional probabilities requires additional information.

3. **Yes or No Answer**: Yes"
59,yes,"Step-by-step reasoning:
1. **Consider the breadth of analysis**: Method 1 offers a broad view, which can be useful for general trends but may lack specificity.
2. **Consider the depth of analysis**: Method 2 provides detailed insights into how education affects salary in specific skill areas, potentially offering more actionable information.
3. **Evaluate the purpose of the analysis**: If the goal is to understand the general impact of education on salary, Method 1 might suffice. However, for a more detailed understanding of how specific skills influence salary, Method 2 is more appropriate.

Given the above considerations, when the goal is to understand how education level affects salary with a focus on the nuances of different skills and their impact on salary, Method 2 is more accurate because it accounts for variations and specific correlations that Method 1 might overlook.

Yes or no answer: No."
60,yes,"Step-by-step reasoning:
1. Identify the goal: Understanding how treatment affects recovery from kidney stones.
2. Consider the factors that influence recovery: Kidney stone size is a critical factor.
3. Evaluate Method 1: Analyzes treatment correlation with recovery on a case-by-case basis, considering stone size.
4. Evaluate Method 2: Looks at the general correlation without considering specific factors like stone size.
5. Determine which method provides more detailed and actionable information for understanding treatment effects.

Yes."
61,yes,"Step-by-Step Reasoning**:
- Identify the probabilities of a child being intelligent given different combinations of parental intelligence and social status.
- Consider how these probabilities change with the introduction of a confounder.
- Assess if there's a consistent pattern suggesting that higher parental social status (potentially resulting from higher intelligence) leads to lower child intelligence.
- Evaluate the impact of the confounder on the relationship between parental intelligence, social status, and child's intelligence.

3. **Yes or No Answer**: No"
62,no,"Step-by-step reasoning:
    - Identify given probabilities: kindness (1%), attractive appearance for kind and mean personalities (84% each).
    - Calculate the probability of mean personality (99%).
    - Calculate the overall probability of attractive appearance using the formula for conditional probabilities.
    - Compare the calculated probability to 50% to determine if attractive appearance is more or less likely than unattractive appearance.

3. No."
63,yes,"Step-by-Step Reasoning**:
- Identify given probabilities: P(H) = 10%, P(not H and R) = 73%, P(H and R) = 2%.
- Calculate P(R|H) using the formula P(R|H) = P(R and H) / P(H).
- Compare the calculated probability to the context of the question to determine if the alarm ringing is more likely when set by the husband.

3. **Yes or No Answer**: Yes."
64,yes,"Step-by-Step Reasoning:**
1. Calculate P(Lung Cancer|Nonsmoking) using given probabilities.
2. Calculate P(Lung Cancer|Smoking) using given probabilities.
3. Compare the two conditional probabilities to determine if lung cancer is more likely with smoking.

**Yes or No Answer:** Yes"
65,yes,"Step-by-Step Reasoning**
1. Identify the probabilities of high salary for individuals with and without a college degree.
2. Compare these probabilities to determine if there is a noticeable difference.
3. Consider the potential relationship between education level and salary, focusing on how education might impact skill acquisition.
4. Analyze whether the difference in probabilities could be attributed to the skills and knowledge gained through higher education.

**Yes or No Answer**
Yes"
66,yes,"Step-by-Step Reasoning:**
1. Identify the focus of each method: Method 1 focuses on case-by-case analysis considering hospitalization, while Method 2 looks at general correlations.
2. Consider the potential for nuanced understanding: Method 1 provides detailed insights into specific cases, including severity and context.
3. Evaluate the relevance of context: Hospitalization status and specific case details can significantly impact the relationship between respiratory issues and broken bones.
4. Determine the most appropriate method for understanding the effect of respiratory issues on broken bones based on the need for context and specificity.

**Yes or No Answer:** Yes"
67,yes,"Step-by-Step Reasoning:**
1. Identify the probability of lung cancer for individuals with nonsmoking genes: 47%.
2. Identify the probability of lung cancer for individuals with smoking genes: 53%.
3. Compare the two probabilities to determine if having a smoking gene decreases the chance of lung cancer. If the probability for smoking genes is lower than for nonsmoking genes, then yes, it decreases the chance. Otherwise, no.

**Yes or No Answer:** No"
68,yes,"Step-by-Step Reasoning:
- Identify the probability of admission acceptance for males: 42%.
- Identify the probability of admission acceptance for non-males: 81%.
- Compare the two probabilities to determine if not being male would change the likelihood of admission acceptance for an individual who is currently male.
- Since 81% (non-male) is greater than 42% (male), not being male would actually increase the likelihood of admission acceptance.

3. Yes or No Answer: No"
69,yes,"To determine whether obesity positively affects lifespan through diabetes, we need to analyze the given probabilities and their implications on lifespan.

1. **Full Response**: 
The question asks if obesity has a positive effect on lifespan through diabetes. We are given several probabilities regarding the likelihood of long lifespan and the occurrence of diabetes among different groups (normal weight vs. obese, with and without diabetes, smokers vs. nonsmokers). To assess the impact of obesity on lifespan through diabetes, we must consider how diabetes influences lifespan in both normal weight and obese individuals. 

For normal weight individuals, having diabetes increases the probability of a long lifespan from 32% to 60%, which suggests a positive effect of diabetes on lifespan in this group, contrary to typical expectations. For obese individuals, having diabetes increases the probability of a long lifespan from 57% to 86%, also indicating a positive effect. However, the question is about the effect of obesity, not diabetes itself. We need to compare the outcomes between normal weight and obese individuals, considering the role of diabetes.

The probabilities of having diabetes vary among smokers and nonsmokers, and between normal weight and obese individuals, but these are more about the incidence of diabetes rather than its effect on lifespan. The key comparison lies in how obesity, with and without diabetes, affects lifespan compared to being normal weight.

2. **Summary of Full Response**:
- Identify the probabilities of long lifespan for each group (normal weight with/without diabetes, obese with/without diabetes).
- Recognize the unexpected positive association of diabetes with increased probability of long lifespan in both normal weight and obese groups.
- Consider the role of obesity by comparing its effect on lifespan in the presence of diabetes versus without, across different groups.

3. **Yes or No Answer**: Yes"
70,yes,"Step-by-Step Reasoning**
1. Identify the survival rates: Unvaccinated individuals have a 56% chance of survival, while vaccinated individuals have a 49% chance.
2. Compare the survival rates: Since 56% (unvaccinated) is greater than 49% (vaccinated), it indicates that unvaccinated individuals have a higher survival rate than vaccinated individuals in this context.
3. Determine the effect of vaccination: Based on the comparison, vaccination appears to decrease the chance of smallpox survival in this scenario.

**Yes or No Answer**
Yes"
71,yes,"Step-by-step reasoning:
1. Identify given probabilities: 
   - Probability of high hospital bill = 57% (or 0.57)
   - Probability of low hospital bill and recovery = 14% (or 0.14)
   - Probability of high hospital bill and recovery = 37% (or 0.37)
2. Recognize that the probability of recovery given a high hospital bill (P(Recovery|High Bill)) is essentially the proportion of the probability of high hospital bill and recovery out of the total probability of a high hospital bill.
3. Since we don't directly have the probability of recovery without any condition (only specific combinations), we compare the conditional probability of recovery given a high hospital bill to the overall context.
4. The question essentially asks us to infer if recovery is less likely with a high bill than it might be overall or with a low bill, based on given probabilities.

Given the information, the probability of recovery with a high hospital bill is 37% out of the 57% who have high bills, which simplifies to 37%/57%. This calculation directly gives us the proportion of those with high bills who recover. 

To determine if recovery is smaller when observing a high hospital bill, we must compare this to an appropriate baseline. However, the direct question of whether the chance of recovery is smaller with a high hospital bill compared to the overall population or those with low bills isn't straightforwardly answered without calculating the probability of recovery in those contexts. 

But, if we consider the proportion of patients who recover given they have a high bill (37%/57%), and compare it to the proportion of patients who recover given they have a low bill (14% out of the remaining 43% who do not have high bills, since 100% - 57% = 43%), we see that 14%/43% is actually less than 37%/57%. This implies that, proportionally, recovery is more likely among those with high bills than among those with low bills, based on the given probabilities.

Yes or no answer: No."
72,yes,"step-by-step reasoning for choosing between Method 1 and Method 2 involves:
   - Identifying the variables of interest: gender and admission status.
   - Recognizing the potential confounding variable: department competitiveness.
   - Understanding that Method 1 controls for department competitiveness by analyzing the correlation within each department.
   - Acknowledging that Method 2 does not account for department competitiveness, potentially leading to oversimplification or misleading conclusions.
   - Considering the goal of understanding how gender affects admission status, which requires accounting for all relevant factors, including department competitiveness.

3. Yes."
73,yes,"## Step 1: Determine the probability of being male and the probability of not being male.
The probability of being male is given as 19%, or 0.19. Therefore, the probability of not being male (female) is 100% - 19% = 81%, or 0.81.

## Step 2: Calculate the probability of admission acceptance for males and females.
The probability of admission acceptance for both males and females is given as 65%, or 0.65.

## Step 3: Calculate the overall probability of admission acceptance.
To find the overall probability of admission acceptance, we need to consider both males and females. The formula for the overall probability of admission acceptance is:
\[ P(\text{Acceptance}) = P(\text{Male}) \times P(\text{Acceptance}|\text{Male}) + P(\text{Not Male}) \times P(\text{Acceptance}|\text{Not Male}) \]
Given that \( P(\text{Male}) = 0.19 \), \( P(\text{Not Male}) = 0.81 \), and \( P(\text{Acceptance}|\text{Male}) = P(\text{Acceptance}|\text{Not Male}) = 0.65 \), we substitute these values into the formula:
\[ P(\text{Acceptance}) = 0.19 \times 0.65 + 0.81 \times 0.65 \]
\[ P(\text{Acceptance}) = 0.1235 + 0.5265 \]
\[ P(\text{Acceptance}) = 0.65 \]

## Step 4: Determine if admission acceptance is more likely than admission rejection.
Since the probability of admission acceptance is 0.65, which is greater than 0.5, admission acceptance is more likely than admission rejection.

## Step 5: Conclusion
Based on the calculations, the overall probability of admission acceptance is 65%, which is greater than the probability of admission rejection (100% - 65% = 35%). Therefore, admission acceptance is more likely than admission rejection overall.

The final answer is: $\boxed{Yes}$"
74,yes,"Step-by-Step Reasoning**:
- Calculate the probability of increased price given increased supply: 23% / 56%.
- Calculate the overall probability of increased price: 32% + 23% = 55%.
- Compare the calculated probability of increased price given increased supply with the overall probability of increased price to determine if it's larger.

3. **Yes or No Answer**: 
No."
75,yes,"Step-by-Step Reasoning:**
1. Calculate the probability of a low hospital bill: 1 - Probability of a high hospital bill.
2. Calculate the total probability of recovery by summing the probabilities of recovery in both high and low hospital bill scenarios.
3. Calculate the probability of recovery given a high hospital bill using the formula for conditional probability.
4. Calculate the probability of recovery given a low hospital bill for comparison.
5. Compare the probabilities of recovery given high and low hospital bills to determine if the chance of recovery is larger with a high hospital bill.

**Yes or No Answer:** Yes"
76,yes,"Step-by-Step Reasoning:**
1. Identify the given probabilities: P(Smoking Mother) = 97%, P(Nonsmoking Mother and High Infant Mortality) = 2%, P(Smoking Mother and High Infant Mortality) = 38%.
2. Calculate the probability of a nonsmoking mother: P(Nonsmoking Mother) = 100% - P(Smoking Mother) = 3%.
3. Understand that to directly compare the risk, we need the probability of high infant mortality given the mother's smoking status, which involves calculating conditional probabilities.
4. Recognize that the question essentially asks for a comparison of the risk of high infant mortality between smoking and nonsmoking mothers, which can be inferred from the given data without explicit calculation of conditional probabilities due to the nature of the question focusing on relative risk.

**Yes or No Answer:** Yes"
77,yes,"Step-by-Step Reasoning**
1. Identify the probability of the alarm ringing when the husband does not set it: 38%.
2. Identify the probability of the alarm ringing when the husband sets it: 60%.
3. Compare the two probabilities to determine if setting the alarm increases the chance of it ringing.

**Yes or No Answer**
Yes"
78,yes,"Step-by-step reasoning:**
1. Calculate the probability of a nonsmoking mother: 100% - 35% = 65%.
2. Calculate the contribution of nonsmoking mothers to the overall probability of normal birth weight: 65% * 67% = 43.55%.
3. Calculate the contribution of smoking mothers to the overall probability of normal birth weight: 35% * 34% = 11.9%.
4. Add these contributions to find the overall probability of normal infant birth weight: 43.55% + 11.9% = 55.45%.
5. Determine if this probability is greater than 50%.

**Yes or No answer:** Yes"
79,yes,"Step-by-Step Reasoning:
- Intelligent parents and an active confounder contribute to high parental social status.
- Intelligent parents, an active confounder, and high parental social status contribute to an intelligent child.
- The confounder is observed to be inactive.
- Without the active confounder, the direct impact of intelligent parents on the child's intelligence, independent of the confounder and social status, is not clearly defined by the given relationships.

3. Yes or no answer: No."
80,yes,"Step-by-step reasoning:
1. Method 1 looks at the general correlation between obesity and lifespan across the entire population.
2. Method 2 examines this correlation specifically in cases with diabetes.
3. For a general understanding of how obesity affects lifespan, a broader approach is more appropriate.
4. Method 1 is more inclusive and can identify general trends applicable across various subgroups.

Yes or no answer: Yes."
81,yes,"Step-by-Step Reasoning:
1. Identify the factors that influence infant mortality, including birth weight.
2. Recognize that maternal smoking can affect birth weight.
3. Understand that birth weight is a significant mediator in the relationship between maternal smoking and infant mortality.
4. Method 1 accounts for birth weight, providing a more detailed analysis of the relationship.
5. Method 2 does not account for birth weight, potentially overlooking key nuances in the relationship.

Yes or No Answer: Yes"
82,yes,"Step-by-step reasoning:
   - The alarm set by the husband causes the alarm set by the wife, implying that if the husband's alarm is set, the wife's alarm will also be set.
   - For the alarm to ring, both the husband's and wife's alarms need to be set.
   - If the husband's alarm is set (instead of not set), it directly contributes to one of the necessary conditions for the alarm to ring (since it also sets the wife's alarm).

3. Yes or no answer: No"
83,no,"Step-by-step reasoning:
- Identify the probabilities of cholera contraction for both local and global water companies.
- Identify the probabilities of clean water for both local and global water companies.
- Compare these probabilities to determine the relationship between clean water and cholera contraction.
- Recognize that higher probabilities of clean water are associated with lower probabilities of cholera contraction.

3. No."
84,yes,"Step-by-Step Reasoning:
- Identify the probability of the room being dark when candles are not blown out: 30%.
- Identify the probability of the room being dark when candles are blown out: 61%.
- Compare the probabilities to determine the effect of blowing out candles on the room's darkness.
- Conclusion: Blowing out candles increases the likelihood of the room being dark.

3. Yes or No Answer: No"
85,yes,"Step-by-Step Reasoning:**
1. Identify the given probabilities for normal infant birth weight and smoking mothers in areas with low and high cigarette taxes.
2. Recognize that the direct relationship between smoking and normal infant birth weight is not explicitly provided by these probabilities.
3. Apply general medical knowledge that smoking during pregnancy is associated with decreased birth weight.

**Yes or No Answer:** Yes"
86,yes,"Step-by-step reasoning:**
1. Calculate the probability of recovery for patients not receiving treatment, considering the gender distribution.
2. Calculate the probability of recovery for patients receiving treatment, considering the gender distribution.
3. Compare the two probabilities to determine if recovery is more likely without treatment for patients who would have received treatment.

**Yes or no answer:** Yes"
87,yes,"Step-by-Step Reasoning**
1. Taking medication leads to low blood pressure.
2. Taking medication and having high blood pressure results in a healthy heart.
3. The absence of medication (not taking it) would likely remove the factor that leads to low blood pressure, potentially allowing blood pressure to rise or remain high if it was initially high.
4. Without the medication, even if blood pressure is high, the condition for a healthy heart (taking medication and high blood pressure) is not met because the medication is absent.

**Yes or No Answer**
No"
88,no,"Step-by-step reasoning:
   - Understand the given probabilities of high salary for individuals with and without a college degree.
   - Recognize the general relationship between education, skill acquisition, and salary.
   - Analyze how the provided probabilities reflect the impact of education on salary.
   - Conclude based on the positive correlation between education and salary.

3. No"
89,yes,"Step-by-Step Reasoning:**
1. Calculate the total probability of a dark room: 36% (blown out and dark) + 16% (not blown out and dark) = 52%.
2. Calculate the probability of a dark room given the candle is blown out: 36% / 54% = 66.67%.
3. Compare the probabilities to determine if the chance of a dark room is smaller when the candle is blown out.

**Yes or No Answer:** No"
90,yes,"Step-by-Step Reasoning**:
- Calculate the probability of arriving on time given waking up late: This is the number of people who wake up late and arrive on time (5%) divided by the total number of people who wake up late (6%).
- Calculate the probability of arriving on time given waking up on time: This is the number of people who wake up on time and arrive on time (44%) divided by the total number of people who wake up on time (94%).
- Compare these two probabilities to determine if arriving on time is more likely when waking up late.

3. **Yes or No Answer**: 
To find if the chance of arriving to school on time is larger when observing waking up late, we compare the conditional probabilities. The probability of arriving on time given waking up late is 5%/6%, and the probability of arriving on time given waking up on time is 44%/94%. Simplifying, the first is approximately 0.833 (or 83.3%), and the second is approximately 0.468 (or 46.8%). Since 83.3% is greater than 46.8%, **Yes**."
91,yes,"Step-by-Step Reasoning**
1. Identify the probability of scurvy in patients not consuming citrus: 83%.
2. Identify the probability of scurvy in patients consuming citrus: 56%.
3. Compare the probabilities to determine the effect of citrus intake on the chance of scurvy.
4. Since 56% (with citrus) is less than 83% (without citrus), citrus intake is associated with a lower probability of scurvy.

**Yes or No Answer**
No"
92,yes,"Step-by-step reasoning:
1. Identify the purpose of the analysis: to understand how season affects ground conditions.
2. Consider the factors that could modify this relationship, such as sprinkler systems.
3. Evaluate Method 1, which analyzes season and ground correlation case by case, including the effect of sprinklers.
4. Evaluate Method 2, which looks at the general correlation between season and ground without considering sprinklers.
5. Determine that Method 1 provides a more nuanced understanding by accounting for the impact of sprinklers.

Yes or no answer: Yes."
93,yes,"Step-by-Step Reasoning:
1. Identify the cause of scurvy: Scurvy is caused by a lack of vitamin C.
2. Determine the relevance of vitamin C in citrus fruits: Citrus fruits are rich in vitamin C.
3. Evaluate Method 1: It considers the role of vitamin C in the correlation between citrus consumption and scurvy.
4. Evaluate Method 2: It looks at the general correlation without focusing on vitamin C.
5. Choose the method that directly addresses the known cause of scurvy: Method 1 is more focused on the underlying factor (vitamin C) that prevents or treats scurvy.

Yes or No Answer: Yes"
94,no,"Step-by-step reasoning:
   - Identify the probability of wet ground in the dry season: 50%.
   - Identify the probability of wet ground in the rainy season: 51%.
   - Compare these probabilities to determine if the rainy season's probability is lower when considering a dry season: Since the rainy season has a higher probability of wet ground (51%) compared to the dry season (50%), the scenario of it having been dry does not apply to the current condition of being in the rainy season. The question essentially asks to compare the actual condition (rainy season) with a hypothetical condition (if it had been dry), which suggests a misunderstanding in the question's premise because the season is indeed rainy, not dry.

3. No."
95,yes,"Step-by-Step Reasoning:**
1. Calculate the probability of not blowing out the candle.
2. Calculate the probability of a dark room for both blowing and not blowing out the candle scenarios.
3. Add these probabilities to find the overall probability of a dark room.
4. Compare this probability to 50% to determine if a dark room is more likely than a bright room.

**Yes or No Answer:** Yes"
96,yes,"Step-by-Step Reasoning:**
1. Calculate the probability of not having a college degree: 100% - 92% = 8%.
2. Calculate the probability of having a high salary for those with a college degree or higher: 0.92 * 0.38.
3. Calculate the probability of having a high salary for those without a college degree: 0.08 * 0.18.
4. Add the probabilities from steps 2 and 3 to get the overall probability of having a high salary.
5. Compare the overall probability of having a high salary with 50% to determine if high salary is less likely than low salary.

**Yes or No Answer:** Yes"
97,yes,"Step-by-step reasoning:**
1. Consider the general applicability of Method 1 for understanding broad trends.
2. Evaluate the contextual specificity and potential biases of Method 2 within elite institution admissions.
3. Determine the relevance of each method to the specific context or goal of the analysis.

**Yes or no answer:** No"
98,yes,"Step-by-step reasoning:
   - Identify the probability of death when a prisoner is released: 29%.
   - Identify the probability of death when a prisoner is executed: 81%.
   - Compare the two probabilities to determine the impact of the captain's order on the chance of the prisoner's death.
   - Since 81% is greater than 29%, executing the prisoner increases the chance of death.

3. Yes."
99,yes,"Step-by-Step Reasoning:
- Smoking leads to an absence of tar deposit.
- High tar deposit causes lung cancer.
- Therefore, if smoking reduces tar deposit, it should reduce the risk of lung cancer based on the given premises.

3. Yes or no answer: Yes"
100,yes,"Step-by-Step Reasoning**
1. Understand the meaning of the correlation coefficient (-0.05), which indicates a weak negative correlation.
2. Recognize that correlation does not imply causation.
3. Consider the context of the study (students accepted to elite institutions), which may have specific conditions affecting the relationship between variables.
4. Determine that the correlation alone is insufficient to establish a causal relationship between talent and being hard-working.

**Yes or No Answer**
No"
101,yes,"Step-by-step reasoning:
   - Identify the probability of death if the prisoner is released: 31%.
   - Identify the probability of death if the prisoner is executed: 75%.
   - Compare the probabilities to determine which scenario has a lower likelihood of death.
   - Since 31% is less than 75%, releasing the prisoner results in a lower likelihood of death.

3. Yes"
102,yes,"Step-by-Step Reasoning**
1. Identify given conditions: Male gender is associated with competitive department, and both contribute to admission acceptance.
2. Analyze the role of gender: Male gender influences both department and admission acceptance.
3. Consider the impact of non-male gender: Being non-male might affect the likelihood of being in a competitive department but does not directly imply rejection, as department and other factors also play a role.
4. Conclusion: Rejection is not solely determined by gender; thus, being non-male does not automatically result in rejection.

**Yes or No Answer**
No"
103,yes,"Step-by-Step Reasoning**:
   - Identify given probabilities: 
     - Probability of intelligent parents = 51%
     - Probability of unintelligent parents and intelligent child = 18%
     - Probability of intelligent parents and intelligent child = 34%
   - Understand the goal: Determine if the chance of an intelligent child is smaller when observing intelligent parents.
   - Realize the need for conditional probability calculation to directly answer the question.
   - Recognize that given data does not directly allow for a straightforward calculation of conditional probabilities without additional information (like the overall probability of intelligent children or unintelligent parents).

3. **Yes or No Answer**: No"
104,yes,"Step-by-Step Reasoning**:
- Calculate the probability of an intelligent child given intelligent parents.
- Calculate the overall probability of an intelligent child.
- Compare these probabilities to determine if the chance of an intelligent child is smaller when observing intelligent parents.

3. **Yes or No Answer**: No"
105,yes,"Step-by-step reasoning:**
1. Compare admission rates for lazy nonsmokers and smokers: Nonsmokers have a higher rate.
2. Compare admission rates for hard-working nonsmokers and smokers: Nonsmokers have a slightly higher rate.
3. Consider the probability of being hard-working among smokers and nonsmokers: Smokers are more likely to be hard-working.
4. Analyze if the higher effort among smokers leads to better admission outcomes: It does not, as nonsmokers have better or comparable outcomes in both effort categories.

**Yes or no answer:** No"
106,yes,"step by step. First, we know that pre-conditions can cause vaccine refusal. This implies that individuals with pre-conditions might be less likely to get vaccinated. Second, we are told that having pre-conditions and getting the vaccine can lead to recovering from the disease. This suggests that the vaccine is effective in helping individuals with pre-conditions recover. Given that the person in question has pre-conditions and we are considering a scenario where they refuse the vaccine, we must consider the implications of vaccine refusal for someone with pre-conditions. Since pre-conditions alone can lead to vaccine refusal and we know that getting the vaccine (despite having pre-conditions) can lead to recovery, refusing the vaccine likely removes the chance of recovery that the vaccine offers. Therefore, without the vaccine, the person's chance of dying from the disease might increase, especially considering their pre-existing conditions which could exacerbate the disease's impact.

**Step-by-Step Reasoning**
1. Pre-conditions can lead to vaccine refusal.
2. Pre-conditions plus getting the vaccine can lead to recovery from the disease.
3. The person has pre-conditions and refuses the vaccine.
4. Without the vaccine, the protective effect of vaccination against the disease is absent.
5. Pre-conditions could worsen the disease's impact, increasing the risk of severe outcomes without the vaccine.

**Yes or No Answer**
Yes"
107,yes,"Step-by-Step Reasoning**
1. Identify the causes of smoking: smoking gene and high pollution.
2. Identify the causes of lung cancer: smoking gene, high pollution, and smoking.
3. Recognize that the person lives in a high-pollution area.
4. Determine the impact of having a smoking gene versus a nonsmoking gene on lung cancer risk without smoking.
5. Conclude that without smoking, the direct link to lung cancer is broken, even with a smoking gene and high pollution.

**Yes or No Answer**
Yes"
108,yes,"Step-by-step reasoning:
   - Identify the probability of wet ground in the dry season: 56%.
   - Identify the probability of wet ground in the rainy season: 43%.
   - Compare these probabilities to determine if it would be less likely to see wet ground in the rainy season if the season had been dry. Given the information, the comparison is not about transitioning from one season to another but about the stated probabilities.
   - Since the question asks about the rainy season's condition being less likely if the season had been dry, we must interpret this as comparing the given probabilities directly.

3. Yes or no answer: Yes"
109,yes,"Step-by-Step Reasoning**:
- Identify the probabilities of high salary for different gender and occupation groups.
- Analyze the probabilities of white-collar jobs based on skill level and gender.
- Consider the overall probability of high skill levels and its implications.
- Attempt to reconcile the information to determine if gender positively affects salary through occupation, considering potential errors or inconsistencies in the data.

3. **Yes or No Answer**: No"
110,yes,"Step-by-Step Reasoning:
- Intelligent parents contribute to high parental social status.
- Intelligent parents, active confounder, and high parental social status contribute to an intelligent child.
- The confounder is active, so its influence is constant.
- Intelligent parents provide a direct influence on the child's intelligence.
- The question asks if the child would not be intelligent with intelligent parents instead of unintelligent ones, given the active confounder.

3. Yes or No Answer: No"
111,yes,"Step-by-Step Reasoning**:
    - Identify the probability of broken bones for people with and without respiratory issues (19% for both).
    - Recognize that the probability of broken bones is consistent across both conditions.
    - Calculate the probability of not having broken bones for both groups (100% - 19% = 81%).
    - Compare the probabilities to determine if broken bones are less likely than no broken bones overall.

3. **Yes or No Answer**: Yes"
112,yes,"Step-by-Step Reasoning:
- Identify the causal relationships: Living close to a college can lead to a college degree or higher, and a college degree or higher can lead to a high salary.
- Consider the role of the confounder: When active, it can lead to both a college degree or higher and a high salary, but it is stated to be inactive in this scenario.
- Evaluate the scenario without the confounder's influence: Living close to a college might not directly lead to a high salary with a high school degree or lower, given the provided causal relationships focus on the educational attainment as a mediator for salary.

3. Yes or No Answer: No"
113,yes,"Step-by-Step Reasoning:**
1. Calculate the probability of the husband not setting the alarm.
2. Calculate the overall probability of the alarm ringing using conditional probabilities.
3. Calculate the probability of the alarm being silent.
4. Compare the probabilities to determine which event is more likely.

**Yes or No Answer:** No"
114,yes,"Step-by-Step Reasoning:**
1. Consider the nature of both methods: Method 1 analyzes vaccination and disease correlation case by case with pre-conditions, while Method 2 looks at the general correlation without pre-conditions.
2. Evaluate the importance of individual variability and pre-conditions in the effectiveness of vaccinations and disease susceptibility.
3. Recognize that Method 1 provides a nuanced understanding by considering individual factors, potentially leading to more accurate conclusions.
4. Compare this with Method 2, which offers a broader view but may miss crucial details about individual responses to vaccinations.

**Yes or No Answer:** Yes"
115,yes,"Step-by-step reasoning:
1. Method 1 analyzes the man-room correlation on a case-by-case basis, considering specific conditions (like the candle's state).
2. Method 2 analyzes the correlation in general terms, without considering specific conditions.
3. Detailed analysis (Method 1) is likely more accurate for understanding variable relationships.

Yes."
116,yes,"Step-by-step reasoning:
1. Understand the given correlation (-0.04) and its implications (very weak negative correlation).
2. Recognize that correlation does not imply causation.
3. Consider the complexity of factors influencing attractive appearance.
4. Determine that the information provided is insufficient to establish a causal link between kindness and attractive appearance.

Yes or no answer: No."
117,yes,"Step-by-Step Reasoning:
- Identify the probability of admission acceptance for males: 31%.
- Identify the probability of admission acceptance for non-males: 40%.
- Compare the probabilities to determine the effect of not being male on admission acceptance likelihood.
- Since 40% (non-male) is greater than 31% (male), not being male would increase the likelihood of admission acceptance for an individual who is currently male.

3. Yes or no answer: Yes"
118,yes,"Step-by-step reasoning:
1. Calculate the probability of recovery for each gender with and without treatment.
2. Combine these probabilities using the overall probability of male gender to find the overall recovery rates with and without treatment.
3. Compare the overall recovery rates to determine if treatment increases the chance of recovery.

Yes or no answer: Yes."
119,yes,"Step-by-Step Reasoning:**
1. Identify the role of the confounder in influencing college degree attainment and salary.
2. Consider the impact of the confounder being inactive on these outcomes.
3. Analyze the effect of living close to a college on educational attainment.
4. Evaluate how the absence of the confounder's influence affects the relationship between educational attainment and salary.
5. Determine if having a college degree or higher, as opposed to a high school degree or lower, would necessarily result in a low salary given the inactive confounder.

**Yes or No Answer:** No"
120,no,"Step-by-Step Reasoning**:
- Calculate the probability of low cholesterol among patients who take all their drugs: 0.35 * 0.29.
- Calculate the probability of low cholesterol among patients who do not take any drugs: 0.65 * 0.73.
- Add these probabilities to find the overall probability of low cholesterol.
- Compare this probability to 50% to determine if low cholesterol is less likely.

3. **Yes or No Answer**: 
To calculate: 
- Probability of low cholesterol in patients who take all drugs: 0.35 * 0.29 = 0.1015.
- Probability of low cholesterol in patients who do not take any drugs: 0.65 * 0.73 = 0.4745.
- Overall probability of low cholesterol: 0.1015 + 0.4745 = 0.576.
Since 0.576 (or 57.6%) is greater than 50%, low cholesterol is not less likely than high cholesterol overall. 
**No**."
121,yes,"Step-by-Step Reasoning:**
1. Calculate the probability of being a nonsmoker: 100% - probability of being a smoker.
2. Calculate the probability of lung cancer among smokers and nonsmokers separately.
3. Add the probabilities of lung cancer among smokers and nonsmokers to get the overall probability.
4. Compare the overall probability of lung cancer to 50% to determine if lung cancer is more likely than its absence.

**Yes or No Answer:** Yes"
122,yes,"Step-by-Step Reasoning:**
1. Identify given probabilities: P(College or Higher) = 43%, P(High School or Lower and High Salary) = 34%, P(College or Higher and High Salary) = 15%.
2. Recognize the need to compare conditional probabilities of high salary given each education level.
3. Calculate P(High Salary | College or Higher) correctly as 15% / 43%.
4. Realize the misinterpretation in calculating P(High Salary | High School or Lower) due to the direct provision of joint probabilities.
5. Understand the comparison should focus on the proportion of each group achieving high salaries based on given probabilities.

**Yes or No Answer:** No"
123,yes,"Step-by-Step Reasoning:
1. Identify the probability of scurvy in patients not consuming citrus: 86%.
2. Identify the probability of scurvy in patients consuming citrus: 59%.
3. Compare the probabilities to determine if citrus intake is associated with a lower chance of scurvy.

Yes or No Answer: Yes"
124,yes,"Step-by-step reasoning:
1. Calculate the probability of not using tanning salon treatments: 100% - 4% = 96%.
2. Calculate the probability of tanned skin among non-users: 0.39 * 0.96.
3. Calculate the probability of tanned skin among users: 0.85 * 0.04.
4. Add the probabilities of tanned skin from both groups to get the overall probability.
5. Determine if the overall probability of tanned skin is greater than 50%.

Yes or no answer: Yes."
125,yes,"1. Full Response: 
To determine if blowing out the candle will decrease the chance of a dark room, we need to compare the probabilities of having a dark room in both scenarios: when people blow out candles and when they do not. The given probabilities are 37% for not blowing out candles and 70% for blowing out candles. Since the probability of a dark room is higher when candles are blown out (70%) compared to when they are not (37%), it indicates that blowing out the candles actually increases the chance of the room being dark, rather than decreasing it. This seems counterintuitive to the initial expectation that blowing out candles would decrease the chance of darkness, as one might expect that having candles lit (not blown out) would increase the light in the room. However, based on the given probabilities, the opposite is suggested.

2. Summary of Reasoning:
- Identify the probability of a dark room when candles are not blown out: 37%.
- Identify the probability of a dark room when candles are blown out: 70%.
- Compare the probabilities to determine the effect of blowing out candles on the chance of a dark room.
- Since 70% is greater than 37%, blowing out candles increases the chance of a dark room.

3. Yes or No Answer: No"
126,yes,"Step-by-step reasoning:
1. Calculate the probability of not receiving treatment.
2. Calculate the probability of recovery for patients receiving and not receiving treatment separately.
3. Combine these probabilities to find the overall probability of recovery.
4. Compare the overall probability of recovery to the probability of non-recovery to determine if recovery is less likely.

Yes or no answer: Yes."
127,yes,"Step-by-step reasoning:
   - Identify the given probabilities of high salary for two groups: without a college degree (19%) and with a college degree or higher (69%).
   - Recognize the significant difference in probabilities between the two groups, indicating a strong correlation between education level and salary.
   - Associate education with the acquisition of skills, knowledge, and competencies that are valuable in the job market.
   - Infer that the positive effect of education on salary is likely due to the skills and knowledge acquired through education.

3. Yes"
128,yes,"Step-by-Step Reasoning**
1. Identify the key variables: water quality, cholera incidence, and poverty.
2. Recognize poverty as a potential confounding variable that affects both water quality and cholera incidence.
3. Understand that Method 1 accounts for the impact of poverty on the relationship between water quality and cholera, providing a more nuanced analysis.
4. Acknowledge that Method 2 does not consider the socio-economic context, potentially leading to oversimplified or misleading conclusions.
5. Conclude that accounting for poverty (Method 1) offers a more accurate understanding of how water quality affects cholera.

**Yes or No Answer**
No"
129,yes,"Step-by-step reasoning:
1. Identify given probabilities: The overall probability of taking the elevator is 66%, the probability of taking the stairs and penguin death is 23%, and the probability of taking the elevator and penguin death is 38%.
2. Calculate the probability of taking the stairs: 100% - 66% = 34%.
3. Calculate the conditional probability of penguin death given that the elevator is taken: 38% / 66%.
4. Calculate the conditional probability of penguin death given that the stairs are taken: 23% / 34%.
5. Compare the calculated conditional probabilities to determine if the chance of penguin death is larger when observing taking the elevator.

Yes or no answer: No."
130,yes,"Step-by-step reasoning:
1. Calculate the probability of long lifespan for normal weight individuals.
2. Calculate the probability of long lifespan for obese individuals.
3. Calculate the overall probability of long lifespan by adding the probabilities for normal weight and obese individuals.
4. Compare the overall probability of long lifespan to 50% to determine if long lifespan is more or less likely than short lifespan.

Yes or no answer: No."
131,yes,"Step-by-Step Reasoning:
- Identify the given conditions: smoking mother, good health, and their impact on infant birth weight and mortality.
- Recognize the general negative effects of smoking during pregnancy on infant health.
- Consider the substitution of a nonsmoking mother into the scenario and its likely impact on infant mortality based on general knowledge about health outcomes.
- Infer that a nonsmoking mother would likely reduce the risk of infant mortality compared to a smoking mother, given the overall positive health effects of not smoking during pregnancy.

3. Yes or No Answer: Yes"
132,yes,"Step-by-Step Reasoning**
1. Identify the probability of a healthy heart for people not taking medication: 62%.
2. Identify the probability of a healthy heart for people taking medication: 35%.
3. Compare the two probabilities to determine the effect of medication on the chance of having a healthy heart.
4. Since 62% is greater than 35%, conclude that taking medication is associated with a decrease in the chance of a healthy heart.

**Yes or No Answer**
Yes"
133,yes,"Step-by-Step Reasoning:
- Calculate the weighted average recovery probability for patients paying a high hospital bill.
- Calculate the weighted average recovery probability for patients paying a low hospital bill.
- Compare these probabilities to determine if paying a low hospital bill would increase the likelihood of recovery for those who pay a high hospital bill.

3. Yes or no answer: Yes"
134,yes,"Step-by-Step Reasoning**:
- Calculate the conditional probability of increased price given increased supply: P(Increased Price | Increased Supply) = P(Increased Supply and Increased Price) / P(Increased Supply).
- Compare this with the overall probability of increased price to determine if it's smaller.
- The overall probability of increased price is the sum of the probabilities of increased price in all scenarios (reduced supply and increased price + increased supply and increased price).
- If P(Increased Price | Increased Supply) < P(Increased Price), then the chance of increased price is smaller when observing increased supply.

3. **Yes or No Answer**: Yes."
135,yes,"step by step.

1. **Understanding the Given Probabilities**:
   - In areas with low cigarette tax, the probability of a normal infant birth weight is 39%, and the probability of a smoking mother is 39%.
   - In areas with high cigarette tax, the probability of a normal infant birth weight is 53%, and the probability of a smoking mother is 77%.

2. **Analyzing the Relationship**:
   - The probability of a normal infant birth weight increases from 39% to 53% when moving from areas with low cigarette tax to areas with high cigarette tax. This suggests an increase in the likelihood of normal birth weight in areas with higher cigarette tax.
   - However, the probability of a smoking mother increases significantly from 39% to 77% in areas with high cigarette tax, which initially seems counterintuitive if smoking is expected to negatively affect birth weight.

3. **Considering the Impact of Smoking**:
   - The question asks if a smoking mother decreases the chance of normal infant birth weight. The direct relationship between smoking and birth weight isn't explicitly provided, but we can infer based on the change in probabilities.
   - If smoking were to decrease the chance of normal infant birth weight, we would expect areas with higher rates of smoking mothers to have lower rates of normal birth weight, assuming all other factors are equal.

4. **Conclusion**:
   - Despite the increase in smoking mothers from 39% to 77% in areas with high cigarette tax, the probability of normal infant birth weight also increases from 39% to 53%. This suggests that the increase in cigarette tax (and the associated increase in smoking mothers) does not directly correlate with a decrease in normal infant birth weight in this context. However, this analysis might be misleading because it doesn't directly address the question of whether smoking itself decreases the chance of normal birth weight; it compares two areas with different tax policies and smoking rates.

**Step-by-Step Reasoning**:
1. Identify probabilities for normal birth weight and smoking mothers in areas with low and high cigarette tax.
2. Note the increase in normal birth weight probability and smoking mother probability in high tax areas.
3. Consider the expected impact of smoking on birth weight.
4. Conclude based on the comparison of areas, recognizing the indirect relationship to the question asked.

**Yes or No Answer**: No"
136,yes,"Step-by-Step Reasoning:**
1. Calculate P(Scurvy|Citrus) using given probabilities.
2. Calculate P(Scurvy) by deducing P(Not Scurvy) from given and derived probabilities.
3. Compare P(Scurvy|Citrus) with P(Scurvy) to determine if citrus intake increases the chance of scurvy.

**Yes or No Answer:** No"
137,yes,"Step-by-Step Reasoning:
- Analyze probabilities of admission acceptance by gender and department type.
- Compare probabilities of being in a competitive department based on gender and residency.
- Consider the overall probability of in-state residency and its implications.
- Determine if gender affects admission status through department competitiveness based on the analysis.

3. Yes or no answer: No"
138,no,"Step-by-step reasoning:
   - Understand the meaning of the correlation coefficient (-0.04) and its implications for the relationship between kindness and attractive appearance.
   - Recognize that a correlation coefficient close to zero indicates a weak linear relationship.
   - Consider that a weak correlation does not necessarily imply no effect, but rather that the relationship may be complex or influenced by other factors.
   - Acknowledge that correlation does not imply causation, so the presence or absence of a correlation does not directly inform us about causality.

3. No"
139,yes,"Step-by-Step Reasoning:
- Identify the probability of lung cancer for nonsmokers (64%) and smokers (89%).
- Compare these probabilities to determine the effect of smoking on lung cancer risk.
- Conclude that since the probability of lung cancer is lower for nonsmokers, not smoking would reduce the likelihood of lung cancer.

3. Yes or no answer: Yes"
140,yes,"Step-by-step reasoning:
1. Identify the given probabilities: 
   - Overall probability of receives treatment = 46%
   - Probability of receives no treatment and recovery = 33%
   - Probability of receives treatment and recovery = 16%
2. Calculate the probability of receives no treatment: 100% - 46% = 54%
3. Compare the given recovery probabilities in the context of treatment and no treatment.
4. Recognize that to directly compare the chance of recovery, we should consider the proportion of recovery within each group (treatment and no treatment), but the question essentially asks for a comparison based on the provided probabilities.

Yes or no answer: No"
141,yes,"Step-by-step reasoning:
   - Calculate the probability of people not using tanning salon treatments: 100% - 89% = 11%.
   - Calculate the overall probability of tanned skin among those using tanning salons: 89% * 16% = 14.24%.
   - Calculate the overall probability of tanned skin among those not using tanning salons: 11% * 54% = 5.94%.
   - Add these probabilities to find the total probability of tanned skin: 14.24% + 5.94% = 20.18%.
   - Since the probability of tanned skin (20.18%) is less than the probability of pale skin (100% - 20.18% = 79.82%), tanned skin is less likely than pale skin overall.

3. Yes."
142,yes,"Step-by-Step Reasoning:
1. Understand the basic principle that both supply and demand influence price.
2. Recognize that Method 1 (general correlation) might not account for varying demand conditions.
3. Acknowledge that Method 2 (case-by-case analysis considering demand) provides a more detailed and accurate approach.
4. Conclude that considering demand (Method 2) is crucial for understanding the impact of supply on price.

Yes or No Answer: No"
143,yes,"Step-by-step reasoning:
1. Determine the probability of being male and female.
2. Calculate the probability of high salary for males and females separately.
3. Combine these probabilities to find the overall probability of high salary.
4. Compare the overall probability of high salary to 50% to determine if high salary is less likely than low salary.

Yes or no answer: Yes."
144,no,"Step-by-step reasoning:
   - Identify the given probabilities: 11% for release, 55% for execution.
   - Recognize the question is about captains who execute prisoners.
   - Compare the probabilities within the context of the question: If a captain who executes prisoners were to release a prisoner instead, the relevant probability to consider for the outcome of death is 11%, which is lower than 55%.
   - Determine if it's more likely to see the prisoner's death if the action (release) is taken by a captain who typically executes.

3. No."
145,yes,"Step-by-step reasoning:
1. Calculate the probability of being vaccinated and surviving smallpox.
2. Calculate the probability of not being vaccinated and surviving smallpox.
3. Sum these probabilities to find the overall probability of smallpox survival.
4. Compare the overall probability of survival with the probability of death to determine which is more likely.

Yes or no answer: No."
146,yes,"Step-by-Step Reasoning:**
1. Identify given probabilities: P(Candle Blown Out) = 16%, P(Not Candle Blown Out and Dark Room) = 74%, P(Candle Blown Out and Dark Room) = 9%.
2. Calculate overall probability of a dark room: P(Dark Room) = P(Not Candle Blown Out and Dark Room) + P(Candle Blown Out and Dark Room) = 74% + 9% = 83%.
3. Calculate probability of a dark room given the candle is blown out: P(Dark Room | Candle Blown Out) = P(Candle Blown Out and Dark Room) / P(Candle Blown Out) = 9% / 16% = 56.25%.
4. Compare P(Dark Room | Candle Blown Out) to P(Dark Room) to determine if the chance of a dark room is smaller when the candle is blown out.

**Yes or No Answer:** Yes"
147,yes,"Step-by-Step Reasoning:
- Identify the recovery rates with and without treatment for both small and large kidney stones.
- Recognize the overall probability of having a large kidney stone is 54%.
- Consider the impact of treatment on recovery rates for both stone sizes.
- Understand the question asks for a comparison of treated patients to their hypothetical untreated outcomes.
- Since most patients have large stones, and treatment increases recovery rates for both stone sizes, but more significantly for small stones, we must weigh the overall effect of treatment.

3. Yes or No Answer: No"
148,yes,"Step-by-Step Reasoning**:
- Calculate the overall probability of penguin death for taking the stairs by considering both happy and sad penguins.
- Calculate the overall probability of penguin death for taking the elevator by considering both happy and sad penguins.
- Compare these probabilities to determine if choosing the stairs negatively affects penguin survival compared to choosing the elevator.

3. **Yes or No Answer**: 
No."
149,yes,"Step-by-Step Reasoning**:
   - Identify the relevant probabilities for hospitalized individuals.
   - Compare the probability of broken bones for hospitalized individuals with respiratory issues (30%) to those without respiratory issues (29%).
   - Determine if the presence of respiratory issues increases the probability of broken bones in hospitalized individuals.

3. **Yes or No Answer**: Yes."
150,yes,"step-by-step reasoning:
   - Identify the probabilities of wet ground in both the dry and rainy seasons.
   - Compare these probabilities to determine if there's an increase from the dry to the rainy season.
   - Attribute the increase, if any, to the seasonal change and its effect on weather, considering sprinklers as a constant or secondary factor.

3. Yes."
151,yes,"Step-by-Step Reasoning**
1. Identify the probabilities of having a healthy heart for both groups: 71% for those not taking medication and 43% for those taking medication.
2. Compare these probabilities to determine if there's an increase in the chance of a healthy heart when taking medication.
3. Recognize that the comparison suggests taking medication is associated with a lower probability of a healthy heart, but consider that this association may not be causal due to underlying health conditions.

**Yes or No Answer**
No"
152,yes,"Step-by-Step Reasoning:**
1. Identify the two methods for analyzing the effect of smoking on lung cancer: Method 1 looks at the general correlation, and Method 2 examines the correlation according to gender.
2. Consider the benefits of each method: Method 1 provides a broad overview, while Method 2 offers detailed insights into gender-specific risks.
3. Recognize the importance of accounting for gender differences in disease incidence and progression.
4. Determine that a more detailed, subgroup-specific approach (Method 2) is generally more informative for understanding complex health issues like the impact of smoking on lung cancer.

**Yes or No Answer:** No"
153,yes,"Step-by-step reasoning:
1. Identify the probabilities of being a smoker and a nonsmoker.
2. Identify the probabilities of college admission for smokers and nonsmokers.
3. Calculate the overall probability of college admission by weighting the probabilities of admission by the proportion of smokers and nonsmokers.
4. Compare the calculated probability to 50% to determine if admission is more likely than rejection.

Yes or no answer: Yes."
154,yes,"Step-by-step reasoning:**
1. Identify given probabilities for clean water, polluted water, and cholera contraction rates for each.
2. Calculate the probability of cholera contraction for both clean and polluted water scenarios.
3. Sum these probabilities to find the overall probability of cholera contraction.
4. Compare this overall probability with the probability of cholera prevention (1 - overall probability of contraction).

**Yes or no answer:** No"
155,yes,"step by step. We know that high poverty or a global water company can lead to the availability of clean water. Additionally, the combination of high poverty and clean water can cause cholera contraction. Given that the person in question is served by a local water company and lives in a region with high poverty, we need to assess the likelihood of cholera contraction if the person has access to clean water instead of polluted water.

First, the presence of high poverty suggests that the conditions for cholera contraction are partially met, as high poverty is a factor that contributes to cholera when combined with clean water. However, the crucial factor here is the source and quality of the water. If the person is receiving clean water, the conditions for cholera contraction, as stated, are technically met because we have high poverty and clean water.

However, it's essential to clarify the relationship between clean water and cholera contraction as stated. Typically, clean water is expected to reduce the risk of cholera, not increase it. The statement that high poverty and clean water cause cholera contraction seems counterintuitive to general knowledge about cholera, which usually thrives in environments with poor sanitation and contaminated water. 

Despite this, following the logic provided: if the person has clean water instead of polluted water, and considering the unusual premise that clean water in the context of high poverty leads to cholera, then the person would indeed be at risk of cholera contraction under these specific, albeit unconventional, conditions.

2. Concise Step-by-Step Reasoning:
- High poverty contributes to conditions for cholera when combined with clean water.
- The person lives in a high-poverty region.
- The person has clean water.
- Following the given premise, high poverty + clean water = risk of cholera.

3. Yes or No Answer: Yes"
156,yes,"Step-by-Step Reasoning:
- Identify the probability of admission acceptance for non-males: 52%.
- Identify the probability of admission acceptance for males: 51%.
- Compare the probabilities to determine if there is a decrease for males.
- Since 51% is less than 52%, male gender is associated with a decrease in admission acceptance chance.

3. Yes or No Answer: Yes"
157,yes,"Step-by-Step Reasoning**
1. Identify the probability of lung cancer for individuals with nonsmoking genes: 39%.
2. Identify the probability of lung cancer for individuals with smoking genes: 48%.
3. Compare the two probabilities to determine if there's an increase in the chance of lung cancer with smoking genes.

**Yes or No Answer**
Yes"
158,yes,"Step-by-Step Reasoning**:
- Identify given probabilities: P(Vaccination) = 0.03, P(No Vaccination and Survival) = 0.39, P(Vaccination and Survival) = 0.01.
- Calculate P(No Vaccination) = 1 - P(Vaccination).
- Calculate conditional probabilities P(S|No V) and P(S|V) using the formula for conditional probability.
- Compare P(S|V) and P(S|No V) to determine if survival chance is larger with vaccination.

3. **Yes or No Answer**: No"
159,yes,"Step-by-Step Reasoning:**
1. Identify the two methods for analyzing the relationship between water quality and cholera incidence.
2. Consider the limitations of Method 1, which may overlook critical contextual factors like poverty.
3. Evaluate the benefits of Method 2, which accounts for poverty and thus offers a more nuanced understanding.
4. Determine that considering poverty (Method 2) is crucial for accurately assessing how water quality affects cholera.

**Yes or No Answer:** No"
160,yes,"Step-by-Step Reasoning:**
1. Compare the probability of a healthy heart for individuals with low blood pressure who are and are not taking medication.
2. Compare the probability of a healthy heart for individuals with high blood pressure who are and are not taking medication.
3. Consider how medication affects the prevalence of high blood pressure.
4. Determine if the overall effect of medication on heart health, as mediated by blood pressure, is positive.

**Yes or No Answer:** Yes"
161,yes,"**Full Response**
When considering the relationship between personality and appearance, it's essential to evaluate the approaches based on their directness and comprehensiveness. Method 1 suggests analyzing the correlation between personality and appearance on a case-by-case basis, specifically considering relationship status. This approach may provide detailed insights into how personality traits influence appearance within the context of relationships, potentially revealing patterns that are unique to partnered individuals or those in different types of relationships. On the other hand, Method 2 involves a more general analysis, looking directly at the correlation between personality and appearance without narrowing down to specific relationship statuses. This broader approach might uncover more universal patterns or trends that apply across various relationship statuses, offering a more comprehensive understanding of how personality affects appearance in general.

**Summary of Full Response**
1. Evaluate Method 1, which analyzes personality and appearance correlations case by case, considering relationship status.
2. Evaluate Method 2, which looks at the general correlation between personality and appearance without focusing on relationship status.
3. Determine which method provides a more direct and comprehensive understanding of how personality affects appearance.

**Yes or No Answer**
No"
162,yes,"Step-by-Step Reasoning:**
1. Calculate P(Lung Cancer | Smoking Gene) using given probabilities.
2. Calculate P(Lung Cancer | Nonsmoking Gene) for comparison.
3. Compare the two conditional probabilities to determine the relationship between the smoking gene and the likelihood of lung cancer.

**Yes or No Answer:** No"
163,yes,"Step-by-Step Reasoning:**
1. Calculate the probability of recovery for patients with low hospital bills: 0.5 * 0.67 = 0.335
2. Calculate the probability of recovery for patients with high hospital bills: 0.5 * 0.21 = 0.105
3. Calculate the overall probability of recovery: 0.335 + 0.105 = 0.44
4. Compare the overall probability of recovery to the probability of non-recovery (1 - 0.44 = 0.56) to determine if recovery is less likely.

**Yes or No Answer:** Yes"
164,yes,"Step-by-Step Reasoning:**
1. Calculate the probability of being unattractive: 100% - 52% = 48%.
2. Calculate the probability of talent among attractive and unattractive individuals: 52% * 16% and 48% * 16%.
3. Add the probabilities of talent among attractive and unattractive individuals to find the overall probability of talent: 8.32% + 7.68% = 16%.
4. Calculate the probability of lack of talent: 100% - 16% = 84%.
5. Compare the probabilities to determine if talent is less likely than lack of talent.

**Yes or No Answer:** Yes"
165,yes,"Step-by-Step Reasoning:
1. Identify the probability of the forest being on fire when a camper does not light a match: 87%.
2. Identify the probability of the forest being on fire when a camper lights a match: 53%.
3. Compare the two probabilities to determine which scenario has a higher likelihood of the forest being on fire.
4. Since 87% is greater than 53%, the forest is more likely to be on fire when the camper does not light a match.

Yes or No Answer: Yes"
166,yes,"Step-by-step reasoning:
1. Calculate the probability of recovery for patients receiving treatment: 57% * 61%.
2. Calculate the probability of recovery for patients not receiving treatment: 43% * 46%.
3. Add these probabilities to find the overall probability of recovery.
4. Compare the overall probability of recovery with the probability of non-recovery to determine if recovery is less likely.

Yes or no answer: No"
167,yes,"Step-by-Step Reasoning**:
- Identify the probabilities of lung cancer for smokers and nonsmokers in both genetic groups.
- Calculate the increase in lung cancer risk due to smoking for each genetic group.
- Compare the increases to determine if the smoking gene amplifies the risk of lung cancer through smoking.

3. **Yes or No Answer**: No"
168,yes,"Full Response:
To determine the most accurate method for understanding how education level affects salary, we must consider the nuances of both approaches. Method 1 involves analyzing the correlation between education level and salary on a case-by-case basis according to skill. This method allows for a detailed examination of how different skills, which are often developed or enhanced through education, impact earnings. It acknowledges that the relationship between education and salary can vary significantly depending on the specific skill set and industry. On the other hand, Method 2 involves looking directly at the general correlation between education level and salary, which provides a broader overview but may overlook the complexities and variations introduced by different skills and fields.

This method might mask important details about how specific skills, acquired through education, influence salary. For instance, a highly skilled programmer with a degree in computer science may earn a significantly higher salary than a teacher with a degree in education, even if both have the same level of education. Method 1 accounts for these disparities by examining the impact of education on salary within the context of specific skills and industries.

Summary of Full Response:
1. Method 1 analyzes education level and salary correlation case by case according to skill.
2. Method 2 looks at the general correlation between education level and salary.
3. Method 1 provides a more nuanced understanding by accounting for variations in skills and industries.

Yes or No Answer: Yes"
169,no,"step-by-step reasoning for choosing between these methods involves:
   - Identifying the goal: Understanding the impact of Alice waking up on her arrival at school.
   - Evaluating Method 1: It provides a general overview but may overlook crucial factors like traffic.
   - Evaluating Method 2: It offers a detailed analysis considering variables like traffic, potentially providing a more accurate understanding of the situation.
   - Comparing the methods: Method 2 accounts for specific conditions (e.g., traffic) that directly influence the commute, making it a more nuanced approach.

3. No."
170,yes,"Step-by-Step Reasoning**:
   - Identify the probability of lung cancer in the smoking gene group: 35%.
   - Identify the probability of lung cancer in the nonsmoking gene group: 7%.
   - Compare these probabilities to determine if the smoking gene is associated with a higher chance of lung cancer.
   - Since 35% (smoking gene) > 7% (nonsmoking gene), the smoking gene is associated with a higher probability of lung cancer.

3. **Yes or No Answer**: Yes"
171,no,"Step-by-Step Reasoning**:
- Calculate the overall probability of a dark room, P(D), by summing P(B and D) and P(not B and D).
- Calculate P(D|B) using Bayes' theorem or directly by dividing P(B and D) by P(B).
- Compare P(D|B) with P(D) to determine if the chance of a dark room is larger when the candle is blown out.

3. **Yes or No Answer**: 
To directly answer the question based on the provided calculations and without explicitly calculating P(D|B) in the step-by-step reasoning, we acknowledge that to determine if the chance of a dark room is larger when observing blowing out the candle, we compare the conditional probability P(D|B) to the overall probability of a dark room. The calculation of P(D|B) = 0.09 / 0.16 gives us 0.5625. The overall probability of a dark room, P(D), is 0.83. Since 0.5625 is less than 0.83, the answer to whether the chance of a dark room is larger when observing blowing out the candle is **No**."
172,yes,"step-by-step reasoning:
1. Identify the key factor influencing treatment effectiveness: kidney stone size.
2. Consider how each method accounts for this factor: Method 1 does not, while Method 2 does.
3. Determine which method provides a more accurate understanding of treatment effects based on this factor.

Yes or no answer: No"
173,yes,"Step-by-Step Reasoning:**
1. **Understanding the Goal**: The aim is to understand the impact of education level on salary.
2. **Analyzing Method 1**: It offers a detailed, case-by-case analysis according to skill, providing nuanced insights into how education affects salary in different contexts.
3. **Analyzing Method 2**: It provides a general overview of the correlation between education and salary, lacking the specificity and detail of Method 1.
4. **Comparing Methods**: Method 1 is more detailed and accounts for variations, making it more suitable for understanding the nuanced relationship between education and salary.
5. **Conclusion**: Given the goal, Method 1 is more appropriate for gaining a comprehensive understanding of how education level affects salary.

**Yes or No Answer**: Yes"
174,yes,"Step-by-Step Reasoning**:
    - Calculate the probability of recovery given treatment: 40% / 50% = 80%.
    - Calculate the probability of recovery given no treatment: 16% / 50% = 32%.
    - Compare the probabilities to determine if recovery chance is smaller with treatment.

3. **Yes or No Answer**: No."
175,yes,"Step-by-step reasoning:
   - Identify the probabilities of wet ground in both the dry and rainy seasons.
   - Compare the probabilities to determine the effect of the season on the ground condition.
   - Recognize that the increase in probability from dry to rainy season suggests a positive effect of the season on the ground being wet.

3. Yes."
176,yes,"Step-by-Step Reasoning**
1. Identify the probability of admission acceptance for non-males: 67%.
2. Identify the probability of admission acceptance for males: 61%.
3. Compare the probabilities: 67% (non-males) > 61% (males).
4. Conclusion: Being male is associated with a lower probability of admission acceptance.

**Yes or No Answer**
Yes"
177,no,"step-by-step reasoning involves:
   - Identifying the probability of death when the prisoner is released: 34%.
   - Identifying the probability of death when the prisoner is executed: 80%.
   - Comparing these probabilities to determine if executing the prisoner decreases the chance of death.

3. No."
178,yes,"Step-by-Step Reasoning**:
- Identify the probabilities of a child being intelligent given parental intelligence and social status.
- Consider the potential mediating role of social status in the relationship between parental intelligence and child's intelligence.
- Assess if having intelligent parents is associated with a lower chance of the child being intelligent, particularly when controlling for social status.
- Recognize the potential influence of the confounder on these relationships.

3. **Yes or No Answer**: No."
179,yes,"Step-by-step reasoning:
1. Calculate the probability of the captain releasing the prisoner: 100% - 69% = 31%.
2. Calculate the probability of death given execution: 69% * 64% = 44.16%.
3. Calculate the probability of death given release: 31% * 23% = 7.13%.
4. Calculate the overall probability of the prisoner's death: 44.16% + 7.13% = 51.29%.
5. Compare the overall probability of death (51.29%) to the probability of being alive (48.71%).

Yes or no answer: Yes."
180,yes,"Step-by-Step Reasoning**:
- Calculate the overall probability of the alarm ringing.
- Calculate the probability of the alarm ringing given it was set by the husband using conditional probability.
- Compare the two probabilities to determine if the chance of the alarm ringing is larger when set by the husband.

3. **Yes or No Answer**: Yes"
181,yes,"Step-by-step reasoning:
1. **Understanding the Objective**: The goal is to understand how personality affects appearance.
2. **Analyzing Method 1**: This method considers the impact of relationship status on the correlation between personality and appearance, allowing for a nuanced, context-specific analysis.
3. **Analyzing Method 2**: This method provides a general overview of the correlation without considering specific contexts like relationship status.
4. **Comparing Methods**: Method 1 offers a more detailed insight into how personality influences appearance in different contexts, whereas Method 2 gives a general insight without considering contextual factors.
5. **Conclusion**: Given that understanding how personality affects appearance can be highly context-dependent, Method 1 is more tailored to capture these nuances compared to the more generalized approach of Method 2.

Yes or no answer: Yes."
182,yes,"Step-by-step reasoning:
1. Calculate the percentage of the population without a college degree who have a high salary: 0.18 * 0.08 = 0.0144 or 1.44%.
2. Calculate the percentage of the population with a college degree or higher who have a high salary: 0.38 * 0.92 = 0.3496 or 34.96%.
3. Add the percentages of the population with high salaries from both groups: 1.44% + 34.96% = 36.4%.
4. Compare the total percentage with high salaries (36.4%) to the percentage with low salaries (100% - 36.4% = 63.6%).

Yes or no answer: Yes."
183,yes,"Step-by-step reasoning:
1. Understand given probabilities: 56% for increased supply, 24% for reduced supply and increased price, and 8% for increased supply and increased price.
2. Recognize the question is about conditional probability: Is P(increased price | increased supply) > P(increased price) or its complement?
3. Calculate conditional probability of increased price given increased supply: 8% / 56%.
4. Compare or consider implications: Without a direct comparison to overall increased price probability, consider if increased supply influences increased price probability.

Yes or no answer: No"
184,yes,"Step-by-Step Reasoning**:
- Identify the probabilities of high salary for males and non-males in different job categories.
- Compare these probabilities to determine if there's a consistent trend.
- Disregard the influence of occupation (blue-collar vs. white-collar) on the salary.
- Assess if being male is associated with a higher probability of high salary across the given scenarios.

3. **Yes or No Answer**: Yes"
185,yes,"Step-by-step reasoning:
1. Calculate the probability of nonsmoking: 100% - 11% (smoking probability) = 89%.
2. Calculate the probability of lung cancer given smoking: 6% (smoking and lung cancer) / 11% (smoking) = 54.54%.
3. Calculate the probability of lung cancer given nonsmoking: 27% (nonsmoking and lung cancer) / 89% (nonsmoking) = 30.34%.
4. Compare the probabilities of lung cancer given smoking and nonsmoking to determine if the chance of lung cancer is smaller when observing smoking.

Yes or no answer: No."
186,yes,"Step-by-Step Reasoning:
1. Identify the probability of lung cancer for people with nonsmoking genes: 78%.
2. Identify the probability of lung cancer for people with smoking genes: 58%.
3. Compare the two probabilities to determine which group has a higher risk of lung cancer.
4. Recognize that a lower percentage indicates a lower risk.
5. Conclude that smoking genes are associated with a lower risk of lung cancer compared to nonsmoking genes.

Yes or No Answer: Yes"
187,yes,"Step-by-step reasoning:**
1. Consider the general approach of Method 1, which looks at broad correlations between personality and appearance.
2. Consider the more nuanced approach of Method 2, which examines these correlations in the context of relationship status.
3. Recognize that relationship dynamics can significantly influence how personality is expressed through appearance.
4. Determine that a method considering these dynamics (Method 2) would be more accurate for understanding the complex relationship between personality and appearance.

**Yes or no answer:** No"
188,yes,"Step-by-step reasoning:
   - Identify the admission probabilities for each gender in both competitive and non-competitive departments.
   - Compare the probabilities to see if being male consistently offers higher chances of admission across both types of departments.
   - Consider the probabilities of being in a competitive department for each gender.
   - Analyze if the difference in admission rates between genders can be attributed to the department type or if gender independently influences admission status.

3. Yes."
189,yes,"Step-by-Step Reasoning**:
   - Identify the relevant probabilities for people in relationships: 62% for those with mean personalities and 67% for those with kind personalities.
   - Compare these probabilities to determine if kindness increases the chance of attractive appearance in relationships.
   - Since 67% (kind personalities) is greater than 62% (mean personalities), kindness is associated with a higher probability of attractive appearance among people in relationships.

3. **Yes or No Answer**: Yes"
190,yes,"Step-by-Step Reasoning**:
- Identify the probabilities of the alarm ringing in different scenarios of husband and wife setting the alarm.
- Analyze the impact of the husband's action on the wife's likelihood of setting the alarm.
- Consider how these combined actions affect the overall probability of the alarm ringing.
- Determine if there's a positive correlation between the husband's influence on the wife's actions and the alarm ringing.

3. **Yes or No Answer**: No."
191,yes,"Step-by-Step Reasoning:**
1. Identify the probabilities of high salary for each gender and occupation combination.
2. Recognize the higher probabilities of high salaries for males in both blue-collar and white-collar jobs.
3. Note the higher probabilities of males securing white-collar jobs, which are associated with higher salaries.
4. Deduce that, based on the provided probabilities, being male is associated with a higher likelihood of achieving a high salary.
5. Conclude that gender appears to affect salary, with males having an advantage.

**Yes or No Answer:** No"
192,yes,"Step-by-Step Reasoning:**
1. Identify the probabilities of taking the elevator and the stairs.
2. Identify the probabilities of penguin death for each transportation choice.
3. Calculate the overall probability of penguin death using the weighted sum of the probabilities for each option.
4. Compare the overall probability of penguin death to the probability of penguin lives.

**Yes or No Answer:** No"
193,yes,"Step-by-step reasoning:
   - Identify the probability of a child being intelligent with unintelligent parents: 31%.
   - Identify the probability of a child being intelligent with intelligent parents: 62%.
   - Compare the two probabilities to determine if there's an increase when parents are intelligent.

3. Yes."
194,yes,"Step-by-Step Reasoning**:
   - Calculate the probability of the captain ordering the prisoner's release: 100% - 19% = 81%.
   - Calculate the probability of death if the prisoner is executed: 19% * 73% = 13.87%.
   - Calculate the probability of death if the prisoner is released: 81% * 19% = 15.39%.
   - Sum these probabilities to find the overall probability of death: 13.87% + 15.39% = 29.26%.
   - Compare this to the probability of being alive (100% - 29.26% = 70.74%) to determine if death is less likely.

3. **Yes or No Answer**: Yes."
195,yes,"Step-by-Step Reasoning:**
1. Identify the conditions given: Male gender with no treatment does not lead to recovery.
2. Identify the recovery condition: Being male or receiving treatment leads to recovery.
3. Patient's gender is not male, so the ""being male"" condition is irrelevant for this patient.
4. Since receiving treatment is a condition that leads to recovery regardless of gender, apply this to the patient.
5. Conclusion: Receiving treatment should lead to recovery for the patient.

**Yes or No Answer:** Yes"
196,yes,"Step-by-Step Reasoning**:
   - Calculate P(CA|NS) using P(NS and CA) and P(NS).
   - Calculate P(CA|S) using P(S and CA) and P(S).
   - Calculate the overall P(CA) using the law of total probability.
   - Compare P(CA|S) with P(CA) to determine if the chance of college admission is smaller when observing smoking.

3. **Yes or No Answer**: No"
197,yes,"Step-by-Step Reasoning:
- Identify the baseline risk for individuals with smoking genes: 39%.
- Consider the risk for individuals with nonsmoking genes: 35%.
- Determine if having a nonsmoking gene could reduce the risk for those with smoking genes based on the provided probabilities.

3. Yes or no answer: Yes"
198,yes,"Step-by-Step Reasoning**:
- Calculate the overall probability of penguin death when taking the stairs by combining the probabilities of the penguin being happy or sad and the associated death rates: (0.20 * 0.73) + (0.80 * 0.75).
- Calculate the overall probability of penguin death when taking the elevator, which is directly given as 32% since the penguin is always happy.
- Compare the two overall probabilities to determine if taking the stairs negatively affects penguin survival.

3. **Yes or No Answer**: Yes."
199,yes,"Step-by-step reasoning:
1. Identify given probabilities: 91% for tanning salon treatment, 5% for no treatment and tanned skin, and 11% for treatment and tanned skin.
2. Understand that to compare the chance of tanned skin, we need to consider the context of tanning salon treatment.
3. Recognize that the 11% with both tanning salon treatment and tanned skin is a subset of the 91% who had treatment, implying a higher likelihood of tanned skin among those treated compared to the overall population or those not treated.

Yes or no answer: Yes."
200,yes,"Step-by-Step Reasoning:
- Identify the probability of admission acceptance for males: 36%.
- Identify the probability of admission acceptance for non-males: 48%.
- Compare the probabilities to determine if not being male would result in a lower likelihood of admission acceptance.
- Since 48% (non-male) is greater than 36% (male), not being male would actually increase the likelihood of admission acceptance, not decrease it.

3. Yes or No Answer: No"
201,yes,"Step-by-Step Reasoning:
- Step 1: Identify the goal - understanding how hospital costs affect recovery.
- Step 2: Consider Method 1, which looks at the general correlation between hospital costs and recovery.
- Step 3: Consider Method 2, which examines the correlation case by case according to age.
- Step 4: Recognize the importance of age as a factor in recovery and the potential for different age groups to respond differently to hospital spending.
- Step 5: Determine that a more detailed, age-stratified analysis (Method 2) is likely to provide a more accurate and actionable understanding of the relationship between hospital costs and recovery.

3. Yes or No Answer: No"
202,yes,"Step-by-Step Reasoning**:
- Calculate the probability of a healthy heart for individuals not taking medication considering both low and high blood pressure.
- Calculate the probability of a healthy heart for individuals taking medication considering both low and high blood pressure.
- Compare the two probabilities to determine the effect of medication on heart condition.

3. **Yes or No Answer**: Yes"
203,yes,"Step-by-Step Reasoning:
- Identify the goal: Understand how maternal smoking affects infant birth weight.
- Consider Method 1: Analyzes the relationship case by case, considering unobserved confounders.
- Consider Method 2: Looks at the general correlation without accounting for confounders.
- Evaluate the importance of controlling for confounders in causal analysis.
- Determine which method provides a more accurate representation of the relationship.

3. Yes or no answer: Yes"
204,yes,"Step-by-Step Reasoning:
- Identify the probability of smallpox survival for unvaccinated individuals: 31%.
- Identify the probability of smallpox survival for vaccinated individuals: 41%.
- Compare the two probabilities to determine if there is an increase in survival rate among vaccinated individuals.
- Since 41% is greater than 31%, vaccination increases the chance of smallpox survival.

3. Yes or No Answer: Yes"
205,yes,"Step-by-step reasoning:
1. Calculate the probability of tanned skin given tanning salon treatment by dividing the probability of tanning salon treatment and tanned skin by the probability of tanning salon treatment.
2. Calculate the overall probability of tanned skin by adding the probabilities of tanning salon treatment and tanned skin, and no tanning salon treatment and tanned skin.
3. Compare the calculated probability of tanned skin given tanning salon treatment with the overall probability of tanned skin to determine if the chance of tanned skin is larger with tanning salon treatment.

Yes or no answer: Yes."
206,yes,"Step-by-Step Reasoning**
1. Identify the given probabilities of lung cancer for smokers and nonsmokers.
2. Recognize the association between smoking, tar deposit, and lung cancer.
3. Understand the biological effects of tar deposit in the lungs, including inflammation and genetic mutations.
4. Correlate the higher incidence of lung cancer in smokers with the negative health effects of tar deposit.

**Yes or No Answer**
Yes"
207,yes,"Step-by-Step Reasoning**:
   - Identify the probability of being attractive (56%) and unattractive (44%).
   - Note the probability of talent is 9% for both attractive and unattractive individuals.
   - Since the talent probability is the same for both groups, the overall probability of talent remains 9%.
   - Calculate the probability of lack of talent as 100% - 9% = 91%.
   - Conclude that talent is less likely than lack of talent.

3. **Yes or No Answer**: No"
208,yes,"Step-by-Step Reasoning:**
1. Identify the probabilities of citrus intake and no citrus intake.
2. Identify the probabilities of scurvy given citrus intake and no citrus intake.
3. Calculate the probability of scurvy for each scenario.
4. Add these probabilities to find the overall probability of scurvy.
5. Compare the overall probability of scurvy to 0.5 to determine if scurvy is more likely than no scurvy.

**Yes or No Answer:** Yes"
209,no,"Step-by-step reasoning:
   - Identify the probability of high salary without a college degree: 54%.
   - Identify the probability of high salary with a college degree or higher: 83%.
   - Compare the two probabilities to determine the effect of having a college degree on the chance of high salary.
   - Since 83% is greater than 54%, having a college degree or higher increases the chance of a high salary, rather than decreasing it.

3. No"
210,yes,"Step-by-Step Reasoning:
- Identify recovery probabilities for each age and payment group.
- Compare recovery probabilities between high and low hospital bill payments within each age group.
- Consider the overall probability of old age and its potential impact on the analysis.
- Determine if paying a low hospital bill is associated with a higher recovery rate in both age groups.

3. Yes or No Answer: Yes"
211,yes,"Step-by-Step Reasoning**:
- Calculate the overall probability of lung cancer for nonsmokers and smokers.
- Compare the probabilities of lung cancer with and without tar deposits for both groups.
- Determine if the presence of tar deposit (more likely in smokers) increases the risk of lung cancer.
- Interpret the question's phrasing regarding ""negatively affects"" in the context of increased risk.

3. **Yes or No Answer**: No"
212,yes,"step-by-step reasoning:
1. Calculate the probability of recovery for patients receiving treatment: 0.65 * 0.63 = 0.4095.
2. Calculate the probability of recovery for patients not receiving treatment: 0.35 * 0.37 = 0.1295.
3. Calculate the overall probability of recovery: 0.4095 + 0.1295 = 0.539.
4. Compare the overall probability of recovery to the probability of non-recovery: 0.539 > 0.461.

Yes or no answer: No."
213,yes,"Step-by-step reasoning:
   - Identify the probability of death when a prisoner is released: 34%.
   - Identify the probability of death when a prisoner is executed: 57%.
   - Compare the two probabilities to determine if executing increases the chance of death.

3. Yes."
214,yes,"Step-by-Step Reasoning**:
- Identify given probabilities.
- Calculate the probability of not taking any drugs.
- Understand that to compare the chance of low cholesterol, we need the overall probability of low cholesterol and the probability of low cholesterol when taking all assigned drugs.
- Recognize that the probability of low cholesterol when taking all drugs is directly given.

3. **Yes or No Answer**: 
To directly answer if the chance of low cholesterol is larger when observing the taking of all assigned drugs, we compare the probability of low cholesterol when taking all assigned drugs (17%) to the scenario where we do not have this condition. However, the question essentially asks for a comparison that requires calculating or inferring the overall probability of low cholesterol or comparing conditional probabilities. Given the data, we see that 17% of people take all their drugs and have low cholesterol, and 24% do not take any drugs but have low cholesterol. Without the total probability of low cholesterol, we must reason based on given data.

Given the provided probabilities, the comparison to make is whether the 17% (probability of taking all drugs and having low cholesterol) is indicative of a higher chance of low cholesterol when taking all assigned drugs compared to the general population or other conditions. The probability of low cholesterol is not directly given for all cases, making a direct comparison challenging without additional calculations or data. However, the question seems to imply a comparison that isn't fully supported by the given data without making assumptions about the total population's cholesterol levels.

The answer to whether the chance of low cholesterol is larger when observing the taking of all assigned drugs, based on the given data and typical probability principles, would be informed by comparing conditional probabilities or overall probabilities, which we cannot fully calculate from the provided information. Therefore, the direct comparison to answer the question as posed isn't fully supported by the data given. 

**Yes or No**: No"
215,yes,"Step-by-Step Reasoning**
1. Consider the overall approach of Method 1, which looks at gender correlation with admission status in general.
2. Recognize the limitations of Method 1, including its inability to account for variations across different departments.
3. Examine Method 2, which analyzes the correlation case by case according to department competitiveness.
4. Acknowledge that Method 2 provides a more detailed and nuanced understanding by considering departmental differences.
5. Determine that understanding the impact of gender on admission status requires considering the specific contexts of different departments.

**Yes or No Answer**
No"
216,yes,"Step-by-Step Reasoning**:
- Identify given probabilities: 43% smoking mothers, 49% nonsmoking mothers with normal birth weight, 17% smoking mothers with normal birth weight.
- Recognize the need for overall probability of normal birth weight or conditional probabilities to make a direct comparison.
- Compare available probabilities: 17% (smoking with normal birth weight) vs. 49% (nonsmoking with normal birth weight), noting the latter does not account for all nonsmoking mothers but implies a higher likelihood of normal birth weight among nonsmokers than the given for smokers.

3. **Yes or No Answer**: No"
217,no,"Step-by-step reasoning:
   - Identify the given probabilities for wet ground in different seasons.
   - Consider how weather patterns (dry vs. rainy seasons) directly affect ground moisture.
   - Recognize that sprinkler systems could be a factor in maintaining ground moisture, potentially influenced by the season.
   - Analyze if the change in probability from dry to rainy season indicates a negative or positive effect on ground conditions due to seasonal changes.

3. No."
218,no,"Step-by-step reasoning:
   - Identify the probabilities of wet ground in both seasons.
   - Compare these probabilities to determine if there's an increase in the rainy season.
   - Consider the implications of the comparison on the effect of the season on ground conditions through weather.

3. No."
219,yes,"Step-by-Step Reasoning**
1. Understand the context of cholera outbreaks and their association with poor sanitation and hygiene.
2. Recognize that Method 1 considers the impact of poverty on the relationship between water quality and cholera.
3. Acknowledge that Method 2 provides a direct and broader analysis of the water quality-cholera relationship without the poverty variable.
4. Determine that understanding the general correlation (Method 2) is more fundamental and universally applicable than the context-specific approach (Method 1).

**Yes or No Answer**
No"
220,yes,"Step-by-Step Reasoning**
1. Identify the given probabilities: 60% chance of scurvy for non-citrus consumers and 74% for citrus consumers.
2. Compare the probabilities: The probability of scurvy is higher for those consuming citrus.
3. Consider the known effects of citrus on scurvy: Citrus is expected to reduce the risk of scurvy due to its vitamin C content.
4. Analyze the contradiction: The data provided contradicts the known nutritional benefits of citrus in preventing scurvy.

**Yes or No Answer**
No"
221,yes,"Step-by-Step Reasoning:**
1. Identify the probabilities of high salary for males and non-males across different occupations.
2. Compare these probabilities to determine if there's an apparent trend favoring one gender.
3. Recognize the limitation in directly calculating the effect of gender on salary without considering occupation.
4. Infer based on the given data and the apparent trend.

**Yes or No Answer:** Yes"
222,yes,"Step-by-Step Reasoning:**
1. Understand the relationships given: High poverty and global water company lead to clean water, and high poverty with clean water leads to cholera.
2. Recognize the contradiction in the expected relationship between clean water and cholera contraction.
3. Consider the specific conditions of the person in question: low poverty and served by a local water company.
4. Determine the effect of polluted water on cholera contraction based on typical understandings of waterborne diseases.

**Yes or No Answer:** No"
223,yes,"Step-by-Step Reasoning**
1. Identify the confounding variable: Smoking is a known risk factor for lung cancer.
2. Consider how each method accounts for the confounding variable: Method 1 controls for smoking, while Method 2 does not.
3. Determine the potential impact of not controlling for the confounding variable: Failing to account for smoking could lead to misleading conclusions about the gene's effect on lung cancer.
4. Choose the method that best controls for confounding variables: Method 1 is more appropriate because it considers the effect of smoking.

**Yes or No Answer**
Yes"
224,yes,"Step-by-Step Reasoning:
1. Method 1 analyzes supply and price correlation case by case, considering specific demand.
2. Method 2 analyzes supply and price correlation in general, without considering specific demand.
3. Demand plays a crucial role in determining the relationship between supply and price.
4. Method 1 takes into account the unique demand characteristics of each case, while Method 2 does not.

Yes or No Answer: Yes"
225,yes,"Step-by-step reasoning:
1. Calculate the probability of a high exam score for encouraged students: 0.15 * 0.64.
2. Calculate the probability of a high exam score for not encouraged students: 0.85 * 0.30.
3. Add these probabilities to find the overall probability of a high exam score: 0.096 + 0.255 = 0.351 or 35.1%.
4. Compare the overall probability of a high exam score (35.1%) to the midpoint (50%) to determine if it's more likely than a low exam score.

Yes or no answer: No."
226,yes,"Step-by-step reasoning:
   - Identify the probabilities of death based on the captain's action: 40% for release, 83% for execution.
   - Recognize the question's implication that the captain's decision could influence the prisoner's fate through intermediaries (corporal and private).
   - Since the probabilities directly relate to the captain's actions, it suggests the captain's decision affects the outcome.

3. Yes."
227,yes,"Step-by-step reasoning:
1. Calculate the overall probability of high salary by adding the probabilities of high salary across education levels.
2. Determine the conditional probability of high salary given college degree or higher and high school degree or lower.
3. Compare these conditional probabilities to assess the relationship between education level and the chance of high salary.

Yes or no answer: No."
228,yes,"Step-by-Step Reasoning:
1. Identify the given probabilities: 75% chance of the forest on fire without a match, 59% with a match.
2. Compare the probabilities: The probability without a match (75%) is higher than with a match (59%).
3. Determine the effect of lighting a match: Since 59% (with a match) is less than 75% (without a match), lighting a match does not increase the chance of the forest catching on fire; it decreases it according to the provided data.

Yes or No Answer: No"
229,yes,"Step-by-step reasoning:
1. Identify the relevant probabilities for people in a relationship.
2. Compare the probability of attractive appearance for people with mean personalities in a relationship (43%) to those with kind personalities in a relationship (37%).
3. Determine if the probability decreases with kindness by comparing the two values.

Yes or no answer: Yes."
230,yes,"Step-by-Step Reasoning:
- Identify the probabilities of lung cancer in smokers and nonsmokers.
- Recognize the difference in probabilities as an indicator of risk.
- Associate the increased risk with the known effects of smoking, including tar deposit in the lungs.
- Conclude that the increased risk of lung cancer in smokers is likely due to factors associated with smoking, such as tar deposit.

3. Yes or no answer: Yes"
231,yes,"Step-by-Step Reasoning:
1. Identify the key factor influencing treatment outcome: Kidney stone size affects treatment and recovery.
2. Compare the methods: Method 1 considers stone size, while Method 2 does not.
3. Determine the relevance of specifics: For conditions like kidney stones, specifics (like size) are crucial for treatment effectiveness.
4. Choose the method that accounts for these specifics: Method 1 is more detailed and relevant.

Yes or No Answer: Yes"
232,yes,"Step-by-Step Reasoning**:
- Identify given probabilities: 10% vaccinated, 38% unvaccinated and survived, 6% vaccinated and survived.
- Calculate survival rate among vaccinated: 6% is 60% of the 10% vaccinated.
- Compare survival rates: 38% of unvaccinated vs. 60% of vaccinated survived.
- Determine if vaccination observation affects survival chance comparison.

3. **Yes or No Answer**: No"
233,yes,"Step-by-Step Reasoning:**
1. Identify given probabilities: 15% for setting the alarm, 82% for ringing when not set, and 24% for ringing when set.
2. Calculate the probability of not setting the alarm: 100% - 15% = 85%.
3. Calculate the probability of the alarm ringing in both scenarios: (0.85 * 0.82) for not set and (0.15 * 0.24) for set.
4. Add these probabilities to find the overall probability of the alarm ringing: 0.697 + 0.036 = 0.733.
5. Compare the overall probability to 50% to determine if ringing is more likely than silent.

**Yes or No Answer:** Yes"
234,yes,"Step-by-step reasoning:
1. **Understanding the Goal**: The objective is to comprehend the impact of vaccination status on smallpox survival.
2. **Evaluating Method 1**: It provides a general overview of the correlation between vaccination and survival, useful for broad trends.
3. **Evaluating Method 2**: It offers a detailed analysis based on individual vaccination reactions, useful for nuanced understanding.
4. **Comparing Methods**: Method 1 is more straightforward and gives an overall picture, while Method 2 provides detailed insights into variable responses.
5. **Conclusion**: For an initial understanding, Method 1 might be more straightforward, but for a deeper, more actionable insight, Method 2 is preferable.

Yes or no answer: No."
235,yes,"Step-by-step reasoning:
1. Calculate the probability of reduced supply: 100% - 61% = 39%.
2. Calculate the probability of increased price given each supply scenario.
3. Calculate the overall probability of increased price by adding the products of the probability of each supply scenario and the probability of increased price given that scenario.
4. Compare the overall probability of increased price to 50% to determine if it's more likely than reduced price.

Yes or no answer: No."
236,yes,"Step-by-Step Reasoning:
- Identify the probabilities given: 51% for not blowing out candles and 93% for blowing out candles.
- Understand the question is about comparing the likelihood of a dark room based on the action taken by someone who would normally blow out candles.
- Recognize that if the person didn't blow out the candle, the relevant probability is 51%, which is less than 93%.

3. Yes or No Answer: Yes"
237,yes,"Step-by-Step Reasoning**
1. Identify the probability of a child being intelligent with unintelligent parents: 31%.
2. Identify the probability of a child being intelligent with intelligent parents: 62%.
3. Compare the two probabilities to determine if there is an increase in the chance of having an intelligent child when the parents are intelligent.

**Yes or No Answer**
Yes"
238,yes,"Step-by-Step Reasoning:**
1. Calculate the probability of no treatment: 100% - 52% = 48%.
2. Calculate the probability of recovery given treatment: 10% / 52% = 19.23%.
3. Calculate the probability of recovery given no treatment: 29% / 48% = 60.42%.
4. Compare the probabilities of recovery given treatment and no treatment to determine which is smaller.

**Yes or No Answer:** Yes"
239,yes,"Step-by-Step Reasoning:
- Identify the probabilities of admission acceptance for males and non-males.
- Compare these probabilities to determine the likelihood of admission acceptance if a male were not male.
- Recognize that a higher probability (53% for non-males) compared to a lower probability (41% for males) means being non-male is associated with a higher chance of admission acceptance.

3. Yes or No Answer: No"
240,yes,"Step-by-Step Reasoning:
- Step 1: Identify the goal - to understand how gender affects admission status.
- Step 2: Evaluate Method 1 - looks at gender correlation with admission status in general, lacking departmental specificity.
- Step 3: Evaluate Method 2 - examines the correlation case by case according to department competitiveness, offering departmental specificity.
- Step 4: Determine which method provides a more nuanced understanding of the issue, considering departmental variations.

3. Yes or No Answer: No"
241,yes,"Step-by-Step Reasoning**:
   - Identify the two methods for analyzing the effect of smoking on college admission.
   - Evaluate Method 1 for its broad, general approach and potential to overlook individual factors.
   - Evaluate Method 2 for its nuanced approach, considering individual effort and its potential to provide a more accurate understanding.
   - Compare the two methods based on their ability to account for variables that influence college admission.

3. **Yes or No Answer**: No."
242,no,"Step-by-step reasoning:
   - Identify the probability of high salary for males: 78%.
   - Identify the probability of high salary for non-males: 39%.
   - Compare the probabilities to determine the effect of male gender on the chance of high salary.
   - If the probability for males is lower than for non-males, then male gender decreases the chance of high salary. Otherwise, it does not.

3. No."
243,yes,"Step-by-step reasoning:
1. Calculate the probability of a dark room given that the candle is blown out multiplied by the probability of blowing out the candle: 0.56 * 0.05.
2. Calculate the probability of a dark room given that the candle is not blown out multiplied by the probability of not blowing out the candle: 0.89 * 0.95.
3. Add the results from steps 1 and 2 to find the overall probability of a dark room.
4. Compare this overall probability to 50% to determine if a dark room is more likely than a bright room.

Calculations:
- Overall probability of a dark room = (0.56 * 0.05) + (0.89 * 0.95) = 0.028 + 0.8455 = 0.8735 or 87.35%.

Since 87.35% is greater than 50%, a dark room is more likely than a bright room overall.

Yes or no answer: Yes"
244,yes,"Step-by-Step Reasoning**:
    - Identify given probabilities.
    - Calculate the probability of nonsmoking.
    - Understand that to compare the chance of college admission, we need conditional probabilities.
    - Calculate the conditional probability of college admission given smoking and given nonsmoking.
    - Compare these conditional probabilities to answer the question.

3. **Yes or No Answer**: No"
245,yes,"Step-by-Step Reasoning**:
- Identify the given probabilities for nonsmokers and smokers regarding tar deposit and lung cancer.
- Analyze how the presence of tar deposit affects the probability of lung cancer in both groups.
- Consider the general knowledge about the relationship between smoking, tar, and lung cancer.
- Recognize the apparent paradox in the given probabilities regarding tar deposit and lung cancer risk.
- Determine if the information provided supports the notion that smoking positively affects lung cancer risk through tar deposit.

3. **Yes or No Answer**: No"
246,yes,"Step-by-Step Reasoning:
- Identify the probabilities of admission acceptance based on gender and department type.
- Compare these probabilities to assess any advantage or disadvantage by gender.
- Consider how residency status affects department competitiveness and overall admission outcomes.
- Determine if being male provides a positive effect on admission status, specifically through the influence of department competitiveness.

3. Yes or No Answer: No"
247,yes,"Step-by-step reasoning:
1. Calculate the probability of a nonsmoking mother and a smoking mother.
2. Calculate the probability of normal infant birth weight for both nonsmoking and smoking mothers.
3. Find the overall probability of normal infant birth weight by adding the probabilities of normal birth weight for both scenarios.
4. Compare the overall probability of normal infant birth weight with 50% to determine if it is more or less likely than low infant birth weight.

Yes or no answer: No."
248,no,"step-by-step reasoning:
1. Calculate the probability of reduced supply: 100% - 46% = 54%.
2. Calculate the weighted average of the probabilities of increased price in both situations: (0.54 * 0.66) + (0.46 * 0.36).
3. Determine if the overall probability of increased price is less than 50%.

The final answer is: No."
249,yes,"Step-by-Step Reasoning:
1. **Identify given probabilities**: The probability of blowing out the candle (\(P(B)\)) is 5%, and the probability of both blowing out the candle and the room being dark (\(P(B \cap D)\)) is 3%.
2. **Calculate conditional probability**: Find \(P(D|B)\) to understand the probability of a dark room given the candle is blown out.
3. **Compare and conclude**: Without direct comparison to \(P(D)\) or \(P(D|¬B)\) due to data interpretation issues, we focus on the implications of \(P(D|B)\).

### Yes or No Answer:
No"
250,yes,"Step-by-step reasoning:
1. Identify the relevant probabilities for famous individuals: 
   - Unattractive and famous: 29% chance of talent.
   - Attractive and famous: 21% chance of talent.
2. Compare the probabilities of talent between attractive and unattractive famous individuals.
3. Determine if the probability of talent decreases when appearance is attractive among famous people based on the comparison.

Yes or no answer: Yes."
251,yes,"Step-by-step reasoning:
   - Identify given probabilities: P(Elevator) = 4%, P(Stairs and Penguin Death) = 76%, P(Elevator and Penguin Death) = 1%.
   - Recognize the need to compare conditional probabilities of penguin death given elevator use and given stair use.
   - Note that direct comparison of given probabilities is not possible without calculating conditional probabilities.
   - Calculate the conditional probability of penguin death given elevator use, which is the given 1% as a fraction of the 4% who take the elevator, indicating 25% of elevator users experience penguin death.

3. Yes or no answer: No."
252,yes,"Step-by-Step Reasoning**:
- Calculate the probability of high salary given a college degree or higher: P(high salary | college degree or higher) = P(college degree or higher and high salary) / P(college degree or higher).
- Calculate the overall probability of high salary by adding the probabilities of high salary in both educational scenarios.
- Compare the probability of high salary given a college degree or higher with the overall probability of high salary to determine if it is smaller.

3. **Yes or No Answer**: No"
253,yes,"Step-by-Step Reasoning**:
- Identify the probabilities of low cholesterol and taking all assigned drugs in both groups.
- Recognize that the data compares drug treatment groups rather than the act of taking drugs directly to low cholesterol outcomes.
- Understand the question is about the effect of taking all assigned drugs on low cholesterol, which is not directly answered by comparing drug treatment groups.

3. **Yes or No Answer**: No"
254,yes,"Step-by-Step Reasoning:
1. Identify the key factors involved: maternal smoking status and infant mortality.
2. Recognize the importance of birth weight as a risk factor for infant mortality.
3. Understand that Method 1 controls for birth weight, allowing for a more precise analysis of the effect of maternal smoking on infant mortality.
4. Acknowledge that Method 2 does not account for birth weight or other potential confounding factors, potentially leading to a less accurate understanding of the relationship.

Yes or No Answer: Yes"
255,yes,"step by step.

First, we know:
- The overall probability of a camper lighting a match is 99% (or 0.99).
- For campers who do not light a match, the probability of the forest being on fire is 79% (or 0.79).
- For campers who light a match, the probability of the forest being on fire is 44% (or 0.44).

Given that the probability of a camper lighting a match is 99%, the probability of a camper not lighting a match is 1% (or 0.01), since these are the only two outcomes and their probabilities must sum to 100% (or 1).

To find the overall probability of the forest being on fire, we need to consider both scenarios (the camper lights a match and the camper does not light a match) and their respective probabilities of leading to a forest fire.

The probability that the forest is on fire when a camper lights a match is 0.99 * 0.44 (since the camper lights a match with a probability of 0.99 and then the forest catches fire with a probability of 0.44 given that a match was lit).

The probability that the forest is on fire when a camper does not light a match is 0.01 * 0.79 (since the camper does not light a match with a probability of 0.01 and then the forest catches fire with a probability of 0.79 given that no match was lit).

Thus, the overall probability of the forest being on fire is the sum of these two probabilities: (0.99 * 0.44) + (0.01 * 0.79).

Calculating these:
- (0.99 * 0.44) = 0.4356
- (0.01 * 0.79) = 0.0079

Adding them together: 0.4356 + 0.0079 = 0.4435, or approximately 44.35%.

Since the probability of the forest being on fire (approximately 44.35%) is less than the probability of the forest not being on fire (100% - 44.35% = 55.65%), the forest is less likely to be on fire than not.

**Step-by-Step Reasoning:**
1. Calculate the probability of a camper not lighting a match.
2. Calculate the probability of the forest being on fire in both scenarios (match lit and match not lit).
3. Sum these probabilities to find the overall probability of the forest being on fire.
4. Compare this probability to 50% to determine if the forest is more likely to be on fire or not.

**Yes or No Answer:** No"
256,yes,"Step-by-Step Reasoning:**
1. Calculate the overall probability of an employee being fired by adding the probabilities of the manager signing and the employee being fired and the manager not signing and the employee being fired.
2. Calculate the conditional probability of an employee being fired given the manager signs the termination letter.
3. Compare the conditional probability to the overall probability of being fired to determine if the chance is smaller when the manager signs.

**Yes or No Answer:** Yes"
257,yes,"Step-by-Step Reasoning:
- Identify the given probabilities: 57% for those without a college degree and 84% for those with a college degree or higher.
- Understand the question is asking about the likelihood of a high salary without a college degree, given the individual has a college degree or higher.
- Recognize that having a college degree or higher already establishes a higher probability of a high salary (84%).
- Consider that not having a college degree would lower this probability, as the given rate for those without a degree is lower (57%).

3. Yes or No Answer: Yes"
258,yes,"To solve this, let's first understand the given probabilities and how they relate to the overall likelihood of a child being intelligent or unintelligent.

1. **Full Response**: 
The probability of intelligent parents is 54%, which implies the probability of unintelligent parents is 46% (since these are the only two possibilities and they must sum to 100%). For children with unintelligent parents, the probability of the child being intelligent is 7%, meaning the probability of the child being unintelligent is 93%. For children with intelligent parents, the probability of the child being intelligent is 48%, which means the probability of the child being unintelligent is 52%.

To determine if an intelligent child is less likely than an unintelligent child overall, we need to calculate the overall probability of a child being intelligent and compare it with the probability of a child being unintelligent.

- The probability of a child being intelligent given intelligent parents is 48%, and since intelligent parents make up 54% of the population, the contribution to the overall probability of an intelligent child from intelligent parents is 0.48 * 0.54.
- The probability of a child being intelligent given unintelligent parents is 7%, and since unintelligent parents make up 46% of the population, the contribution to the overall probability of an intelligent child from unintelligent parents is 0.07 * 0.46.

Calculating these:
- From intelligent parents: 0.48 * 0.54 = 0.2592 or 25.92%
- From unintelligent parents: 0.07 * 0.46 = 0.0322 or 3.22%

Adding these gives the overall probability of a child being intelligent: 25.92% + 3.22% = 29.14%.

Since the overall probability of a child being intelligent is 29.14%, the probability of a child being unintelligent is 100% - 29.14% = 70.86%.

Given that 70.86% is greater than 29.14%, an intelligent child is indeed less likely than an unintelligent child overall.

2. **Summary of the Full Response**:
- Calculate the probability of intelligent and unintelligent parents.
- Determine the probability of a child being intelligent or unintelligent based on parent type.
- Calculate the overall probability of a child being intelligent by combining the probabilities from intelligent and unintelligent parents.
- Compare this with the probability of a child being unintelligent to determine which is more likely.

3. **Yes or No Answer**: Yes."
259,yes,"Step-by-Step Reasoning:**
1. Calculate the probability of a nonsmoking mother: 100% - 43% = 57%.
2. Calculate the probability of normal birth weight from nonsmoking mothers: 57% * 86%.
3. Calculate the probability of normal birth weight from smoking mothers: 43% * 40%.
4. Add the probabilities of normal birth weight from both groups to find the overall probability.
5. Compare the overall probability of normal birth weight to 50% to determine if it's more likely than low birth weight.

**Yes or No Answer:** Yes"
260,yes,"Step-by-step reasoning:
1. Calculate the probability of not consuming citrus: 100% - 84% = 16%.
2. Calculate the probability of scurvy for citrus consumers: 84% * 53% = 44.52%.
3. Calculate the probability of scurvy for non-citrus consumers: 16% * 68% = 10.88%.
4. Add the probabilities of scurvy from both groups to get the overall probability of scurvy: 44.52% + 10.88% = 55.4%.
5. Compare the overall probability of scurvy (55.4%) to 50% to determine if scurvy is less likely than no scurvy.

Yes or no answer: No."
261,yes,"Step-by-Step Reasoning:
- Identify the probabilities of an employee being fired under different signing conditions by managers and directors.
- Calculate the weighted average probability of an employee being fired when the manager signs the termination letter.
- Calculate the weighted average probability of an employee being fired when the manager does not sign the termination letter.
- Compare the two probabilities to determine if signing the termination letter increases the likelihood of the employee being fired.

3. Yes or No Answer: No"
262,yes,"Step-by-Step Reasoning**:
- Evaluate the direct probabilities of a child being intelligent based on parental intelligence.
- Consider the influence of the confounder on these relationships.
- Determine if having intelligent parents increases the likelihood of a child being intelligent, disregarding social status effects.

3. **Yes or No Answer**: No."
263,no,"Step-by-step reasoning:
   - Identify the probabilities of penguin death for each option: 80% for stairs, 24% for elevator.
   - Compare the probabilities to determine which option has a lower chance of penguin death.
   - Since 24% (elevator) is less than 80% (stairs), taking the elevator has a lower probability of penguin death.
   - The question essentially asks to compare the chosen action (taking the elevator) with the alternative (taking the stairs) in terms of penguin death probability.
   - Given that taking the stairs has a higher probability of penguin death (80%) than taking the elevator (24%), it is more likely to see penguin death if one had taken the stairs.

3. No"
264,yes,"Step-by-Step Reasoning:**
1. Determine the probability of being attractive and unattractive.
2. Note the probability of talent is the same for both attractive and unattractive individuals.
3. Calculate the overall probability of talent by weighting the probabilities by the likelihood of being attractive or unattractive.
4. Compare the overall probability of talent to the probability of lack of talent.

**Yes or No Answer:** No"
265,yes,"Step-by-Step Reasoning**:
- Calculate the probability of a healthy heart for individuals not taking medication, considering both low and high blood pressure scenarios.
- Calculate the probability of a healthy heart for individuals taking medication, considering both low and high blood pressure scenarios.
- Compare the overall probabilities to determine the effect of medication on heart condition.

3. **Yes or No Answer**: No"
266,yes,"Step-by-Step Reasoning**:
   - Calculate P(S|T) using the formula P(S|T) = P(T ∩ S) / P(T).
   - Calculate P(S) by adding P(T ∩ S) and P(NT ∩ S).
   - Compare P(S|T) and P(S) to determine if the chance of tanned skin is smaller when observing tanning salon treatment.

3. **Yes or No Answer**: Yes."
267,no,"Step-by-step reasoning:
   - Identify the probability of wet ground in the dry season: 51%.
   - Identify the probability of wet ground in the rainy season: 51%.
   - Compare the probabilities to determine if there's a decrease in the chance of wet ground during the rainy season.
   - Since both probabilities are the same, there's no decrease or increase in the chance of wet ground based on the given data.

3. No"
268,yes,"Step-by-step reasoning:
1. Examine the given probabilities for high salary and college degree or higher for both locations.
2. Recognize the need for conditional probabilities to directly assess the impact of a college degree on high salary chances.
3. Note the increase in both probabilities when living close to a college but acknowledge the lack of direct evidence linking college degree or higher to decreased high salary chances.

Yes or no answer: No."
269,yes,"Step-by-step reasoning:**
1. Calculate the probability of not blowing out the candle.
2. Use the given conditional probabilities to calculate the overall probability of a dark room.
3. Compare the calculated probability to 50% to determine if a dark room is less likely than a bright room.

**Yes or no answer:** No"
270,yes,"step-by-step reasoning for choosing between these methods involves:
1. Identifying the goal of the analysis, which is to understand how smoking affects lung cancer.
2. Considering the importance of demographic factors, such as gender, in modulating this relationship.
3. Evaluating whether a generalized approach (Method 2) or a more detailed, stratified approach (Method 1) is more appropriate for achieving the analysis goal.

Given these considerations, using Method 1, which looks at how smoking correlates with lung cancer case by case according to gender, can provide a more detailed and nuanced understanding of the relationship between smoking and lung cancer. This makes it more correct for understanding the specific effects of smoking on lung cancer risk across different genders.

Yes."
271,yes,"Step-by-step reasoning:
1. Identify the probabilities of high exam scores for each combination of encouragement and study habits.
2. Compare these probabilities to see if encouragement is associated with lower or higher exam scores.
3. Consider the probabilities of studying hard based on encouragement to understand if encouragement influences study habits.
4. Analyze if the relationship between encouragement, study habits, and exam scores suggests a negative effect of encouragement on exam scores through studying habits.

Yes or no answer: No."
272,yes,"Step-by-Step Reasoning:
- Identify the recovery rates for those with and without pre-conditions, both vaccinated and unvaccinated.
- Compare recovery rates between vaccinated and unvaccinated groups.
- Recognize the question's apparent confusion in comparing outcomes based on vaccine refusal versus acceptance.
- Determine that getting the vaccine increases recovery likelihood across all given scenarios.

3. Yes or No Answer: No"
273,yes,"Step-by-Step Reasoning:**
1. Identify the causes of smoking: smoking gene and high pollution.
2. Understand the causes of lung cancer: combination of smoking gene, high pollution, and smoking.
3. Recognize the person's environment: lives in high pollution.
4. Consider the impact of the smoking gene in this context: increases the likelihood of smoking.
5. Determine the potential outcome of smoking in the context of high pollution and the smoking gene: increased risk of lung cancer.

**Yes or No Answer:** Yes"
274,yes,"Step-by-Step Reasoning:**
1. Identify the probability of respiratory issues: 50%.
2. Note the probability of broken bones is the same for both groups (with and without respiratory issues): 80%.
3. Recognize that the probability of broken bones is independent of respiratory issues.
4. Conclude the overall probability of broken bones is 80%, making it more likely than not having broken bones.

**Yes or No Answer:** No"
275,no,"Step-by-step reasoning:
   - Understand the given correlation value (0.33) and its implications.
   - Recognize that correlation does not imply causation.
   - Consider the need for additional information to establish causality, such as the direction of causality and potential confounding variables.

3. No"
276,yes,"Step-by-Step Reasoning**:
- Identify probabilities of long lifespan for each group (normal weight with/without diabetes, obese with/without diabetes).
- Examine probabilities of having diabetes among different groups (by weight and smoking status).
- Consider the overall probability of smoking and its potential impact.
- Compare the effect of diabetes on lifespan in obese vs. non-obese individuals.

3. **Yes or No Answer**: No"
277,yes,"step by step. The captain's order to execute the prisoner leads to two outcomes: the corporal shoots and the private does not shoot. The outcome of either the corporal shooting or the private shooting results in the prisoner's death. Given this sequence of events, we can infer that the execution order directly contributes to the prisoner's death. If the captain's order were to release the prisoner instead, it would logically alter the sequence of events. The corporal and private's actions are contingent on the captain's order. If the order is to release, it stands to reason that neither the corporal nor the private would shoot, as their actions are predicated on an order to execute. Thus, without the execution order, the direct cause of the prisoner's death (the shooting) would be absent.

2. Concise Step-by-Step Reasoning:
- The captain's order to execute leads to the corporal shooting and the private not shooting.
- Either the corporal or the private shooting results in the prisoner's death.
- If the captain orders to release instead of execute, the actions leading to the prisoner's death (shooting) would not occur.
- Therefore, the prisoner's death is directly tied to the execution order.

3. Yes or no answer: No"
278,yes,"Step-by-Step Reasoning: 
- Identify the probability of a high exam score for students who are not encouraged: 59%.
- Identify the probability of a high exam score for students who are encouraged: 47%.
- Compare the two probabilities to determine which condition is more likely to result in a high exam score.

3. Yes or No Answer: No"
279,yes,"Step-by-Step Reasoning**:
- Identify the relevant probabilities: mean and in a relationship (32%), kind and in a relationship (25%).
- Compare these probabilities to determine if kindness decreases the chance of attractive appearance in people who are in a relationship.
- Since 25% (kind) is less than 32% (mean), the presence of kindness seems to decrease the probability of attractive appearance among people in relationships.

3. **Yes or No Answer**: Yes."
280,yes,"Step-by-step reasoning:
1. Calculate the probability of not blowing out the candle: 100% - 15% = 85%.
2. Apply the law of total probability to find the overall probability of a dark room.
3. Calculate the overall probability of a dark room: (0.52 * 0.15) + (0.84 * 0.85) = 0.792 or 79.2%.

Yes or no answer: Yes."
281,yes,"Step-by-Step Reasoning**
1. Understand the given correlation coefficient (-0.07) and its implications.
2. Recognize that correlation does not imply causation.
3. Consider the context (students accepted to elite institutions) and potential external factors.
4. Evaluate the conclusion that talent does not affect being hard-working based on the given information.

**Yes or No Answer**
No"
282,yes,"Step-by-Step Reasoning**
1. Method 1 analyzes the correlation between smoking and lung cancer on a case-by-case basis, focusing on tar deposit.
2. This approach provides detailed insights into how specific components of smoking contribute to lung cancer.
3. Method 2 examines the general correlation without focusing on specific components like tar.
4. Understanding the specific impact of tar and other components can offer a more nuanced view of how smoking affects lung cancer.
5. Therefore, for a detailed understanding of how smoking affects lung cancer, focusing on specific mechanisms (like tar deposit) can be more informative.

**Yes or No Answer**
Yes"
283,yes,"step by step. We are given two main pieces of information:
1. Male gender or in-state residency causes a competitive department.
2. Male gender or in-state residency or competitive department causes admission acceptance.
We also know the residency is out-of-state. Given this, we can deduce that the competitiveness of the department and the admission acceptance are influenced by either being male or having in-state residency, among other factors. However, since the residency is out-of-state, the factor of in-state residency is eliminated for this applicant. 

The question asks if changing the gender from male to non-male (female) would affect admission, given that the applicant is out-of-state. Initially, with male gender and out-of-state residency, the factors influencing admission acceptance are the male gender (since in-state residency is not applicable) and potentially the competitiveness of the department (if it's competitive due to other reasons not specified). 

If we change the gender from male to non-male (female), the direct influence of male gender on admission acceptance is removed. However, the competitiveness of the department, if it exists due to other reasons (and not solely because of male gender or in-state residency), could still potentially influence admission acceptance. But based on the information given, the competitiveness of the department is directly tied to male gender or in-state residency. Since the applicant is out-of-state and we are considering a change from male to female, the department's competitiveness as a factor influenced by male gender would also be removed.

**Concise Step-by-Step Reasoning:**
1. Identify the factors influencing department competitiveness: male gender or in-state residency.
2. Identify the factors influencing admission acceptance: male gender, in-state residency, or competitive department.
3. Recognize the applicant's residency is out-of-state, eliminating in-state residency as a factor.
4. Consider the impact of changing the applicant's gender from male to non-male on these factors.
5. Determine if the change in gender affects admission acceptance based on the given conditions.

**Yes or No Answer:** No"
284,yes,"Step-by-Step Reasoning:**
1. Compare lung cancer probabilities among smokers and nonsmokers with and without smoking genes.
2. Analyze the effect of smoking genes on the likelihood of smoking under different pollution conditions.
3. Determine if the increased smoking tendency due to smoking genes leads to a higher lung cancer incidence.

**Yes or No Answer:** No."
285,yes,"Step-by-step reasoning:
1. Consider the complexity of human physiology and the role of blood pressure in heart health.
2. Recognize that individual responses to medication can vary significantly.
3. Method 1 provides a detailed, case-by-case analysis considering blood pressure.
4. Method 2 offers a more general analysis without accounting for blood pressure variability.
5. Given the importance of blood pressure in heart health, a more detailed analysis (Method 1) is likely more accurate for understanding medication effects.

Yes."
286,no,"Step-by-step reasoning:
   - Compare the survival rates: 43% (unvaccinated) vs 51% (vaccinated).
   - Determine the effect of vaccination: If the survival rate is higher for vaccinated individuals, then vaccination increases the chance of survival. If the survival rate is lower, then vaccination decreases the chance of survival.

3. No."
287,yes,"step-by-step reasoning can be broken down as follows:
   - Identify the probability of arriving on time when waking up on time: 53%.
   - Identify the probability of arriving on time when waking up late: 85%.
   - Compare the two probabilities to determine if waking up late increases the chance of arriving on time.

3. Yes."
288,yes,"To determine if broken bones are less likely than no broken bones overall, we need to consider the probabilities given for both people with and without respiratory issues and how they contribute to the overall probability of broken bones.

First, we know that the overall probability of respiratory issues is 48%, which means the probability of not having respiratory issues is 100% - 48% = 52%. 

For people with no respiratory issues, the probability of broken bones is 7%, and for people with respiratory issues, the probability of broken bones is also 7%. This means that the probability of broken bones does not differ between those with and without respiratory issues.

To find the overall probability of broken bones, we can calculate it as follows: 
- The probability of having no respiratory issues and broken bones is 52% * 7%.
- The probability of having respiratory issues and broken bones is 48% * 7%.
Adding these two gives the overall probability of broken bones.

Calculating:
- No respiratory issues and broken bones: 52% * 7% = 0.52 * 0.07 = 0.0364 or 3.64%.
- Respiratory issues and broken bones: 48% * 7% = 0.48 * 0.07 = 0.0336 or 3.36%.
- Overall probability of broken bones = 3.64% + 3.36% = 7%.

Since the overall probability of broken bones (7%) is less than the probability of not having broken bones (100% - 7% = 93%), broken bones are indeed less likely than no broken bones overall.

Summary:
1. Calculate the probability of not having respiratory issues: 100% - 48% = 52%.
2. Calculate the overall probability of broken bones by adding the probabilities of broken bones in both groups (with and without respiratory issues).
3. Compare the overall probability of broken bones to the probability of not having broken bones to determine which is more likely.

Yes or No answer: Yes."
289,no,"Step-by-step reasoning:
   - Identify the probability of penguin death for taking the stairs: 66%.
   - Identify the probability of penguin death for taking the elevator: 59%.
   - Compare the two probabilities to determine which is higher.
   - Since 59% is less than 66%, taking the elevator has a lower probability of penguin death than taking the stairs.

3. No."
290,yes,"Step-by-step reasoning:**
1. Identify the probability of attractive appearance for both personality types.
2. Recognize that the probability of attractive appearance is the same for both types.
3. Determine that the overall probability of attractive appearance is less than 50%.
4. Conclude that attractive appearance is less likely than unattractive appearance.

**Yes or no answer:** No"
291,yes,"Step-by-Step Reasoning:**
1. Calculate the overall probability of long lifespan by adding the probabilities of normal weight and long lifespan and obesity and long lifespan.
2. Calculate the probability of long lifespan given obesity using Bayes' theorem.
3. Compare the calculated probability of long lifespan given obesity to the overall probability of long lifespan to determine the relationship.

**Yes or No Answer:** No"
292,yes,"Step-by-Step Reasoning:**
1. Identify given probabilities: 94% chance of lighting a match, 69% chance of forest fire if no match lit, 52% chance of forest fire if match lit.
2. Calculate probability of forest fire if match lit: 0.94 * 0.52.
3. Calculate probability of forest fire if match not lit: 0.06 * 0.69.
4. Sum the probabilities of forest fire in both scenarios to find overall probability.
5. Compare overall probability of forest fire to probability of no forest fire.

**Yes or No Answer:** Yes"
293,yes,"Step-by-Step Reasoning:
- Step 1: Identify the goal - understanding how maternal smoking affects infant mortality.
- Step 2: Consider Method 1, which looks at the general correlation without controlling for other factors like birth weight.
- Step 3: Consider Method 2, which analyzes the correlation while controlling for birth weight.
- Step 4: Recognize that birth weight is a critical factor in infant mortality and is influenced by maternal smoking.
- Step 5: Determine that controlling for birth weight (Method 2) provides a more precise understanding of the effect of maternal smoking on infant mortality.

3. Yes or No Answer: No"
294,yes,"Step-by-Step Reasoning:
- The applicant is in-state, which contributes to competitiveness and directly supports admission.
- Being male contributes to competitiveness and admission, but it's not the only factor.
- Changing the gender to non-male removes one factor contributing to competitiveness but leaves the in-state residency factor intact.
- In-state residency directly supports admission acceptance regardless of gender.

3. Yes or no answer: Yes."
295,yes,"Step-by-Step Reasoning:
- The camper lighting a match can cause the forest to burn.
- The chain-smoker lighting a match can also cause the forest to burn, but it's stated the chain-smoker doesn't light a match.
- If the camper doesn't light a match, there's no mentioned reason for the forest to burn based on the given causes.

3. Yes or no answer: Yes"
296,yes,"step by step reasoning:
- Identify the probabilities given: 81% for not lighting a match and 64% for lighting a match.
- Compare these probabilities to determine the likelihood of the forest being on fire in each scenario.
- Determine if not lighting a match would result in a lower probability of the forest being on fire compared to lighting a match.

3. Yes or no answer: No."
297,yes,"**Full Response:**
To approach this question, let's break down the information provided. We are given two key pieces of information: 
1. A large kidney stone that receives no treatment does not lead to recovery.
2. A large kidney stone that receives treatment leads to recovery.
We are also told that the patient has a large kidney stone. The question is whether the patient would not recover if they receive no treatment instead of receiving treatment.

Given that we know a large kidney stone with no treatment does not lead to recovery, and the patient has a large kidney stone, it logically follows that if this patient receives no treatment, they would not recover. This is based directly on the information provided about the outcomes of large kidney stones with and without treatment.

**Summary of Reasoning:**
1. Identify the patient's condition: The patient has a large kidney stone.
2. Recall the outcome for a large kidney stone with no treatment: It does not lead to recovery.
3. Apply this outcome to the patient's situation: Since the patient has a large kidney stone and the information states that large kidney stones without treatment do not lead to recovery, it follows that the patient would not recover without treatment.

**Yes or No Answer:** Yes"
298,yes,"Step-by-Step Reasoning:**
1. Identify given probabilities for manager actions and outcomes.
2. Calculate the probability of a manager not signing a termination letter.
3. Calculate the probability of an employee being fired in both scenarios (manager signs and does not sign).
4. Add these probabilities to find the overall probability of an employee being fired.
5. Compare this probability to 50% to determine if being fired is more likely than not.

**Yes or No Answer:** No"
299,yes,"Step-by-Step Reasoning**:
   - Calculate the probability of scurvy without considering citrus intake.
   - Determine the probability of scurvy when citrus is consumed.
   - Compare these probabilities to assess the impact of citrus intake on scurvy risk.

Given data doesn't directly provide a straightforward calculation for the probability of scurvy without citrus intake, but we know:
- P(Citrus and Scurvy) = 5%
- P(Not Citrus and Not Scurvy) = 67%
- The remaining 33% of the population includes all cases of scurvy (with and without citrus) and citrus intake without scurvy.

3. **Yes or No Answer**: Yes. 

The reasoning behind this answer is based on the understanding that citrus intake is associated with a reduced risk of scurvy, historically and nutritionally. The provided probabilities indirectly support this by showing a low probability of scurvy among citrus consumers (5% of the total population), suggesting that the majority of citrus consumers do not develop scurvy. Furthermore, the high probability of not having scurvy in the absence of citrus (67%) implies that factors other than citrus also play a role in preventing scurvy, but the presence of citrus is associated with a lower incidence of scurvy among its consumers compared to the overall population risk."
300,yes,"step-by-step reasoning:
1. Identify the probabilities of broken bones for hospitalized individuals with and without respiratory issues.
2. Compare these probabilities to determine the relationship between respiratory issues and the chance of broken bones in hospitalized individuals.
3. Conclude whether the presence of respiratory issues increases or decreases the chance of broken bones.

Yes or no answer: No."
301,yes,"Step-by-step reasoning:
1. Calculate the probability of being female: 100% - 45% = 55%.
2. Calculate the weighted probability of admission acceptance for males: 45% * 71%.
3. Calculate the weighted probability of admission acceptance for females: 55% * 80%.
4. Add the weighted probabilities to find the overall probability of admission acceptance.
5. Compare the overall probability of admission acceptance to 50% to determine if acceptance is more likely than rejection.

Yes or no answer: Yes."
302,yes,"Step-by-step reasoning:
1. Calculate the percentage of people considered unattractive: 100% - 92% = 8%.
2. Recognize that the probability of talent is the same (84%) for both attractive and unattractive individuals.
3. Since the probability of talent does not differ between the two groups, the overall probability of talent in the population remains 84%.
4. Compare the overall probability of talent (84%) to the threshold for being more likely than not (50%): 84% is greater than 50%.

Yes."
303,yes,"Step-by-step reasoning:
   - Identify the probabilities given for each season: 66% for the dry season and 62% for the rainy season.
   - Recognize that the question implies a comparison between the two seasons regarding the condition of the ground (wet or not) and the potential impact of season, weather, and sprinklers.
   - Consider that the term ""negatively affect"" implies a worsening or less desirable condition, in this context, possibly referring to the ground being less likely to be wet when it's expected to be (i.e., during the rainy season).
   - Notice the unexpected higher probability of wet ground in the dry season, which could suggest factors other than natural rainfall (like sprinklers) play a significant role in keeping the ground wet.

3. Yes or no answer: No"
304,no,"Step-by-step reasoning:
   - Compare the probability of death when a prisoner is released: 34%.
   - Compare the probability of death when a prisoner is executed: 80%.
   - Determine if executing increases or decreases the chance of death by comparing these probabilities.

3. No."
305,yes,"Step-by-Step Reasoning:
- Identify the probability of admission acceptance for males: 44%.
- Identify the probability of admission acceptance for non-males: 76%.
- Compare the probabilities to determine if being non-male increases the likelihood of admission acceptance for a male individual.
- Conclusion: Being non-male increases the probability from 44% to 76%, which is an increase.

3. Yes or No Answer: Yes"
306,yes,"Step-by-Step Reasoning**:
    - Calculate the probability of not taking medication: 100% - 18% = 82%.
    - Calculate the probability of a healthy heart when not taking medication: 55% / 82%.
    - Calculate the probability of a healthy heart when taking medication: 8% / 18%.
    - Compare the two probabilities to determine if the chance of a healthy heart is smaller when observing taking medication.

3. **Yes or No Answer**: Yes"
307,yes,"Step-by-step reasoning:
   - Compare the survival rates: 56% for unvaccinated vs 55% for vaccinated.
   - Determine the difference: 56% is greater than 55%.
   - Conclusion: Since the survival rate is slightly higher for unvaccinated individuals than for vaccinated individuals, vaccination appears to decrease the chance of smallpox survival, albeit by a very small margin.

3. Yes."
308,yes,"Step-by-Step Reasoning:**
1. Understand the given probabilities and their implications.
2. Calculate the probability of lung cancer given smoking, P(LC|S), which is approximately 41.4%.
3. Recognize the established link between smoking and an increased risk of lung cancer.
4. Conclude that observing smoking (being a smoker) does not decrease the chance of lung cancer.

**Yes or No Answer:** No"
309,yes,"Step-by-step reasoning:**
1. Calculate the probability of parents being unintelligent: 100% - 49% = 51%.
2. Calculate the probability of a child being intelligent from unintelligent parents: 0.42 * 0.51.
3. Calculate the probability of a child being intelligent from intelligent parents: 0.56 * 0.49.
4. Sum the probabilities of a child being intelligent from both types of parents to find the overall probability of a child being intelligent.
5. Compare this probability to the probability of a child being unintelligent to determine if an intelligent child is less likely.

**Yes or no answer:** Yes."
310,yes,"step-by-step reasoning:
1. Identify the probabilities of long lifespan for each group (normal weight with/without diabetes, obese with/without diabetes).
2. Compare these probabilities to determine if there's a consistent trend favoring one group over the other.
3. Recognize that, despite the higher probabilities of long lifespan among obese individuals in both diabetes categories, the question's context (disregarding diabetes mediation) simplifies the comparison to the direct effects observed.

Yes or no answer: Yes"
311,yes,"Step-by-step reasoning:
1. **Identify the relationship between studying hard and exam scores** for both encouraged and not encouraged students. For both groups, studying hard is associated with a lower probability of achieving a high exam score.
2. **Compare the probabilities of studying hard** among encouraged and not encouraged students. Not encouraged students are more likely to study hard (78%) than encouraged students (23%).
3. **Analyze the impact of encouragement on studying habits and subsequently on exam scores**. If encouragement negatively affects exam scores through studying habits, we would expect to see a significant difference in how studying habits influence exam scores between encouraged and not encouraged groups, considering their different probabilities of studying hard.

Given the information, encouragement seems to decrease the likelihood of studying hard (23% vs. 78%), and studying hard is associated with lower probabilities of high exam scores in both groups. However, the question's phrasing suggests looking for a direct negative effect of encouragement on exam scores mediated by studying habits. The data provided do not directly support the conclusion that encouragement negatively affects exam scores through studying habits in a straightforward manner because the relationship between studying habits and exam scores is counterintuitive (studying hard is associated with lower exam scores in all cases), and the primary comparison should focus on how encouragement influences the studying habit and subsequently the exam score.

Yes or no answer: No."
312,yes,"Step-by-Step Reasoning**
1. Understand the meaning of a -0.00 correlation coefficient, which indicates no linear relationship between two variables.
2. Recognize that correlation does not imply causation and a lack of correlation does not imply a lack of causation.
3. Consider the context of students accepted to elite institutions, where the relationship between talent and hard work might be influenced by various factors.
4. Acknowledge the complexity of measuring and defining ""talent"" and ""hard work.""
5. Conclude that the given correlation alone does not provide sufficient evidence to determine the effect of talent on being hard-working.

**Yes or No Answer**
No"
313,yes,"Step-by-step reasoning:
   - Identify the probability of wet ground in the dry season: 42%.
   - Identify the probability of wet ground in the rainy season: 47%.
   - Compare the two probabilities to determine if there's an increase from dry to rainy season.
   - Since 47% is greater than 42%, there is an increase in the probability of wet ground during the rainy season.

3. Yes"
314,yes,"Step-by-Step Reasoning**
1. Identify the probability of a child being intelligent with unintelligent parents: 35%.
2. Identify the probability of a child being intelligent with intelligent parents: 75%.
3. Compare the two probabilities to determine if there's an increase in the chance of having an intelligent child when the parents are intelligent.

**Yes or No Answer**
Yes"
315,yes,"1. Full Response: 
When analyzing the effect of a drug on cholesterol levels, it's essential to consider the methodology that provides the most accurate and unbiased results. Method 1 involves looking directly at the correlation between the drug taken and cholesterol levels in general, which can provide a broad overview but may not account for individual variations or confounding factors. On the other hand, Method 2 involves examining this correlation case by case, taking into account unobserved confounders. Unobserved confounders are variables that can affect the outcome (cholesterol levels) but are not measured or accounted for in the analysis. By considering these confounders, Method 2 offers a more nuanced and potentially more accurate understanding of how the drug affects cholesterol levels, as it attempts to isolate the effect of the drug from other influencing factors.

2. Summary of Full Response:
- Step 1: Identify the goal - understanding how a drug affects cholesterol levels.
- Step 2: Evaluate Method 1, which looks at general correlations without considering individual differences or unobserved confounders.
- Step 3: Evaluate Method 2, which considers the correlation on a case-by-case basis, accounting for unobserved confounders to provide a more personalized and potentially more accurate assessment.
- Step 4: Determine that accounting for unobserved confounders (Method 2) is crucial for accuracy in assessing the drug's effect.

3. Yes or no answer: No."
316,yes,"Step-by-step reasoning:
1. **Identify given probabilities**: Note the probabilities of long lifespan and diabetes under different conditions.
2. **Analyze the relationship between obesity, diabetes, and lifespan**: Observe that diabetes seems to increase the probability of long lifespan, which is unexpected.
3. **Consider the role of smoking**: Recognize that smoking's overall probability and its impact on diabetes rates might confound the relationship between obesity, diabetes, and lifespan.
4. **Determine the direct question**: Assess if obesity negatively affects lifespan specifically through diabetes, considering the provided data does not directly address this question in a straightforward manner.

Yes or no answer: No"
317,yes,"Step-by-Step Reasoning:
- Identify the probability of college admission for nonsmokers: 67%.
- Identify the probability of college admission for smokers: 55%.
- Compare the probabilities to determine the likelihood of college admission if a smoker were a nonsmoker.
- Since 67% (nonsmoker rate) is greater than 55% (smoker rate), it would be more likely for a smoker to see college admission if they had been a nonsmoker.

3. Yes or No Answer: No"
318,yes,"Step-by-Step Reasoning:
- Identify the probability of scurvy for patients not consuming citrus: 33%.
- Identify the probability of scurvy for patients consuming citrus: 14%.
- Compare the probabilities to determine if not consuming citrus increases the likelihood of scurvy.
- Since 33% is greater than 14%, not consuming citrus indeed increases the likelihood of scurvy compared to consuming it.

3. Yes or No Answer: No"
319,yes,"Step-by-Step Reasoning**:
- Calculate the probability of being a nonsmoker: 100% - 82% = 18%.
- Calculate the overall probability of college admission for nonsmokers: 18% * 27% = 4.86%.
- Calculate the overall probability of college admission for smokers: 82% * 17% = 13.94%.
- Add the probabilities of college admission for both groups: 4.86% + 13.94% = 18.80%.
- Determine if college admission is less likely than college rejection by comparing the overall probability of college admission to 50%.

3. **Yes or No Answer**: Yes"
320,no,"Step-by-step reasoning:
- Identify the given probabilities for high salary and college degree or higher for both groups.
- Recognize that the question asks for the effect of having a college degree or higher on the probability of a high salary, which involves comparing conditional probabilities.
- Understand that without direct conditional probabilities provided (e.g., probability of high salary given a college degree or higher), a straightforward comparison may not fully address the question's intent.
- Consider the implication that if having a college degree or higher were to decrease the chance of a high salary, we would expect to see a lower probability of high salary among those with a college degree or higher compared to the overall population or those without a college degree, which is not directly supported by the provided data.

3. No."
321,yes,"Step-by-step reasoning:
   - Identify the probabilities of wet ground in both seasons: 45% in the dry season and 47% in the rainy season.
   - Compare the probabilities to determine if there is an increase from the dry season to the rainy season.
   - If the probability is higher in the rainy season, it indicates a positive effect of the season on the ground being wet.

3. Yes"
322,no,"Step-by-step reasoning:
   - Identify the given probabilities: 53% for children with unintelligent parents to be intelligent, and 36% for children with intelligent parents to be intelligent.
   - Compare these probabilities to determine which scenario is more likely to result in an intelligent child.
   - Recognize the logical inconsistency in the question's premise when it asks about the likelihood of seeing an intelligent child if the child had unintelligent parents, given that the parents are stated to be intelligent.

3. No"
323,yes,"Step-by-Step Reasoning:
1. **Consider the Complexity of the Relationship**: The impact of encouragement on exam scores can be complex and influenced by various factors, including individual studying habits.
2. **Evaluate Method 1**: This method accounts for studying habits on a case-by-case basis, providing a detailed insight into how encouragement affects exam scores within different contexts.
3. **Evaluate Method 2**: This method provides a general overview without considering individual studying habits, potentially overlooking important interactions.
4. **Comparison**: Method 1 offers a more detailed and nuanced understanding by accounting for individual differences, making it more suitable for understanding the complex relationship between encouragement and exam scores.

Yes or No Answer: Yes"
324,yes,"Step-by-step reasoning:
   - Identify the probability of arriving on time when waking up on time: 59%.
   - Identify the probability of arriving on time when waking up late: 33%.
   - Compare the two probabilities to determine which scenario has a higher likelihood of arriving on time.
   - Conclusion: Waking up on time has a higher probability of arriving on time.

3. Yes."
325,yes,"step-by-step reasoning:
- Identify given probabilities for each scenario.
- Calculate the overall probability of an employee being fired when a manager signs the termination letter using the law of total probability.
- Calculate the overall probability of an employee being fired when a manager does not sign the termination letter.
- Compare these probabilities to determine if signing the termination letter increases the likelihood of the employee being fired.

3. Yes or No answer: No"
326,yes,"step-by-step reasoning**:
    - Calculate the overall probability of recovery for patients receiving treatment.
    - Calculate the overall probability of recovery for patients not receiving treatment.
    - Compare the two probabilities to determine if recovery is more likely without treatment.

3. **Yes or no answer**: Yes"
327,yes,"Step-by-Step Reasoning**:
- Identify the probability of long lifespan for each group.
- Compare the probabilities within the same weight category to assess the impact of diabetes.
- Note that for both normal weight and obese individuals, having diabetes is associated with a higher or similar probability of long lifespan, not a decrease.
- Recognize that the question's premise might be misleading because the presence of diabetes in these scenarios does not seem to negatively affect lifespan within the given probabilities.

3. **Yes or No Answer**: No."
328,yes,"Step-by-step reasoning:
1. Identify the probabilities of penguin death based on mood and transportation choice.
2. Calculate the probabilities of penguin happiness and sadness for each transportation choice.
3. Compute the overall probability of penguin death for each transportation option by considering both happiness and sadness scenarios.
4. Compare the overall probabilities to determine the effect of the decision on penguin survival.

Yes or no answer: Yes"
329,yes,"Step-by-step reasoning:
   - Identify the given probabilities for each season: 41% for the dry season and 38% for the rainy season.
   - Compare these probabilities to determine the likelihood of wet ground in each season.
   - Recognize that the question asks if it would be less likely to see wet ground in the rainy season if the season had been dry, based on the given probabilities.

3. Yes"
330,yes,"Step-by-step reasoning:
1. Understand the given probabilities: Overall obesity = 91%, normal weight and long lifespan = 7%, obesity and long lifespan = 58%.
2. Recognize the need to compare the probability of long lifespan in obese versus non-obese populations.
3. Note that direct comparison is challenging without the probability of long lifespan in non-obese individuals, but we can infer based on given data.
4. The probability of long lifespan in obese individuals (58%) is part of a larger obese population (91%), and the non-obese population's long lifespan probability is less directly comparable.

Yes or no answer: Yes."
331,yes,"Step-by-Step Reasoning:
- The person is non-female, so gender is not a factor.
- Smoking leads to high tar deposits.
- High tar deposits can cause lung cancer.
- If the person smokes, they will have high tar deposits, which can lead to lung cancer.

3. Yes or no answer: Yes"
332,yes,"Step-by-Step Reasoning:
- Identify the probability of tanned skin for people not using tanning salon treatments: 74%.
- Identify the probability of tanned skin for people who went to tanning salons: 17%.
- Compare the probabilities to determine if it would be less likely to see tanned skin if the person had not had a tanning salon treatment.

3. Yes or no answer: No."
333,yes,"Step-by-Step Reasoning**
1. Identify the probability of a child being intelligent with unintelligent parents: 42%.
2. Identify the probability of a child being intelligent with intelligent parents: 56%.
3. Compare the two probabilities to determine if there is an increase in the chance of having an intelligent child when the parents are intelligent.

**Yes or No Answer**
Yes"
334,no,"step-by-step reasoning for this consideration is as follows:
1. Identify the variables involved: husband, alarm clock, and wife.
2. Consider the potential interactions: direct (husband to alarm clock) and indirect (husband to alarm clock via wife).
3. Evaluate Method 1 (general correlation) and Method 2 (case-by-case correlation considering the wife) for their ability to capture these interactions accurately.
4. Recognize that Method 2 accounts for variability and potential influences (like the wife's) that Method 1 might overlook.

Given the complexity of human interactions and the potential for the wife to influence the husband's effect on the alarm clock, using Method 2 could provide a more detailed and accurate understanding of the situation.

The answer is: No."
335,yes,"Step-by-Step Reasoning:**
1. Calculate the probability of not consuming citrus: 100% - 3% = 97%.
2. Calculate the overall probability of scurvy using the formula that considers both paths to scurvy.
3. Compare the calculated probability of scurvy to 50% to determine if scurvy is more likely than no scurvy.

**Yes or No Answer:** Yes"
336,no,"Step-by-step reasoning:
   - Compare the survival probabilities: 48% for unvaccinated vs. 58% for vaccinated.
   - Determine the relationship: 58% is greater than 48%.
   - Conclusion: Vaccination increases the chance of survival.

3. No."
337,yes,"Step-by-step reasoning:
1. Identify the focus of the question, which is the general impact of the camper on the forest.
2. Evaluate Method 1, which considers the general correlation between the camper and the forest.
3. Evaluate Method 2, which analyzes the correlation case by case according to the smoker, introducing a specific variable.
4. Determine that Method 1 is more directly relevant to understanding the general impact of the camper on the forest.

Yes."
338,yes,"## Step 1: Calculate the probability of being female
To find the probability of being female, we subtract the probability of being male from 1. Probability of being female = 1 - Probability of being male = 1 - 0.55 = 0.45.

## Step 2: Calculate the probability of admission acceptance for females
Given that the probability of admission acceptance for individuals who are not male (females) is 58%, we can directly use this value. Probability of admission acceptance for females = 0.58.

## Step 3: Calculate the probability of admission acceptance for males
Given that the probability of admission acceptance for males is 57%, we can directly use this value. Probability of admission acceptance for males = 0.57.

## Step 4: Calculate the overall probability of admission acceptance
To find the overall probability of admission acceptance, we need to consider both males and females. Overall probability of admission acceptance = (Probability of being male * Probability of admission acceptance for males) + (Probability of being female * Probability of admission acceptance for females) = (0.55 * 0.57) + (0.45 * 0.58).

## Step 5: Perform the calculation for overall probability of admission acceptance
Overall probability of admission acceptance = (0.55 * 0.57) + (0.45 * 0.58) = 0.3135 + 0.261 = 0.5745.

## Step 6: Determine if admission acceptance is more likely than admission rejection
Since the overall probability of admission acceptance (0.5745) is greater than 0.5, admission acceptance is more likely than admission rejection.

## Step 7: Summarize the reasoning
1. Calculate the probability of being female: 1 - 0.55 = 0.45.
2. Identify the probabilities of admission acceptance for males and females: 0.57 for males, 0.58 for females.
3. Calculate the overall probability of admission acceptance using the probabilities of being male or female and their respective admission acceptance probabilities.
4. Compare the overall probability of admission acceptance to 0.5 to determine if acceptance is more likely than rejection.

## Step 8: Provide the final answer
The final answer is: $\boxed{Yes}$"
339,yes,"Step-by-step reasoning:
1. Identify the relevant groups for comparison: famous attractive individuals and famous unattractive individuals.
2. Note the probability of talent for each group: 3% for attractive and famous, 6% for unattractive and famous.
3. Compare the probabilities to determine the relationship between attractiveness and talent among famous individuals.

Given that 3% (probability of talent among attractive and famous individuals) is less than 6% (probability of talent among unattractive and famous individuals), we can conclude that the chance of talent does indeed decrease when appearance is attractive among famous people.

Yes or no answer: Yes."
340,yes,"Step-by-Step Reasoning:
- Identify the probability of high salary for individuals without a college degree: 54%.
- Identify the probability of high salary for individuals with a college degree or higher: 70%.
- Compare the probabilities to determine the likelihood of high salary if a person with a college degree or higher did not have a degree.
- Since 54% (without a degree) is less than 70% (with a degree), not having a college degree results in a lower probability of achieving a high salary.

3. Yes or no answer: Yes."
341,yes,"step by step.

1. **Understanding the impact of diabetes on lifespan**: For normal weight individuals, the probability of a long lifespan is 80% without diabetes and 54% with diabetes. This indicates that having diabetes reduces the likelihood of a long lifespan. Similarly, for obese individuals, the probability of a long lifespan is 59% without diabetes and 29% with diabetes, showing the same negative impact of diabetes on lifespan.

2. **Comparing the probabilities of having diabetes among different groups**: Normal weight nonsmokers have an 8% chance of having diabetes, which increases to 41% if they smoke. For obese individuals, the chances are 46% for nonsmokers and 73% for smokers. This shows that both obesity and smoking increase the likelihood of having diabetes.

3. **Analyzing the relationship between obesity, diabetes, and lifespan**: Since diabetes negatively affects the probability of a long lifespan in both normal weight and obese individuals, and obesity increases the likelihood of having diabetes, it can be inferred that obesity indirectly negatively affects lifespan through its association with an increased risk of diabetes.

4. **Considering the overall impact**: Even though the direct question of whether obesity negatively affects lifespan through diabetes involves multiple factors, including smoking status and the presence of diabetes, the data provided suggests that the increased risk of diabetes associated with obesity does contribute to a reduced probability of a long lifespan.

**Step-by-Step Reasoning:**
1. Identify the negative impact of diabetes on lifespan in all groups.
2. Recognize how obesity increases the risk of diabetes.
3. Infer that the increased risk of diabetes due to obesity contributes to a reduced probability of a long lifespan.
4. Conclude based on the relationship between obesity, diabetes, and lifespan.

**Yes or No Answer:** Yes"
342,yes,"Step-by-Step Reasoning:
- Identify the probability of admission acceptance for males: 39%.
- Identify the probability of admission acceptance for non-males: 61%.
- Compare the probabilities to determine if being non-male increases the likelihood of admission acceptance.
- Since 61% (non-male) is greater than 39% (male), not being male would increase the likelihood of admission acceptance.

3. Yes or No Answer: Yes"
343,yes,"Step-by-Step Reasoning**:
   - Compare probabilities of healthy hearts among those with low and high blood pressure, both for individuals taking and not taking medication.
   - Consider the probabilities of high blood pressure among those taking and not taking medication.
   - Assess whether the medication seems to improve heart health in the context of high blood pressure by comparing the outcomes (probabilities of a healthy heart) for those with high blood pressure who are and are not taking medication.

3. **Yes or No Answer**: No."
344,yes,"Step-by-Step Reasoning:**
1. Calculate the probability of the husband not setting the alarm.
2. Use the law of total probability to calculate the overall probability of the alarm ringing.
3. Calculate the probability of the alarm being silent by subtracting the probability of the alarm ringing from 1.
4. Compare the probabilities to determine which event is more likely.

**Yes or No Answer:** Yes"
345,yes,"Step-by-Step Reasoning**:
   - Calculate the probability of recovery given vaccination.
   - Understand the question asks for a comparison to an implied overall recovery rate.
   - Recognize the limitation in directly comparing without the overall recovery probability.

3. **Yes or No Answer**: No"
346,yes,"Step-by-step reasoning:
1. Calculate the general probability of high salary by adding the probabilities of high salary across different educational backgrounds.
2. Calculate the conditional probability of high salary given a college degree or higher.
3. Compare the conditional probability to the general probability of high salary to determine if the chance of high salary is smaller with a college degree or higher.

Yes or no answer: Yes."
347,yes,"step-by-step reasoning involves:
   - Comparing admission probabilities between non-competitive and competitive departments for each gender.
   - Analyzing how the probability of being in a competitive department varies by gender.
   - Determining if one gender has a significantly higher admission probability than the other in competitive vs. non-competitive departments.

3. Yes or no answer: No."
348,yes,"Step-by-Step Reasoning**
1. Identify the probabilities of lung cancer for nonsmokers and smokers.
2. Compare these probabilities to determine if there's a difference.
3. If the probability for smokers is higher, conclude that smoking increases the chance of lung cancer.

**Yes or No Answer**
Yes"
349,yes,"Step-by-Step Reasoning**
1. Identify the probability of high salary for non-males: 31%.
2. Identify the probability of high salary for males: 58%.
3. Compare the probabilities to determine if there's a difference.
4. Since 58% (males) is greater than 31% (non-males), conclude that male gender is associated with an increased chance of high salary.

**Yes or No Answer**
Yes"
350,yes,"Step-by-step reasoning:
1. Identify given probabilities: 40% smoking mothers, 6% nonsmoking mothers with normal infant birth weight, 15% smoking mothers with normal infant birth weight.
2. Recognize the need for conditional probabilities to directly compare the likelihood of normal birth weight among smoking versus nonsmoking mothers.
3. Acknowledge the limitation in directly comparing the given percentages without adjusting for the base rates of smoking and nonsmoking mothers.

Yes or no answer: No"
351,no,"step-by-step reasoning involves:
   - Identifying the probability of the alarm ringing when the husband does not set the alarm: 42%.
   - Identifying the probability of the alarm ringing when the husband sets the alarm: 51%.
   - Comparing these probabilities to determine the effect of the husband setting the alarm on the likelihood of it ringing.

3. No."
352,yes,"Step-by-Step Reasoning:**
   - Identify the probabilities of the alarm ringing in each scenario.
   - Consider the wife's action as a mediator of the husband's influence on the alarm ringing.
   - Compare the probabilities when the husband sets the alarm to when he does not, taking into account the wife's setting of the alarm.
   - Determine if the husband's action of setting the alarm increases the probability of the alarm ringing through the wife's action.

3. **Yes or No Answer:**
   No."
353,yes,"Step-by-Step Reasoning:**
1. Identify given conditions: Smoking mother or good health causes normal infant birth weight.
2. Identify outcome of combined factors: Smoking mother, good health, and normal infant birth weight cause high infant mortality.
3. Consider the impact of poor health: Negates the ""good health"" factor, leaving smoking as a primary variable.
4. Analyze the direct relationship: Given poor health, a smoking mother's impact on infant mortality is being questioned.
5. Conclusion based on given data: Since the combination of smoking, good health, and normal birth weight leads to high infant mortality, and poor health negates the good health factor, we must consider if smoking alone (without good health) could still lead to conditions that result in high infant mortality, especially since poor health itself isn't directly linked to high mortality without other factors.

**Yes or No Answer:** Yes"
354,yes,"Step-by-step reasoning:
   - Calculate the probability of increased price given increased supply: This is the probability of both increased supply and increased price (43%) divided by the probability of increased supply (57%).
   - The formula for conditional probability is P(A|B) = P(A and B) / P(B), where P(A|B) is the probability of A given B.
   - Apply this formula to find P(increased price | increased supply) = 43% / 57%.
   - To compare, we also need the overall probability of increased price, which can be found by adding the probabilities of increased price with both increased and reduced supply: 43% (increased supply and price) + 20% (reduced supply and price) = 63%.
   - Calculate P(increased price | increased supply) and compare it with the overall probability of increased price to determine if the chance of increased price is larger when supply is increased.

3. Yes or no answer: Yes."
355,yes,"Step-by-step reasoning:
1. Identify the probabilities given: 51% of the population has respiratory issues, and 97% of both those with and without respiratory issues have broken bones.
2. Recognize that the probability of broken bones is extremely high in both groups.
3. Understand that the question asks for a comparison between the likelihood of broken bones and no broken bones overall, not a calculation of exact probabilities.
4. Conclude based on the given probabilities that broken bones are more likely than no broken bones in both subsets, which implies they are more likely overall.

Yes or no answer: No"
356,yes,"Step-by-Step Reasoning:
- Identify recovery rates for each scenario: small stone with/without treatment, large stone with/without treatment.
- Note the overall probability of having a large kidney stone (47%) and imply the probability of a small kidney stone (100% - 47% = 53%).
- Calculate the weighted average recovery rate for patients receiving treatment and those not receiving treatment, considering the probabilities of having a small or large kidney stone.

Let's calculate:
- For patients not receiving treatment: (0.53 * 11%) + (0.47 * 87%) = 5.83% + 40.89% = 46.72%
- For patients receiving treatment: (0.53 * 22%) + (0.47 * 97%) = 11.66% + 45.59% = 57.25%

3. Yes or No Answer: No"
357,yes,"Step-by-Step Reasoning**
1. Understand the goal: Determine the most accurate method to assess the effect of a drug on cholesterol levels.
2. Evaluate Method 1: Looks at general correlation without considering confounders, which may lead to biased results.
3. Evaluate Method 2: Analyzes correlation case by case, considering unobserved confounders for a potentially more accurate assessment.
4. Consider the challenge of identifying all confounders in Method 2.
5. Decide based on the importance of accounting for confounders in statistical analysis for accuracy.

**Yes or No Answer**
No"
358,yes,"Step-by-Step Reasoning**
1. Understand the two methods for analyzing the education level and salary correlation.
2. Recognize the limitations of Method 1, which include overlooking specific circumstances and unobserved confounders.
3. Acknowledge the benefits of Method 2, which provides a more detailed and nuanced analysis by considering individual cases and unobserved confounders.
4. Determine that for a more accurate understanding of how education level affects salary, considering individual variations and unobserved factors is crucial.

**Yes or No Answer**
No"
359,yes,"step by step reasoning:
- Identify the causes of tanned skin: tanning salon treatments and going to the beach.
- Recognize that the person went to the beach.
- Infer that since going to the beach causes tanned skin, the person would have tanned skin regardless of not having tanning salon treatment.

3. Yes or no answer: Yes"
360,yes,"Step-by-Step Reasoning:
- The confounder's inactivity neutralizes its influence on both college degree attainment and high salary.
- Living close to a college could still positively influence the pursuit of higher education.
- Having a college degree or higher is generally associated with an increased likelihood of earning a high salary.
- Therefore, if the person has a college degree or higher instead of a high school degree or lower, it is reasonable to infer that their likelihood of having a high salary would increase.

3. Yes or no answer: Yes"
361,yes,"Step-by-step reasoning:
1. Identify the probabilities of long lifespan for each group (normal weight with/without diabetes, obese with/without diabetes).
2. Note the effect of diabetes on the probability of long lifespan within each weight group.
3. Consider the interaction between obesity, smoking, and diabetes probabilities.
4. Determine if obesity, through its interaction with diabetes, positively affects lifespan.

Yes or no answer: No."
362,yes,"Step-by-Step Reasoning**:
- Calculate the probability of being a nonsmoker: 100% - 42% = 58%.
- Calculate the weighted probability of lung cancer for nonsmokers and smokers.
- Add the weighted probabilities to find the overall probability of lung cancer.
- Compare this probability to 50% to determine if lung cancer is more likely than its absence.

3. **Yes or No Answer**: Yes"
363,yes,"step by step. We know that the assignment of drug treatment causes the taking of all assigned drugs, and this, in conjunction with the confounder being active, leads to low cholesterol. However, in the scenario described, the patient is not assigned the drug treatment and the confounder is inactive. Given that the patient is not assigned the drug treatment, it implies they are not taking any assigned drugs. The key factor here is the role of the confounder and its interaction with the drug treatment and cholesterol levels. Since the confounder is inactive in this scenario, and we are considering a hypothetical situation where the patient takes all assigned drugs, we must consider how the absence of the confounder's influence affects the outcome.

2. Concise Step-by-Step Reasoning:
- The patient is not assigned drug treatment and the confounder is inactive.
- Normally, drug assignment leads to taking all assigned drugs, and with an active confounder, this results in low cholesterol.
- The scenario asks us to consider the patient taking all assigned drugs despite not being assigned any, with the confounder still inactive.
- The interaction between taking all assigned drugs and an inactive confounder on cholesterol levels is not directly stated, but since the confounder's activity is a condition for low cholesterol when taking all assigned drugs, its inactivity could imply a different outcome.

3. Yes or No Answer: No"
364,no,"Step-by-step reasoning:
   - Determine the probability of a student being talented and not talented.
   - Calculate the probability of being hard-working for both talented and non-talented students.
   - Recognize that the high probability of being hard-working applies to both groups.
   - Conclude that the overall probability of being hard-working is higher than being lazy due to the high percentage of students being hard-working regardless of their talent.

3. No."
365,yes,"Step-by-Step Reasoning:**
1. Identify given probabilities.
2. Calculate the overall probability of an intelligent child.
3. Understand that the given 5% is a joint probability, not a conditional probability.
4. Calculate the conditional probability of an intelligent child given intelligent parents.
5. Compare this with the overall probability context to answer the question.

**Yes or No Answer:** No"
366,yes,"Step-by-Step Reasoning**:
- Calculate P(LC|T) using the given probabilities.
- Compare P(LC|T) with an implied or directly calculated P(LC) if possible.
- Determine if the chance of low cholesterol is smaller when observing the taking of all assigned drugs based on the comparison.

3. **Yes or No Answer**: 
Given P(LC|T) = 0.16 / 0.36 = 0.4444 (or approximately 44.44%), to determine if this is smaller than the overall probability of low cholesterol, we'd ideally compare it to P(LC). However, without a direct calculation of P(LC) from the given data, we consider the logical approach:
- If the probability of not taking any drugs and having low cholesterol is 35%, and the total probability of taking all drugs is 36%, with 16% of those also having low cholesterol, it suggests a significant portion of the low cholesterol cases are actually in the group not taking the drugs.
- This implies that the overall probability of low cholesterol, P(LC), could be higher than the conditional probability given all drugs are taken, P(LC|T), especially since a large proportion (35%) of the population has low cholesterol without taking the drugs.

Thus, based on the logical analysis and the data provided, the chance of low cholesterol appears to be smaller when observing the taking of all assigned drugs, because a significant portion of the population with low cholesterol does not take the assigned drugs.

**Yes**"
367,yes,"Step-by-Step Reasoning**:
    - Calculate the probability of the room being dark for both scenarios (blowing out and not blowing out the candle).
    - Use the formula for conditional probability to find the overall probability of the room being dark.
    - Compare this probability to 50% to determine if a dark room is more or less likely than a bright room.

3. **Yes or No Answer**: No"
368,yes,"Step-by-Step Reasoning**
1. Identify the probabilities of a healthy heart for both groups: 10% for those not taking medication and 54% for those taking medication.
2. Compare the probabilities to determine the effect of medication on the likelihood of a healthy heart.
3. Since 54% is greater than 10%, taking medication is associated with an increased chance of a healthy heart.

**Yes or No Answer**
No"
369,yes,"Step-by-step reasoning:
1. Understand the given correlation coefficient (-0.18) and its implications.
2. Recognize that a correlation of -0.18 indicates a weak negative relationship between respiratory issues and broken bones.
3. Acknowledge that the presence of any correlation (even a weak one) suggests that respiratory issues could have some effect on broken bones, even if the relationship is not strong.

Yes or no answer: No."
370,yes,"Step-by-step reasoning:
1. Identify the relevant probabilities for lung cancer risk among smokers with smoking genes and nonsmoking genes.
2. Compare these probabilities to determine the direction of the effect of the gene on lung cancer risk through smoking.
3. Conclude based on the comparison whether the gene negatively affects lung cancer through smoking.

Yes or no answer: No."
371,yes,"Full Response:
To determine the most appropriate method for understanding how vaccination status affects smallpox survival, we need to consider what each method offers. Method 1 involves looking at the general correlation between vaccination status and smallpox survival. This approach provides a broad overview and can help identify overall trends or patterns. It's useful for initial assessments and for understanding the big picture. On the other hand, Method 2 involves examining the correlation on a case-by-case basis, taking into account the vaccination reaction. This method allows for a more nuanced understanding, as it considers the variability in individual responses to the vaccine, which can be crucial in diseases like smallpox where the severity of the reaction can influence outcomes.

Summary of Full Response:
1. Method 1 provides a general overview of the correlation between vaccination status and smallpox survival.
2. Method 2 offers a detailed, case-by-case analysis considering individual vaccination reactions.
3. The choice between the methods depends on whether a broad trend (Method 1) or detailed, nuanced understanding (Method 2) is more valuable for the specific question of how vaccination status affects smallpox survival.

Yes or No Answer: No"
372,yes,"Step-by-step reasoning:
1. Calculate the probability of not being talented: 100% - 11% = 89%.
2. Calculate the probability of being hard-working for talented and non-talented students separately and then combine them: (11% * 6%) + (89% * 6%) = 5.406%.
3. Compare the overall probability of being hard-working (5.406%) to 50% to determine if being hard-working is more likely than being lazy.

Yes or no answer: No."
373,no,"Step-by-step reasoning:
   - The correlation coefficient is -0.10, indicating a weak negative relationship.
   - Correlation does not imply causation.
   - Other factors could influence both kindness and attractive appearance.
   - The context of being in a relationship adds complexity.

3. No"
374,yes,"Step-by-step reasoning:
   - Identify the given probabilities: 81% for the alarm ringing when not set by the husband, and 18% when set by the husband.
   - Understand the question is asking for a comparative likelihood from the perspective of husbands who set the alarm.
   - Compare the probabilities: 81% (not set) vs. 18% (set).
   - Determine if the condition of not setting the alarm would indeed result in a higher likelihood of the alarm ringing compared to when it is set, based on the provided probabilities.

3. Yes."
375,yes,"Step-by-step reasoning:
1. Calculate the probability of not smoking: 100% - 12% = 88%.
2. Calculate the probability of lung cancer among smokers: 12% * 90% = 10.8%.
3. Calculate the probability of lung cancer among nonsmokers: 88% * 52% = 45.76%.
4. Add the probabilities of lung cancer among smokers and nonsmokers to find the overall probability: 10.8% + 45.76% = 56.56%.
5. Compare the overall probability of lung cancer (56.56%) to 50% to determine if lung cancer is more likely than its absence.

Yes."
376,yes,"Step-by-Step Reasoning**
1. Method 1 considers individual effort, providing a nuanced view of how smoking affects college admission.
2. Method 2 looks at the general correlation without considering individual variables.
3. Accounting for individual effort (as in Method 1) can offer a more detailed understanding of the relationship between smoking and college admission.

**Yes or No Answer**
Yes"
377,no,"Step-by-step reasoning:
1. Identify the relevant probabilities: 94% for non-talented and accepted, 92% for talented and accepted.
2. Compare these probabilities to determine the relationship between talent and the likelihood of being hard-working.
3. Conclusion: The probability of being hard-working is lower for talented students (92%) than for non-talented students (94%) among those accepted to elite institutions.

Answer: No."
378,yes,"Step-by-Step Reasoning:**
1. Consider the nature of data and analysis provided by Method 1 (case-by-case analysis) and Method 2 (general correlation).
2. Evaluate the ability of each method to account for multiple factors influencing college admission.
3. Determine which method provides a more nuanced understanding of the relationship between smoking and college admission.

**Yes or No Answer:** Yes"
379,no,"Step-by-step reasoning:
   - Understand the correlation coefficient (-0.10) and its implications (weak negative correlation).
   - Recognize that correlation does not imply causation.
   - Consider the specific population (famous people) and potential biases.
   - Acknowledge the complexity of the relationship between attractiveness and talent.

3. No"
380,yes,"step by step reasoning:
1. Identify the cause of scurvy: Lack of vitamin C.
2. Recognize the relevance of citrus: Citrus is rich in vitamin C.
3. Compare the methods: Method 1 looks at general correlation, while Method 2 focuses on the specific case of vitamin C.
4. Determine the more precise method: Method 2 is more precise because it directly addresses the causative factor (vitamin C) of scurvy.

Yes or no answer: No."
381,yes,"Step-by-step reasoning:
1. Calculate the overall probability of recovery: 16% (low bill and recovery) + 36% (high bill and recovery) = 52%.
2. Calculate the probability of recovery given a high hospital bill: 36% / 51% ≈ 70.6%.
3. Compare the probability of recovery given a high hospital bill to the overall probability of recovery to determine if recovery chance is smaller with a high hospital bill.

Yes or no answer: No"
382,yes,"Step-by-Step Reasoning**:
   - Calculate the probability of being a nonsmoker (100% - probability of smoking).
   - Calculate the probability of lung cancer among nonsmokers and smokers separately.
   - Add these probabilities to find the overall probability of lung cancer.
   - Compare this overall probability to 50% to determine if lung cancer is more likely than its absence.

3. **Yes or No Answer**: Yes."
383,yes,"Step-by-Step Reasoning:
- Step 1: Identify the two methods for analyzing the education level and salary correlation.
- Step 2: Recognize the limitations of Method 1, which includes overlooking potential confounding variables.
- Step 3: Consider the advantages of Method 2, which involves a more detailed analysis accounting for unobserved confounders.
- Step 4: Determine that Method 2 provides a more accurate understanding of the relationship due to its consideration of specific, potentially influential factors.

3. Yes or no answer: No."
384,yes,"Step-by-step reasoning:
1. Calculate the weighted probability of survival for vaccinated individuals.
2. Calculate the weighted probability of survival for unvaccinated individuals.
3. Add the two probabilities to get the overall probability of survival.
4. Compare the overall probability of survival to 50% to determine if survival is more likely than death.

Yes or no answer: No."
385,yes,"To determine whether attractive appearance is less likely than unattractive appearance overall, we must consider the probabilities of attractive appearance among both kind and mean personalities, as well as the overall probability of kindness.

First, we are given that the overall probability of kindness is 45%. This implies that the probability of a mean personality is 100% - 45% = 55%.

For people with mean personalities, the probability of attractive appearance is 40%, and for people with kind personalities, the probability of attractive appearance is also 40%. This means that regardless of the personality type, the probability of attractive appearance is the same.

However, to assess whether attractive appearance is less likely than unattractive appearance overall, we need to calculate the overall probability of attractive appearance. This involves considering both the probability of attractive appearance among kind individuals and among mean individuals, weighted by the probability of each personality type.

The probability of a kind person being attractive is 0.45 (probability of kindness) * 0.40 (probability of attractive given kind) = 0.18.
The probability of a mean person being attractive is 0.55 (probability of meanness) * 0.40 (probability of attractive given mean) = 0.22.

The overall probability of attractive appearance is the sum of these probabilities: 0.18 + 0.22 = 0.40, or 40%.

Since the overall probability of attractive appearance (40%) is less than the probability of unattractive appearance (100% - 40% = 60%), attractive appearance is indeed less likely than unattractive appearance overall.

Summary:
1. Calculate the probability of mean personality: 100% - 45% = 55%.
2. Calculate the weighted probability of attractive appearance for kind and mean personalities.
3. Sum these probabilities to find the overall probability of attractive appearance.
4. Compare this to the probability of unattractive appearance to determine if attractive appearance is less likely.

Yes or no answer: Yes."
386,no,"## Step 1: Understand the given probabilities
The problem provides us with several conditional probabilities regarding the signing of termination letters by managers and directors and the outcome of an employee being fired. We need to calculate the probability of an employee being fired when a manager signs the termination letter and compare it with the scenario where the manager does not sign.

## Step 2: Calculate the probability of an employee being fired when a manager signs the termination letter
To determine this, we must consider the two scenarios where the manager signs the termination letter: (1) the director also signs, and (2) the director does not sign. The probabilities given are 6% when both sign and 37% when the manager signs but the director does not.

## Step 3: Calculate the weighted average of the probabilities when the manager signs
We need to calculate the weighted average of these probabilities based on the likelihood of the director signing or not signing when the manager signs. The probability of the director signing when the manager signs is 52%, and thus not signing is 48% (100% - 52%).

## Step 4: Perform the calculation
Weighted average = (Probability of director signing when manager signs * Probability of employee being fired when both sign) + (Probability of director not signing when manager signs * Probability of employee being fired when manager signs but director does not).
Weighted average = (0.52 * 0.06) + (0.48 * 0.37).

## Step 5: Calculate the numerical value
Weighted average = 0.0312 + 0.1776 = 0.2088 or 20.88%.

## Step 6: Compare with the scenario where the manager does not sign
We also need to calculate the weighted average for when the manager does not sign the termination letter to compare. The probabilities given are 86% when the director does not sign and 47% when the director signs. The probability of the director signing when the manager does not sign is 40%.

## Step 7: Calculate the weighted average for the manager not signing
Weighted average = (Probability of director signing when manager does not sign * Probability of employee being fired when director signs but manager does not) + (Probability of director not signing when manager does not sign * Probability of employee being fired when neither signs).
Weighted average = (0.40 * 0.47) + (0.60 * 0.86).

## Step 8: Perform the calculation for the manager not signing
Weighted average = 0.188 + 0.516 = 0.704 or 70.4%.

## Step 9: Determine if it's more likely for the employee to be fired if the manager had signed the termination letter
Compare the weighted averages calculated for the scenarios where the manager signs and does not sign the termination letter.

## Step 10: Conclusion
Since 20.88% (when the manager signs) is less than 70.4% (when the manager does not sign), it is less likely for the employee to be fired if the manager signs the termination letter.

The final answer is: $\boxed{No}$"
387,yes,"Step-by-Step Reasoning:
- Identify the probability of long lifespan for normal weight individuals: 48%.
- Identify the probability of long lifespan for obese individuals: 67%.
- Compare the probabilities to determine if being of normal weight would result in a lower likelihood of long lifespan for someone who is currently obese.
- Since 48% (normal weight) is less than 67% (obese), it indicates that, based on the given data, an obese person would have a lower likelihood of a long lifespan if they had been of normal weight.

3. Yes or no answer: Yes."
388,yes,"Step-by-step reasoning:
1. Calculate the probability of penguin death for each combination of transportation choice and penguin mood.
2. Determine the overall probability of penguin death for each transportation choice by considering the probabilities of penguin happiness and sadness.
3. Compare the overall probabilities of penguin death for taking the stairs versus the elevator to decide which choice positively affects penguin survival.

Yes or no answer: No."
389,no,"Step-by-step reasoning:
   - The husband's alarm setting is a prerequisite for the wife's alarm to be set.
   - Both the husband's and wife's alarms need to be set for the alarm to ring.
   - Without the husband setting his alarm, the wife's alarm won't be set.
   - Since both alarms are necessary for the ringing, and one is missing, the alarm won't ring.

3. No"
390,yes,"Step-by-Step Reasoning**:
- Analyze the effect of social status on child intelligence for unintelligent parents: Minimal effect.
- Analyze the effect of social status on child intelligence for intelligent parents: Slight positive effect.
- Consider the role of the confounder on social status for both intelligent and unintelligent parents: The confounder does not seem to significantly alter the social status probabilities in a way that would suggest it mediates a strong relationship between parents' intelligence and child's intelligence through social status.
- Evaluate if the data supports a positive effect of parents' intelligence on child's intelligence through social status: The slight increase in probability for intelligent parents with high social status might suggest some effect, but it's not conclusive given the primary influence of parental intelligence on child intelligence.

3. **Yes or No Answer**: No."
391,yes,"Step-by-Step Reasoning:
- Identify the goal: Understand how maternal smoking affects infant birth weight.
- Consider Method 1: Analyzes the correlation case by case, accounting for unobserved confounders.
- Consider Method 2: Examines the general correlation without considering confounders.
- Evaluate the importance of accounting for confounders in establishing a cause-effect relationship.
- Determine which method provides a more accurate representation of the relationship.

3. Yes or no answer: Yes."
392,yes,"To solve this, let's first define the events:
- A: The camper lights a match.
- B: The forest is on fire.

Given:
- P(A) = 1% or 0.01 (The probability of the camper lighting a match)
- P(A' and B') = 38% or 0.38 (The probability of the camper not lighting a match and the forest not being on fire)
- P(A and B) = 1% or 0.01 (The probability of the camper lighting a match and the forest being on fire)

We are asked to find if P(B|A) < P(B), where P(B|A) is the probability of the forest being on fire given that the camper lights a match, and P(B) is the overall probability of the forest being on fire.

First, let's find P(B), the overall probability of the forest being on fire. We know that:
\[P(B) = P(B|A)P(A) + P(B|A')P(A')\]

However, to find P(B), we need to calculate P(B|A) and P(B|A'), or use given information more directly.

Given P(A and B) = 0.01, and we know P(A) = 0.01, we can calculate P(B|A) directly:
\[P(B|A) = \frac{P(A \cap B)}{P(A)} = \frac{0.01}{0.01} = 1\]

This means that if the camper lights a match, the probability of the forest being on fire is 100%, according to the given data. However, this interpretation might seem incorrect because it suggests a certainty that doesn't align with real-world expectations. The provided probabilities lead to this calculation, but let's correct the course by addressing the question more directly.

To determine if the chance of the forest on fire is smaller when observing the camper lighting a match, we actually need to compare P(B|A) to P(B). Given the calculated P(B|A) = 1, it seems we've approached the calculation with the information provided but may have misinterpreted the implication due to the nature of the question.

Let's correct the understanding: Given P(B|A) = 1 from our calculation, it suggests an error in interpreting the given probabilities in the context of the question asked. The correct approach should involve understanding the conditional probabilities and the law of total probability correctly.

However, given the provided probabilities and the calculation of P(B|A) directly from given data as 1 (which is not a realistic interpretation but follows from the provided numbers), we see a misunderstanding in applying these probabilities to answer the question as intended.

The question essentially asks us to compare the probability of the forest being on fire given the camper lights a match [P(B|A)] to the overall probability of the forest being on fire [P(B)]. Given the direct calculation of P(B|A) = 1 from the provided data, and acknowledging this might not reflect a realistic scenario due to the nature of the probabilities given, we proceed with what the calculation directly tells us.

**Full Response Summary in Steps:**
1. Define the events and given probabilities.
2. Attempt to calculate P(B|A) directly from given information, which results in P(B|A) = 1.
3. Recognize the potential misunderstanding in the calculation due to the provided probabilities leading to an unrealistic scenario.
4. Acknowledge the need to compare P(B|A) to P(B) to answer the question, but note the direct calculation provides a specific, albeit potentially misleading, result.

**Yes or No Answer:** No"
393,no,"Step-by-step reasoning: 
   - Identify the probability of arriving on time when waking up on time: 49%.
   - Identify the probability of arriving on time when waking up late: 8%.
   - Compare the two probabilities to determine if waking up late increases the chance of arriving on time.

3. No."
394,no,"Step-by-step reasoning:
   - Identify the given probabilities: 44% for nonsmoking genes and 53% for smoking genes.
   - Understand the question is about the comparative likelihood of lung cancer in individuals with smoking genes who also have a nonsmoking gene.
   - Recognize that the presence of a nonsmoking gene does not negate the influence of smoking genes but consider if it could potentially reduce the risk.
   - Since the question implies a combination (smoking genes and nonsmoking gene), consider if such a combination is directly addressed by the given probabilities.

3. No."
395,yes,"**Full Response:**
To determine whether Method 1 is more correct than Method 2 for understanding how a manager affects an employee, we need to consider the nature of the relationships and variables involved. Method 1 involves looking at the general correlation between managers and employees, which can provide a broad overview of how managers might influence employees across the organization. This approach can be useful for identifying overall trends and patterns. However, it may not account for specific contextual factors that could vary significantly across different departments or teams, each of which might be overseen by a different director.

Method 2, on the other hand, involves examining the correlation on a case-by-case basis according to the director. This approach allows for a more nuanced understanding, as it considers the specific context and leadership style that each director brings to their department. Directors can have vastly different management styles, priorities, and ways of interacting with both managers and employees, which can significantly impact how managers, in turn, interact with and affect their employees.

Given these considerations, Method 2 might offer a more detailed and accurate picture of how managers affect employees because it takes into account the variability introduced by different directors. This could be particularly important in organizations where directors have a significant amount of autonomy or where the culture and expectations vary significantly from one department to another.

**Summary of Full Response:**
1. Consider the broad applicability of Method 1 for general trends.
2. Recognize the limitations of Method 1 in accounting for specific contextual factors.
3. Evaluate Method 2 for its ability to provide a nuanced understanding by considering the impact of different directors.

**Yes or No Answer:** No"
396,yes,"Step-by-Step Reasoning**:
- Identify given probabilities.
- Calculate the overall probability of the employee being fired.
- Calculate the probability of the employee being fired given the manager signs the termination letter.
- Compare this conditional probability with the overall probability of being fired to answer the question.

3. **Yes or No Answer**: 
No."
397,yes,"Step-by-Step Reasoning:
- Taking the elevator causes penguin sadness.
- Elevator use or penguin happiness causes penguin death.
- Taking the stairs avoids the elevator, removing one condition for penguin death.
- The statements do not directly link taking the stairs with penguin death or sadness.

3. Yes or no answer: Yes"
398,yes,"step by step. First, we know that both obesity and smoking are causes of diabetes. Additionally, we are told that being obese, a smoker, or having diabetes can lead to a long lifespan, which seems counterintuitive but is stated as a premise. Given that the person in question is a nonsmoker, we can eliminate smoking as a factor. The question then focuses on whether obesity, as opposed to being of normal weight, would lead to a short lifespan for this nonsmoking individual.

However, the information provided contains a logical contradiction regarding the typical understanding of the relationship between these factors and lifespan. Usually, obesity and smoking are associated with a shorter lifespan, and diabetes is also linked to various complications that can reduce lifespan. But the premise suggests that these conditions lead to a long lifespan, which is not in line with established health knowledge.

Given this contradictory premise, we must work within its framework to deduce an answer. If we follow the premise that obesity or smoking or having diabetes leads to a long lifespan, and the person is a nonsmoker, then the factor of smoking is eliminated. This leaves us with obesity and diabetes as potential factors for a long lifespan, according to the given information.

2. Concise Step-by-Step Reasoning:
- Identify given causes of diabetes: obesity and smoking.
- Note the stated effect of obesity, smoking, or diabetes: long lifespan.
- Eliminate smoking as a factor since the person is a nonsmoker.
- Consider the impact of obesity versus normal weight on lifespan within the given framework.

3. Yes or No Answer: No"
399,yes,"step by step reasoning:
- The correlation coefficient between kindness and attractive appearance is -0.01.
- A correlation coefficient close to 0 indicates no significant linear relationship.
- Therefore, kindness does not significantly affect attractive appearance in a linear manner for people in a relationship.

3. Yes or no answer: Yes"
400,yes,"Step-by-Step Reasoning:**
1. Evaluate Method 1 for its broad applicability and potential to identify general trends between personality and appearance.
2. Consider Method 2 for its ability to account for the influence of relationship status on the expression of personality through appearance.
3. Recognize the importance of contextual factors (like relationship status) in mediating the relationship between personality and appearance.

**Yes or No Answer:** No"
401,yes,"Step-by-step reasoning:**
1. Identify the probabilities of long lifespan for normal weight and obese individuals with and without diabetes.
2. Recognize that diabetes negatively affects lifespan in both groups but more significantly in obese individuals.
3. Consider the overall impact of obesity on lifespan by comparing the probabilities without factoring in diabetes.
4. Determine that the general trend indicates lower probabilities of long lifespan for obese individuals compared to normal weight individuals.

**Yes or no answer:** No"
402,yes,"step-by-step reasoning for the response:
1. Calculate the probability of the dry season: 100% - 44% = 56%.
2. Calculate the weighted probability of wet ground in the rainy season: 44% * 63% = 27.72%.
3. Calculate the weighted probability of wet ground in the dry season: 56% * 53% = 29.68%.
4. Add the probabilities of wet ground in both seasons to get the overall probability: 27.72% + 29.68% = 57.4%.
5. Compare the overall probability of wet ground (57.4%) to 50% to determine if wet ground is more likely.

Yes."
403,yes,"Step-by-Step Reasoning:
- Identify the probability of admission acceptance for males: 62%.
- Identify the probability of admission acceptance for non-males: 56%.
- Compare the two probabilities to determine the effect of being male on admission acceptance.
- Since 62% (male) is greater than 56% (non-male), being male increases the likelihood of admission acceptance.

3. Yes or No Answer: No"
404,yes,"Step-by-Step Reasoning:
- Identify the recovery probabilities with and without treatment for both small and large kidney stones.
- Note the overall probability of large kidney stones (54%).
- Recognize that treatment decreases the recovery probability for both types of stones.
- Consider that the question pertains to patients already receiving treatment.

3. Yes or no answer: Yes."
405,yes,"Step-by-step reasoning:**
1. Identify the probabilities of citrus intake and scurvy for both consumers and non-consumers of citrus.
2. Calculate the contribution of each group to the overall probability of scurvy.
3. Add these contributions to find the overall probability of scurvy.
4. Compare this probability to the probability of no scurvy to determine which is more likely.

**Yes or no answer:** No"
406,yes,"Step-by-Step Reasoning**:
   - Identify given probabilities: 
     - Overall probability of receiving treatment = 49%
     - Probability of receiving no treatment and recovery = 40%
     - Probability of receiving treatment and recovery = 17%
   - Calculate the probability of recovery given treatment: 17% / 49%
   - Compare this with the probability of recovery without treatment (40%) to determine if recovery is more likely with treatment.

3. **Yes or No Answer**: No"
407,yes,"Step-by-Step Reasoning**:
1. Identify the probabilities related to parents' intelligence and child's intelligence.
2. Compare these probabilities to assess the relationship between parents' and child's intelligence.
3. Disregard the influence of social status to focus on the direct relationship.
4. Conclude the effect of parents' intelligence on child's intelligence based on the comparison.

**Yes or No Answer**: No."
408,yes,"Step-by-step reasoning:
1. Identify the given probabilities related to infant mortality and maternal smoking status.
2. Recognize the need to disregard infant birth weight as a mediator.
3. Note that direct comparisons of mortality rates based solely on maternal smoking status, without considering birth weight, are not provided.
4. Consider the implications of maternal smoking on infant health and birth weight as indirect indicators.
5. Since direct data is not provided for a straightforward comparison of mortality rates based on smoking status alone, we must consider if the information implies a negative effect through increased risk factors associated with smoking (like lower birth weight probabilities).

Given the lack of direct comparison and the instruction to disregard birth weight, the question seems to imply a need to consider if smoking itself, independent of birth weight, would have a negative effect. However, without explicit probabilities for infant mortality that directly compare smoking and nonsmoking mothers without accounting for birth weight, we must rely on the understanding that smoking typically increases health risks, including potentially for infants.

Yes or no answer: Yes."
409,yes,"Step-by-Step Reasoning:**
1. Identify the given probabilities of high salary for different gender and occupation combinations.
2. Recognize the need to disregard occupation to assess the direct effect of gender on salary.
3. Note the lack of direct overall probabilities for males and females across all occupations and skill levels.
4. Compare the given probabilities for males and females within each occupation type, observing higher probabilities for males.

**Yes or No Answer:** Yes"
410,yes,"Step-by-Step Reasoning**:
- Calculate the probability of having a healthy heart among those taking medication: 59% * 80%.
- Calculate the probability of having a healthy heart among those not taking medication: 41% * 38%.
- Add these probabilities to find the overall probability of having a healthy heart.
- Compare this probability with the probability of heart problems (100% minus the probability of a healthy heart).

3. **Yes or No Answer**: No"
411,yes,"Step-by-step reasoning:
1. Identify the relevant probabilities for hospitalized individuals.
2. Compare the probability of broken bones for hospitalized individuals with respiratory issues (35%) to those without respiratory issues (54%).
3. Determine if the presence of respiratory issues increases the chance of broken bones by comparing the two probabilities.

Yes or no answer: No."
412,yes,"Step-by-Step Reasoning:
- Identify causes of lateness: waking up late and heavy traffic.
- Eliminate the factor of heavy traffic since it's stated there is none.
- Consider the impact of waking up late without traffic.
- Deduce that waking up late still leads to lateness due to reduced preparation and travel time.

3. Yes or no answer: Yes."
413,yes,"1. Full Response: 
To address this question, we need to analyze how maternal smoking status affects infant mortality, considering the infant's birth weight as a mediator. We are given various probabilities related to infant mortality and birth weight under different conditions of maternal smoking and infant health. 

First, let's examine the direct relationship between maternal smoking and infant mortality through birth weight. For nonsmoking mothers, the probability of high infant mortality is higher for low birth weight infants (85%) than for normal birth weight infants (50%). This suggests that low birth weight is associated with higher infant mortality. For smoking mothers, the pattern is similar, with higher mortality rates for low birth weight infants (81%) compared to normal birth weight infants (56%). 

However, to determine if maternal smoking negatively affects infant mortality through birth weight, we need to consider how smoking affects birth weight and then how that, in turn, affects mortality. 

For nonsmoking mothers, infants with poor health have a 39% probability of normal birth weight, and those with good health have a 65% probability. In contrast, for smoking mothers, the probabilities of normal birth weight are significantly lower, at 1% for poor health and 31% for good health. This indicates that maternal smoking is associated with lower probabilities of normal birth weight, especially for infants with poor health.

Given that normal birth weight is associated with lower infant mortality rates, and maternal smoking reduces the likelihood of normal birth weight, it can be inferred that maternal smoking status does negatively affect infant mortality through its impact on infant birth weight.

2. Summary of Full Response:
- Analyze the relationship between maternal smoking, infant birth weight, and infant mortality.
- Identify how birth weight affects infant mortality for both smoking and nonsmoking mothers.
- Examine how maternal smoking affects the probability of normal birth weight.
- Conclude the indirect effect of maternal smoking on infant mortality through birth weight.

3. Yes or no answer: Yes."
414,yes,"Step-by-Step Reasoning**:
- Calculate the probability of scurvy given citrus intake, P(Scurvy|Citrus).
- Compare this with the overall probability of scurvy if it were directly calculable or infer based on given data.
- Determine if citrus intake reduces the chance of scurvy.

3. **Yes or No Answer**: 
To directly answer if the chance of scurvy is smaller when observing citrus intake without explicit calculation of P(Scurvy) but knowing that citrus provides vitamin C which prevents scurvy, we lean on the logical relationship that consuming citrus (a source of vitamin C) should reduce the incidence of scurvy. Thus, intuitively, yes, the chance of scurvy should be smaller when observing citrus intake, given the biological role of vitamin C in preventing scurvy. 

**Yes**"
415,yes,"Step-by-Step Reasoning:**
1. Identify given probabilities: male gender (52%), non-male and high salary (24%), male and high salary (38%).
2. Calculate non-male gender probability: 100% - 52% = 48%.
3. Calculate probability of high salary among non-males: 24% / 48% = 50%.
4. Compare probabilities of high salary: 38% for males, 50% for non-males.

**Yes or No Answer:** No"
416,yes,"Step-by-step reasoning:
1. Identify the recovery probabilities for each group (with and without pre-conditions, with and without the vaccine).
2. Calculate the weighted average recovery rates for the entire population with and without the vaccine, using the probability of pre-conditions.
3. Compare the weighted average recovery rates to determine if the vaccine decreases the chance of recovering.

Yes or no answer: Yes."
417,yes,"Step-by-step reasoning:
1. Identify the given probabilities for cholera contraction and clean water for both local and global water companies.
2. Recognize the general principle that clean water reduces the risk of waterborne diseases.
3. Acknowledge the data provided does not directly support calculating the effect of clean water on cholera contraction risk without additional assumptions.
4. Infer based on general knowledge that clean water should decrease the risk of cholera contraction, not increase it.

Yes or no answer: No"
418,yes,"Step-by-Step Reasoning:
- Identify the recovery probabilities for patients who pay high hospital bills: 87% for young patients and 19% for old patients.
- Identify the recovery probabilities for patients who pay low hospital bills: 99% for young patients and 30% for old patients.
- Compare the recovery rates for high bill payers with low bill payers within the same age groups to assess the impact of the hospital bill on recovery likelihood.
- Since the recovery rates for both age groups (young and old) are higher when patients pay low hospital bills compared to high hospital bills, it indicates that paying a low hospital bill is associated with a higher likelihood of recovery.

3. Yes or no answer: Yes"
419,yes,"Step-by-Step Reasoning:
- Identify the probabilities of college admission for both nonsmokers and smokers.
- Compare these probabilities to determine which group has a higher chance of college admission.
- Based on the comparison, decide if being a nonsmoker would increase the likelihood of college admission for a smoker.

3. Yes or No Answer: No"
420,yes,"Step-by-step reasoning:
1. **Compare the probability of a healthy heart for individuals not taking medication with low vs. high blood pressure**: Those with high blood pressure have a higher probability (68%) of a healthy heart than those with low blood pressure (46%).
2. **Compare the probability of a healthy heart for individuals taking medication with low vs. high blood pressure**: Those with high blood pressure have a higher probability (43%) of a healthy heart than those with low blood pressure (7%).
3. **Consider the effect of medication on blood pressure**: The probability of high blood pressure is significantly higher for those not taking medication (82%) compared to those taking medication (45%).
4. **Assess the overall impact of medication**: Despite the lower probability of high blood pressure among those taking medication, the probability of a healthy heart is lower for both low and high blood pressure groups compared to their counterparts not taking medication.

Given this analysis, it appears that medication does not improve heart health through its effect on blood pressure; in fact, the data suggest that medication may be associated with a lower probability of a healthy heart across both blood pressure groups.

Yes or no answer: Yes."
421,no,"Step-by-step reasoning:
   - Identify the survival rates for unvaccinated and vaccinated individuals.
   - Compare these rates to determine the effect of vaccination on survival.
   - Recognize that the question implies a consideration of potential negative effects of vaccination (e.g., adverse reactions) on survival.
   - Note that the provided data does not specifically account for the impact of vaccination reactions on survival but shows an overall higher survival rate for vaccinated individuals.

3. No"
422,no,"Step-by-step reasoning:
   - Identify the probability of death if the prisoner is released: 36%.
   - Identify the probability of death if the prisoner is executed: 72%.
   - Compare the two probabilities to determine if executing the prisoner could decrease the chance of death based on the given probabilities.

3. No."
423,yes,"step by step.

1. **Full Response**: 
The probability of smoking is given as 94%, which implies that the probability of nonsmoking is 100% - 94% = 6%. We are also given that the probability of nonsmoking and college admission is 5%, and the probability of smoking and college admission is 54%. 

To determine if the chance of college admission is smaller when observing smoking, we need to calculate the probability of college admission given that the person smokes and the probability of college admission given that the person does not smoke, and then compare these probabilities.

The probability of college admission given that the person smokes can be calculated by dividing the probability of smoking and college admission by the probability of smoking: P(College|Smoking) = P(Smoking and College) / P(Smoking) = 54% / 94%.

The probability of college admission given that the person does not smoke can be calculated similarly: P(College|NonSmoking) = P(NonSmoking and College) / P(NonSmoking) = 5% / 6%.

2. **Step-by-Step Reasoning**:
- Calculate the probability of nonsmoking: 100% - 94% = 6%.
- Calculate P(College|Smoking) = 54% / 94%.
- Calculate P(College|NonSmoking) = 5% / 6%.
- Compare P(College|Smoking) and P(College|NonSmoking) to determine if the chance of college admission is smaller when observing smoking.

3. **Yes or No Answer**: 
To calculate: 
P(College|Smoking) = 54% / 94% ≈ 0.5745 or 57.45%, 
P(College|NonSmoking) = 5% / 6% ≈ 0.8333 or 83.33%.

Since 57.45% is less than 83.33%, the answer is: **Yes**."
424,yes,"Step-by-step reasoning:
1. Calculate the probability of having polluted water: 100% - 39% = 61%.
2. Calculate the probability of cholera contraction given polluted and clean water separately.
3. Calculate the overall probability of contracting cholera by adding the probabilities of contracting cholera in both scenarios.
4. Determine the probability of cholera prevention by subtracting the probability of contraction from 100%.
5. Compare the probabilities to determine if contraction is more likely than prevention.

Yes or no answer: Yes."
425,yes,"Step-by-Step Reasoning**
1. Identify the probability of lung cancer for people with nonsmoking genes: 65%.
2. Identify the probability of lung cancer for people with smoking genes: 49%.
3. Compare the two probabilities to determine the effect of the smoking gene on the risk of lung cancer.
4. Since 49% is less than 65%, conclude that the smoking gene is associated with a decreased risk of lung cancer based on the given data.

**Yes or No Answer**
No"
426,no,"Step-by-step reasoning:
- Identify the probabilities of low cholesterol with and without drug treatment.
- Note the probabilities of taking all assigned drugs with and without drug treatment.
- Recognize the missing direct comparison between drug adherence and cholesterol levels.
- Infer based on the higher adherence and higher cholesterol reduction in the drug treatment group.

3. No."
427,yes,"Step-by-Step Reasoning**:
   - Calculate overall admission probability for not male individuals using department competitiveness probabilities and admission acceptance rates.
   - Calculate overall admission probability for male individuals using department competitiveness probabilities and admission acceptance rates.
   - Compare the two overall probabilities to determine the effect of gender on admission status.

3. **Yes or No Answer**: Yes."
428,no,"Step-by-step reasoning:
1. Identify the relevant probabilities for people in a relationship.
2. Compare the probability of attractive appearance for those with mean personalities (7%) to those with kind personalities (9%) within the context of being in a relationship.
3. Determine if the probability increases or decreases with kindness.

Given that 9% (kind personalities) is greater than 7% (mean personalities), the chance of attractive appearance actually increases with kindness in people who are in a relationship, not decreases.

The answer to whether the chance of attractive appearance decreases when kindness is present in people who are in a relationship is no."
429,yes,"Step-by-Step Reasoning:**
1. Calculate the probability of not blowing out the candle.
2. Calculate the probability of a dark room when the candle is blown out.
3. Calculate the probability of a dark room when the candle is not blown out.
4. Add the probabilities of a dark room from both scenarios to get the overall probability.
5. Compare the overall probability of a dark room to 50% to determine if a dark room is more likely.

**Yes or No Answer:** Yes"
430,no,"step-by-step reasoning:
1. Calculate the probability of high salary for people with a college degree or higher: 0.6 * 0.4 = 0.24.
2. Calculate the probability of high salary for people without a college degree: 0.4 * 0.26 = 0.104.
3. Calculate the overall probability of high salary: 0.24 + 0.104 = 0.344.
4. Compare the overall probability of high salary (34.4%) to the probability of low salary (65.6%).

The answer is: No."
431,yes,"Step-by-step reasoning:
   - Calculate the probability of a student not being talented: 100% - 47% = 53%.
   - Recognize that the probability of being hard-working is the same for both talented and non-talented students: 57%.
   - Since the probability of being hard-working is consistent across both groups, we can conclude that 57% of students are hard-working, making it more likely than being lazy (which would be 100% - 57% = 43%).

3. Yes"
432,yes,"step-by-step reasoning for this question would be:
1. Identify the purpose of the analysis, which is to understand how smoking affects lung cancer.
2. Consider the benefits of analyzing data by specific demographics (Method 1), such as identifying gender-specific risks.
3. Evaluate the benefits of a general analysis (Method 2), such as obtaining a broad understanding of the smoking-lung cancer correlation.
4. Determine which method provides more valuable insights for the purpose at hand.

Given the above analysis, the question of whether it is more correct to use Method 1 than Method 2 to understand how smoking affects lung cancer can be answered based on the goal of gaining detailed, actionable insights versus a general understanding. Method 1 offers a more nuanced understanding by considering gender differences, which can be critical for public health interventions and personalized risk assessments.

Yes or no answer: Yes."
433,no,"step-by-step reasoning involves:
   - Identify the probability of arriving on time when Alice wakes up on time: 39%.
   - Identify the probability of arriving on time when Alice wakes up late: 70%.
   - Compare these probabilities to determine which scenario has a higher likelihood of Alice arriving on time.

3. No"
434,yes,"1. Full Response: 
To answer this question, we need to calculate the probability of recovery for patients who pay a high hospital bill and compare it with the probability of recovery if they had paid a low hospital bill. We are given the probabilities of recovery based on age and hospital bill payment. However, we are not directly given the probability of recovery for all patients who pay a high hospital bill or a low hospital bill, nor are we given the overall probability of paying a high or low hospital bill. We do know the probability of being old is 42%, which implies the probability of being young is 58% (since 100% - 42% = 58%). 

Given:
- Young and low bill: 5% recovery
- Young and high bill: 19% recovery
- Old and low bill: 80% recovery
- Old and high bill: 93% recovery
- Probability of being old: 42%

We can calculate the probability of recovery for patients who pay a high hospital bill by using the law of total probability, but without the specific probabilities of paying a high or low bill, we can't directly calculate these probabilities. However, we can infer based on the given probabilities of recovery and the age distribution.

2. Summary of Full Response:
- Calculate the probability of being young: 100% - 42% = 58%.
- Understand that without the specific distribution of high and low hospital bills, direct calculation is challenging.
- Recognize that the question essentially asks for a comparison based on the given recovery probabilities and age distribution.

3. Yes or No Answer: No. 

The reasoning behind this answer is based on the comparison of recovery probabilities given for high and low hospital bills across different age groups. For both young and old patients, the probability of recovery is higher when they pay a high hospital bill compared to when they pay a low hospital bill. Therefore, it would not be more likely to see recovery if the patient had paid a low hospital bill, given they are currently paying a high hospital bill."
435,no,"Step-by-step reasoning:
   - Identify the probabilities of wet ground in different seasons.
   - Compare the probabilities to determine the effect of the season on wet ground.
   - Consider the implications of the season (dry or rainy) on the condition of the ground (wet or dry).
   - Recognize that the question asks about a negative effect, which would be related to dry conditions rather than wet conditions.

3. No."
436,yes,"Step-by-Step Reasoning**:
- Calculate the probability of not consuming citrus: 100% - 20% = 80%.
- Calculate the overall probability of scurvy by considering both consumption scenarios.
- Calculate the probability of no scurvy by subtracting the probability of scurvy from 1.
- Compare the probabilities to determine if scurvy is less likely than no scurvy.

3. **Yes or No Answer**: No"
437,yes,"Step-by-step reasoning:
1. Calculate the probability of being a nonsmoker: 100% - 84% = 16%.
2. Calculate the probability of a nonsmoker getting admitted to college: 16% * 63% = 10.08%.
3. Calculate the probability of a smoker getting admitted to college: 84% * 57% = 47.88%.
4. Calculate the overall probability of college admission: 10.08% + 47.88% = 57.96%.
5. Compare the overall probability of college admission with 50% to determine if admission is more or less likely than rejection.

Yes or no answer: No."
438,yes,"Step-by-step reasoning:
1. Calculate the overall probability of lung cancer for nonsmokers by considering both the scenarios of having no tar deposit and having high tar deposit.
2. Calculate the overall probability of lung cancer for smokers using the same approach.
3. Compare the overall probabilities of lung cancer for nonsmokers and smokers to determine which group has a higher likelihood of lung cancer.

Yes or no answer: No."
439,yes,"Step-by-Step Reasoning:**
1. Identify the cause of scurvy: Lack of vitamin C.
2. Recognize the role of citrus in providing vitamin C.
3. Method 1 directly connects citrus consumption to scurvy prevention through vitamin C, addressing the disease's cause.
4. Method 2 looks at the general correlation without focusing on vitamin C, the known factor that prevents scurvy.
5. Therefore, Method 1 is more correct for understanding how eating citrus affects scurvy because it directly addresses the causal relationship between vitamin C intake and scurvy prevention.

**Yes or No Answer:** Yes."
440,yes,"Step-by-Step Reasoning**:
- Identify given probabilities: P(C) = 22%, P(P ∩ Ch) = 53%, P(C ∩ Ch) = 20%.
- Calculate overall probability of cholera contraction: P(Ch) = P(C ∩ Ch) + P(P ∩ Ch).
- Calculate probability of cholera given clean water: P(Ch|C) = P(C ∩ Ch) / P(C).
- Compare P(Ch|C) and P(Ch) to determine if cholera contraction chance is larger with clean water.

3. **Yes or No Answer**: No."
441,yes,"Step-by-step reasoning:
1. Calculate the probability of penguin death for each mode of transportation, considering both happy and sad penguins.
2. For stairs: (Probability of happy * Death probability given happy) + (Probability of sad * Death probability given sad) = 50.46%.
3. For elevator: (Probability of happy * Death probability given happy) + (Probability of sad * Death probability given sad) = 40.99%.
4. Compare the overall probabilities to determine the effect on penguin survival.

Yes or no answer: No."
442,yes,"step-by-step reasoning of the answer:
1. Identify the relevant probabilities: 
   - Probability of talent for unattractive and famous individuals: 19%.
   - Probability of talent for attractive and famous individuals: 15%.
2. Compare the probabilities to determine the relationship between attractiveness and talent among famous people.
3. Conclusion: Since 15% is less than 19%, attractiveness does not increase the chance of talent among famous people.

Yes or no answer: No."
443,yes,"Step-by-Step Reasoning:
- The patient has a large kidney stone.
- No treatment for a large kidney stone leads to no recovery.
- Treatment for a large kidney stone leads to recovery.
- Therefore, if the patient receives no treatment, they would not recover.

3. Yes or no answer: Yes."
444,yes,"Step-by-Step Reasoning:
- Identify the probabilities of low cholesterol in both treatment groups.
- Identify the probabilities of taking all assigned drugs in both groups.
- Recognize that the direct comparison of interest (impact of taking all assigned drugs on cholesterol levels) is not provided.
- Note the higher probability of low cholesterol in the drug treatment group, which could imply the drug's effectiveness but does not directly address the question.
- Consider that the question's answer depends on comparing outcomes (low cholesterol) based on adherence within each group, not directly provided.

3. Yes or No Answer: No"
445,yes,"Step-by-Step Reasoning:**
1. Identify the goal: Understand the relationship between smoking and lung cancer.
2. Evaluate Method 1: General correlation between smoking and lung cancer.
3. Evaluate Method 2: Correlation analyzed case by case according to tar deposit.
4. Consider the importance of tar deposit in lung cancer development.
5. Determine that a more detailed approach (Method 2) is more likely to provide accurate insights.

**Yes or No Answer:** No"
446,yes,"To determine if college admission is more likely than college rejection overall, we first need to calculate the overall probability of college admission. This involves considering both the scenarios of being a smoker and a nonsmoker and their respective probabilities of college admission.

The overall probability of smoking is 5%, which implies that the probability of being a nonsmoker is 100% - 5% = 95%. For nonsmokers, the probability of college admission is 55%, and for smokers, it is 43%.

To find the overall probability of college admission, we calculate the weighted average based on the probabilities of being a smoker or a nonsmoker and their respective admission probabilities:
- For nonsmokers: 95% * 55% = 0.95 * 0.55 = 0.5225 or 52.25%
- For smokers: 5% * 43% = 0.05 * 0.43 = 0.0215 or 2.15%
- Overall probability of college admission = 52.25% + 2.15% = 54.4%

Since the overall probability of college admission (54.4%) is greater than 50%, it indicates that college admission is more likely than college rejection overall.

Summary:
1. Calculate the probability of being a nonsmoker: 100% - 5% = 95%.
2. Calculate the weighted probability of college admission for nonsmokers: 95% * 55%.
3. Calculate the weighted probability of college admission for smokers: 5% * 43%.
4. Add the weighted probabilities to find the overall probability of college admission.
5. Compare the overall probability of college admission to 50% to determine if admission is more likely than rejection.

Yes or no answer: Yes."
447,yes,"Step-by-step reasoning:
1. Identify the probabilities given for cholera contraction and clean water in both the local and global water companies.
2. Recognize that a direct comparison between the two companies may not be straightforward due to potential differences in underlying conditions.
3. Note that the question essentially asks if clean water decreases the chance of cholera contraction, which would typically be answered by comparing outcomes (cholera contraction rates) among those with access to clean water versus those without, within similar contexts.
4. Acknowledge the limitation that without specific conditional probabilities (e.g., probability of cholera given clean water), a definitive conclusion based on the provided data alone may not fully address the question as intended.

Yes or no answer: Yes"
448,yes,"Step-by-step reasoning:
1. Calculate the probability of being normal weight: 100% - 91% = 9%.
2. Calculate the probability of long lifespan for normal weight people: 9% * 59% = 5.31%.
3. Calculate the probability of long lifespan for obese people: 91% * 74% = 67.34%.
4. Add the probabilities of long lifespan for both groups to get the overall probability: 5.31% + 67.34% = 72.65%.
5. Compare the overall probability of long lifespan (72.65%) to 50% to determine if long lifespan is more or less likely.

Yes or no answer: No."
449,yes,"Step-by-Step Reasoning:**
1. Identify the probabilities of receiving and not receiving treatment.
2. Identify the probabilities of recovery for patients receiving and not receiving treatment.
3. Calculate the overall probability of recovery by weighting the recovery probabilities by the treatment probabilities.
4. Compare the overall probability of recovery to the probability of non-recovery.

**Yes or No Answer:** Yes"
450,yes,"To determine if gender positively affects salary through occupation, we need to analyze the given probabilities and their implications on salary and occupation based on gender and skill level.

1. **Full Response**: 
Given the probabilities, we first observe the relationship between gender, occupation (blue-collar vs. white-collar), and the probability of having a high salary. For individuals who are not male (female), the probability of a high salary is higher in blue-collar jobs (58%) than in white-collar jobs (41%). Conversely, for males, the probability of a high salary is higher in blue-collar jobs (65%) compared to white-collar jobs (38%). This suggests that, regardless of gender, blue-collar jobs have a higher probability of resulting in a high salary than white-collar jobs, which is counterintuitive to common perceptions and does not directly answer the question about gender's effect on salary through occupation.

However, to assess if gender positively affects salary through occupation, we need to consider how gender influences the likelihood of getting a white-collar job, which is often associated with higher salaries and prestige, and then how that occupation affects salary.

For individuals who are not male and have low skill levels, the probability of getting a white-collar job is 100%, which is unusually high and suggests an anomaly or specific condition not fully explained by the given data. For those with high skill levels, the probability drops to 45%. For males, the probability of a white-collar job with low skill levels is 72%, and with high skill levels, it's 48%. This indicates that, regardless of skill level, females have a higher or comparable probability of getting a white-collar job compared to males when considering the 100% rate for low-skilled females, but the high skill level scenario shows a lower probability for females.

Given the overall probability of a high skill level is 91%, it implies that most individuals are highly skilled. However, the effect of gender on salary through occupation isn't straightforward from the given probabilities. The data suggests that being male and in a blue-collar job has the highest probability of a high salary (65%), and being female in a blue-collar job also has a relatively high probability (58%). The direct comparison of gender's effect on salary through occupation is complex due to the interaction of skill levels, job types, and the specific probabilities given.

2. **Summary of Full Response in Concise Steps**:
- Analyze the probability of high salary by gender and occupation type.
- Examine how gender affects the likelihood of getting a white-collar job based on skill level.
- Consider the overall probability of high skill levels and its implications.
- Determine if the data supports a positive effect of gender on salary through occupation, considering the interactions between gender, occupation, and skill level.

3. **Yes or No Answer**: No"
451,yes,"Step-by-step reasoning:
1. Calculate the overall probability of arriving to school on time by adding the probabilities of the two scenarios where one arrives on time.
2. Calculate the conditional probability of arriving to school on time given that one wakes up late.
3. Compare the conditional probability with the overall probability of arriving to school on time to determine if it's smaller when waking up late.

Yes or no answer: Yes."
452,yes,"Step-by-step reasoning:
1. Calculate the probability of being female: 100% - 83% = 17%.
2. Calculate the weighted probability of admission acceptance for males: 83% * 31% = 25.73%.
3. Calculate the weighted probability of admission acceptance for females: 17% * 29% = 4.93%.
4. Sum the weighted probabilities to find the overall probability of admission acceptance: 25.73% + 4.93% = 30.66%.
5. Compare the overall probability of admission acceptance to 50% to determine if acceptance is more likely than rejection.

Yes or no answer: No."
453,no,"Step-by-Step Reasoning:
   - Scurvy is caused by a lack of vitamin C.
   - Citrus fruits are a good source of vitamin C.
   - Consuming citrus fruits can help prevent or treat scurvy.
   - The absence of citrus in the diet would mean less vitamin C intake.
   - Less vitamin C intake would not help recover from scurvy.

3. No."
454,yes,"Step-by-Step Reasoning:**
1. Consider the goal: understanding how encouragement affects exam scores.
2. Evaluate Method 1: It analyzes the relationship between encouragement and exam scores on a case-by-case basis, considering studying habits.
3. Evaluate Method 2: It looks at the general correlation between encouragement and exam scores without accounting for studying habits.
4. Determine which method provides a more comprehensive understanding of the relationship between encouragement and exam scores, considering potential interactions with studying habits.

**Yes or No Answer:** Yes"
455,yes,"Step-by-Step Reasoning:**
1. Identify the goal: Understand the impact of campers on the forest.
2. Analyze Method 1: It provides a general, broad perspective on camper-forest correlation.
3. Analyze Method 2: It offers a specific, case-by-case perspective focusing on smoking.
4. Compare methods based on the goal: Method 1 is more comprehensive and aligned with understanding overall impacts.

**Yes or No Answer:** Yes"
456,yes,"Step-by-Step Reasoning:
- Compare infant mortality probabilities for nonsmoking vs. smoking mothers with low and normal birth weights.
- Analyze the effect of maternal smoking on the probability of normal infant birth weight.
- Consider how birth weight affects infant mortality.
- Conclude based on the relationship between maternal smoking, birth weight, and infant mortality.

3. Yes or no answer: Yes"
457,yes,"Step-by-Step Reasoning**:
   - Determine the probability of nonsmoking.
   - Calculate the weighted probabilities of college admission for both smokers and nonsmokers.
   - Sum these probabilities to find the overall probability of college admission.
   - Compare this overall probability to 50% to determine if admission is more likely than rejection.

3. **Yes or No Answer**: Yes"
458,yes,"Step-by-step reasoning:
1. Calculate the overall probability of having no pre-conditions: 100% - 42% = 58%.
2. Calculate the overall probability of recovery without the vaccine by combining the recovery rates for those with and without pre-conditions, weighted by the probability of having pre-conditions.
3. Calculate the overall probability of recovery with the vaccine in the same manner.
4. Compare the two overall probabilities to determine if the vaccine increases the chance of recovery.

Yes or no answer: No."
459,yes,"Step-by-Step Reasoning:**
1. Calculate the probability of no vaccination: 1 - P(Vaccination) = 1 - 0.76 = 0.24.
2. Calculate the probability of survival given no vaccination: P(No Vaccination and Survival) / P(No Vaccination) = 0.11 / 0.24.
3. Calculate the probability of survival given vaccination: P(Vaccination and Survival) / P(Vaccination) = 0.44 / 0.76.
4. Compare the probabilities of survival with and without vaccination to determine the impact of vaccination on survival rates.

**Yes or No Answer:** No"
460,yes,"Step-by-Step Reasoning:
- Identify the probability of the forest on fire when no match is lit: 73%.
- Identify the probability of the forest on fire when a match is lit: 57%.
- Compare the probabilities to determine the effect of lighting a match on the chance of a forest fire.
- If the probability is lower when a match is lit, then lighting a match decreases the chance of the forest on fire.

3. Yes or no answer: Yes."
461,yes,"Step-by-step reasoning:
1. Identify the probabilities of intelligent and unintelligent parents.
2. Calculate the probability of an intelligent child for both scenarios (intelligent and unintelligent parents).
3. Sum these probabilities to find the overall probability of an intelligent child.
4. Compare this overall probability to 50% to determine if an intelligent child is more likely.

Yes or no answer: Yes."
462,yes,"Step-by-step reasoning:
1. Calculate the probability of not receiving treatment: 100% - 33% = 67%.
2. Calculate the probability of recovery for patients not receiving treatment: 50% of 67% = 33.5%.
3. Calculate the probability of recovery for patients receiving treatment: 81% of 33% = 26.73%.
4. Calculate the overall probability of recovery: 33.5% + 26.73% = 60.23%.
5. Compare the overall probability of recovery with the probability of non-recovery to determine if recovery is less likely.

Yes or no answer: No."
463,yes,"step-by-step reasoning for choosing between these methods involves:
1. Identifying the goal of the analysis, which is to understand how hospital costs affect recovery.
2. Recognizing that individual factors, such as age, can significantly impact both hospital costs and recovery outcomes.
3. Considering that Method 1 accounts for these individual factors by analyzing cases according to age, potentially offering a more detailed insight into the relationship between costs and recovery.
4. Acknowledging that Method 2 provides a general overview but may not capture the nuances of how different factors like age influence the relationship between hospital costs and recovery.

Given these considerations, Method 1 is more likely to provide a detailed and nuanced understanding of how hospital costs affect recovery because it accounts for the impact of age on both costs and recovery outcomes.

Yes."
464,yes,"Step-by-Step Reasoning:**
1. Identify the probability of scurvy in patients not consuming citrus: 68%.
2. Identify the probability of scurvy in patients consuming citrus: 49%.
3. Compare the two probabilities to determine if citrus intake decreases the chance of scurvy.
   - If the probability is lower in the citrus-consuming group, then citrus intake decreases the chance of scurvy.
   - Since 49% (citrus consumers) is less than 68% (non-citrus consumers), citrus intake is associated with a lower probability of scurvy.

**Yes or No Answer:** Yes"
465,yes,"Step-by-Step Reasoning:**
1. Identify the goal: Understand how treatment affects recovery.
2. Consider Method 1: Looks at the general correlation between treatment and recovery without accounting for gender.
3. Consider Method 2: Analyzes the correlation between treatment and recovery, accounting for gender differences.
4. Recognize the importance of gender in treatment response due to biological and social factors.
5. Evaluate the potential for Method 2 to provide more personalized and effective treatment plans by considering gender-specific responses.

**Yes or No Answer:** No"
466,yes,"Step-by-Step Reasoning**:
   - Calculate the probability of increased price given increased supply: 43% / 71% = 60.6%.
   - Calculate the overall probability of increased price: 7% + 43% = 50%.
   - Compare the two probabilities to determine the relationship between increased supply and the chance of increased price.

3. **Yes or No Answer**: No."
467,yes,"Step-by-Step Reasoning:**
1. Identify the probability of patients taking all assigned drugs: 24%.
2. Identify the probability of low cholesterol in patients not taking drugs: 63%, applicable to 76% of patients.
3. Identify the probability of low cholesterol in patients taking all assigned drugs: 66%, applicable to 24% of patients.
4. Reason that since both scenarios (taking and not taking drugs) result in a majority likelihood of low cholesterol, low cholesterol is likely more common overall.

**Yes or No Answer:** Yes"
468,yes,"Step-by-Step Reasoning:**
1. Identify the probability of intelligent parents, which is 3%.
2. Note the probability of unintelligent parents having an intelligent child, which is 45%.
3. Recognize the probability of intelligent parents having an intelligent child is 0%, meaning intelligent parents cannot have an intelligent child.
4. Compare the scenarios of knowing the parents are intelligent (where the child cannot be intelligent) versus not knowing the parents' intelligence (where there's a chance the child could be intelligent based on the 45% probability if the parents are unintelligent).
5. Conclude that knowing the parents are intelligent gives a definitive answer (the child will not be intelligent), which is a smaller chance of the child being intelligent compared to the scenario where the parents' intelligence is unknown.

**Yes or No Answer:** Yes"
469,yes,"Step-by-Step Reasoning**
1. Understanding the goal: The objective is to determine the most accurate method for understanding how treatment affects recovery from kidney stones.
2. Analyzing Method 1: This method looks at the general correlation between treatment and recovery without considering specific factors like kidney stone size.
3. Analyzing Method 2: This method considers the correlation between treatment and recovery on a case-by-case basis, taking into account the size of the kidney stone.
4. Comparing the methods: Method 2 provides more detailed and relevant information for understanding treatment efficacy for specific conditions (kidney stone sizes), which is more useful for effective treatment planning.

**Yes or No Answer**
No."
470,yes,"Step-by-Step Reasoning:
1. Identify the probability of penguin death when taking the stairs: 70%.
2. Identify the probability of penguin death when taking the elevator: 29%.
3. Compare the two probabilities to determine the effect of taking the elevator on the chance of penguin death.

Yes or No Answer: No"
471,yes,"To understand how vaccination affects disease, it's essential to consider the approach that provides the most accurate and detailed insight into the relationship between vaccination and disease incidence. Method 1 involves examining the correlation between vaccination and disease on a case-by-case basis, taking into account pre-existing conditions. This approach allows for a nuanced understanding of how vaccination interacts with various health conditions, which can significantly influence the outcome. By considering pre-conditions, Method 1 can help identify specific scenarios where vaccination might be more or less effective, thereby providing valuable information for targeted public health strategies.

On the other hand, Method 2 looks at the general correlation between vaccination and disease without considering individual pre-conditions. While this method can provide a broad overview of the relationship between vaccination and disease incidence, it may overlook critical factors that influence this relationship, such as the presence of underlying health conditions. This oversight could lead to an oversimplification of the complex interactions between vaccination, individual health, and disease susceptibility.

Therefore, when considering the effectiveness and appropriateness of each method for understanding how vaccination affects disease, Method 1 offers a more detailed and personalized approach. It acknowledges the complexity of individual health conditions and their potential impact on the efficacy of vaccinations. This makes Method 1 more suitable for developing tailored health recommendations and interventions.

Summary:
1. Method 1 examines vaccination and disease correlation case by case, considering pre-conditions.
2. Method 2 looks at the general correlation without considering pre-conditions.
3. Method 1 provides a more nuanced understanding, making it more correct for understanding vaccination's effect on disease.

Yes."
472,yes,"Step-by-Step Reasoning:
- Method 1 analyzes medication and heart condition correlation case by case, considering blood pressure.
- This approach provides detailed, individualized insights into how medication affects heart conditions under different blood pressure conditions.
- Method 2 looks at the general correlation without considering specific factors like blood pressure.
- Method 1 offers a more nuanced understanding by accounting for individual variability in response to medication based on blood pressure.

3. Yes or no answer: Yes."
473,yes,"Step-by-Step Reasoning:**
1. Method 1 analyzes the correlation between smoking and lung cancer based on tar deposit, offering detailed insights into how specific aspects of smoking affect lung cancer.
2. Method 2 examines the general correlation without focusing on specific details like tar deposit, providing a broader but less detailed understanding.
3. To understand how smoking affects lung cancer accurately, considering specific factors like tar deposit is crucial for a comprehensive analysis.

**Yes or No Answer:** Yes"
474,yes,"Step-by-Step Reasoning**:
- Identify the probabilities of high salary by gender and occupation.
- Analyze the probabilities of white-collar jobs by gender and skill level.
- Recognize the disparity in occupational opportunities based on gender, regardless of skill level.
- Consider the overall skill level distribution and its implications on occupational choices and salaries.
- Determine if gender influences salary indirectly through its impact on occupational opportunities.

3. **Yes or No Answer**: Yes"
475,yes,"Step-by-Step Reasoning:**
1. Identify given probabilities: P(S) = 0.14, P(LC|NS) = 0.34, P(LC&S) = 0.07.
2. Calculate P(LC|S) using the formula P(LC|S) = P(LC ∩ S) / P(S).
3. Compare P(LC|S) with P(LC|NS) to determine if the chance of lung cancer is larger when observing smoking.

**Yes or No Answer:** Yes"
476,yes,"Step-by-Step Reasoning:**
1. Identify the relevant probabilities for hospitalized individuals.
2. Compare the probability of broken bones for hospitalized individuals with respiratory issues (10%) to those without respiratory issues (12%).
3. Determine if the probability increases or decreases when respiratory issues are present.

**Yes or No Answer:** No"
477,yes,"step by step reasoning:
- The given correlation is -0.66, indicating a moderate negative relationship between attractive appearance and talent among famous people.
- Correlation does not imply causation; thus, the relationship does not directly indicate that one affects the other.
- The correlation could be influenced by factors such as societal biases in recognizing or promoting attractive individuals, regardless of talent.
- The question of whether attractive appearance affects talent cannot be directly answered by the correlation alone.

3. Yes or no answer: No"
478,yes,"Step-by-Step Reasoning**:
   - Consider the broad nature of Method 1, which looks at general correlations.
   - Recognize the limitations of Method 1 in accounting for individual factors.
   - Examine Method 2, which analyzes the correlation on a case-by-case basis, including the variable of effort.
   - Determine that Method 2 offers a more nuanced understanding by considering individual effort.

3. **Yes or No Answer**: No."
479,yes,"Step-by-Step Reasoning:
- Identify recovery rates for each group: with and without pre-conditions, and with and without the vaccine.
- Note the phrasing issue in the question, which seems to ask for a comparison within the vaccinated group based on a hypothetical non-refusal.
- Recognize the actual task should involve comparing recovery rates between vaccinated and unvaccinated groups.
- Understand the provided probabilities do not directly answer the question as phrased but indicate vaccination improves recovery chances across both pre-condition statuses.

3. Yes or No Answer: No"
480,yes,"step-by-step reasoning for this conclusion is as follows:
1. Identify the goal: Understand the effects of tanning salon treatment on skin.
2. Evaluate Method 1: It provides a broad, generalized view of how tanning salon treatments affect skin across various scenarios.
3. Evaluate Method 2: It offers a narrow, context-specific view limited to instances related to going to the beach.
4. Compare the methods: Method 1 is more comprehensive and directly addresses the goal without limiting to a specific context.

Given the analysis, the answer to whether it is more correct to use Method 1 than Method 2 to understand how tanning salon treatment affects skin is affirmative because Method 1 provides a broader and more direct insight into the effects of tanning salon treatments on skin.

Yes."
481,yes,"Step-by-Step Reasoning**
1. Identify the goal: Understanding how smoking affects lung cancer.
2. Consider Method 1: Analyzes the correlation case by case, focusing on tar deposit.
3. Consider Method 2: Looks at the general correlation between smoking and lung cancer.
4. Evaluate the detail and specificity of each method regarding causative factors.
5. Determine which method provides a more nuanced understanding of the relationship.

**Yes or No Answer**
Yes"
482,yes,"Step-by-Step Reasoning:
- Identify the probability of admission acceptance for males: 39%.
- Identify the probability of admission acceptance for non-males: 61%.
- Compare the probabilities to determine if not being male increases the likelihood of admission acceptance.
- Since 61% (not male) is greater than 39% (male), not being male is associated with a higher probability of admission acceptance.

3. Yes or No Answer: Yes"
483,yes,"Step-by-Step Reasoning**:
   - Calculate the percentage of students not encouraged who achieve a high score: 10% * 53% = 5.3%.
   - Calculate the percentage of students encouraged who achieve a high score: 90% * 39% = 35.1%.
   - Add these percentages to find the total percentage of students who achieve a high score: 5.3% + 35.1% = 40.4%.
   - Compare this to the percentage of students who do not achieve a high score: 100% - 40.4% = 59.6%.
   - Determine that since 40.4% is less than 59.6%, high exam scores are less likely.

3. **Yes or No Answer**: Yes."
484,yes,"Step-by-Step Reasoning:
- Identify the goal: Understand how the captain affects the prisoner.
- Consider Method 1: Looks at general correlations, which might not capture individual nuances.
- Consider Method 2: Examines each case individually, providing detailed insights into specific situations.
- Determine the most appropriate method based on the need for detailed, situation-specific understanding versus general trends.

3. Yes or no answer: No."
485,yes,"Step-by-step reasoning:
1. Identify scenarios where the wife's action is constant to isolate the husband's effect.
2. Compare the probabilities of the alarm ringing in these scenarios based on the husband's action.
3. Analyze the change in probability when the husband sets the alarm versus when he doesn't, given the constant wife's action.

Yes or no answer: Yes."
486,yes,"Step-by-Step Reasoning**
1. Compare the probability of college admission for nonsmokers (88%) and smokers (67%).
2. Identify which group has a higher probability of college admission (nonsmokers).
3. Determine if the difference in probabilities suggests a relationship between smoking and college admission chances.

**Yes or No Answer**
Yes"
487,yes,"step-by-step reasoning:
- Identify given probabilities: 88% for the smoking gene, 7% for nonsmoking gene and lung cancer, 34% for smoking gene and lung cancer.
- Recognize the need for comparison: To assess if the smoking gene increases lung cancer risk, compare the risk in those with the smoking gene to the overall or nonsmoking population risk.
- Analyze provided data: The 34% risk of lung cancer in those with the smoking gene suggests a higher risk compared to what would be expected if the overall population's lung cancer risk were significantly lower, especially considering the high prevalence of the smoking gene.

3. Yes."
488,yes,"Step-by-step reasoning:
1. Understand the nature of the analysis provided by Method 1 and Method 2.
2. Determine the focus of the question, which is the general effect of the man on the room.
3. Evaluate which method aligns better with the question's focus.

Yes or no answer: Yes."
489,yes,"Step-by-Step Reasoning**
1. Identify the goal: Understand how education level affects salary.
2. Consider the role of unobserved confounders in the relationship between education and salary.
3. Evaluate Method 1, which accounts for these confounders on a case-by-case basis.
4. Evaluate Method 2, which looks at the general correlation without considering individual variations.
5. Determine that accounting for unobserved confounders provides a more accurate understanding of the relationship.

**Yes or No Answer**
Yes"
490,yes,"Step-by-Step Reasoning:
- Calculate the probability of having a small kidney stone: 100% - 53% = 47%.
- Calculate the overall probability of recovery for patients receiving treatment using the given recovery rates for small and large stones with treatment.
- Calculate the overall probability of recovery for patients not receiving treatment using the given recovery rates for small and large stones without treatment.
- Compare the two overall probabilities of recovery to determine if recovery is more likely with or without treatment.

3. Yes or No Answer: No"
491,yes,"step by step.

1. **Full Response**: 
The probability of a smoking mother is given as 8%, which means 8% of mothers smoke. The probability of a nonsmoking mother having high infant mortality is 31%, and the probability of a smoking mother having high infant mortality is 3%. To determine if the chance of high infant mortality is smaller when observing a smoking mother, we need to consider these probabilities in the context of the total population and the specific subsets (smoking and nonsmoking mothers).

Given that 8% of mothers smoke, this implies that 92% of mothers do not smoke. The probability of high infant mortality among nonsmoking mothers is 31%, which directly applies to 92% of the population, suggesting a significant portion of the population is at risk due to this factor alone.

However, the direct comparison to make is between the risk of high infant mortality among smoking mothers (3%) and the overall or comparative risk among nonsmoking mothers. Since the question does not provide a direct probability of high infant mortality among all mothers or a clear comparison to the nonsmoking group's overall risk, we must infer based on the given data.

The probability of high infant mortality among smoking mothers (3%) seems lower than that among nonsmoking mothers (31%). However, these percentages are not directly comparable without considering the base rates of smoking and nonsmoking mothers and the overall risk of high infant mortality in the population.

2. **Concise Step-by-Step Reasoning**:
- Identify given probabilities: 8% smoking mothers, 31% nonsmoking mothers with high infant mortality, 3% smoking mothers with high infant mortality.
- Recognize that direct comparison requires considering the base rates and overall population risks.
- Note that the 3% and 31% figures are not directly comparable without context on overall infant mortality rates among all mothers.

3. **Yes or No Answer**: Yes."
492,yes,"Step-by-Step Reasoning:**
1. Calculate the probability of being a nonsmoker: 100% - 99% = 1%.
2. Calculate the probability of lung cancer among smokers: 99% * 57% = 56.43%.
3. Calculate the probability of lung cancer among nonsmokers: 1% * 27% = 0.27%.
4. Calculate the overall probability of lung cancer: 56.43% + 0.27% = 56.7%.
5. Determine if lung cancer is less likely than its absence by comparing the overall probability to 50%.

**Yes or No Answer:** No"
493,yes,"Step-by-step reasoning:
1. Calculate the probability of lung cancer for nonsmokers by considering the probabilities of high and no tar deposit.
2. Calculate the probability of lung cancer for smokers by considering the probabilities of high and no tar deposit.
3. Compare the overall probabilities of lung cancer for smokers and nonsmokers to determine if it would be less likely to see lung cancer if the person had been a nonsmoker.

Yes or no answer: Yes."
494,yes,"Step-by-Step Reasoning**
1. Identify the probability of the forest on fire without a match: 80%.
2. Identify the probability of the forest on fire with a match: 49%.
3. Compare the two probabilities to determine the effect of lighting a match.
4. Since 49% is less than 80%, lighting a match decreases the chance of the forest on fire.

**Yes or No Answer**
No"
495,no,"Step-by-step reasoning:
   - Understand the correlation coefficient: A -0.66 correlation indicates a moderate negative relationship.
   - Recognize the distinction between correlation and causation: Correlation does not imply direct causation.
   - Consider multiple influencing factors: Genetics, environment, access to resources, and subjective perceptions play roles.
   - Account for the context of fame: Unique factors apply to famous individuals that may not apply to the general population.

3. No"
496,yes,"Step-by-step reasoning:
- Calculate the percentage of the population without respiratory issues and with broken bones: 19% of 51% = 9.69%.
- Calculate the percentage of the population with respiratory issues and with broken bones: 19% of 49% = 9.31%.
- Add these percentages to find the total percentage of the population with broken bones: 9.69% + 9.31% = 19%.
- Subtract the total percentage with broken bones from 100% to find the percentage without broken bones: 100% - 19% = 81%.
- Determine if broken bones are less likely than no broken bones by comparing the percentages: 19% (with broken bones) vs. 81% (without broken bones).

Yes or no answer: Yes."
497,no,"Step-by-step reasoning:
   - Identify the probability of high salary without a college degree: 24%.
   - Identify the probability of high salary with a college degree or higher: 47%.
   - Compare the two probabilities to determine the effect of having a college degree on the chance of high salary.
   - If the probability with a college degree is higher, then a college degree increases the chance of high salary. If it's lower, then it decreases the chance.

3. No."
498,yes,"Step-by-Step Reasoning:
- Identify potential causes of the forest fire: camper lighting a match or chain-smoker lighting a match.
- Eliminate the chain-smoker's action as a cause since it is stated they do not light a match.
- Consider the camper's action in the absence of the chain-smoker's action.
- Determine the potential outcome of the camper lighting a match.

3. Yes or no answer: Yes"
499,yes,"Step-by-step reasoning:
1. Calculate the probability of lung cancer in nonsmokers: 0.89 * 0.30.
2. Calculate the probability of lung cancer in smokers: 0.11 * 0.51.
3. Add these probabilities to find the overall probability of lung cancer.
4. Compare this overall probability to 50% to determine if lung cancer is less likely than its absence.

Yes or no answer: Yes."
500,yes,"Step-by-Step Reasoning:
- Step 1: Identify the goal of understanding the manager's impact on the employee.
- Step 2: Consider Method 1, which looks at the general correlation between managers and employees.
- Step 3: Recognize the limitations of Method 1, including its lack of nuance and inability to account for individual circumstances.
- Step 4: Consider Method 2, which analyzes the correlation on a case-by-case basis according to the director.
- Step 5: Acknowledge that Method 2 provides more detailed and context-specific insights into the manager-employee relationship.
- Step 6: Determine that for a more accurate understanding of how managers affect employees, considering the specific context and dynamics is crucial.

3. Yes or No Answer: No"
501,yes,"Step-by-step reasoning:
1. Identify the given probabilities for high salary based on gender and occupation.
2. Note the absence of direct comparison between genders across all occupations and skill levels.
3. Recognize that the given data does not directly answer the question without making assumptions about the distribution of males and non-males in blue-collar and white-collar jobs and their skill levels.
4. Consider that to determine a negative effect, we would need evidence that, all else being equal, being non-male results in a lower probability of high salary.

Yes or no answer: Yes"
502,yes,"Step-by-step reasoning:
1. Identify the probabilities of long lifespan with and without diabetes for both normal weight and obese individuals.
2. Recognize that diabetes decreases the probability of long lifespan in both weight categories.
3. Consider the effect of obesity on lifespan, with and without diabetes, and compare it to the effect in normal weight individuals.
4. Conclude that obesity does not have a positive effect on lifespan through diabetes, as diabetes negatively affects lifespan in both weight categories, and obesity itself starts with a lower baseline probability of long lifespan.

Yes or no answer: No."
503,yes,"Step-by-Step Reasoning:**
1. Calculate the probability of low blood pressure for both groups (not taking medication and taking medication).
2. Calculate the overall probability of having a healthy heart for each group by considering the probabilities of low and high blood pressure and their respective healthy heart probabilities.
3. Compare the overall probabilities of having a healthy heart between the two groups to determine if medication positively affects heart condition.

**Yes or No Answer:** No"
504,yes,"Step-by-Step Reasoning:
- Identify given probabilities related to maternal smoking status and infant mortality.
- Note that direct comparison to assess the impact of maternal smoking on infant mortality without considering birth weight is not straightforward from the given data.
- Recognize that higher probabilities of high infant mortality are associated with smoking mothers across low and normal birth weights compared to nonsmoking mothers.
- Understand that the question asks for a disregard of the mediation effect through infant's birth weight, implying a need for a direct relationship that isn't explicitly provided.

3. Yes or No Answer: No"
505,yes,"Step-by-step reasoning:
1. Identify the research question: Understanding how obesity affects lifespan.
2. Consider Method 1: Examines the correlation between obesity and lifespan in the context of diabetes.
3. Consider Method 2: Examines the general correlation between obesity and lifespan.
4. Determine the focus: If the focus is on diabetes, Method 1 is more relevant; otherwise, Method 2 provides a broader perspective.
5. Conclusion: Method 1 is more correct when the focus is specifically on how obesity affects lifespan in the context of diabetes.

Yes or no answer: No."
506,yes,"Step-by-Step Reasoning:
- Identify the probability of a healthy heart for people not taking medication: 42%.
- Identify the probability of a healthy heart for people taking medication: 60%.
- Compare the probabilities to determine if taking medication increases or decreases the likelihood of a healthy heart compared to not taking medication.

3. Yes or No Answer: No"
507,yes,"Full Response:
When analyzing the relationship between smoking and lung cancer, it's essential to consider the most effective approach. Method 1 involves examining the correlation between smoking and lung cancer on a case-by-case basis, focusing on tar deposit. This method allows for a detailed understanding of how tar, a known carcinogen found in tobacco smoke, accumulates in the lungs and potentially leads to cancer. By analyzing each case individually, researchers can identify patterns and correlations that might be obscured in more generalized studies. On the other hand, Method 2 takes a broader approach, looking at the overall correlation between smoking and lung cancer without delving into the specifics of tar deposit. While this method can provide a general understanding of the risk smoking poses for lung cancer, it lacks the detailed insight into the mechanisms by which smoking leads to cancer that Method 1 offers.

Summary of Full Response:
1. Method 1 analyzes the smoking-lung cancer correlation case by case, focusing on tar deposit.
2. Method 2 examines the general correlation between smoking and lung cancer.
3. Method 1 provides detailed insights into how smoking affects lung cancer through tar deposit, making it more informative for understanding the causal relationship.

Yes or No Answer: Yes"
508,yes,"Step-by-Step Reasoning**:
   - Calculate the probability of increased price given increased supply.
   - Compare this conditional probability with the overall probability of increased price.
   - Determine if the chance of increased price is smaller when supply is increased based on the comparison.

3. **Yes or No Answer**: No"
509,yes,"Step-by-Step Reasoning**:
    - Identify probabilities of alarm ringing based on husband's and wife's actions.
    - Consider the effect of disregarding the wife's mediation.
    - Analyze the husband's influence on the alarm ringing probability.
    - Evaluate if setting the alarm by the husband increases the ringing probability across scenarios.

3. **Yes or No Answer**: No"
510,yes,"Step-by-Step Reasoning**
1. Consider the importance of context in admission decisions.
2. Recognize that departmental competitiveness can influence admission criteria and potential biases.
3. Method 1 accounts for departmental variability, offering a nuanced view.
4. Method 2 does not consider departmental differences, potentially leading to oversimplification.
5. Therefore, Method 1 is more appropriate for understanding the complex relationship between gender and admission status.

**Yes or No Answer**
Yes"
511,yes,"Step-by-step reasoning:
1. Understand the given probabilities: P(College Degree or Higher) = 7%, P(High School Degree or Lower and High Salary) = 50%, P(College Degree or Higher and High Salary) = 5%.
2. Calculate P(High Salary | College Degree or Higher) using the formula for conditional probability.
3. Infer P(High School Degree or Lower) as 100% - P(College Degree or Higher).
4. Calculate P(High Salary | High School Degree or Lower) using the given joint probability and the inferred probability of high school degree or lower.
5. Compare the two conditional probabilities to determine if the chance of high salary is larger with a college degree or higher.

Yes or No answer: Yes."
512,yes,"Step-by-Step Reasoning:
- Identify the probabilities of lung cancer for individuals with smoking and nonsmoking genes.
- Recognize the question's ambiguity regarding the combination of smoking and nonsmoking genes.
- Interpret the question as either comparing the two genetic types or considering an additive effect of genes, which the data does not directly support.
- Conclude based on the direct comparison of probabilities for individuals with smoking versus nonsmoking genes.

3. Yes or No Answer: No"
513,yes,"Step-by-Step Reasoning**:
- Identify the relationship between smoking and infant birth weight: Smoking is known to decrease infant birth weight.
- Examine the provided probabilities: Areas with low cigarette tax have lower probabilities of both normal infant birth weight and smoking mothers, while areas with high cigarette tax have higher probabilities of both.
- Consider potential confounding factors: Socioeconomic status, healthcare access, and environmental factors could influence both cigarette tax and birth outcomes.

3. **Yes or No Answer**: 
Yes."
514,yes,"Step-by-Step Reasoning:
- Identify the probability of college admission for nonsmokers: 53%.
- Identify the probability of college admission for smokers: 29%.
- Compare the probabilities to determine if being a nonsmoker increases the likelihood of college admission.
- Since 53% (nonsmoker) is greater than 29% (smoker), conclude that being a nonsmoker is associated with a higher likelihood of college admission.

3. Yes or No Answer: Yes"
515,yes,"step by step:

1. **Understanding the Given Probabilities**:
   - The overall probability of kindness is 18%. This means 18% of people are kind, and thus, 82% are not kind (or have mean personalities).
   - For people with mean personalities, the probability of attractive appearance is 96%.
   - For people with kind personalities, the probability of attractive appearance is also 96%.

2. **Calculating the Probability of Attractive Appearance for Mean and Kind Personalities**:
   - Since 82% of people have mean personalities and 96% of them are attractive, the contribution of mean personalities to the attractive appearance pool is 0.82 * 0.96.
   - For kind personalities, which make up 18% of the population and 96% of whom are attractive, the contribution is 0.18 * 0.96.

3. **Calculating the Overall Probability of Attractive Appearance**:
   - The overall probability of attractive appearance = (Probability of mean personalities * Probability of attractiveness given mean personality) + (Probability of kind personalities * Probability of attractiveness given kind personality)
   - Overall probability = (0.82 * 0.96) + (0.18 * 0.96)
   - Overall probability = 0.7872 + 0.1728
   - Overall probability = 0.96

4. **Determining if Attractive Appearance is Less Likely than Unattractive Appearance**:
   - Given the calculation, the overall probability of attractive appearance is 0.96, or 96%. This means that attractive appearance is more likely than unattractive appearance overall.

**Step-by-Step Reasoning**:
1. Calculate the probability of attractive appearance for both mean and kind personalities.
2. Combine these probabilities to find the overall probability of attractive appearance.
3. Compare this overall probability to 50% to determine if attractive appearance is more or less likely than unattractive appearance.

**Yes or No Answer**: No"
516,yes,"Step-by-Step Reasoning:**
1. Identify given probabilities: 13% for the smoking gene, 34% for nonsmoking gene and lung cancer, and 6% for smoking gene and lung cancer.
2. Calculate the probability of the nonsmoking gene: 100% - 13% = 87%.
3. Understand that the direct comparison requires the probability of lung cancer in both groups.
4. Recognize the question is about comparative risk, not absolute probability values.

**Yes or No Answer:** Yes"
517,yes,"Step-by-step reasoning:
1. Calculate the probability of the husband not setting the alarm: 100% - 2% = 98%.
2. Calculate the probability of the alarm ringing when not set: 98% * 80% = 78.4%.
3. Calculate the probability of the alarm ringing when set: 2% * 34% = 0.68%.
4. Sum the probabilities of the alarm ringing in both scenarios: 78.4% + 0.68% = 79.08%.
5. Compare the overall probability of the alarm ringing (79.08%) to 50% to determine if ringing is more likely than silent.

Yes or no answer: No"
518,yes,"Step-by-Step Reasoning**:
    - Calculate the probability of no vaccination: 100% - 10% = 90%.
    - Calculate the probability of survival given no vaccination: 38% / 90%.
    - Calculate the probability of survival given vaccination: 6% / 10% = 60%.
    - Compare the two conditional probabilities to determine if survival is more likely with vaccination.

3. **Yes or No Answer**: Yes."
519,yes,"Step-by-Step Reasoning:**
1. Identify the probabilities of recovery with and without treatment for both small and large kidney stones.
2. Note the overall probability of having a large kidney stone, which is 43%, implying that 57% have small kidney stones.
3. Recognize that the question is about the comparative likelihood of recovery for patients who are actually receiving treatment, had they not received treatment.
4. Understand that the calculation of overall recovery probabilities is not directly necessary to answer the question; instead, we need to consider the impact of treatment on recovery likelihood for the specific group receiving treatment.

**Yes or No Answer:** No"
520,yes,"Step-by-step reasoning:
- Identify the probabilities of admission acceptance for each gender and department type.
- Compare the probabilities of admission acceptance between non-competitive and competitive departments for each gender.
- Consider how the probabilities of applying to a competitive department differ by gender and how this affects overall admission outcomes.
- Determine if the interaction between gender, department competitiveness, and admission acceptance probabilities suggests a negative effect of gender on admission status through department competitiveness.

3. Yes."
521,yes,"Step-by-Step Reasoning:
- Reduced yield per acre typically leads to reduced supply.
- Low demand puts downward pressure on price.
- Hypothetical increased supply (despite reduced yield per acre) could meet or exceed low demand.
- If supply exceeds demand, price tends to decrease.

3. Yes or no answer: Yes"
522,yes,"Step-by-Step Reasoning:**
1. Calculate the probability of low blood pressure for both groups (not taking medication and taking medication) by subtracting the probability of high blood pressure from 1.
2. Use the given probabilities to calculate the overall probability of a healthy heart for each group by weighting the probabilities of healthy hearts given low or high blood pressure by the respective probabilities of low or high blood pressure.
3. Compare the overall probabilities of a healthy heart for the two groups to determine if medication negatively affects heart condition when disregarding the mediation effect through blood pressure.

**Yes or No Answer:** No"
523,yes,"Step-by-Step Reasoning**
1. Compare the given probabilities: 69% for no medication vs. 47% for taking medication.
2. Recognize the potential for confounding variables, such as pre-existing health conditions that led to the prescription of medication.
3. Understand that the decision to take medication is often based on health status, which could influence the observed probabilities.
4. Consider that the question implies a causal relationship, which may not be directly inferred from the given probabilities due to potential biases in the groups being compared.

**Yes or No Answer**
No"
524,yes,"Step-by-Step Reasoning:
- The chain-smoker lighting a match is a cause of the forest fire.
- The camper not lighting a match removes one potential cause of the fire.
- However, the chain-smoker has already lit a match, which is enough to cause the fire.
- Therefore, the forest can still burn down even if the camper does not light a match.

3. Yes or No Answer: Yes"
525,yes,"Step-by-step reasoning:
1. Calculate the probability of being female (not male) as 100% - probability of being male.
2. Use the given probabilities to calculate the overall probability of admission acceptance by considering both male and female groups separately and then combining them.
3. Compare the calculated probability of admission acceptance with 50% to determine if acceptance is more likely than rejection.

Yes or no answer: No"
526,yes,"Step-by-step reasoning:
1. Identify the research objective: Understanding how obesity affects lifespan.
2. Consider the role of diabetes as a comorbidity that can influence the relationship between obesity and lifespan.
3. Evaluate Method 1 (case-by-case analysis considering diabetes) versus Method 2 (general correlation without considering diabetes).
4. Determine that Method 1 provides a more nuanced view when considering the impact of diabetes.

Yes or no answer: Yes."
527,yes,"Step-by-Step Reasoning:
- High poverty or a global water company causes clean water.
- High poverty or clean water causes cholera contraction (noting the unexpected link between clean water and cholera).
- The person has low poverty and a local water company.
- Polluted water typically increases the risk of cholera.
- Therefore, switching to polluted water from clean water would increase the risk of cholera.

3. Yes or No Answer: No"
528,no,"step-by-step reasoning is as follows: 
    - Identify the given probabilities: 39% for those without a college degree and 57% for those with a college degree or higher.
    - Understand the question is asking for a comparison in a hypothetical scenario where a person with a college degree or higher is considered as if they did not have one.
    - Recognize the question's logical inconsistency because it asks us to apply the characteristics of one group (no college degree) to an individual who is known to belong to another group (college degree or higher).
    - Conclude that based on the information provided, having a college degree or higher increases the probability of a high salary compared to not having one.

3. No."
529,yes,"step-by-step reasoning:
1. Identify the probabilities of broken bones for hospitalized individuals with and without respiratory issues.
2. Compare these probabilities to determine if the presence of respiratory issues affects the likelihood of broken bones.
3. If the probability of broken bones is lower for hospitalized individuals with respiratory issues compared to those without, then the presence of respiratory issues is associated with a decreased chance of broken bones.

Yes or no answer: Yes."
530,yes,"Step-by-Step Reasoning:
- The low cigarette tax and inactive confounder reduce the likelihood of the mother smoking due to these factors.
- The relationship between smoking mothers and normal infant birth weight suggests other factors might be at play.
- Considering a nonsmoking mother removes the potential negative effects of smoking on birth weight.
- Thus, a nonsmoking mother, under the same conditions (low tax, inactive confounder), would likely have a normal infant birth weight, given the absence of smoking's potential harmful effects.

3. Yes or No Answer: Yes"
531,yes,"Step-by-step reasoning:
1. Calculate the probability of wet ground in the rainy season: 0.93 * 0.43 = 0.3999
2. Calculate the probability of wet ground in the dry season: 0.07 * 0.56 = 0.0392
3. Add the probabilities of wet ground in both seasons to find the overall probability of wet ground: 0.3999 + 0.0392 = 0.4391
4. Since the overall probability of wet ground (0.4391 or 43.91%) is less than 50%, wet ground is not more likely than dry ground overall.

Yes or no answer: No"
532,yes,"1. Full Response: 
To determine whether taking all assigned drugs increases the chance of low cholesterol, we must consider the probabilities provided for both groups: those assigned the drug treatment and those not assigned the drug treatment. The probability of low cholesterol for patients not assigned the drug treatment is 75%, and for those assigned the drug treatment, it is 86%. However, the key factor here is the probability of taking all assigned drugs and its impact on cholesterol levels. For patients not assigned the drug treatment, the probability of taking all assigned drugs is 55%, which might seem irrelevant since they are not assigned the drug treatment in question. For patients assigned the drug treatment, the probability of taking all assigned drugs is 17%, which is significantly lower. 

The question essentially asks whether taking all assigned drugs (in the context of those who are supposed to take them, i.e., those assigned the drug treatment) increases the chance of low cholesterol. Given that the group assigned the drug treatment has a higher probability of achieving low cholesterol (86%) compared to those not assigned the drug treatment (75%), and considering the drug treatment is intended to lower cholesterol, we must consider the role of adherence to the assigned treatment. 

However, the direct relationship between taking all assigned drugs and the outcome of low cholesterol isn't explicitly provided in a manner that allows a straightforward calculation of conditional probabilities (e.g., the probability of low cholesterol given that all assigned drugs are taken). The information about the probability of taking all assigned drugs seems to introduce a factor of adherence but doesn't directly answer the question without making assumptions about the relationship between adherence and cholesterol levels.

2. Summary of Full Response:
- Identify the probabilities of low cholesterol for both groups.
- Recognize the intention of the drug treatment is to lower cholesterol.
- Consider the impact of taking all assigned drugs on cholesterol levels, acknowledging the lack of direct information on conditional probabilities.
- Note the higher success rate (low cholesterol) in the drug treatment group.

3. Yes or no answer: No"
533,yes,"Step-by-Step Reasoning**:
- Identify given probabilities: P(Taking all drugs), P(Not taking any drugs and low cholesterol), P(Taking all drugs and low cholesterol).
- Recognize the need for P(Low cholesterol) to compare conditional and unconditional probabilities.
- Calculate P(Low cholesterol | Taking all drugs) using given data.
- Compare calculated conditional probability with typical expectations or available data.

3. **Yes or No Answer**: 
Yes"
534,no,"Step-by-step reasoning:
   - Calculate the probability of a nonsmoking mother: 100% - 29% = 71%.
   - Identify the given probabilities: P(nonsmoking and normal birth weight) = 41%, P(smoking and normal birth weight) = 3%.
   - Since we are comparing the likelihood of normal birth weight between smoking and nonsmoking mothers, we should directly compare the given conditional probabilities or calculate the probability of normal birth weight for each group if necessary.

3. No."
535,yes,"Step-by-Step Reasoning:
- Increased yield per acre typically increases supply.
- Low demand with increased supply leads to surplus and lower prices.
- The question asks about reduced supply instead, in a low-demand scenario.
- Reduced supply in low demand could stabilize or slightly increase prices by reducing surplus.

3. Yes or no answer: No"
536,yes,"Step-by-Step Reasoning**:
   - Identify the probability of college admission for nonsmokers: 66%.
   - Identify the probability of college admission for smokers: 36%.
   - Compare the probabilities to determine the relationship between smoking and college admission chances.
   - Since 66% (nonsmokers) is greater than 36% (smokers), conclude that smoking does not increase the chance of college admission.

3. **Yes or No Answer**: No"
537,yes,"Step-by-step reasoning:**
1. Calculate the probability of the prisoner's death if the captain orders execution: 0.69 * 0.64.
2. Calculate the probability of the prisoner's death if the captain orders release: 0.31 * 0.23.
3. Sum these probabilities to find the overall probability of the prisoner's death.
4. Compare this overall probability to 50% to determine if death is more or less likely than being alive.

**Yes or no answer:** No"
538,yes,"Step-by-Step Reasoning:
- Compare the probabilities of long lifespan between the two groups.
- If the probability for obese people is higher, then obesity does not decrease the chance of long lifespan.
- If the probability for normal weight people is higher, then obesity does decrease the chance of long lifespan.
- Given probabilities: normal weight = 59%, obese = 79%.

3. Yes or No Answer: No"
539,yes,"Step-by-Step Reasoning:
- Rainy season causes rain and sprinkler to be on.
- Rain and sprinkler on cause the ground to be wet.
- Dry season would likely have less rain and less sprinkler use.
- Therefore, ground is more likely to be wet in rainy season than dry season.

3. Yes or no answer: Yes"
540,yes,"Step-by-Step Reasoning**
1. Identify the goal: Understand how a specific gene affects lung cancer risk.
2. Consider the impact of external factors: Smoking is a known risk factor for lung cancer.
3. Evaluate Method 1: Looking at the correlation between the gene and lung cancer in general may be influenced by smoking status.
4. Evaluate Method 2: Examining the correlation case-by-case, considering smoking status, provides a more nuanced understanding.
5. Compare the methods: Method 2 is more likely to provide an accurate understanding of the gene's effect on lung cancer risk.

**Yes or No Answer**
No"
541,yes,"Step-by-step reasoning:
1. Understand the given correlation coefficient (0.20) and its implications.
2. Recognize that a correlation of 0.20 is relatively weak but still positive.
3. Acknowledge that a non-zero correlation suggests some level of relationship between kindness and attractive appearance.

Yes or no answer: No."
542,yes,"Step-by-Step Reasoning:
- The person lives far from a college but the confounder is active.
- The confounder's activity can influence both educational attainment and salary.
- Having a college degree or higher, combined with an active confounder, leads to a high salary.
- Thus, if the person has a college degree or higher, despite living far from a college, the active confounder could still lead to a high salary.

3. Yes or No Answer: Yes"
543,yes,"step-by-step reasoning:
- The correlation coefficient is -0.66, indicating a negative correlation between attractive appearance and talent among famous people.
- Correlation does not imply causation, so the relationship does not necessarily mean one factor affects the other.
- The negative correlation could be due to various factors, not a direct effect of attractive appearance on talent.

3. Yes or no answer: No"
544,yes,"Step-by-step reasoning:**
1. Determine the probability of being male and female.
2. Calculate the probability of high salary for males and females separately.
3. Add the probabilities of high salary for males and females to get the overall probability of high salary.
4. Compare the overall probability of high salary to 50% to determine if it is more likely than low salary.

**Yes or no answer:** Yes"
545,yes,"Step-by-Step Reasoning:
- Identify the probabilities of scurvy for both groups: 74% for patients consuming citrus and 60% for those not consuming citrus.
- Compare these probabilities to determine which group has a higher likelihood of scurvy.
- Recognize the logical inconsistency in the question's phrasing but interpret it as inquiring about the relationship between citrus consumption and scurvy probability.

3. Yes or No Answer: No"
546,yes,"Step-by-step reasoning:
1. Identify given probabilities.
2. Calculate the probability of a nonsmoking mother.
3. Compare the probabilities of normal infant birth weight for smoking and nonsmoking mothers.
4. Deduce that the probability of normal infant birth weight is smaller for smoking mothers based on the comparison.

Yes or no answer: Yes."
547,yes,"Step-by-Step Reasoning:
- Identify the probabilities of wet ground in each season.
- Recognize the question is about comparing the likelihood of wet ground in the rainy season to a hypothetical dry season scenario.
- Understand the question seems to be asking for a comparison that doesn't directly apply to the given probabilities, as the probabilities are for actual season conditions, not hypothetical ones.
- Realize the direct comparison of probabilities (56% for dry season vs. 43% for rainy season) shows wet ground is more likely in the dry season according to the given numbers.

3. Yes or No Answer: No"
548,yes,"Step-by-Step Reasoning:**
1. Identify the given probabilities for college degree or higher and the associated high salary probabilities.
2. Calculate the probability of not having a college degree.
3. Calculate the overall probability of having a high salary by considering both scenarios (with and without a college degree).
4. Compare the calculated probability of high salary with the implied probability of low salary (100% - probability of high salary).
5. Determine if high salary is less likely than low salary based on the comparison.

**Yes or No Answer:** No"
549,yes,"Step-by-Step Reasoning**
1. Identify the probability of admission acceptance for males: 82%.
2. Identify the probability of admission acceptance for non-males: 50%.
3. Compare the probabilities to determine if being male increases the chance of admission acceptance.
4. Since 82% (male) is greater than 50% (non-male), conclude that male gender increases the chance of admission acceptance.

**Yes or No Answer**
Yes"
550,yes,"Step-by-Step Reasoning**:
   - Calculate the probability of arriving on time.
   - Calculate the probability of arriving on time given that one wakes up late.
   - Compare these probabilities to determine if waking up late decreases the chance of arriving on time.

3. **Yes or No Answer**: No"
551,yes,"Step-by-step reasoning:**
1. Calculate the probability of being female: 100% - 47% = 53%.
2. Calculate the probability of a high salary for males: 47% * 78%.
3. Calculate the probability of a high salary for females: 53% * 39%.
4. Add the probabilities of high salary for males and females to get the overall probability of high salary.
5. Compare the overall probability of high salary to 50% to determine if high salary is more or less likely than low salary.

**Yes or no answer:** No"
552,yes,"Step-by-Step Reasoning**:
- Identify the probabilities when the husband sets the alarm and when he doesn't, across different wife's actions.
- Compare these probabilities to assess the direct impact of the husband's action on the alarm ringing.
- Disregard the scenarios involving the wife's actions to focus solely on the husband's influence.

Given scenarios:
- Husband doesn't set, Wife doesn't set: 90% chance of ringing.
- Husband doesn't set, Wife sets: 42% chance.
- Husband sets, Wife doesn't set: 55% chance.
- Husband sets, Wife sets: 9% chance.

3. **Yes or No Answer**: 
No."
553,yes,"Step-by-Step Reasoning:
- The captain's order to execute leads to the corporal shooting and the private not shooting.
- The combination of the corporal shooting (and the private not shooting) results in the prisoner's death.
- If the captain orders the release, the expected actions would not lead to the prisoner's death, as there would be no shooting.
- The question essentially asks if the prisoner would be dead under the execution order compared to a release order.

3. Yes or no answer: Yes"
554,yes,"Step-by-Step Reasoning:**
1. The person is female, which, according to the given statements, leads to smoking.
2. Smoking leads to an absence of tar deposit.
3. Lung cancer is caused by either being female or having high tar deposit.
4. Since the person is female, one condition for lung cancer is already met regardless of smoking status.
5. Smoking reduces the risk associated with tar deposit but does not eliminate the risk associated with being female.

**Yes or No Answer:** No"
555,yes,"Step-by-step reasoning:
   - Identify the probabilities of admission based on gender and department competitiveness.
   - Compare the probabilities for non-male and male applicants within each department type to see if one gender has a consistent advantage.
   - Consider the overall effect of department competitiveness on admission chances for both genders.
   - Determine if gender independently influences admission status by comparing the relative advantages or disadvantages it confers in competitive versus non-competitive departments.

3. Yes or no answer: No"
556,yes,"Step-by-Step Reasoning**
1. Identify the probabilities of long lifespan for normal weight and obese people.
2. Compare the two probabilities to determine the relationship between obesity and the chance of long lifespan.
3. If the probability for obese people is lower than for normal weight people, conclude that obesity does not increase the chance of long lifespan.

**Yes or No Answer**
No"
557,yes,"Step-by-Step Reasoning:
- Identify the probability of a healthy heart for people not taking medication: 38%.
- Identify the probability of a healthy heart for people taking medication: 61%.
- Compare the probabilities to determine the effect of medication on the likelihood of having a healthy heart.
- Since 61% (with medication) is greater than 38% (without medication), taking medication is associated with a higher likelihood of having a healthy heart.

3. Yes or No Answer: No"
558,yes,"Step-by-Step Reasoning:**
1. Method 1 provides a detailed, case-by-case analysis focusing on tar deposit.
2. Method 2 offers a general overview of the correlation between smoking and lung cancer.
3. For a comprehensive understanding of how smoking affects lung cancer, especially in terms of specific risk factors like tar deposit, a detailed analysis is preferable.
4. Therefore, when seeking to understand the specific impact of smoking on lung cancer, particularly in relation to tar deposit, Method 1 is more appropriate than Method 2.

**Yes or No Answer:** Yes"
559,yes,"step-by-step reasoning:
- Identify the probabilities of scurvy for two groups: those consuming citrus and those not.
- Compare the probabilities to determine the effect of citrus consumption on scurvy incidence.
- Recognize that citrus is a source of vitamin C, which is known to prevent scurvy.
- Conclude that if citrus consumption is associated with a lower probability of scurvy, it positively affects scurvy prevention through vitamin C.

3. Yes or no answer: Yes"
560,yes,"Step-by-Step Reasoning**
1. Identify the probability of admission acceptance for males: 35%.
2. Identify the probability of admission acceptance for non-males: 50%.
3. Compare the probabilities to determine which group has a higher chance of admission acceptance.
4. Since 50% (non-males) is greater than 35% (males), conclude that male gender does not increase the chance of admission acceptance.

**Yes or No Answer**
No"
561,yes,"Step-by-Step Reasoning**:
- Calculate the percentage of patients who haven't taken any drugs: 100% - 42% = 58%.
- Calculate the probability of low cholesterol in patients who have taken all drugs: 42% * 12% = 5.04%.
- Calculate the probability of low cholesterol in patients who haven't taken any drugs: 58% * 22% = 12.76%.
- Add these probabilities to find the overall probability of low cholesterol: 5.04% + 12.76% = 17.8%.
- Determine if this overall probability is greater than 50%.

3. **Yes or No Answer**: No"
562,yes,"Step-by-Step Reasoning:**
1. Identify the recovery probabilities for each patient group based on age and hospital bill.
2. Note the increase in recovery probability associated with a higher hospital bill within each age group.
3. Consider the overall probability of old age and its implications on the weighted average of recovery probabilities.
4. Determine if the pattern of increased recovery probability with a higher hospital bill holds across both age groups.

**Yes or No Answer:** Yes"
563,yes,"Step-by-step reasoning:
1. Calculate the probability of penguin death for each combination of transportation choice and penguin mood.
2. Determine the overall probability of penguin death for taking the stairs by weighting the death rates by the probabilities of happiness and sadness.
3. Determine the overall probability of penguin death for taking the elevator by weighting the death rates by the probabilities of happiness and sadness.
4. Compare the overall probabilities of penguin death for taking the stairs and the elevator to determine which option is more beneficial for penguin survival.

Yes or no answer: Yes."
564,yes,"Full Response:
To determine the most accurate method for understanding how the captain affects the prisoner, we need to consider the nature of the relationship between the captain and the prisoner. Method 1 involves analyzing the correlation between the captain and the prisoner on a case-by-case basis, as reported by the private. This approach allows for a detailed examination of individual instances, which can provide insight into specific actions or decisions made by the captain and their direct impact on the prisoner. On the other hand, Method 2 involves looking at the general correlation between the captain and the prisoner, which might overlook specific details but could reveal broader patterns or trends in their interaction.

Summary of Full Response:
1. Method 1 analyzes the captain-prisoner correlation case by case.
2. Method 2 looks at the general correlation between the captain and the prisoner.
3. Method 1 provides detailed insights into specific instances, while Method 2 reveals broader patterns.

Yes or No Answer: Yes"
565,yes,"Step-by-Step Reasoning**:
   - Calculate the probability of a nonsmoking mother: 100% - 32% = 68%.
   - Understand that the probability of a nonsmoking mother and normal infant birth weight is 43%, and the probability of a smoking mother and normal infant birth weight is 9%.
   - Recognize that to directly compare, we need the conditional probabilities (probability of normal birth weight given smoking and given nonsmoking), but the question essentially asks for a comparison based on given data.
   - Since the probability of a normal infant birth weight given a nonsmoking mother is not directly provided, and assuming the 43% is a subset of the 68% nonsmoking mothers, we can infer that the probability of a normal birth weight in nonsmoking mothers is higher than in smoking mothers based on the given data (43% for nonsmokers vs 9% for smokers).

3. **Yes or No Answer**: No."
566,yes,"Step-by-Step Reasoning:**
1. Identify the goal: Understanding how education level affects salary.
2. Consider the impact of unobserved confounders on the analysis.
3. Evaluate Method 1: It accounts for unobserved confounders case by case.
4. Evaluate Method 2: It does not account for unobserved confounders.
5. Determine which method provides a more accurate analysis considering the potential influence of unobserved confounders.

**Yes or No Answer:** Yes"
567,yes,"Step-by-step reasoning:
1. Calculate the overall probability of a dark room by adding the probabilities of a dark room in both scenarios (candle blown out and not blown out).
2. Calculate the probability of a dark room given that the candle is blown out by dividing the probability of both events happening by the probability of blowing out the candle.
3. Compare the calculated conditional probability to the overall probability of a dark room to determine if the chance of a dark room increases when the candle is blown out.

Yes or no answer: Yes."
568,yes,"Step-by-Step Reasoning:**
1. Understand the given probabilities: 33% for clean water, 53% for polluted water and cholera contraction, and 14% for clean water and cholera contraction.
2. Recognize the question asks for a comparison of cholera contraction risk when observing clean water.
3. Note that the direct comparison of cholera risk between clean and polluted water isn't straightforward from the given data without calculating conditional probabilities for polluted water.
4. Realize the key comparison is whether observing clean water increases the likelihood of cholera contraction relative to the overall context or other conditions.

**Yes or No Answer:** No"
569,yes,"Step-by-Step Reasoning:**
1. Identify the probabilities of a child being intelligent based on parental intelligence and social status.
2. Note that social status does not change the probability of a child being intelligent within the groups of intelligent or unintelligent parents.
3. Recognize the difference in probabilities of intelligent children between intelligent and unintelligent parents, regardless of social status.
4. Conclude that the relationship between parental intelligence and child intelligence is positive, based on the higher probability of intelligent children among intelligent parents.

**Yes or No Answer:** Yes"
570,yes,"Step-by-step reasoning:
1. Calculate the probability of a penguin being happy and the associated death rate for each mode of transportation.
2. Calculate the probability of a penguin being sad and the associated death rate for each mode of transportation.
3. Determine the total probability of penguin death for each mode of transportation by adding the probabilities of death for happy and sad penguins.
4. Compare the total probabilities of penguin death for each mode of transportation to determine the impact of the decision on penguin survival.

Yes or no answer: No"
571,yes,"Step-by-Step Reasoning:**
1. Calculate the weighted average probability of having diabetes for normal weight and obese people.
2. Calculate the overall probability of long lifespan for normal weight people using the probabilities of long lifespan with and without diabetes.
3. Calculate the overall probability of long lifespan for obese people using the probabilities of long lifespan with and without diabetes.
4. Compare the overall probabilities of long lifespan for normal weight and obese people to determine the effect of obesity on lifespan.

**Yes or No Answer:** No"
572,yes,"Step-by-Step Reasoning**
1. Understand the given correlation coefficient (-0.09) and its implication of a weak negative relationship.
2. Recognize that correlation does not equal causation, and a weak correlation does not imply no effect.
3. Consider the context of the study (famous people) and the potential for selection bias.
4. Acknowledge that multiple factors contribute to fame and talent, complicating the interpretation of the correlation.

**Yes or No Answer**
No"
573,yes,"step-by-step reasoning:**
1. Calculate the probability of penguin death for each scenario (stairs/happy, stairs/sad, elevator/happy, elevator/sad).
2. Determine the overall probability of penguin death for those taking the stairs by combining the probabilities of happy and sad penguins.
3. Determine the overall probability of penguin death for those taking the elevator by combining the probabilities of happy and sad penguins.
4. Compare the overall probabilities of penguin death for both choices to decide which one positively affects penguin survival.

**Yes or no answer:** Yes."
574,yes,"Step-by-step reasoning:
1. Understand the given probabilities for cholera contraction and clean water provision.
2. Recognize the intuitive relationship between clean water and disease contraction (clean water reduces disease risk).
3. Acknowledge the limitations in directly calculating the effect of clean water on cholera contraction risk from the given data.

Yes or no answer: No."
575,yes,"Step-by-step reasoning:**
1. Calculate the probability of being female.
2. Calculate the probability of high salary for both males and females separately.
3. Combine these probabilities to find the overall probability of high salary.
4. Compare this probability to 50% to determine if high salary is more likely than low salary.

**Yes or no answer:** No."
576,yes,"Step-by-Step Reasoning:
- Identify the probability of the alarm ringing when the husband does not set the alarm: 72%.
- Identify the probability of the alarm ringing when the husband sets the alarm: 17%.
- Compare the two probabilities to determine which scenario is more likely to result in a ringing alarm.

3. Yes or no answer: No."
577,yes,"## Step 1: Understand the given probabilities
The overall probability of male gender is 7%, which means P(Male) = 0.07. The probability of non-male gender and admission acceptance is 53%, so P(Non-Male and Accepted) = 0.53. The probability of male gender and admission acceptance is 4%, thus P(Male and Accepted) = 0.04.

## Step 2: Calculate the probability of non-male gender
Since the probability of male gender is 7%, the probability of non-male gender is 100% - 7% = 93%, or P(Non-Male) = 0.93.

## Step 3: Calculate the probability of admission acceptance given male gender
To find if the chance of admission acceptance is larger when observing male gender, we need to calculate the probability of admission acceptance given male gender, P(Accepted|Male), and compare it with the probability of admission acceptance given non-male gender, P(Accepted|Non-Male).

## Step 4: Calculate P(Accepted|Male)
Using the formula for conditional probability, P(Accepted|Male) = P(Male and Accepted) / P(Male) = 0.04 / 0.07.

## Step 5: Calculate P(Accepted|Non-Male)
First, find P(Non-Male and Accepted) which is given as 0.53. Then, P(Accepted|Non-Male) = P(Non-Male and Accepted) / P(Non-Male) = 0.53 / 0.93.

## Step 6: Compare the probabilities
Calculate the values for P(Accepted|Male) and P(Accepted|Non-Male) and compare them to determine if the chance of admission acceptance is larger when observing male gender.

## Step 7: Perform calculations for P(Accepted|Male)
P(Accepted|Male) = 0.04 / 0.07 = 0.5714 (approximately).

## Step 8: Perform calculations for P(Accepted|Non-Male)
P(Accepted|Non-Male) = 0.53 / 0.93 = 0.5699 (approximately).

## Step 9: Conclusion
Since P(Accepted|Male) is approximately 0.5714 and P(Accepted|Non-Male) is approximately 0.5699, P(Accepted|Male) is slightly larger than P(Accepted|Non-Male), indicating the chance of admission acceptance is indeed larger when observing male gender, albeit only slightly.

The final answer is: $\boxed{Yes}$"
578,yes,"Step-by-Step Reasoning**:
- Calculate the probability of admission for non-male individuals considering department competitiveness.
- Calculate the probability of admission for male individuals considering department competitiveness.
- Compare the two overall probabilities to determine if gender affects admission status.

3. **Yes or No Answer**: Yes"
579,yes,"Step-by-step reasoning:
1. Calculate the probability of mean personalities: 100% - 58% = 42%.
2. Recognize that the probability of attractive appearance is the same for both kind and mean personalities, at 40%.
3. Calculate the overall probability of attractive appearance by considering both kind and mean personalities: (0.58 * 0.40) + (0.42 * 0.40) = 0.40 or 40%.
4. Determine the probability of unattractive appearance: 100% - 40% = 60%.
5. Compare the probabilities to conclude that attractive appearance is not more likely than unattractive appearance.

Yes or no answer: No."
580,yes,"Step-by-step reasoning:
1. **Identify relevant probabilities**: We focus on the probabilities of a child being intelligent given the parents' intelligence levels, across different social statuses.
2. **Compare probabilities**: 
   - For low social status, the probability of an intelligent child is 93% with unintelligent parents and 63% with intelligent parents.
   - For high social status, the probability of an intelligent child is 60% with unintelligent parents and 34% with intelligent parents.
3. **Analyze the trend**: In both social status conditions, the probability of a child being intelligent is lower when the parents are intelligent compared to when they are unintelligent.
4. **Consider the confounder**: The information about the confounder (active or inactive) and its probabilities in relation to parental intelligence and social status is meant to help understand potential biases or additional influences. However, the question asks us to disregard the mediation effect through parents' social status, which simplifies our analysis to the direct comparison of intelligent child probabilities based on parental intelligence.

Given this analysis, the answer to whether parents' intelligence positively affects child's intelligence, disregarding the mediation effect through parents' social status, appears to be negative based on the provided probabilities. The presence of intelligent parents seems to decrease the probability of the child being intelligent in the scenarios described.

**Yes or No answer**: No."
581,yes,"Step-by-step reasoning:
1. Identify the goal: Understand how education affects salary.
2. Recognize the impact of unobserved confounders on this relationship.
3. Evaluate Method 1: It accounts for unobserved confounders on a case-by-case basis.
4. Evaluate Method 2: It does not account for unobserved confounders, looking only at general trends.
5. Determine that controlling for confounders (Method 1) provides a more accurate understanding.

Yes."
582,yes,"step by step.

First, we need to understand the relationship between maternal smoking status, infant birth weight, and infant mortality. The given probabilities suggest complex interactions between these factors. For instance, infants with nonsmoking mothers and low birth weight have a high probability (61%) of high infant mortality, which is actually lower than those with normal birth weight (89%), suggesting that birth weight alone does not directly correlate with mortality in a straightforward manner when considering the impact of smoking.

However, when comparing the probabilities of high infant mortality between smoking and nonsmoking mothers across different birth weights, we see that for low birth weight, the probability of high infant mortality is lower for infants with smoking mothers (24%) than for those with nonsmoking mothers (61%). For normal birth weight, the probability is also lower for infants with smoking mothers (59%) compared to those with nonsmoking mothers (89%). This seems to indicate a protective effect of maternal smoking on infant mortality when considering birth weight, which is counterintuitive and may suggest that the relationship is more complex or that there are other factors at play.

Furthermore, examining the probabilities of normal infant birth weight, we see that smoking mothers have a higher probability of having infants with normal birth weight when the infants have poor health (96%) compared to good health (57%), and similar trends are observed for nonsmoking mothers, though the probabilities are lower. This indicates that the health of the infant and the smoking status of the mother both play roles in determining birth weight.

However, the question of whether maternal smoking status negatively affects infant mortality through infant's birth weight cannot be answered through direct probabilities given. Instead, we must infer from the relationships provided. The data given do not straightforwardly support the notion that maternal smoking directly increases infant mortality through lowering birth weight, as the relationships are more complex and involve the health status of the infant as well.

Given the complexities and potential for misinterpretation of the provided probabilities without additional context (such as sample sizes, control groups, and how ""high infant mortality,"" ""low infant birth weight,"" and ""poor health"" are defined), it's challenging to definitively conclude the direct impact of maternal smoking on infant mortality via birth weight based solely on the information provided.

**Step-by-Step Reasoning:**
1. Examine the relationship between maternal smoking, infant birth weight, and infant mortality.
2. Compare probabilities of high infant mortality between smoking and nonsmoking mothers across birth weights.
3. Consider the impact of infant health on birth weight among smoking and nonsmoking mothers.
4. Assess the direct and indirect implications of maternal smoking on infant mortality through birth weight.

**Yes or No Answer:** No"
583,yes,"Step-by-Step Reasoning:
- Identify the probability of the alarm ringing when the husband does not set the alarm: 90%.
- Identify the probability of the alarm ringing when the husband does set the alarm: 25%.
- Compare the two probabilities to determine the effect of the husband setting the alarm on the chance of the alarm ringing.
- Since 25% is less than 90%, setting the alarm is associated with a decreased chance of the alarm ringing.

3. Yes or No Answer: Yes"
584,yes,"Step-by-Step Reasoning:**
1. Identify the survival probabilities for both unvaccinated and vaccinated individuals.
2. Compare these probabilities to determine if there is an increase in survival rate for vaccinated individuals.
3. Recognize that even a small increase in percentage indicates a higher chance of survival.

**Yes or No Answer:** Yes"
585,yes,"Step-by-Step Reasoning**:
- Identify the probabilities related to the intelligence of children based on their parents' intelligence and social status.
- Recognize the instruction to disregard the effect of social status.
- Attempt to deduce the direct relationship between parents' intelligence and child's intelligence from the given probabilities.
- Consider the implications of the provided probabilities on the potential negative effect of parents' intelligence on child's intelligence.

3. **Yes or No Answer**: 
Yes."
586,yes,"Step-by-step reasoning:
1. Identify the relevant probabilities for the comparison, which are the probabilities of long lifespan for normal weight and obese individuals without diabetes.
2. Compare these probabilities to determine if there's a negative effect of obesity on lifespan when disregarding diabetes.
3. Consider that a higher probability of long lifespan indicates a positive effect or less negative effect on lifespan.

Yes or no answer: No"
587,yes,"Step-by-Step Reasoning:
   - Identify the probability of admission acceptance for males: 68%.
   - Identify the probability of admission acceptance for non-males: 57%.
   - Compare the two probabilities to determine if being male increases or decreases the likelihood of admission acceptance compared to not being male.

3. Yes or no answer: No."
588,yes,"Step-by-Step Reasoning:**
1. Calculate the probability of non-male gender: 100% - 55% = 45%.
2. Use given probabilities to calculate the conditional probability of admission acceptance for males and non-males.
3. Compare the calculated probabilities to determine if the chance of admission acceptance is smaller for males.

**Yes or No Answer:** Yes"
589,yes,"Step-by-Step Reasoning:**
1. **Evaluate Method 1**: Analyzes the husband's impact on the alarm clock case by case, offering detailed, contextual insights.
2. **Evaluate Method 2**: Examines the general correlation between the husband and the alarm clock, providing a broader, less context-specific understanding.
3. **Compare Relevance**: Determine which method better addresses the question of how the husband affects the alarm clock, considering the need for detailed, situation-specific information.

**Yes or No Answer:** Yes"
590,yes,"Step-by-Step Reasoning**:
   - Identify the goal: Understand how hospital costs affect recovery.
   - Evaluate Method 1: Analyzes cost-recovery correlation case by case, considering age.
   - Evaluate Method 2: Looks at the general correlation without considering individual cases or age.
   - Consider the importance of age as a factor in both hospital costs and recovery outcomes.
   - Determine that a nuanced, case-by-case approach is more likely to provide accurate insights.

3. **Yes or No Answer**: Yes"
591,yes,"Step-by-step reasoning:
1. Calculate the probability of nonsmoking: 100% - 86% = 14%.
2. Calculate the probability of college admission for smokers: 86% * 54% = 46.44%.
3. Calculate the probability of college admission for nonsmokers: 14% * 63% = 8.82%.
4. Calculate the overall probability of college admission: 46.44% + 8.82% = 55.26%.
5. Compare the overall probability of college admission (55.26%) with 50% to determine if admission is more likely than rejection.

Yes or no answer: No"
592,yes,"Step-by-step reasoning:
   - The captain orders execution, leading to the corporal shooting and the private not shooting.
   - These actions result in the prisoner's death.
   - If the captain orders release instead, the initial condition for the corporal shooting and the private not shooting is removed.
   - Without the execution order, the prisoner's death is not caused by the described sequence of events.
   - Therefore, the prisoner's survival is contingent on the absence of the execution order.

3. Yes"
593,yes,"Step-by-Step Reasoning:
1. Analyze the given probabilities for increased price and supply based on crop yield.
2. Understand the economic principle that increased supply tends to decrease prices if demand remains constant.
3. Compare the probabilities of increased price for reduced and increased crop yield scenarios.
4. Determine if the relationship between supply and price follows the expected economic principle.

Yes or No Answer: Yes"
594,yes,"Step-by-Step Reasoning:**
1. Identify given probabilities: P(Sign) = 43%, P(Not Sign and Fired) = 16%, P(Sign and Fired) = 28%.
2. Calculate overall probability of employee being fired: P(Fired) = P(Sign and Fired) + P(Not Sign and Fired) = 28% + 16% = 44%.
3. Calculate probability of employee being fired given manager signs the termination letter: P(Fired|Sign) = P(Sign and Fired) / P(Sign) = 28% / 43% ≈ 65.1%.
4. Compare P(Fired|Sign) with P(Fired) to determine if the chance of employee being fired is larger when the manager signs the letter.

**Yes or No Answer:** Yes."
595,yes,"step by step:

1. **Understanding the Probabilities**:
   - For people not taking any medication and with low blood pressure, the probability of a healthy heart is 71%.
   - For people not taking any medication and with high blood pressure, the probability of a healthy heart is 46%.
   - For people taking medication and with low blood pressure, the probability of a healthy heart is 81%.
   - For people taking medication and with high blood pressure, the probability of a healthy heart is 33%.
   - The probability of high blood pressure for people not taking any medication is 75%.
   - The probability of high blood pressure for people taking medication is 31%.

2. **Analyzing the Impact of Medication**:
   - For individuals with low blood pressure, taking medication increases the probability of a healthy heart from 71% to 81%, suggesting a positive effect.
   - For individuals with high blood pressure, taking medication decreases the probability of a healthy heart from 46% to 33%, which suggests a negative effect in this context.
   - However, considering the overall impact of medication on blood pressure, it reduces the probability of having high blood pressure from 75% (without medication) to 31% (with medication), which is a significant reduction.

3. **Conclusion on Medication's Effect**:
   - The key question is whether medication positively affects heart condition through blood pressure. While the direct effect of medication on individuals with high blood pressure seems counterintuitive (lower probability of a healthy heart), the overall reduction in the prevalence of high blood pressure among those taking medication (from 75% to 31%) suggests that medication is indeed having a positive effect on blood pressure levels. This reduction in high blood pressure should, in theory, contribute to a healthier heart condition for the population as a whole, given that high blood pressure is a risk factor for heart disease.

**Step-by-Step Reasoning**:
1. Identify probabilities of healthy heart with and without medication for both low and high blood pressure.
2. Compare the effects of medication on the probability of a healthy heart for low and high blood pressure separately.
3. Consider the overall effect of medication on the prevalence of high blood pressure.
4. Determine if the reduction in high blood pressure due to medication can be considered a positive effect on heart condition.

**Yes or No Answer**: Yes"
596,yes,"Step-by-step reasoning:
1. **Identify relevant probabilities**: We have probabilities of high infant mortality and normal birth weight based on maternal smoking status and other factors.
2. **Consider the effect of smoking on infant mortality**: Compare the probabilities of high infant mortality for smoking and nonsmoking mothers across different birth weights.
3. **Account for health and birth weight probabilities**: Factor in how smoking affects normal birth weight probabilities and the overall probability of good health.
4. **Disregard mediation through birth weight**: Focus on the direct relationship between maternal smoking and infant mortality, without considering birth weight as a mediator.

Given the information and focusing on the direct question of whether maternal smoking would positively affect (increase) infant mortality when disregarding the mediation effect through infant's birth weight, we notice that for both low and normal birth weights, the probabilities of high infant mortality are lower for smoking mothers compared to nonsmoking mothers. However, this comparison does not directly answer the question without considering the overall health context and the specific probabilities related to smoking and health.

Considering all factors, the question essentially asks us to evaluate if smoking increases infant mortality without the influence of birth weight. The provided probabilities suggest a complex relationship between smoking, birth weight, health, and mortality, but they do not directly support a simple conclusion that maternal smoking increases infant mortality when ignoring birth weight, especially since the direct comparison of smoking versus nonsmoking mothers shows lower mortality rates for smoking mothers in the given scenarios.

Yes or no answer: No."
597,yes,"Step-by-Step Reasoning**:
   - Calculate the weighted probability of a high exam score for not encouraged students who study hard and those who do not.
   - Calculate the weighted probability of a high exam score for encouraged students who study hard and those who do not.
   - Compare the overall probabilities for encouraged and not encouraged students to determine the effect of encouragement.

3. **Yes or No Answer**: No"
598,yes,"step-by-step summary of the reasoning:
1. Calculate the probability of taking the stairs: 100% - 10% = 90%.
2. Calculate the overall probability of penguin death: (probability of taking the stairs * probability of penguin death if taking the stairs) + (probability of taking the elevator * probability of penguin death if taking the elevator).
3. Determine if the overall probability of penguin death is greater than 50%.

Yes."
599,yes,"Step-by-Step Reasoning**:
- Calculate the probability of encountering happy and sad penguins for each mode of transportation.
- Calculate the overall probability of penguin death for each mode by combining the probabilities of encountering happy or sad penguins with the associated death probabilities.
- Compare the overall probabilities of penguin death between the two modes of transportation to determine the impact on penguin survival.

3. **Yes or No Answer**: Yes"
600,yes,"Step-by-Step Reasoning:
   - Identify the probability of college admission for nonsmokers: 76%.
   - Identify the probability of college admission for smokers: 22%.
   - Compare the probabilities to determine the effect of being a nonsmoker versus a smoker on college admission likelihood.
   - Conclusion: Being a nonsmoker increases the likelihood of college admission.

3. Yes or no answer: Yes"
601,yes,"Step-by-Step Reasoning**
1. Identify the probability of lung cancer for people with nonsmoking genes: 62%.
2. Identify the probability of lung cancer for people with smoking genes: 70%.
3. Compare the two probabilities to determine if there is an increase in the chance of lung cancer with the smoking gene.
4. Since 70% is greater than 62%, the smoking gene is associated with a higher probability of lung cancer.

**Yes or No Answer**
Yes"
602,yes,"Step-by-Step Reasoning:**
1. Calculate the probability of the dry season: 100% - 98% = 2%.
2. Determine the probability of wet ground in the rainy season: 98% * 38%.
3. Determine the probability of wet ground in the dry season: 2% * 41%.
4. Calculate the overall probability of wet ground by adding the probabilities from step 2 and step 3.
5. Compare the overall probability of wet ground to the probability of dry ground to conclude.

**Yes or No Answer:** No"
603,yes,"Step-by-Step Reasoning:**
1. Calculate the weighted average probability of a healthy heart for individuals not taking medication, considering both low and high blood pressure scenarios.
2. Calculate the weighted average probability of a healthy heart for individuals taking medication, considering both low and high blood pressure scenarios.
3. Compare the two weighted averages to determine if medication has a positive effect on heart condition when disregarding the mediation effect through blood pressure.

**Yes or No Answer:** No"
604,yes,"Step-by-Step Reasoning:**
1. Calculate the probability of not receiving treatment as 100% - probability of receiving treatment.
2. Calculate the probability of recovery for patients not receiving treatment and for patients receiving treatment separately.
3. Sum the probabilities of recovery from both scenarios to find the overall probability of recovery.
4. Compare the overall probability of recovery to the probability of non-recovery to determine if recovery is less likely.

**Yes or No Answer:** No"
605,yes,"Step-by-Step Reasoning:**
1. Calculate the probability of no tar deposit for both nonsmokers and smokers.
2. Calculate the overall probability of lung cancer for nonsmokers by considering both scenarios of tar deposit.
3. Calculate the overall probability of lung cancer for smokers by considering both scenarios of tar deposit.
4. Compare the overall probabilities of lung cancer for nonsmokers and smokers to determine the effect of smoking.

**Yes or No Answer:** No"
606,yes,"Step-by-Step Reasoning**:
- Identify given probabilities: P(B) = 0.10, P(not B and D) = 0.75, P(B and D) = 0.05.
- Calculate P(D|B) using the conditional probability formula: P(D|B) = P(B and D) / P(B).
- Recognize the need to compare P(D|B) with an appropriate baseline to assess if the chance of a dark room increases with blowing out the candle.
- Note that P(D) = P(B and D) + P(not B and D) gives the overall probability of a dark room.

3. **Yes or No Answer**: 
Given the specific calculations and focusing on the question of whether the chance of a dark room is larger when observing blowing out the candle, we must compare the conditional probability P(D|B) with the context provided. The question essentially asks if the occurrence of one event (blowing out the candle) increases the likelihood of another (dark room). Since P(D|B) = 50% and considering the overall context and calculations, the answer hinges on understanding conditional probabilities and their implications. However, the critical comparison here involves understanding that the question may imply a comparison between the conditional probability of a dark room given the candle is blown out and the unconditional probability of a dark room. The unconditional probability of a dark room, considering all scenarios, is not directly comparable without calculating the probability of a dark room without the condition of the candle being blown out, which involves considering all paths to a dark room. The provided probabilities directly lead to calculating P(D|B) but the question's framing suggests examining if blowing out the candle increases the chance of a dark room, which involves comparing against a relevant baseline probability of a dark room without the specific condition of the candle being blown out. Given this, the direct answer based on the calculation provided and focusing strictly on the increase in probability due to the condition (blowing out the candle) might be misunderstood without calculating the unconditional probability of a dark room for a proper comparison. 

The final answer is: Yes"
607,yes,"Step-by-Step Reasoning**:
- Calculate the overall probability of the employee being fired: 60% (signed and fired) + 4% (not signed and fired) = 64%.
- Calculate the conditional probability of the employee being fired given the manager signs the letter: P(employee fired | manager signs) = P(employee fired and manager signs) / P(manager signs) = 60% / 86% ≈ 69.8%.
- Compare the conditional probability (69.8%) to the overall probability of the employee being fired (64%) to determine if the chance increases when the manager signs the letter.

3. **Yes or No Answer**: Yes."
608,yes,"Step-by-Step Reasoning:**
1. Identify the factors that lead to cholera contraction: high poverty or clean water.
2. Note the conditions given: the person is served by a local water company and lives in a high-poverty region.
3. Consider the impact of receiving polluted water instead of clean water on the risk of cholera contraction, given that the primary factor in this scenario (poverty) already predisposes the person to a higher risk.
4. Recognize that while clean water is less likely to cause cholera than polluted water, the presence of high poverty is a significant risk factor.

**Yes or No Answer:** Yes"
609,yes,"Step-by-Step Reasoning:
- Identify the relationship between maternal smoking status and infant birth weight.
- Determine how infant birth weight affects infant mortality.
- Analyze if maternal smoking indirectly increases infant mortality by increasing the likelihood of low birth weight.
- Consider the overall impact of maternal health on infant birth weight and subsequently on infant mortality.

3. Yes or no answer: Yes."
610,yes,"Step-by-Step Reasoning**
1. Identify the probability of high salary without a college degree: 45%.
2. Identify the probability of high salary with a college degree or higher: 61%.
3. Compare the two probabilities to determine if there's an increase in the chance of high salary with a college degree or higher.

**Yes or No Answer**
Yes"
611,yes,"Step-by-Step Reasoning:**
1. Identify given probabilities: 25% chance of clean water, 34% chance of polluted water and cholera, 23% chance of clean water and cholera.
2. Recognize the question is about conditional probability: We need to compare the likelihood of cholera given clean water versus the overall or other conditional probabilities.
3. Analyze given data: The probability of clean water and cholera contraction (23%) is very high compared to the overall probability of clean water (25%), suggesting a strong association.
4. Consider the implications: If 23% of the time it's clean water and cholera, and clean water is only 25% of the time, it implies a significant portion of clean water instances are associated with cholera.

**Yes or No Answer:** Yes"
612,yes,"Step-by-Step Reasoning:
- Identify the probability of admission acceptance for males: 18%.
- Identify the probability of admission acceptance for non-males: 37%.
- Compare the two probabilities to determine which group has a lower chance of admission acceptance.
- If the probability for males is lower than for non-males, then male gender decreases the chance of admission acceptance.

3. Yes or no answer: Yes"
613,yes,"Step-by-Step Reasoning:**
1. Method 1 analyzes the general correlation between encouragement and exam scores without considering other factors.
2. Method 2 considers the correlation between encouragement and exam scores while taking into account the studying habit of each individual.
3. Method 2 provides a more nuanced understanding by acknowledging potential variations due to different studying habits.

**Yes or No Answer:** No"
614,yes,"Step-by-Step Reasoning:
- Analyze the probabilities given for increased price and supply under conditions of reduced and increased crop yield.
- Recognize the typical inverse relationship between supply and price according to the law of supply and demand.
- Consider the impact of increased supply on price, taking into account the given probabilities and potential external factors.
- Determine if increased supply, based on the provided data and understanding of economic principles, would likely decrease the chance of increased price.

3. Yes or no answer: Yes."
615,yes,"Step-by-Step Reasoning**:
   - Identify the goal: Understand how respiratory issues affect broken bones.
   - Evaluate Method 1: Broad overview, lacks nuance.
   - Evaluate Method 2: Detailed analysis, considers individual cases and hospitalization status.
   - Choose the method that provides the most comprehensive understanding based on the goal.

3. **Yes or No Answer**: No."
616,yes,"Step-by-step reasoning:
1. Identify the probability of recovery with treatment: 15%.
2. Identify the probability of recovery without treatment: 30%.
3. Compare the two probabilities to determine which scenario has a higher chance of recovery.
4. Since 15% (with treatment) is less than 30% (without treatment), the chance of recovery is larger without treatment.

Yes or no answer: No."
617,yes,"Step-by-Step Reasoning**:
- Identify the probabilities of high and low hospital bills.
- Calculate the weighted recovery rates for both low and high hospital bills.
- Sum these weighted rates to find the overall probability of recovery.
- Compare this overall recovery probability to 50% to determine if recovery is less likely than non-recovery.

3. **Yes or No Answer**: No."
618,yes,"Step-by-Step Reasoning:
- Calculate the probability of having a small kidney stone: 1 - 0.57 = 0.43.
- Calculate the overall probability of recovery without treatment using the law of total probability.
- Calculate the overall probability of recovery with treatment using the law of total probability.
- Compare the two probabilities to determine if recovery is less likely with treatment.

3. Yes or no answer: Yes."
619,yes,"Step-by-Step Reasoning**:
- Calculate the total probability of the alarm ringing: P(Rings) = P(Set and Rings) + P(Not Set but Rings) = 0.34 + 0.06 = 0.40.
- Calculate the probability of the alarm ringing given it was set by the husband: P(Rings|Set) = P(Set and Rings) / P(Set) = 0.34 / 0.77.
- Compare P(Rings|Set) to P(Rings) to determine if the chance of the alarm ringing is smaller when observing it was set by the husband.

3. **Yes or No Answer**: No."
620,yes,"Step-by-Step Reasoning:
1. **Understanding the Question**: The question asks whether Method 1 (general correlation) is more correct than Method 2 (correlation by birth weight) for understanding the effect of maternal smoking on infant mortality.
2. **Evaluating Method 1**: This method looks at the general correlation without considering specific factors like birth weight.
3. **Evaluating Method 2**: This method considers the correlation based on birth weight, providing a more detailed analysis.
4. **Comparing Methods**: Method 2 offers a more nuanced approach by accounting for birth weight, a significant factor in infant mortality.

Yes or No Answer: No"
621,yes,"Step-by-Step Reasoning:**
1. Calculate the probability of not taking any drugs: 100% - 48% = 52%.
2. Calculate the weighted average of low cholesterol probabilities for both groups.
3. Determine if the overall probability of low cholesterol is greater than 50%.

**Yes or No Answer:** No"
622,yes,"Step-by-Step Reasoning:**
1. Calculate the probability of high salary given college degree or higher using the formula for conditional probability.
2. Compare this probability with the overall probability of high salary.
3. Determine if the chance of high salary is smaller when observing college degree or higher based on the comparison.

**Yes or No Answer:** No"
623,yes,"To determine if lung cancer is less likely than the absence of lung cancer overall, we first need to understand the given probabilities and how they relate to the overall population.

1. **Full Response**: The probability of having a smoking gene is 88%, which implies that 12% of the population has a nonsmoking gene. For those with nonsmoking genes, the probability of developing lung cancer is 56%, and for those with smoking genes, the probability is 40%. To assess whether lung cancer is less likely than its absence overall, we need to calculate the overall probability of lung cancer in the population.

Given:
- Probability of smoking gene = 88% or 0.88
- Probability of nonsmoking gene = 12% or 0.12
- Probability of lung cancer with nonsmoking gene = 56% or 0.56
- Probability of lung cancer with smoking gene = 40% or 0.40

The overall probability of lung cancer can be calculated by combining the probabilities of lung cancer in both groups:
\[ P(\text{Lung Cancer}) = P(\text{Lung Cancer | Nonsmoking Gene}) \times P(\text{Nonsmoking Gene}) + P(\text{Lung Cancer | Smoking Gene}) \times P(\text{Smoking Gene}) \]
\[ P(\text{Lung Cancer}) = 0.56 \times 0.12 + 0.40 \times 0.88 \]
\[ P(\text{Lung Cancer}) = 0.0672 + 0.352 \]
\[ P(\text{Lung Cancer}) = 0.4192 \]

This means the overall probability of lung cancer is approximately 41.92%.

2. **Summary of Full Response**:
    - Calculate the probability of lung cancer for nonsmoking and smoking gene groups.
    - Combine these probabilities weighted by the prevalence of each gene type to find the overall probability of lung cancer.
    - Compare this overall probability to 50% to determine if lung cancer is less likely than its absence.

3. **Yes or No Answer**: Yes"
624,yes,"Step-by-Step Reasoning:
- Identify the probability of high salary for individuals who are not male: 25%.
- Identify the probability of high salary for individuals who are male: 33%.
- Compare the probabilities to determine the effect of being male on the likelihood of high salary.
- Since 33% (male) is greater than 25% (not male), being male increases the likelihood of high salary.
- Thus, if a male individual were not male, their likelihood of high salary would decrease based on the given probabilities.

3. Yes or no answer: Yes"
625,yes,"Step-by-Step Reasoning:
- Identify the relevant probabilities for hospitalized individuals.
- Compare the probability of broken bones for hospitalized individuals without respiratory issues (72%) to those with respiratory issues (76%).
- Determine if there is an increase in the probability of broken bones when respiratory issues are present.

3. Yes or No Answer: Yes"
626,yes,"Step-by-Step Reasoning:
1. Method 1 analyzes gender and salary correlation case by case according to occupation.
2. This approach considers varying factors within each occupation.
3. Method 2 looks at the general correlation without occupational context.
4. Method 1 provides a nuanced understanding by identifying occupation-specific patterns and disparities.
5. Therefore, Method 1 is more accurate for understanding how gender affects salary.

Yes or No Answer: Yes"
627,yes,"Step-by-step reasoning:
1. Calculate the probability of no treatment, which is 100% - 60% = 40%.
2. Compare the given probabilities of recovery with and without treatment (18% with treatment, 27% without treatment).
3. Recognize that to directly compare recovery rates, we should consider the proportion of each group that recovers, not just the absolute probabilities.

Yes or no answer: Yes."
628,yes,"Step-by-Step Reasoning**:
1. Calculate given probabilities.
2. Determine the probability of recovery with a high hospital bill.
3. Compare with the overall probability of recovery.
4. Conclude the relationship between high hospital bills and recovery chances.

**Yes or No Answer**: No"
629,yes,"Step-by-Step Reasoning**:
    - Identify probabilities of high salary for different gender and occupation groups.
    - Consider the impact of skill levels on occupation and thus on salary.
    - Assess how gender affects the likelihood of being in a higher-paying occupation when skilled.
    - Determine if being male negatively affects salary based on these considerations.

3. **Yes or No Answer**: No"
630,no,"Step-by-Step Reasoning**:
- Calculate the probability of high school degree or lower: 100% - 36% = 64%.
- Calculate P(High Salary | College Degree or Higher) = 10% / 36%.
- Calculate P(High Salary | High School Degree or Lower) = 43% / 64%.
- Compare the two conditional probabilities to determine if the chance of high salary is larger with a college degree or higher.

3. **Yes or No Answer**: 
To compare, let's calculate the actual values: 
P(High Salary | College Degree or Higher) = 10% / 36% ≈ 0.278.
P(High Salary | High School Degree or Lower) = 43% / 64% ≈ 0.672.
Since 0.278 is less than 0.672, the answer is **No**."
631,yes,"Step-by-step reasoning:
- Identify the probability of recovery without treatment: 21%.
- Identify the probability of recovery with treatment: 38%.
- Compare the two probabilities to determine which scenario has a higher chance of recovery.

Given that 38% (recovery with treatment) is greater than 21% (recovery without treatment), we can conclude that the chance of recovery is indeed larger when observing receives treatment.

Yes or no answer: Yes"
632,yes,"Step-by-Step Reasoning**:
   - Identify given probabilities: Vaccination = 2%, No vaccination and survival = 28%, Vaccination and survival = 1%.
   - Calculate the probability of no vaccination: 100% - 2% = 98%.
   - Calculate the conditional probability of survival given no vaccination: (28%/98%) * 100%.
   - Compare the conditional probabilities of survival given vaccination (1%) and given no vaccination (approximately 28.57%).

3. **Yes or No Answer**: No."
633,yes,"Step-by-Step Reasoning**:
   - Consider the importance of individual health factors like blood pressure in medication effectiveness.
   - Evaluate how Method 1 accounts for these factors on a case-by-case basis.
   - Compare this to Method 2, which does not consider such individual differences.
   - Determine that accounting for blood pressure provides a more detailed understanding of medication effects.

3. **Yes or No Answer**: Yes"
634,yes,"Step-by-step reasoning:**
1. Calculate the probability of the alarm ringing when set by the husband: 0.77 * 0.90.
2. Calculate the probability of the alarm ringing when not set by the husband: 0.23 * 0.27.
3. Calculate the overall probability of the alarm ringing by summing the results of steps 1 and 2.
4. Compare the overall probability of the alarm ringing to 50% to determine if it is more or less likely than the silent alarm.

**Yes or no answer:** No"
635,no,"step-by-step reasoning:
1. Calculate the weighted probabilities of admission for non-male and male applicants.
2. Compare these probabilities to determine the effect of gender on admission status.
3. Disregard the mediation effect through department competitiveness as per the question.

The final answer is: $\boxed{No}$"
636,yes,"Step-by-Step Reasoning**:
   - Identify the probability of a healthy heart for both medicated and non-medicated individuals: 37%.
   - Recognize that the probability of heart problems is the complement of the probability of a healthy heart: 100% - 37% = 63%.
   - Since the probability of heart problems (63%) is greater than the probability of a healthy heart (37%) in both scenarios, we can infer that overall, heart problems are more likely than a healthy heart.

3. **Yes or No Answer**: Yes."
637,yes,"Step-by-Step Reasoning:**
1. Calculate the weighted probabilities of admission for females and males based on their residency and department application rates.
2. Compare the overall probabilities of admission for females and males to determine if there's a negative effect of being male on admission status when disregarding department competitiveness.
3. If the probability of admission for males is higher than for females, then being male does not negatively affect admission status.

**Yes or No Answer:** No"
638,yes,"Step-by-step reasoning:
1. Calculate the overall probability of admission acceptance P(A) by summing the probabilities of admission acceptance for both male and non-male genders.
2. Calculate the probability of admission acceptance given male gender P(A|M) using the formula for conditional probability.
3. Compare P(A|M) with P(A) to determine if the chance of admission acceptance is smaller when observing male gender.

Yes or no answer: Yes."
639,yes,"Step-by-Step Reasoning:**
1. Identify the probability of the alarm ringing when the husband does not set the alarm: 77%.
2. Identify the probability of the alarm ringing when the husband sets the alarm: 25%.
3. Compare the two probabilities to determine in which scenario the alarm is more likely to ring.
4. Since 77% is greater than 25%, the alarm is more likely to ring when the husband does not set the alarm.

**Yes or No Answer:** Yes"
640,no,"Step-by-step reasoning:
   - Identify the probability of death when a prisoner is released: 27%.
   - Identify the probability of death when a prisoner is executed: 63%.
   - Compare these probabilities to determine if death is more likely when a prisoner is released or executed from the perspective of a captain who executes prisoners.
   - Since 63% (execution) is greater than 27% (release), death is less likely if the captain had ordered the release of the prisoner instead of executing them.

3. No."
641,yes,"Step-by-Step Reasoning**
1. Identify the given probabilities of lung cancer for smokers and nonsmokers.
2. Recognize the increased risk of lung cancer among smokers compared to nonsmokers.
3. Associate the act of smoking with the release and deposit of tar in the lungs.
4. Connect tar deposit with an increased risk of lung cancer.
5. Conclude that smoking, through mechanisms that may include tar deposit, negatively affects lung health.

**Yes or No Answer**
Yes"
642,yes,"Step-by-Step Reasoning**
1. Identify the key factor influencing recovery: kidney stone size.
2. Evaluate Method 1: general correlation without considering stone size.
3. Evaluate Method 2: correlation considered case by case according to stone size.
4. Determine which method provides a more accurate understanding of treatment effectiveness.

**Yes or No Answer**
No"
643,yes,"Step-by-step reasoning:
1. Calculate the overall probability of college admission for nonsmokers by considering the probabilities of being hard-working and lazy and their respective college admission rates.
2. Calculate the overall probability of college admission for smokers using the same method as for nonsmokers.
3. Compare the overall probabilities of college admission for nonsmokers and smokers to determine the effect of smoking.

Yes or no answer: Yes."
644,yes,"Step-by-Step Reasoning:
- Identify the probability of lung cancer in smokers: 52%.
- Identify the probability of lung cancer in nonsmokers: 40%.
- Compare these probabilities to determine if a smoker would be more likely to see lung cancer if they had been a nonsmoker.
- Since the question essentially asks if a smoker's likelihood of lung cancer would increase if they were a nonsmoker, we must interpret this as comparing the two given probabilities.

3. Yes or No Answer: No"
645,yes,"Step-by-step reasoning:
1. Understand the given correlation coefficient (-0.07) and its implications.
2. Recognize that a weak correlation does not necessarily imply no effect, but rather a negligible or small effect.
3. Consider that other factors might influence the relationship between kindness and attractive appearance.

Yes or no answer: No."
646,yes,"Step-by-step reasoning:
1. Calculate the probability of waking up on time: 100% - 5% = 95%.
2. Calculate the probability of arriving on time when waking up on time: 95% * 46% = 43.7%.
3. Calculate the probability of arriving on time when waking up late: 5% * 78% = 3.9%.
4. Calculate the overall probability of arriving on time: 43.7% + 3.9% = 47.6%.
5. Determine if arriving on time is less likely than arriving late based on the calculation.

Yes or no answer: Yes."
647,yes,"Step-by-Step Reasoning:
   - Identify the probability of admission acceptance for males: 64%.
   - Identify the probability of admission acceptance for non-males: 67%.
   - Compare the probabilities to determine if being non-male increases the likelihood of admission acceptance compared to being male.
   - Since 67% (non-male) is greater than 64% (male), being non-male has a higher probability of admission acceptance.

3. Yes or no answer: No"
648,yes,"Step-by-step reasoning:
1. Calculate the probability of nonsmoking: 100% - 8% = 92%.
2. Identify given probabilities: P(Smoking and College Admission) = 5%, P(Nonsmoking and College Admission) = 40%.
3. Calculate conditional probabilities: P(College Admission | Smoking) and P(College Admission | Nonsmoking).
4. Compare the conditional probabilities to determine if smoking reduces the chance of college admission.

Yes or no answer: Yes."
649,yes,"Step-by-Step Reasoning:**
1. Identify given probabilities: Smoking (13%), Nonsmoking and Lung Cancer (25%), Smoking and Lung Cancer (7%).
2. Calculate Probability of Nonsmoking: 100% - Probability of Smoking.
3. Calculate Conditional Probabilities for Lung Cancer given Smoking and Nonsmoking using the formula P(A|B) = P(A and B) / P(B).
4. Compare the calculated conditional probabilities to determine if the chance of lung cancer is larger when observing smoking.

**Yes or No Answer:** Yes"
650,yes,"Step-by-Step Reasoning**
1. Understand the meaning of the correlation coefficient (-0.08) in the context of attractive appearance and talent among famous people.
2. Recognize that a correlation close to 0 suggests a very weak linear relationship.
3. Acknowledge that even a weak correlation indicates some level of relationship between the variables.
4. Consider that correlation does not imply causation and the relationship could be influenced by various factors.
5. Conclude that while the effect might be minimal, saying attractive appearance has no effect on talent might not be entirely accurate based on the correlation alone.

**Yes or No Answer**
No"
651,yes,"Step-by-Step Reasoning**:
   - Calculate the weighted probability of lung cancer among smokers: 99% of the population * 57% chance of lung cancer.
   - Calculate the weighted probability of lung cancer among nonsmokers: 1% of the population * 27% chance of lung cancer.
   - Add these two values to get the overall probability of lung cancer.
   - Subtract this overall probability from 100% to find the probability of not having lung cancer.
   - Compare the probability of lung cancer to the probability of not having lung cancer to determine which is more likely.

3. **Yes or No Answer**: No"
652,no,"Step-by-step reasoning:
   - Identify the probability of admission acceptance for non-males: 46%.
   - Identify the probability of admission acceptance for males: 67%.
   - Compare the two probabilities to determine if being male increases or decreases the likelihood of admission acceptance.
   - Since 67% is greater than 46%, being male increases the likelihood.

3. No"
653,yes,"Step-by-Step Reasoning:
1. Identify the cause of scurvy: Lack of vitamin C.
2. Recognize the vitamin C content in citrus fruits.
3. Method 1 considers the vitamin C factor directly in its analysis.
4. Method 2 does not specifically account for the vitamin C factor.
5. Considering the direct cause (vitamin C deficiency) leads to a more accurate analysis.

Yes or No Answer: Yes"
654,yes,"Step-by-Step Reasoning:**
1. Calculate the probability of being a nonsmoker.
2. Use the law of total probability to find the overall probability of lung cancer.
3. Calculate the probability of not having lung cancer.
4. Compare the probabilities to determine if lung cancer is more likely than its absence.

**Yes or No Answer:** No"
655,yes,"Step-by-Step Reasoning**
1. Understand the concept of correlation and its difference from causation.
2. Recognize that a correlation coefficient of -0.07 indicates a very weak negative relationship.
3. Consider that factors other than the variables in question can influence the observed relationship.
4. Conclude that correlation, especially a weak one, does not imply causation.

**Yes or No Answer**
No"
656,yes,"Step-by-Step Reasoning:**
1. Calculate the probability of unintelligent parents: 100% - 14% = 86%.
2. Calculate the probability of an intelligent child given each type of parent.
3. Calculate the overall probability of an intelligent child by adding the probabilities of intelligent children from both types of parents.
4. Compare the overall probability of an intelligent child to the probability of an unintelligent child.

**Yes or No Answer:** Yes."
657,yes,"Step-by-Step Reasoning**
1. **Understanding the goal**: The objective is to determine the most appropriate method for analyzing the effect of smoking on lung cancer.
2. **Analyzing Method 1**: This method provides a general overview of the correlation between smoking and lung cancer across the entire population.
3. **Analyzing Method 2**: This method involves a more detailed analysis, considering the impact of smoking on lung cancer risk separately for each gender.
4. **Comparing methods**: Method 1 offers a broad perspective, which might overlook important gender-specific differences, while Method 2 allows for the identification of such differences but might not provide as clear of an overall picture.
5. **Conclusion**: Given that understanding the specific risk factors and how they vary between different demographics (in this case, gender) can lead to more targeted and effective public health interventions, Method 2 could potentially offer more actionable insights than Method 1.

**Yes or No Answer**
No"
658,yes,"step-by-step reasoning:
1. Calculate the probability of lung cancer for nonsmokers with and without tar deposit.
2. Calculate the probability of lung cancer for smokers with and without tar deposit.
3. Compare the total probability of lung cancer for smokers and nonsmokers.
4. Determine if smoking increases the chance of lung cancer based on the comparison.

Yes or no answer: Yes."
659,yes,"Step-by-step reasoning:
1. Calculate the probability of waking up on time: 100% - 5% = 95%.
2. Calculate the overall probability of arriving to school on time by multiplying the probability of each morning scenario (on time and late) by the probability of arriving on time in each scenario and then summing these products.
3. Compare the calculated overall probability of arriving on time with the probability of arriving late to determine which is more likely.

Yes or no answer: No."
660,yes,"1. Full Response: 
To determine whether a camper lighting a match will decrease the chance of the forest catching on fire, we need to compare the probabilities of the forest catching fire in both scenarios: when a camper lights a match and when a camper does not. The given probabilities are 38% for not lighting a match and 80% for lighting a match. At first glance, it seems counterintuitive because lighting a match is typically associated with an increased risk of fire. However, the question is about the comparative probabilities given, not the absolute risk of lighting a match.

2. Summary of Reasoning:
- Identify the probabilities of the forest catching fire for both scenarios: 38% for not lighting a match and 80% for lighting a match.
- Compare these probabilities to determine the effect of lighting a match on the chance of the forest catching fire.
- Recognize that the question asks if lighting a match decreases the chance of the forest on fire, which requires a comparison of the two given probabilities.

3. Yes or no answer: No"
661,yes,"step by step reasoning:
1. Calculate the probability of having polluted water: 100% - 33% = 67%.
2. Calculate the contribution to cholera contraction from the clean water group: 43% * 33%.
3. Calculate the contribution to cholera contraction from the polluted water group: 79% * 67%.
4. Add the contributions to find the overall probability of cholera contraction.
5. Compare this probability to 50% to determine if cholera contraction is more likely than prevention.

Yes or no answer: Yes."
662,yes,"Step-by-Step Reasoning:
- Identify the probability of admission acceptance for non-males: 43%.
- Identify the probability of admission acceptance for males: 55%.
- Compare the probabilities to determine the effect of male gender on admission acceptance.
- Since 55% (male) is greater than 43% (non-male), male gender increases the chance of admission acceptance.

3. Yes or No Answer: No"
663,yes,"Step-by-Step Reasoning**:
   - Method 1 looks at the general correlation between encouragement and exam scores.
   - Method 2 examines this correlation case by case, considering studying habits.
   - Method 2 provides a more nuanced understanding by controlling for studying habits.
   - Considering specific conditions (like studying habits) offers a more accurate analysis of encouragement's impact.

3. **Yes or No Answer**: No"
664,yes,"Step-by-step reasoning:
1. Calculate the probability of a high exam score given encouragement: P(High Score | Encouragement) = P(High Score and Encouragement) / P(Encouragement).
2. Determine the overall probability of a high exam score: P(High Score) = P(High Score and Encouragement) + P(High Score and Discouragement).
3. Compare P(High Score | Encouragement) to P(High Score) to determine if the chance of a high exam score is larger when observing encouragement.

Yes or no answer: No."
665,yes,"Step-by-Step Reasoning**:
   - Calculate the overall probability of recovery: 23% (low) + 23% (high) = 46%.
   - Calculate the probability of recovery given a high hospital bill: 23% / 38% ≈ 60.5%.
   - Compare this with the implied overall recovery rate to assess if recovery is less likely with a high bill.

3. **Yes or No Answer**: No."
666,yes,"**Full Response**
When considering the relationship between education level and salary, it's essential to evaluate the appropriateness of the methods used to analyze this correlation. Method 1 involves a general examination of how education level correlates with salary across the board, without delving into specific details. This approach can provide a broad overview and might be useful for identifying general trends. On the other hand, Method 2 involves a more nuanced, case-by-case analysis based on skill, which can offer deeper insights into how education impacts salary in different contexts. Given that skills required and their monetary value can vary significantly across different professions and industries, a method that accounts for these variations (Method 2) would likely provide a more accurate understanding of the impact of education on salary.

**Summary of Full Response**
1. Evaluate Method 1 for its general approach to correlation.
2. Evaluate Method 2 for its detailed, skill-based approach.
3. Consider the variability of skills and their value across professions and industries.
4. Determine which method offers a more accurate analysis based on these considerations.

**Yes or No Answer**
No."
667,yes,"Step-by-Step Reasoning:**
1. Consider the complexity of the relationship between respiratory issues and bone health.
2. Evaluate the potential for individual variability and specific circumstances (like hospitalization status) to influence this relationship.
3. Determine that a case-by-case analysis (Method 2) provides a more nuanced understanding than a general correlation approach (Method 1).

**Yes or No Answer:** No"
668,yes,"Step-by-Step Reasoning:**
1. Identify the given probabilities: 58% for children of unintelligent parents and 33% for children of intelligent parents.
2. Compare these probabilities to determine the relationship between parental intelligence and the likelihood of a child being intelligent.
3. Note that the probability of a child being intelligent is lower when parents are intelligent (33%) than when they are not (58%).
4. Conclude based on the provided data, without considering external factors or potential biases.

**Yes or No Answer:** Yes"
669,yes,"Step-by-step reasoning:
1. Calculate the probability of not receiving treatment: 100% - 54% = 46%.
2. Calculate the probability of recovery without treatment: 46% * 62%.
3. Calculate the probability of recovery with treatment: 54% * 36%.
4. Calculate the overall probability of recovery by summing the probabilities of recovery with and without treatment.
5. Calculate the probability of non-recovery by subtracting the overall probability of recovery from 100%.
6. Compare the probabilities to determine if recovery is less likely than non-recovery.

Yes or no answer: Yes."
670,yes,"Step-by-Step Reasoning**:
- Identify the probabilities of high infant mortality for different maternal smoking statuses and infant birth weights.
- Consider the mediation effect of birth weight and the instruction to disregard it.
- Analyze the probabilities of normal birth weight for different health conditions and maternal smoking statuses.
- Evaluate if any scenario suggests a positive effect of maternal smoking on reducing infant mortality when disregarding the birth weight mediation effect.

3. **Yes or No Answer**: No."
671,yes,"Step-by-Step Reasoning:
1. Identify the two methods for analyzing the effect of maternal smoking on infant mortality.
2. Recognize that Method 1 considers birth weight, a critical factor in infant mortality, allowing for a more controlled analysis.
3. Understand that Method 2 does not account for specific factors like birth weight, which could lead to less accurate conclusions.
4. Determine that a more detailed and controlled approach (Method 1) is preferable for understanding complex relationships.

Yes or No Answer: Yes"
672,yes,"Step-by-Step Reasoning:
- High skill level contributes to white-collar jobs.
- High skill level, among other factors, contributes to high salary.
- The person has a high skill level.
- Being male is an additional factor that could contribute to a white-collar job and high salary.
- The presence of a high skill level is a stronger indicator for high salary potential than the gender.

3. Yes or No Answer: No"
673,yes,"Step-by-Step Reasoning**:
   - Identify the probability of respiratory issues: 89%.
   - Identify the probability of broken bones in both groups (with and without respiratory issues): 85%.
   - Recognize that the probability of broken bones is consistent across both health conditions and is greater than 50%.
   - Conclude that since the chance of having broken bones is greater than 50% for any individual, it is more likely than not having broken bones.

3. **Yes or No Answer**: Yes."
674,yes,"Step-by-Step Reasoning**:
   - Calculate the total probability of the employee being fired: 12% + 21% = 33%.
   - Calculate the probability of the employee being fired given the manager signs the termination letter: 12% / 19%.
   - Compare this conditional probability with the overall probability of the employee being fired (33%) to determine if the chance increases when the manager signs the letter.

3. **Yes or No Answer**: Yes."
675,yes,"Step-by-Step Reasoning**
1. Compare the probability of high salary for non-male individuals (36%) to that of male individuals (31%).
2. Determine if the probability of high salary is lower for males compared to non-males.
3. Conclude whether male gender decreases the chance of high salary based on the comparison.

**Yes or No Answer**
Yes"
676,yes,"Step-by-Step Reasoning:**
1. Calculate the probability of no tanning salon treatment: 100% - 88% = 12%.
2. Identify the given probability of no tanning salon treatment and tanned skin as 8%, which directly represents a proportion of the total population.
3. Calculate the probability of tanned skin given tanning salon treatment: 26% / 88% = 29.5%.
4. Compare the calculated probability of tanned skin with tanning salon treatment (29.5%) to the overall probability of tanned skin (34%).
5. Determine if the chance of tanned skin is smaller when observing tanning salon treatment based on the comparison.

**Yes or No Answer:** Yes"
677,yes,"Step-by-Step Reasoning:
- Identify recovery probabilities based on age and hospital bill amount.
- Recognize the significant impact of age on recovery probability.
- Consider the overall probability of old age and its implications.
- Analyze the change in recovery probability when moving from a high to a low hospital bill for both age groups.
- Determine if the information suggests recovery would be more likely with a low hospital bill for those currently paying a high bill.

3. Yes or No Answer: No"
678,yes,"Step-by-step reasoning:**
1. Analyze given probabilities for areas with low and high cigarette tax.
2. Recognize the apparent paradox where areas with more smoking mothers have higher probabilities of normal infant birth weight.
3. Consider the broader medical understanding of smoking's effects on pregnancy.
4. Conclude based on medical knowledge that smoking is harmful to fetal development.

**Yes or no answer:** Yes"
679,yes,"Step-by-step reasoning:
1. Calculate the probability of being unvaccinated: 100% - 77% = 23%.
2. Calculate the probability of survival for both vaccinated and unvaccinated individuals.
3. Compute the overall probability of survival by adding the products of the probability of each status (vaccinated or unvaccinated) and the probability of survival given that status.
4. Compare the overall survival probability to 50% to determine if survival is more or less likely than death.

Yes or no answer: No"
680,yes,"Step-by-step reasoning:
   - Step 1: Understand the given probabilities of prisoner death under different captain actions.
   - Step 2: Recognize that the question implies a comparison between the outcomes (death probabilities) under different treatments (release vs. execution).
   - Step 3: Analyze the potential role of the corporal and the private in influencing these outcomes, considering they might be involved in the execution or release process.
   - Step 4: Determine if the involvement of the corporal and the private could directly or indirectly affect the prisoner's fate based on the captain's decision.

3. Yes."
681,yes,"Step-by-Step Reasoning:**
1. Calculate the probability of having a healthy heart for individuals not taking medication by considering both low and high blood pressure scenarios.
2. Calculate the probability of having a healthy heart for individuals taking medication, again considering both low and high blood pressure scenarios.
3. Compare the overall probabilities of having a healthy heart for those taking medication versus those not taking medication to determine the effect of medication.

**Yes or No Answer:** No"
682,yes,"Step-by-step reasoning:
1. Calculate the probability of scurvy among citrus consumers: 94% * 51%.
2. Calculate the probability of scurvy among non-citrus consumers: 6% * 68%.
3. Add the probabilities from steps 1 and 2 to get the overall probability of scurvy.
4. Compare the overall probability of scurvy to the probability of no scurvy.

Yes or no answer: No."
683,yes,"Full Response:
To determine whether Method 1 is more correct than Method 2 for understanding how treatment affects recovery, we need to consider the context and goals of the analysis. Method 1 involves examining the correlation between treatment and recovery on a case-by-case basis, specifically looking at how these correlations vary according to gender. This approach allows for a more nuanced understanding, as it can reveal differences in treatment efficacy across different genders, which could be crucial for personalized medicine and understanding gender-specific health outcomes. On the other hand, Method 2 looks at the general correlation between treatment and recovery without considering gender or any other demographic factors. This method provides a broader, more generalized view of treatment efficacy but may mask important variations in how different groups respond to treatment.

Summary of Full Response:
1. Consider the goal of understanding treatment effects on recovery.
2. Method 1 analyzes treatment correlation with recovery case by case, considering gender.
3. Method 2 analyzes the general correlation between treatment and recovery without considering gender.
4. Method 1 provides nuanced, gender-specific insights, while Method 2 offers a broad, generalized view.
5. The choice between methods depends on whether understanding gender-specific treatment effects is important.

Yes or No Answer: Yes"
684,yes,"Step-by-Step Reasoning:**
1. Identify the causal factors for high parental social status: intelligent parents and an active confounder.
2. Identify the causal factors for an intelligent child: intelligent parents, an active confounder, and high parental social status.
3. Consider the scenario with an active confounder and unintelligent parents, which would likely result in high parental social status due to the confounder's effect.
4. Evaluate the impact of removing intelligent parents from the equation on the likelihood of the child being intelligent, considering the remaining factors (active confounder and potentially high parental social status).

**Yes or No Answer:** No"
685,yes,"Step-by-step reasoning:
1. Method 1 analyzes gender and salary correlation case by case according to occupation.
2. This approach allows for a detailed understanding of gender's impact on salary within specific jobs.
3. Method 2 looks at the correlation in general, potentially masking important occupation-specific details.
4. Considering occupation-specific data can lead to a more accurate understanding of the gender pay gap.

Yes or no answer: Yes"
686,yes,"1. Full response: To answer this question, let's break down the information provided. We know two common causes of tanned skin: tanning salon treatments and going to the beach. Given that the person does not go to the beach, this leaves us with tanning salon treatments as a potential cause of tanned skin. If the person does not undergo tanning salon treatment, we must consider if there are other factors that could cause tanned skin. However, based on the information provided, the two known causes are tanning salon treatments and going to the beach, and the person is not engaging in either of these activities.

2. Summary of the full response: 
- Identify known causes of tanned skin: tanning salon treatments and going to the beach.
- Note that the person does not go to the beach.
- Consider the impact of not having tanning salon treatment on the likelihood of having tanned skin, given the person's lack of beach visits.

3. Yes or no answer: No"
687,yes,"Step-by-Step Reasoning:
1. Calculate the probability of tanned skin given tanning salon treatment, recognizing the potential misunderstanding in the initial calculation.
2. Understand the given probabilities and their implications.
3. Compare the probability of tanned skin among those treated to the overall probability of tanned skin.

Yes or No Answer: Yes"
688,yes,"Step-by-Step Reasoning**
1. Identify the probability of lung cancer for individuals with nonsmoking genes: 64%.
2. Identify the probability of lung cancer for individuals with smoking genes: 77%.
3. Compare the two probabilities to determine if having a smoking gene increases or decreases the chance of lung cancer.
4. Since 77% is greater than 64%, having a smoking gene increases the chance of lung cancer, not decreases it.

**Yes or No Answer**
No"
689,yes,"Step-by-step reasoning:
1. Identify the given probabilities: 30% for smoking mothers, 19% for nonsmoking mothers with normal infant birth weight, and 17% for smoking mothers with normal infant birth weight.
2. Recognize that to compare the likelihood of normal infant birth weight, we need to consider these probabilities in the context of the total population of mothers.
3. Since the question directly compares the chance of normal infant birth weight between smoking and nonsmoking mothers, we look at the provided probabilities for normal birth weight in each group.

Yes or no answer: No"
690,yes,"Step-by-Step Reasoning**
1. Identify the probability of high infant mortality for infants with nonsmoking mothers: 54%.
2. Identify the probability of high infant mortality for infants with smoking mothers: 58%.
3. Compare the two probabilities to determine if there is an increase in the chance of high infant mortality when the mother smokes.
4. Since 58% is greater than 54%, conclude that smoking by the mother increases the chance of high infant mortality.

**Yes or No Answer**
Yes"
691,yes,"Step-by-step reasoning:
   - Identify the probability of long lifespan for normal weight people: 79%.
   - Identify the probability of long lifespan for obese people: 72%.
   - Compare the two probabilities to determine the effect of obesity on the chance of long lifespan.
   - Since 72% is less than 79%, obesity is associated with a lower probability of long lifespan.

3. Yes."
692,yes,"Step-by-step reasoning:
1. Understand the given probabilities.
2. Calculate the overall probability of having a high salary.
3. Calculate the probability of having a high salary given a college degree or higher.
4. Compare the calculated probabilities to determine the relationship between having a college degree or higher and the chance of a high salary.

Yes or no answer: No."
693,yes,"Step-by-Step Reasoning:
- Identify the probability of admission acceptance for males: 68%.
- Identify the probability of admission acceptance for non-males: 71%.
- Compare the two probabilities to determine which is higher.
- If the probability for non-males is higher, then not being male would increase the likelihood of admission acceptance for a male individual.

3. Yes or No Answer: Yes"
694,yes,"Step-by-step reasoning:
1. Calculate the probability of being a nonsmoker: 100% - 86% = 14%.
2. Calculate the weighted probability of lung cancer for smokers: 53% * 86%.
3. Calculate the weighted probability of lung cancer for nonsmokers: 37% * 14%.
4. Add the weighted probabilities to get the overall probability of lung cancer.
5. Compare the overall probability of lung cancer to the probability of its absence.

Yes or no answer: No"
695,yes,"step-by-step reasoning:
1. Calculate the probability of reduced supply: 100% - 53% = 47%.
2. Calculate the probability of increased price given reduced supply and increased supply, then find the overall probability of increased price.
3. Compare the overall probability of increased price to 50% to determine if it's more or less likely than reduced price.

Yes or no answer: No"
696,yes,"Step-by-step reasoning:
1. Analyze the given probabilities for normal infant birth weight and smoking mothers in areas with low and high cigarette tax.
2. Recognize the data does not directly address the relationship between smoking and normal birth weight.
3. Consider general knowledge about the effects of smoking during pregnancy on birth weight.

Yes or no answer: No"
697,no,"Step-by-Step Reasoning:
- Step 1: Identify the two methods for analyzing the effect of maternal smoking on infant mortality.
- Step 2: Recognize that Method 1 provides a general overview without controlling for significant variables like birth weight.
- Step 3: Understand that Method 2 offers a more detailed analysis by considering the impact of maternal smoking on infant mortality across different birth weights.
- Step 4: Acknowledge that controlling for birth weight (as in Method 2) can provide a clearer picture of the direct relationship between maternal smoking and infant mortality.

3. No."
698,yes,"step by step reasoning:
- Identify the causes of wet ground: rain and sprinkler on.
- Determine the effect of dry season: no rain, but potential for sprinkler to be on.
- Consider if the sprinkler being on could cause wet ground during dry season.

3. Yes or no answer: Yes"
699,yes,"Step-by-Step Reasoning:**
1. Calculate the probability of no tar deposit for both smokers and nonsmokers.
2. Use these probabilities to find the weighted average of lung cancer risk for each group.
3. Compare the overall risk of lung cancer for smokers versus nonsmokers.

**Yes or No Answer:** No"
700,no,"step-by-step reasoning for the response:
1. Calculate the probability of being talented and hard-working: 0.82 * 0.89 = 0.7298.
2. Calculate the probability of being not talented and hard-working: 0.18 * 0.89 = 0.1602.
3. Calculate the overall probability of being hard-working: 0.7298 + 0.1602 = 0.89.
4. Compare the probability of being hard-working to the probability of being lazy: 0.89 > 0.11.

The answer is: No."
701,yes,"Step-by-step reasoning:
   - Step 1: Identify the given probabilities and the condition (taking the elevator).
   - Step 2: Note that the probability of taking the elevator and penguin death is 0%, which directly answers the question regarding the relationship between taking the elevator and penguin death.
   - Step 3: Recognize that the probability of an event (penguin death) given another event (taking the elevator) is what we're interested in, but the provided information about the elevator and penguin death already gives us a direct answer.

3. Yes or no answer: No."
702,yes,"Step-by-Step Reasoning:**
1. Identify given probabilities for smoking and lung cancer among smokers and nonsmokers.
2. Correct the nonsmoker lung cancer probability to a realistic value.
3. Calculate the probability of being a nonsmoker.
4. Apply the law of total probability to find the overall probability of lung cancer.
5. Compare the probability of lung cancer to the probability of its absence.

**Yes or No Answer:** No"
703,yes,"step by step. We know that living close to a college or having a confounder active (or both) can lead to obtaining a college degree or higher. Additionally, having a college degree or higher, combined with the confounder being active, results in a high salary. Given that the person lives close to a college and the confounder is active, we can infer that these conditions are conducive to the person having a college degree or higher. The presence of a college degree or higher, in combination with the active confounder, is a direct pathway to achieving a high salary according to the given causal relationships. Therefore, if the person has a college degree or higher instead of a high school degree or lower, under the conditions provided (living close to a college and the confounder being active), it is reasonable to conclude that the person would have a high salary.

2. Concise Step-by-Step Reasoning:
- The person lives close to a college and the confounder is active.
- These conditions lead to a college degree or higher.
- A college degree or higher, with the confounder active, causes a high salary.
- Therefore, with a college degree or higher, the person is likely to have a high salary under these conditions.

3. Yes or no answer: Yes"
704,yes,"Step-by-Step Reasoning:**
1. Identify the probability of long lifespan for normal weight people: 53%.
2. Identify the probability of long lifespan for obese people: 74%.
3. Compare the two probabilities to determine if obesity increases or decreases the chance of long lifespan.
4. Since 74% is greater than 53%, obesity actually increases the chance of long lifespan according to the given data.

**Yes or No Answer:** No"
705,yes,"Step-by-Step Reasoning**
1. Identify the given probabilities: 61% for people without a college degree and 81% for people with a college degree or higher.
2. Compare the probabilities to determine if there's a noticeable difference.
3. Assume that the primary factor contributing to the difference in probabilities is the acquisition of skills through education.
4. Conclude that if a significant difference exists, it suggests education positively affects salary through skill enhancement.

**Yes or No Answer**
Yes"
706,yes,"Step-by-Step Reasoning:
- Identify the probabilities of the wife setting the alarm based on the husband's action.
- Analyze how these probabilities affect the outcome (alarm ringing).
- Determine if the husband's influence on the wife (increased probability of setting the alarm when he sets it) leads to a higher probability of the alarm ringing.

3. Yes or No Answer: No"
707,yes,"Step-by-Step Reasoning:
- Identify the probability of scurvy for patients not consuming citrus: 58%.
- Identify the probability of scurvy for patients consuming citrus: 32%.
- Compare the probabilities to determine the effect of citrus intake on the chance of scurvy.
- Since 32% is less than 58%, citrus intake is associated with a decreased chance of scurvy.

3. Yes or No Answer: Yes"
708,yes,"Step-by-Step Reasoning**
1. Identify the probabilities of college admission for nonsmokers and smokers.
2. Compare these probabilities to determine which group has a higher chance of college admission.
3. If the probability for nonsmokers is higher, conclude that smoking does not increase the chance of college admission.

**Yes or No Answer**
No"
709,yes,"Step-by-Step Reasoning**:
- Calculate the overall probability of lung cancer for nonsmokers considering tar deposit probabilities.
- Calculate the overall probability of lung cancer for smokers considering tar deposit probabilities.
- Compare the two overall probabilities to determine if being a nonsmoker reduces the likelihood of lung cancer.

3. **Yes or No Answer**: Yes"
710,yes,"Step-by-Step Reasoning:
   - Identify the probabilities: 64% for nonsmokers and 80% for smokers.
   - Compare the probabilities: Smokers have a higher probability of lung cancer.
   - Interpret the question's intent: It seems to ask for a comparison rather than a hypothetical change in condition.

3. Yes or No Answer: No"
711,yes,"Step-by-step reasoning:**
1. Calculate the probability of being vaccinated and surviving smallpox.
2. Calculate the probability of being unvaccinated and surviving smallpox.
3. Add these probabilities to find the overall probability of smallpox survival.
4. Compare this overall probability to 50% to determine if survival is less likely than death.

**Yes or no answer:** No"
712,yes,"Step-by-Step Reasoning:**
1. Identify the probabilities of high exam scores based on encouragement and studying habits.
2. Compare the effect of studying habits on exam scores within each encouragement category.
3. Assess how encouragement influences studying habits.
4. Determine the indirect effect of encouragement on exam scores through studying habits.

**Yes or No Answer:** No"
713,yes,"Step-by-Step Reasoning:
- Identify the probability of college admission for nonsmokers: 53%.
- Identify the probability of college admission for smokers: 27%.
- Compare the probabilities to determine the relationship between smoking and college admission chances.
- Since 53% is greater than 27%, smoking is associated with a decrease in the chance of college admission.

3. Yes or no answer: Yes."
714,no,"Step-by-step reasoning:
   - Identify the probability of wet ground in the dry season: 41%.
   - Identify the probability of wet ground in the rainy season: 50%.
   - Understand the question is asking about the likelihood during the rainy season, considering a previous dry season.
   - Recognize that the previous season (dry or rainy) does not directly influence the probability of wet ground as given, since the probabilities are fixed for each season regardless of the previous season.

3. No."
715,yes,"Step-by-Step Reasoning:**
1. Calculate the probability of non-male gender: 100% - 2% = 98%.
2. Calculate the overall probability of high salary: P(HS) = P(M ∩ HS) + P(NM ∩ HS) = 0.01 + 0.58 = 0.59.
3. Calculate the probability of high salary given male gender: P(HS|M) = P(M ∩ HS) / P(M) = 0.01 / 0.02 = 0.5.
4. Compare P(HS|M) with P(HS) to determine if the chance of high salary is smaller for males.

**Yes or No Answer:** Yes"
716,yes,"Step-by-Step Reasoning:**
1. Examine the probabilities of a child being intelligent based on parental intelligence and social status.
2. Compare the impact of social status on child intelligence across different levels of parental intelligence.
3. Consider the role of the confounder in the relationship between parental intelligence, social status, and child intelligence.
4. Determine if the data supports a positive effect of parental intelligence on child intelligence through social status.

**Yes or No Answer:** No"
717,yes,"Step-by-Step Reasoning:
- Identify the probabilities of high infant mortality for smoking and nonsmoking mothers.
- Compare these probabilities for both low and normal infant birth weights.
- Consider the overall impact of maternal smoking on infant mortality without the mediation effect of birth weight.
- Note that the probabilities given for birth weight and health status do not directly influence the comparison of mortality rates between smoking and nonsmoking mothers.

3. Yes or No Answer: No"
718,yes,"Step-by-Step Reasoning**
1. Identify the given probabilities: 72% for nonsmokers and 93% for smokers.
2. Compare the probabilities to determine the relationship between smoking and lung cancer incidence.
3. Recognize tar deposit as a carcinogen associated with smoking.
4. Conclude that smoking, through tar deposit, increases the risk of lung cancer.

**Yes or No Answer**
Yes"
719,yes,"Step-by-step reasoning:
   - Identify the probabilities of penguin death for both options: stairs (57%) and elevator (59%).
   - Compare the probabilities to determine which option has a lower likelihood of penguin death.
   - Since 57% is less than 59%, conclude that taking the stairs has a lower probability of penguin death.

3. Yes"
720,yes,"Step-by-Step Reasoning:**
1. Calculate the probability of being unattractive: 100% - 94% = 6%.
2. Apply the law of total probability to find the overall probability of talent.
3. Compare the overall probability of talent to the probability of lack of talent.

**Yes or No Answer:** No"
721,yes,"Step-by-Step Reasoning:
- Step 1: Identify the goal - to understand how medication affects heart condition.
- Step 2: Compare Method 1 (general correlation) and Method 2 (case-by-case analysis based on blood pressure).
- Step 3: Recognize the importance of individual health factors like blood pressure in medication effects.
- Step 4: Determine that a more personalized approach (Method 2) is likely more accurate for understanding medication effects on heart condition.

3. Yes or no answer: No."
722,yes,"Step-by-Step Reasoning:
1. Identify the scenarios and their probabilities.
2. Understand the condition of ""husband positively affecting the alarm clock through the wife.""
3. Analyze the given probabilities to see if setting the alarm by the husband increases the wife's setting of the alarm or the overall success rate due to her action.
4. Consider the synergistic effect when both set the alarm but focus on the condition specified.

Given the specific phrasing of the question and the data provided, the direct influence of the husband on the wife setting the alarm (13% when he sets it vs 60% when he doesn't) suggests that the husband setting the alarm does not increase the probability of the wife setting the alarm; rather, it decreases it. However, the overall success rate (alarm ringing) is higher when the husband sets the alarm, regardless of the wife's action, indicating an overall positive effect on the alarm ringing but not necessarily ""through the wife"" as the question's phrasing might imply regarding increasing her likelihood of setting it.

Yes or No Answer: No"
723,yes,"step by step. We know that a smoking mother and good health together lead to a normal infant birth weight. Additionally, we are told that a smoking mother, or good health, or normal infant birth weight can cause high infant mortality. Given that the mother has good health, we can deduce that the factor influencing infant mortality in this context, aside from good health, would be the mother's smoking status. Since good health alone is associated with normal infant birth weight and indirectly with lower infant mortality, the critical factor to consider here is the impact of the mother being a nonsmoker. 

2. Concise Step-by-Step Reasoning:
- Good health contributes to normal infant birth weight.
- Smoking, despite good health, is associated with high infant mortality.
- The presence of good health is constant in this scenario.
- The variable is the mother's smoking status.
- Being a nonsmoker, in the context of good health, would logically reduce the risk factors associated with smoking.

3. Yes or No Answer: Yes"
724,yes,"step-by-step reasoning:
- Identify the probability of kindness and mean personalities: 94% kind, 6% mean.
- Note the probability of attractive appearance for both kinds of personalities: 97% for both.
- Calculate the overall probability of attractive appearance by combining the probabilities for kind and mean personalities.
- Determine if the calculated probability indicates attractive appearance is more likely than unattractive appearance.

3. Yes."
725,yes,"Step-by-Step Reasoning:**
1. Understand Method 1: General correlation without considering the wife's influence.
2. Understand Method 2: Case-by-case analysis considering the wife's influence.
3. Recognize the potential for the wife to moderate the relationship between the husband and the alarm clock.
4. Determine that a more nuanced, context-specific approach (Method 2) is likely more accurate for understanding specific dynamics.

**Yes or No Answer:** No"
726,yes,"Step-by-Step Reasoning:
1. Consider the context of the question, which is about understanding the relationship between appearance and talent.
2. Evaluate Method 1, which involves analyzing the correlation on a case-by-case basis, potentially influenced by biases.
3. Evaluate Method 2, which involves looking at the general correlation, providing a broader insight but possibly overlooking specific instances.
4. Determine that Method 2 is more likely to give a general, unbiased view of how appearance correlates with talent, even if it lacks the specificity of Method 1.

Yes or No Answer: No"
727,yes,"Step-by-step reasoning:
   - Identify the probability of death when a prisoner is released: 28%.
   - Identify the probability of death when a prisoner is executed: 62%.
   - Compare the two probabilities to determine if executing increases the chance of death.

3. Yes."
728,yes,"Step-by-step reasoning:
   - Identify the probability of high infant mortality for infants with nonsmoking mothers: 59%.
   - Identify the probability of high infant mortality for infants with smoking mothers: 26%.
   - Compare the two probabilities to determine if smoking mothers decrease the chance of high infant mortality.

3. Yes."
729,yes,"Step-by-Step Reasoning**:
    - Calculate the probability of not being encouraged: 100% - 57% = 43%.
    - Calculate the overall probability of a high exam score by considering both groups (encouraged and not encouraged).
    - For not encouraged: 43% * 18% = 7.74%.
    - For encouraged: 57% * 66% = 37.62%.
    - Add these probabilities: 7.74% + 37.62% = 45.36%.
    - Compare the overall probability of a high exam score (45.36%) to 50% to determine if it's less likely than a low exam score.

3. **Yes or No Answer**: Yes"
730,yes,"Step-by-step reasoning:
1. Identify the relevant probabilities: 18% for non-talented and accepted, 14% for talented and accepted.
2. Compare these probabilities to determine the relationship between talent and the chance of being hard-working.
3. Conclude based on the comparison that the chance of being hard-working decreases with talent among students accepted to elite institutions.

Yes or no answer: No."
731,yes,"Full Response:
When analyzing the impact of gender on salary, it's essential to consider the nuances of different occupations and how they might influence the correlation between gender and salary. Method 1 involves examining the relationship between gender and salary on a case-by-case basis according to occupation. This approach allows for a more detailed understanding of how gender affects salary within specific job categories, taking into account factors like job requirements, industry standards, and potential biases that may vary significantly across different occupations. On the other hand, Method 2 involves looking directly at the correlation between gender and salary in general, without considering the specific context of occupations. This method might oversimplify the complex interactions between gender, occupation, and salary, potentially masking important differences in how gender affects salary in different job sectors.

Summary of Full Response:
1. Method 1 analyzes gender and salary correlation case by case according to occupation.
2. This approach considers the nuances of different occupations and their impact on the gender-salary correlation.
3. Method 2 looks at the general correlation between gender and salary without occupational context.
4. Method 1 provides a more detailed and nuanced understanding of the gender-salary relationship.

Yes or No Answer: Yes"
732,no,"Step-by-Step Reasoning**:
   - Calculate the probability of an intelligent child given intelligent parents.
   - Compare this conditional probability with the overall probability of an intelligent child.
   - Determine if the chance of an intelligent child is smaller when observing intelligent parents based on the comparison.

3. **Yes or No Answer**: No. 

Explanation for the answer: The calculation of P(Intelligent Child | Intelligent Parents) = 22% / 41% gives approximately 53.66%, which is larger than the overall probability of an intelligent child (37%). This means the chance of an intelligent child is actually larger when observing intelligent parents, not smaller."
733,yes,"Step-by-Step Reasoning**
1. Identify the goal: Understanding how hospital costs affect recovery.
2. Consider the importance of age as a variable in both hospital costs and recovery rates.
3. Evaluate Method 1: It analyzes the correlation between hospital costs and recovery case by case, considering age.
4. Evaluate Method 2: It looks at the general correlation without considering specific factors like age.
5. Determine which method provides a more nuanced and accurate understanding of the relationship between hospital costs and recovery.

**Yes or No Answer**
Yes"
734,yes,"Step-by-Step Reasoning:**
1. Identify the given probabilities and their conditions.
2. Recognize that since every camper lights a match, only the probability related to lighting a match applies.
3. Calculate the probability of the forest not being on fire when a match is lit.
4. Compare the probabilities of the forest being on fire and not being on fire.

**Yes or No Answer:** No"
735,yes,"step-by-step reasoning can be broken down as follows:
   - Identify the probabilities: Normal weight individuals have an 81% chance of long lifespan, and obese individuals have a 49% chance.
   - Compare the probabilities: 81% is greater than 49%, indicating a higher likelihood of long lifespan for normal weight individuals.
   - Interpret the comparison in the context of the question: The question asks if it would be less likely to see a long lifespan in obese people compared to if they had been of normal weight. Given the probabilities, being of normal weight is associated with a higher likelihood of long lifespan.

3. Yes"
736,yes,"Step-by-Step Reasoning:**
1. Calculate the probability of scurvy among citrus consumers: 0.03 * 0.74.
2. Calculate the probability of scurvy among non-citrus consumers: 0.97 * 0.60.
3. Add the probabilities from steps 1 and 2 to get the overall probability of scurvy.
4. Compare the overall probability of scurvy to 50% to determine if scurvy is more likely than no scurvy.

**Yes or No Answer:** Yes"
737,yes,"Step-by-step reasoning:
1. Calculate the probability of recovery for patients receiving treatment: 0.65 * 0.63.
2. Calculate the probability of recovery for patients not receiving treatment: 0.35 * 0.37.
3. Sum these probabilities to find the overall probability of recovery: 0.4095 + 0.1295 = 0.539.
4. Compare the overall probability of recovery (53.9%) to the probability of non-recovery (100% - 53.9% = 46.1%) to determine if recovery is less likely.

Yes or no answer: Yes."
738,yes,"Step-by-Step Reasoning:**
1. Identify the probabilities of a mother being a smoker and a nonsmoker.
2. Identify the conditional probabilities of high infant mortality given the mother's smoking status.
3. Calculate the overall probability of high infant mortality using the weighted sum of the conditional probabilities.
4. Compare the calculated probability to 50% to determine if high infant mortality is less likely than low infant mortality.

**Yes or No Answer:** No"
739,yes,"Step-by-Step Reasoning**:
- Calculate the probability of smallpox survival among vaccinated individuals: 35% / 71%.
- Calculate the probability of smallpox survival among non-vaccinated individuals: 16% / 29%.
- Compare these two probabilities to determine if the chance of smallpox survival is smaller when observing vaccination.

3. **Yes or No Answer**: Yes."
740,yes,"Step-by-Step Reasoning:
1. Identify the probability of admission acceptance for non-males: 54%.
2. Identify the probability of admission acceptance for males: 55%.
3. Compare the two probabilities to determine the effect of male gender on admission acceptance.
4. Since 55% (male) is greater than 54% (non-male), male gender does not decrease the chance of admission acceptance.

Yes or No Answer: No"
741,yes,"step-by-step reasoning:
- Identify admission probabilities for each gender and department type.
- Compare the probabilities of admission for non-male vs. male applicants within each department type.
- Consider how department competitiveness affects these probabilities for each gender.
- Assess if the difference in probabilities suggests a negative effect of gender on admission status through department competitiveness.

3. Yes or no answer: Yes"
742,yes,"Step-by-Step Reasoning:
1. Identify the probabilities of scurvy for both groups: 58% for non-citrus consumers and 40% for citrus consumers.
2. Compare the probabilities to determine the effect of citrus intake on scurvy.
3. Recognize that a lower probability (40%) indicates a decreased chance of scurvy when consuming citrus.

Yes or No Answer: No"
743,yes,"Step-by-Step Reasoning**
1. Understand the meaning of the correlation coefficient (-0.05) as indicating a very weak negative relationship.
2. Recognize that correlation does not imply causation.
3. Consider that the relationship between talent and being hard-working could be influenced by other factors.
4. Determine that the correlation coefficient alone does not provide enough information to conclude that talent affects being hard-working in a causal manner.

**Yes or No Answer**
No"
744,yes,"Step-by-Step Reasoning:**
1. Calculate the probability of being a nonsmoker.
2. Identify the probabilities of lung cancer for both smokers and nonsmokers.
3. Calculate the overall probability of lung cancer using the weighted sum of the probabilities for smokers and nonsmokers.
4. Compare the overall probability of lung cancer to the probability of not having lung cancer.

**Yes or No Answer:** Yes"
745,yes,"Step-by-Step Reasoning**
1. Compare the probability of penguin death for those taking the stairs (45%) with the probability for those taking the elevator (34%).
2. Determine if the probability of penguin death is higher when taking the elevator compared to taking the stairs.
3. Conclude based on the comparison whether taking the elevator increases the chance of penguin death.

**Yes or No Answer**
No"
746,no,"step-by-step reasoning for the response:
1. Calculate the probability of taking the stairs: 100% - 10% = 90%.
2. Calculate the weighted probability of penguin death when taking the stairs: 0.73 * 0.90 = 0.657.
3. Calculate the weighted probability of penguin death when taking the elevator: 0.23 * 0.10 = 0.023.
4. Calculate the overall probability of penguin death: 0.657 + 0.023 = 0.680, or 68%.
5. Compare the probability of penguin death to the probability of penguin lives.

The answer is: No."
747,yes,"Step-by-Step Reasoning**
1. Identify the probabilities given for each scenario: 79% chance of the forest on fire when no match is lit and 44% when a match is lit.
2. Compare these probabilities to determine the relationship between lighting a match and the chance of the forest on fire.
3. Recognize that a lower percentage indicates a decreased likelihood of an event occurring.
4. Conclude based on the comparison that lighting a match, according to the provided probabilities, does not increase the chance of the forest on fire but rather decreases it.

**Yes or No Answer**
No"
748,yes,"Full Response:
To determine the most accurate method for understanding how the captain affects the prisoner, we need to consider the nature of the relationship between the captain and the prisoner. Method 1 involves analyzing the correlation between the captain and the prisoner on a case-by-case basis, as reported by the private. This approach allows for a detailed examination of specific instances and how the captain's actions or decisions directly impact individual prisoners. On the other hand, Method 2 involves looking at the general correlation between the captain and the prisoner, which might provide a broader, more overarching view of their relationship but lacks the specificity of individual cases.

Summary of Full Response:
1. Method 1 analyzes the captain-prisoner correlation case by case.
2. Method 2 looks at the general correlation between the captain and the prisoner.
3. Method 1 provides detailed, specific insights into the captain's impact, while Method 2 offers a broader view.

Yes or No Answer: Yes"
749,yes,"Step-by-step reasoning:
1. Identify given probabilities: P(Clean) = 81%, P(Polluted and Cholera) = 13%, P(Clean and Cholera) = 17%.
2. Calculate P(Polluted) as 100% - P(Clean) = 19%.
3. Calculate the probability of cholera given clean water: P(Cholera|Clean) = P(Clean and Cholera) / P(Clean).
4. Calculate the probability of cholera given polluted water: P(Cholera|Polluted) = P(Polluted and Cholera) / P(Polluted).
5. Compare P(Cholera|Clean) and P(Cholera|Polluted) to determine if cholera contraction is more likely with clean water.

Given the calculations: P(Cholera|Clean) = 17% / 81% ≈ 0.21 (or 21%) and P(Cholera|Polluted) = 13% / 19% ≈ 0.684 (or 68.4%), it's clear that the chance of cholera contraction is significantly larger when the water is polluted than when it is clean.

Yes or no answer: No."
750,yes,"Step-by-Step Reasoning**:
   - Identify the goal: Understand how smoking affects lung cancer.
   - Consider Method 1: Analyzes the correlation case by case, including gender.
   - Consider Method 2: Looks at the general correlation without considering gender.
   - Evaluate the importance of gender in medical research.
   - Choose the method that provides the most comprehensive and nuanced understanding.

3. **Yes or No Answer**: Yes."
751,no,"## Step 1: Calculate the probability of being female
To determine if admission acceptance is more likely than rejection overall, we first need to calculate the probability of being female, since we know the probability of being male is 60%. The probability of being female is 100% - 60% = 40%.

## Step 2: Calculate the probability of admission acceptance for females
Given that the probability of admission acceptance for individuals who are not male (females) is 24%, we can directly use this percentage as the probability of acceptance for females.

## Step 3: Calculate the probability of admission acceptance for males
The probability of admission acceptance for males is given as 44%.

## Step 4: Calculate the overall probability of admission acceptance
To find the overall probability of admission acceptance, we need to consider both males and females. This is done by adding the product of the probability of being male and the probability of acceptance if male to the product of the probability of being female and the probability of acceptance if female.
- Probability of being male and accepted: 60% * 44% = 0.6 * 0.44 = 0.264
- Probability of being female and accepted: 40% * 24% = 0.4 * 0.24 = 0.096
- Overall probability of admission acceptance = 0.264 + 0.096 = 0.36 or 36%

## Step 5: Determine if admission acceptance is more likely than rejection
Since the overall probability of admission acceptance is 36%, and the probability of rejection is 100% - 36% = 64%, admission acceptance is less likely than admission rejection overall.

## Step 6: Conclusion
Based on the calculations, admission acceptance is not more likely than admission rejection overall because the probability of acceptance (36%) is less than the probability of rejection (64%).

The final answer is: $\boxed{No}$"
752,yes,"Step-by-step reasoning:
1. Calculate the probability of being female (not male) as 100% - probability of being male.
2. Calculate the overall probability of admission acceptance by weighting the acceptance rates by gender.
3. Compare the calculated probability of admission acceptance to 50% to determine if acceptance is more likely than rejection.

Yes or no answer: Yes."
753,yes,"Step-by-Step Reasoning**:
- Calculate P(A|M) using P(M and A) / P(M).
- Calculate P(A|Not M) using P(Not M and A) / P(Not M).
- Compare P(A|M) with P(A|Not M) to determine if admission acceptance chance is smaller for males.

3. **Yes or No Answer**: Yes."
754,yes,"Step-by-Step Reasoning**:
- Calculate the probability of having a high school degree or lower: 100% - 57% = 43%.
- Calculate the conditional probability of a high salary given a college degree or higher: 43% / 57%.
- Calculate the conditional probability of a high salary given a high school degree or lower: 19% / 43%.
- Compare the two conditional probabilities to determine if having a college degree or higher increases the chance of a high salary.

3. **Yes or No Answer**: Yes"
755,yes,"Step-by-Step Reasoning:
- Identify the given conditions: Male gender leads to a non-competitive department, and male gender with a competitive department leads to admission acceptance.
- Determine the impact of changing the gender to non-male on the department type and admission outcome.
- Recognize the lack of direct information linking non-male gender to admission acceptance or department type.

3. Yes or No Answer: No"
756,yes,"Step-by-Step Reasoning:**
1. Calculate the probability of low cholesterol given that all assigned drugs are taken, P(L|T), using the formula P(L|T) = P(T and L) / P(T).
2. Compare P(L|T) to the overall probability of low cholesterol, P(L), which is the sum of the probabilities of low cholesterol with and without taking the drugs.
3. Determine if P(L|T) is smaller than P(L) to answer the question.

**Yes or No Answer:** Yes"
757,yes,"Step-by-Step Reasoning**
1. Understand the goal: Determine the most accurate method to analyze the effect of education on salary.
2. Evaluate Method 1: It analyzes the education-salary correlation case by case, considering specific skills and professions.
3. Evaluate Method 2: It examines the general correlation between education and salary without considering specific skills or professions.
4. Compare the methods: Method 1 provides a detailed, nuanced view, while Method 2 offers a broad, potentially less accurate overview.
5. Conclusion: Method 1 is more correct for understanding the impact of education on salary because it accounts for variations across different skills and professions.

**Yes or No Answer**
Yes"
758,yes,"Step-by-Step Reasoning:
- The patient is not assigned drug treatment.
- The patient is confounder inactive.
- The causal chain for low cholesterol involves being confounder active and taking all assigned drugs.
- The question posits a hypothetical scenario that doesn't align with the patient's current status or the given causal relationships.

3. Yes or No Answer: No"
759,yes,"Step-by-Step Reasoning:**
1. Understand the goal: Determine the more appropriate method for understanding the effect of smoking on lung cancer.
2. Analyze Method 1: It provides a general overview of the smoking-lung cancer correlation without considering subgroups.
3. Analyze Method 2: It examines the correlation separately by gender, allowing for the detection of gender-specific differences in risk.
4. Compare the methods: Method 2 offers a more nuanced understanding by considering potential gender differences in the smoking-lung cancer relationship.
5. Conclusion: Method 2 is more correct for understanding how smoking affects lung cancer because it considers subgroup variations.

**Yes or No Answer:** No"
760,yes,"Step-by-Step Reasoning:**
1. Identify the cause of scurvy: Vitamin C deficiency.
2. Recognize the content of citrus fruits: Rich in vitamin C.
3. Analyze Method 1: Case-by-case analysis focusing on vitamin C's role.
4. Analyze Method 2: General correlation without focusing on vitamin C.
5. Determine that Method 1 provides a more direct and scientifically supported approach because it focuses on the known cause of scurvy (vitamin C deficiency) and the known content of citrus (rich in vitamin C).

**Yes or No Answer:** Yes."
761,yes,"Step-by-step reasoning:**
1. Calculate the probability of the captain releasing the prisoner: 100% - 44% = 56%.
2. Calculate the weighted probability of death for each outcome (release and execution).
3. Sum these weighted probabilities to find the overall probability of death.
4. Compare the overall probability of death to the probability of being alive to determine which is more likely.

**Yes or no answer:** No"
762,no,"Step-by-step reasoning:
   - Identify the given probabilities: 43% for the dry season and 54% for the rainy season.
   - Understand the question is asking about the likelihood of wet ground in a specific condition (rainy season after a dry season).
   - Since the condition (dry season) does not directly influence the probability given for the rainy season (54%), we must consider if the premise of the question implies a change in conditions or if it's asking for a comparison based on the given probabilities.

3. No."
763,no,"Step-by-step reasoning:
   - The correlation coefficient is -0.27, indicating a weak negative relationship.
   - Correlation does not imply causation, so we cannot conclude attractive appearance directly affects talent.
   - The context of ""famous people"" may introduce biases that influence the observed correlation.
   - The presence of a correlation, even if weak, suggests some relationship but does not necessarily imply causation or the absence of an effect.

3. No."
764,yes,"Step-by-Step Reasoning:**
1. **Broad Applicability**: Method 1 offers a broader analysis of tanning salon treatment effects on skin.
2. **Comprehensive Data**: It can capture a wide range of skin types and reactions.
3. **Contextual Limitation of Method 2**: Method 2 is limited by its focus on beach visits, potentially overlooking other scenarios.

**Yes or No Answer:** Yes"
765,yes,"Step-by-Step Reasoning:**
1. Identify given probabilities: P(C) = 0.11, P(not C and not S) = 0.67, P(C and S) = 0.05.
2. Calculate P(S|C) using the formula P(S|C) = P(C and S) / P(C).
3. Consider the implications of P(S|C) in relation to the overall probability of scurvy, P(S), without direct calculation due to missing data.

**Yes or No Answer:** Yes"
766,yes,"Step-by-Step Reasoning**:
   - Identify given probabilities: P(Vaccine) = 59%, P(No Vaccine and Recover) = 24%, P(Vaccine and Recover) = 20%.
   - Understand that to compare recovery rates, we need conditional probabilities, specifically P(Recover|Vaccine) and P(Recover|No Vaccine).
   - Recognize that without explicit probabilities for P(No Vaccine) and P(Recover) alone, direct calculation of these conditional probabilities requires assumptions or additional information.
   - Consider that if P(Vaccine and Recover) is less than P(No Vaccine and Recover), it might suggest recovery is less likely with vaccination, but this does not account for the overall probability of vaccination and its impact on the population.

3. **Yes or No Answer**: No"
767,yes,"step-by-step reasoning:
    - The correlation between kindness and attractive appearance is -0.11, indicating a weak negative relationship.
    - The presence of any correlation (other than zero) suggests some level of relationship between variables.
    - Correlation does not imply causation, but it does indicate that kindness has some effect on attractive appearance.

3. Yes or no answer: No"
768,yes,"To address the question of whether it's more correct to use Method 1 than Method 2 to understand how smoking affects lung cancer, let's consider the nature of both methods.

Method 1 involves looking directly at how smoking correlates with lung cancer in general. This approach provides a broad overview of the relationship between smoking and lung cancer incidence. It can be useful for identifying overall trends and patterns, such as the increased risk of lung cancer among smokers compared to non-smokers. However, this method may not account for individual variability or specific factors that could influence the relationship between smoking and lung cancer, such as the amount of tar deposited in the lungs.

Method 2, on the other hand, involves examining the correlation between smoking and lung cancer on a case-by-case basis, specifically looking at the tar deposit. This approach allows for a more detailed analysis, taking into account the potential impact of tar deposits on lung cancer development. It can provide insights into how different levels of tar exposure might affect lung cancer risk, offering a more nuanced understanding of the relationship between smoking and lung cancer.

Considering these aspects, Method 2 offers a more detailed and potentially more accurate understanding of how smoking affects lung cancer because it accounts for a specific factor (tar deposit) that could significantly influence the development of lung cancer. Therefore, when aiming to understand the impact of smoking on lung cancer in a detailed and nuanced manner, Method 2 is more appropriate.

Summary:
1. Method 1 looks at the general correlation between smoking and lung cancer.
2. Method 2 examines this correlation on a case-by-case basis, focusing on tar deposit.
3. Method 2 provides a more detailed analysis by considering the impact of tar deposits.

Yes or No answer: No."
769,yes,"**Full Response**
When analyzing the impact of gender on admission status, it's essential to consider the nuances of how different departments may have varying levels of competitiveness. Method 1 takes into account the departmental competitiveness, allowing for a more detailed and nuanced understanding of how gender might influence admission decisions within specific contexts. This approach can help identify whether there are particular departments where gender seems to have a more significant impact on admissions. On the other hand, Method 2 provides a broad, overall view of the correlation between gender and admission status without considering the potential variations across different departments. This method might overlook significant department-specific trends or biases. Given the complexity of factors influencing admission decisions, including departmental competitiveness, Method 1 offers a more comprehensive analysis by controlling for this variable.

**Summary of Reasoning**
1. Method 1 analyzes gender correlation with admission status by department, accounting for departmental competitiveness.
2. Method 2 looks at the general correlation between gender and admission status without considering departmental differences.
3. Method 1 provides a more nuanced understanding by controlling for departmental competitiveness, potentially revealing specific areas where gender has a significant impact.

**Yes or No Answer**
Yes"
770,yes,"Step-by-Step Reasoning:
- Identify the admission probabilities for each gender and department type.
- Compare admission probabilities within each department type by gender.
- Consider the distribution of applications by gender across department types.
- Analyze if being male is associated with lower admission probabilities across department types.

3. Yes or No Answer: Yes"
771,no,"Step-by-step reasoning:
   - Identify the probability of respiratory issues: 59%.
   - Identify the probability of broken bones for people with and without respiratory issues: 5% for both.
   - Since the probability of broken bones is the same for both conditions, the overall probability of broken bones in the population is also 5%.
   - Compare this to the probability of no broken bones, which would be 100% - 5% = 95%.

3. No."
772,yes,"Step-by-step reasoning:
1. Calculate the probability of normal infant birth weight for nonsmoking mothers: 0.52 * 0.83 = 0.4316.
2. Calculate the probability of normal infant birth weight for smoking mothers: 0.48 * 0.47 = 0.2256.
3. Calculate the overall probability of normal infant birth weight: 0.4316 + 0.2256 = 0.6572.
4. Compare the overall probability of normal infant birth weight (65.72%) to 50% to determine if it is more or less likely than low infant birth weight.

Yes or no answer: No."
773,yes,"Step-by-step reasoning:
1. Calculate the probability of not having pre-conditions: 100% - 41% = 59%.
2. Calculate the weighted average recovery rate without the vaccine using the probabilities of having and not having pre-conditions.
3. Calculate the weighted average recovery rate with the vaccine using the same method.
4. Compare the overall recovery rates with and without the vaccine to determine if getting the vaccine decreases the chance of recovering.

Yes or no answer: No."
774,yes,"Step-by-Step Reasoning**
1. Consider the complexity of factors influencing child intelligence, including socio-economic status.
2. Evaluate Method 1, which analyzes the correlation on a case-by-case basis considering parents' social status.
3. Evaluate Method 2, which looks at the general correlation without considering socio-economic factors.
4. Determine if accounting for socio-economic status (Method 1) provides a more accurate understanding of the relationship than a general approach (Method 2).

**Yes or No Answer**
Yes."
775,yes,"Step-by-Step Reasoning:
- Encouragement leads to lack of studying.
- Encouragement + studying hard = high exam score.
- Discouragement might lead to studying hard (opposite effect of encouragement).
- If discouragement leads to studying hard, it could result in a high exam score, not necessarily a low one.

3. Yes or No Answer: No"
776,yes,"Step-by-Step Reasoning**:
   - Identify the probabilities of cholera contraction and clean water for each water company.
   - Recognize that clean water should theoretically reduce the risk of cholera contraction.
   - Observe that the question implies a comparison but does not provide direct data on how clean water affects cholera contraction risk within each group.
   - Consider the general principle that clean water reduces the risk of waterborne diseases like cholera.

3. **Yes or No Answer**: No"
777,yes,"Step-by-step reasoning:
   - Identify the probability of high infant mortality for infants with nonsmoking mothers: 46%.
   - Identify the probability of high infant mortality for infants with smoking mothers: 61%.
   - Compare the probabilities to determine if having a nonsmoking mother would reduce the likelihood of high infant mortality for infants who would otherwise have smoking mothers.
   - Since 46% (nonsmoking mothers) is less than 61% (smoking mothers), it indicates a lower probability of high infant mortality when the mother does not smoke.

3. Yes"
778,yes,"Step-by-Step Reasoning:**
1. Calculate the overall probability of college admission for nonsmokers by considering their work ethic.
2. Calculate the overall probability of college admission for smokers by considering their work ethic.
3. Compare the overall probabilities to determine the effect of smoking on college admission.

**Yes or No Answer:** Yes"
779,yes,"Step-by-Step Reasoning:**
1. Consider the scope of each method: Method 1 looks at the general correlation, while Method 2 focuses on a specific context.
2. Evaluate the goal: The aim is to understand how talent affects effort broadly.
3. Determine which method better achieves this goal: Method 1 provides a broader perspective, applicable to a wider range of situations.

**Yes or No Answer:** Yes"
780,yes,"Step-by-Step Reasoning:
- The candle being out of wax means it cannot burn.
- The burning of the candle (with wax) is what produces light.
- Without wax, the candle cannot produce light, regardless of whether it's blown out or not.
- The primary factor for the room being dark is the absence of a light source, in this case, the candle's inability to burn due to lack of wax.

3. Yes or no answer: Yes"
781,yes,"Step-by-Step Reasoning:**
1. Identify admission rates by gender and department type.
2. Compare male and non-male admission rates across department types.
3. Note the overall trend that males have higher admission rates in both types of departments.

**Yes or No Answer:** Yes"
782,yes,"Step-by-Step Reasoning**
1. Identify the probability of high salary for non-males: 60%.
2. Identify the probability of high salary for males: 39%.
3. Compare the probabilities to determine if there's a difference in the chance of high salary between males and non-males.
4. Since 39% (males) is less than 60% (non-males), conclude that male gender is associated with a decreased chance of high salary.

**Yes or No Answer**
Yes"
783,yes,"Step-by-Step Reasoning**:
- Identify the overall probability of attractiveness: 86%.
- Note the probability of talent among attractive and unattractive individuals: 86% for both.
- Recognize that the probability of talent applies universally, regardless of attractiveness.
- Calculate the probability of lack of talent: 100% - 86% = 14%.
- Compare the probabilities: Talent (86%) vs. Lack of Talent (14%).

3. **Yes or No Answer**: No"
784,yes,"Step-by-Step Reasoning**:
   - Identify the probability of having a college degree or higher and a high salary (5%).
   - Recognize that the probability of high school degree or lower and high salary (50%) does not directly inform us about the comparative likelihood of high salary when considering only college degree or higher.
   - Understand that to compare, we need the overall probability of high salary, which isn’t directly given but can be inferred as the sum of the probabilities of high salary in both educational categories.
   - Since the probability of college degree or higher is 7% and the probability of both college degree or higher and high salary is 5%, it suggests a high correlation between college degree or higher and high salary within this specific demographic.

3. **Yes or No Answer**: Yes."
785,yes,"Step-by-Step Reasoning:**
1. Identify the relationships: High cigarette tax or confounder leads to smoking mother, and confounder active or smoking mother leads to normal infant birth weight.
2. Consider the given scenario: Low cigarette tax and confounder active.
3. Analyze the impact of the confounder: The confounder can lead to both smoking and normal infant birth weight.
4. Determine the effect of a nonsmoking mother: Given the confounder's influence on normal infant birth weight, a nonsmoking mother with an active confounder could still have a normal birth weight infant.

**Yes or No Answer:** Yes"
786,yes,"Step-by-step reasoning:
   - Identify the probability of the forest on fire without a match: 47%.
   - Identify the probability of the forest on fire with a match: 75%.
   - Compare the two probabilities to determine the effect of lighting a match.
   - Conclusion: If the probability with a match is higher, then lighting a match increases the chance of the forest on fire.

3. Yes."
787,yes,"Step-by-Step Reasoning:**
1. Identify the main goal: Understand how a gene affects lung cancer.
2. Recognize the confounding variable: Smoking is a significant risk factor for lung cancer.
3. Evaluate Method 1: It does not account for smoking, potentially leading to biased results.
4. Evaluate Method 2: It controls for smoking, offering a more nuanced view of the gene's effect.
5. Conclusion: Method 2 is more likely to provide an accurate understanding of the gene's impact on lung cancer.

**Yes or No Answer:** No"
788,yes,"Step-by-Step Reasoning**
1. Method 1 analyzes the correlation between smoking and lung cancer based on tar deposit.
2. This approach provides detailed insights into how smoking affects lung cancer.
3. Understanding specific mechanisms (like tar deposit) can lead to more targeted interventions.
4. Method 2 offers a general view without considering specific factors like tar deposit.
5. For a deeper understanding of how smoking affects lung cancer, considering specific factors is beneficial.

**Yes or No Answer**
Yes"
789,yes,"Step-by-step reasoning:
1. Determine the probability of a low hospital bill: 100% - 40% = 60%.
2. Calculate the weighted probability of recovery for low bills: 0.33 * 0.60.
3. Calculate the weighted probability of recovery for high bills: 0.69 * 0.40.
4. Add the weighted probabilities to find the overall probability of recovery: 0.198 + 0.276 = 0.474 or 47.4%.
5. Compare the overall probability of recovery (47.4%) to 50% to determine if recovery is more likely than non-recovery.

Yes or no answer: No."
790,yes,"step by step.

1. **Full Response**: 
The probability of intelligent parents is 51%, and the probability of both intelligent parents and an intelligent child is 34%. This means that out of all the cases where there are intelligent parents, 34% of the time, the child will also be intelligent. However, to determine if the chance of an intelligent child is smaller when observing intelligent parents, we need to compare this with the overall probability of having an intelligent child regardless of the parents' intelligence.

Given that the probability of unintelligent parents and an intelligent child is 18%, and assuming that the remaining percentage (100% - 51% = 49%) represents the cases of unintelligent parents, we can infer the probability of an intelligent child from unintelligent parents. However, the direct comparison we need is between the likelihood of an intelligent child given intelligent parents versus the overall likelihood of an intelligent child.

The probability of an intelligent child given intelligent parents can be directly calculated from the given data as the probability of intelligent parents and an intelligent child divided by the probability of intelligent parents, which is 34% / 51%. 

To assess if the chance of an intelligent child is smaller when observing intelligent parents, we compare this conditional probability with the overall probability of an intelligent child. The overall probability of an intelligent child can be found by adding the probability of intelligent parents and an intelligent child to the probability of unintelligent parents and an intelligent child, which gives 34% + 18% = 52%.

2. **Step-by-Step Reasoning**:
- Identify given probabilities: 51% for intelligent parents, 18% for unintelligent parents and intelligent child, 34% for intelligent parents and intelligent child.
- Calculate the probability of an intelligent child given intelligent parents: 34% / 51%.
- Calculate the overall probability of an intelligent child: 34% + 18% = 52%.
- Compare the conditional probability with the overall probability to determine if the chance of an intelligent child is smaller with intelligent parents.

3. **Yes or No Answer**: No."
791,yes,"Step-by-step reasoning:
1. Identify the probabilities of having a college degree or higher and not having one.
2. Calculate the probability of high salary for each group.
3. Combine these probabilities to find the overall probability of having a high salary.
4. Compare this probability to the probability of not having a high salary to determine if high salary is less likely.

Yes or no answer: Yes."
792,yes,"Step-by-Step Reasoning**
1. Identify the probability of college admission for nonsmokers: 60%.
2. Identify the probability of college admission for smokers: 51%.
3. Compare the two probabilities to determine the relationship between smoking and the chance of college admission.
4. Since 51% (smokers) is less than 60% (nonsmokers), conclude that smoking is associated with a decreased chance of college admission.

**Yes or No Answer**
Yes"
793,yes,"Step-by-Step Reasoning**
1. Understand the correlation coefficient value (-0.04) and its implications.
2. Recognize that a correlation close to zero indicates a weak linear relationship.
3. Consider that a weak correlation does not necessarily mean no effect, but rather a minimal or overshadowed effect.
4. Acknowledge the possibility of other influencing factors on attractive appearance.

**Yes or No Answer**
No"
794,yes,"Step-by-step reasoning:
1. Calculate the probability of being normal weight: 100% - 8% = 92%.
2. Calculate the probability of long lifespan for normal weight individuals: 92% * 68%.
3. Calculate the probability of long lifespan for obese individuals: 8% * 37%.
4. Combine these probabilities to find the overall probability of long lifespan.
5. Determine if the overall probability of long lifespan is greater than 50%.

Yes."
795,yes,"Step-by-step reasoning:
   - Identify the probability of survival for unvaccinated individuals: 31%.
   - Identify the probability of survival for vaccinated individuals: 41%.
   - Compare the two probabilities to determine if vaccination increases the chance of survival.
   - Since 41% is greater than 31%, vaccination does increase the chance of smallpox survival.

3. Yes."
796,yes,"Step-by-Step Reasoning:
- The candle being out of wax means it cannot produce light.
- Blowing out the candle when it's already out of wax does not change its ability to produce light (which is none).
- The room's brightness is dependent on the presence of a light source; without wax, the candle cannot serve as a light source.

3. Yes or No Answer: No"
797,yes,"Step-by-Step Reasoning**:
- Compare probabilities of healthy heart for low and high blood pressure with and without medication.
- Note the increase in probability of a healthy heart when taking medication for both blood pressure groups.
- Recognize that medication is more commonly taken by those with high blood pressure, but it still improves heart health chances.
- Conclude that medication has a positive effect on heart condition, considering its benefits across different blood pressure statuses.

3. **Yes or No Answer**: Yes"
798,yes,"Step-by-Step Reasoning:
- Reduced yield per acre typically leads to reduced supply.
- Low demand can lead to lower prices.
- Introduction of increased supply, despite reduced yield and low demand, implies an external factor.
- Increased supply, in the face of low demand, generally leads to a surplus and lower prices.

3. Yes or no answer: Yes"
799,yes,"Step-by-Step Reasoning:
- Method 1 provides a general overview of the correlation between respiratory issues and broken bones.
- Method 2 offers a detailed, case-by-case analysis considering hospitalization status.
- Method 1 may overlook specific variables and contexts that Method 2 can account for.
- The question is about understanding the effect of respiratory issues on broken bones, which requires considering individual health contexts and variables.

3. Yes or no answer: No"
800,yes,"Step-by-step reasoning:
1. Calculate the probability of normal birth weight for nonsmoking mothers.
2. Calculate the probability of normal birth weight for smoking mothers.
3. Add the probabilities from steps 1 and 2 to find the overall probability of normal birth weight.
4. Compare the overall probability of normal birth weight to 50% to determine if it's more or less likely than low infant birth weight.

Yes or no answer: No."
801,yes,"Step-by-Step Reasoning:
- Identify admission rates for each gender in competitive and non-competitive departments.
- Compare the decrease in admission rates from non-competitive to competitive departments for both genders.
- Consider how gender affects the likelihood of applying to a competitive department.
- Assess if these factors collectively indicate a negative effect of gender on admission status through department competitiveness.

3. Yes or No Answer: Yes"
802,no,"Step-by-Step Reasoning**:
- Identify given probabilities.
- Calculate or infer necessary probabilities for comparison.
- Compare conditional probabilities of college admission among smokers and the general population or nonsmokers.
- Determine if smoking increases the chance of college admission based on these comparisons.

3. **Yes or No Answer**: No. 

The reasoning provided in the full response and the step-by-step breakdown leads to the conclusion that smoking does not increase the chance of college admission. In fact, the data suggests the opposite: the probability of college admission is significantly higher among nonsmokers (as indicated by the 48% probability of nonsmoking and college admission) compared to the 3% probability among smokers. This indicates that, based on the given probabilities, smoking is associated with a lower chance of college admission."
803,yes,"To determine whether Method 1 is more correct than Method 2 for understanding how tanning salon treatment affects skin, we need to consider the nature of each approach. Method 1 involves looking directly at the correlation between tanning salon treatment and its effects on skin in general. This approach allows for a broad understanding of the relationship, potentially encompassing a wide range of skin types and conditions. It can provide a general insight into how tanning salon treatments, on average, affect skin health and appearance.

Method 2, on the other hand, suggests examining the correlation on a case-by-case basis, specifically in the context of going to the beach. This method focuses on individual experiences or specific scenarios, which can offer detailed insights into how different factors (such as skin type, amount of sun exposure, use of protective measures, etc.) influence the effects of tanning salon treatments. However, it might not provide as broad a perspective as Method 1, since it narrows down the context to beach visits.

Considering the goal is to understand how tanning salon treatment affects skin in general, Method 1 seems more appropriate because it offers a broader perspective that is not limited to specific scenarios like beach visits. It allows for the consideration of various factors and skin types without the constraint of a specific context like going to the beach.

Summary:
1. Evaluate Method 1 for its broad applicability to understanding tanning salon treatment effects on skin.
2. Consider Method 2 for its focus on specific scenarios, which might limit its general applicability.
3. Choose Method 1 for its comprehensive approach to understanding the effects of tanning salon treatments on skin.

Yes."
804,yes,"Step-by-step reasoning:
   - Identify the probability of smallpox survival for unvaccinated individuals: 58%.
   - Identify the probability of smallpox survival for vaccinated individuals: 69%.
   - Compare the two probabilities to determine which group has a higher likelihood of survival.
   - Since 69% is greater than 58%, vaccinated individuals have a higher probability of survival.

3. Yes."
805,yes,"Step-by-Step Reasoning:
- High poverty and a global water company lead to clean water.
- High poverty and clean water can cause cholera contraction.
- The person lives in a high-poverty area and is served by a local water company.
- Replacing polluted water with clean water in this setting could lead to conditions associated with cholera contraction (high poverty + clean water).

3. Yes or no answer: Yes"
806,yes,"Step-by-Step Reasoning**
1. Identify the probability of admission acceptance for non-males: 51%.
2. Identify the probability of admission acceptance for males: 31%.
3. Compare the probabilities to determine the effect of male gender on admission acceptance.
4. Since 31% is less than 51%, male gender is associated with a decreased chance of admission acceptance.

**Yes or No Answer**
Yes"
807,no,"## Step 1: Understanding the given probabilities
The problem provides various probabilities related to weight, diabetes, smoking, and lifespan. We need to analyze these probabilities to determine if obesity negatively affects lifespan through diabetes.

## Step 2: Analyzing the effect of diabetes on lifespan for normal weight and obese individuals
For normal weight people, the probability of long lifespan without diabetes is 52%, and with diabetes is 74%. For obese people, the probability of long lifespan without diabetes is 49%, and with diabetes is 81%. This suggests that having diabetes actually increases the probability of long lifespan for both normal weight and obese individuals, which seems counterintuitive.

## Step 3: Examining the relationship between obesity, smoking, and diabetes
The probability of having diabetes for normal weight nonsmokers is 54%, for normal weight smokers is 46%, for obese nonsmokers is 4%, and for obese smokers is 16%. The overall probability of being a smoker is 87%. This information indicates that smoking and obesity have complex interactions with the likelihood of having diabetes.

## Step 4: Considering the impact of obesity on diabetes and lifespan
Given the probabilities, it appears that obesity is associated with a lower probability of having diabetes (4% for nonsmokers and 16% for smokers) compared to normal weight individuals. However, when considering the effect of diabetes on lifespan, the presence of diabetes seems to increase the probability of long lifespan for both normal weight and obese individuals, which does not support the idea that obesity negatively affects lifespan through diabetes in a straightforward manner.

## Step 5: Determining the relationship between obesity, diabetes, and lifespan
The provided probabilities do not clearly indicate that obesity negatively affects lifespan through diabetes. In fact, the presence of diabetes is associated with a higher probability of long lifespan in both normal weight and obese individuals, suggesting a more complex relationship than a simple negative effect of obesity on lifespan through diabetes.

The final answer is: $\boxed{No}$"
808,yes,"Step-by-Step Reasoning**:
- Calculate the probability of encountering happy and sad penguins for each transportation choice.
- Determine the associated death probabilities for each mood and choice.
- Calculate the weighted average of death probabilities for each choice to find the overall probability of penguin death.
- Compare these averages to determine if choosing stairs or elevator reduces penguin death probability through mood.

3. **Yes or No Answer**: No"
809,yes,"step-by-step reasoning:
1. Calculate the probability of being a nonsmoker: 100% - 96% = 4%.
2. Calculate the weighted probability of lung cancer among nonsmokers: 46% * 4% = 1.84%.
3. Calculate the weighted probability of lung cancer among smokers: 68% * 96% = 65.28%.
4. Calculate the overall probability of lung cancer: 1.84% + 65.28% = 67.12%.
5. Determine if lung cancer is less likely than its absence by comparing the overall probability of lung cancer to 50%.

Yes or no answer: No."
810,yes,"Step-by-step reasoning:**
1. Analyze the given probabilities of healthy heart conditions in relation to medication and blood pressure.
2. Compare the probabilities to determine the effect of medication on heart health in both low and high blood pressure conditions.
3. Consider how medication affects the incidence of high blood pressure and its subsequent impact on heart health.

**Yes or no answer:** No."
811,yes,"Step by step reasoning:
   - Identify the relevant probabilities for hospitalized individuals.
   - Compare the probability of broken bones for hospitalized individuals with respiratory issues (9%) to those without respiratory issues (10%).
   - Determine if the probability decreases when respiratory issues are present.

3. Yes"
812,yes,"Step-by-Step Reasoning:**
1. Calculate the probability of the alarm ringing when set: 0.07 * 0.25.
2. Calculate the probability of the alarm ringing when not set: 0.93 * 0.77.
3. Add the probabilities from steps 1 and 2 to get the overall probability of the alarm ringing.
4. Compare the overall probability of the alarm ringing to the probability of the alarm not ringing to determine which is more likely.

**Yes or No Answer:** Yes"
813,yes,"Step-by-step reasoning:
   - Identify the probability of a dark room when candles are not blown out: 55%.
   - Identify the probability of a dark room when candles are blown out: 86%.
   - Compare the two probabilities to determine if blowing out candles increases the chance of a dark room.

3. Yes."
814,yes,"Step-by-Step Reasoning**:
   - Identify given probabilities: P(Vaccination) = 0.10, P(No Vaccination and Survival) = 0.38, P(Vaccination and Survival) = 0.06.
   - Calculate P(No Vaccination) = 1 - P(Vaccination).
   - Calculate conditional probabilities for survival given vaccination and no vaccination using the formula P(A|B) = P(A and B) / P(B).
   - Compare the conditional probabilities to determine if survival chance is larger with vaccination.

3. **Yes or No Answer**: Yes."
815,yes,"Step-by-Step Reasoning**:
- Calculate the probability of recovery for high and low hospital bills separately.
- Combine these probabilities to find the overall probability of recovery.
- Compare the overall probability of recovery to the probability of non-recovery (which is 100% minus the probability of recovery).
- Determine if recovery is less likely based on this comparison.

3. **Yes or No Answer**: Yes"
816,yes,"Step-by-step reasoning:
1. Calculate the overall probability of long lifespan by adding the probabilities of normal weight and long lifespan and obesity and long lifespan: 7% + 58% = 65%.
2. Calculate the probability of long lifespan given obesity by dividing the probability of obesity and long lifespan by the probability of obesity: 58% / 91% ≈ 63.7%.
3. Calculate the probability of long lifespan given non-obesity by dividing the probability of normal weight and long lifespan by the probability of non-obesity: 7% / 9% ≈ 77.8%.
4. Compare the probabilities to determine if the chance of long lifespan is smaller with obesity.

Answer: Yes"
817,yes,"Step-by-step reasoning:
1. Identify given probabilities: P(S) = 0.07, P(NS and CA) = 0.48, P(S and CA) = 0.03.
2. Calculate the overall probability of college admission, P(CA) = P(NS and CA) + P(S and CA) = 0.48 + 0.03 = 0.51.
3. Calculate the probability of college admission given smoking, P(CA|S) = P(S and CA) / P(S) = 0.03 / 0.07 ≈ 0.4286.
4. Compare P(CA|S) to P(CA) to determine if the chance of college admission is larger when observing smoking.

Yes or no answer: No."
818,yes,"Step-by-Step Reasoning:**
1. Identify the probabilities of the wife setting the alarm based on the husband's actions.
2. Analyze the outcomes (alarm ringing probabilities) for each combination of actions.
3. Determine if the husband's action increases the likelihood of the wife setting the alarm.
4. Evaluate if this increase leads to a more desirable outcome (alarm ringing) when considering the combined actions.

**Yes or No Answer:**
No"
819,yes,"Step-by-step reasoning:
1. Calculate the probability of being hard-working for talented and non-talented students.
2. Determine the overall probability of being hard-working by adding the probabilities of being hard-working and talented and being hard-working and not talented.
3. Calculate the probability of being lazy as the complement of being hard-working.
4. Compare the probabilities to determine if being hard-working is less likely than being lazy.

Yes or no answer: Yes."
820,yes,"Step-by-Step Reasoning**:
   - Identify the key factor influencing treatment outcomes (kidney stone size).
   - Recognize that Method 1 does not account for this variable.
   - Understand that Method 2 analyzes treatment outcomes based on stone size, allowing for a more precise assessment.
   - Determine that a more detailed approach (Method 2) is preferable for understanding treatment effects on recovery.

3. **Yes or No Answer**: No"
821,yes,"Step-by-Step Reasoning**
1. Identify the goal: Understand how maternal smoking affects infant birth weight.
2. Consider Method 1: Direct correlation without accounting for confounders.
3. Recognize the limitation of Method 1: Potential for bias due to unobserved confounders.
4. Consider Method 2: Accounting for confounders on a case-by-case basis.
5. Evaluate the potential for accuracy in Method 2: More precise due to consideration of confounders.

**Yes or No Answer**
No"
822,yes,"Step-by-Step Reasoning**:
   - Identify the probability of receiving treatment and not receiving treatment.
   - Calculate the weighted probability of recovery for each group.
   - Combine these probabilities to find the overall probability of recovery.
   - Compare the overall probability of recovery to the probability of non-recovery.

3. **Yes or No Answer**: Yes"
823,yes,"Step-by-step reasoning:
1. Identify the probabilities of high salaries for different gender and occupation combinations.
2. Compare these probabilities to assess the impact of occupation on salary within each gender group.
3. Consider how gender influences the probability of having a high salary through occupational choices.
4. Analyze if the data suggests a positive effect of gender on salary through occupation, focusing on the comparative benefits of occupational changes for males versus non-males.

Yes or no answer: No."
824,yes,"Step-by-Step Reasoning:
1. **Understanding the Objective**: The goal is to determine the most accurate method for understanding how parents' intelligence affects their child's intelligence.
2. **Evaluating Method 1**: This method considers the correlation on a case-by-case basis, including the factor of parents' social status. It offers a detailed view of how different socio-economic conditions might mediate the relationship between parental and child intelligence.
3. **Evaluating Method 2**: This method provides a general overview of the correlation without considering specific socio-economic factors. It might be simpler but could also be less accurate due to overlooking potential influential variables.
4. **Comparison**: Method 1 seems to offer a more comprehensive approach by accounting for socio-economic factors, which are known to impact educational opportunities, access to resources, and overall environment—factors that significantly influence a child's intellectual development.

Yes or No Answer: Yes"
825,yes,"Step-by-step reasoning:
1. Calculate the probability of penguin death for sad and happy penguins for both stairs and elevator options.
2. Calculate the overall probability of penguin death for each mode of transportation by considering the probabilities of penguin happiness and sadness.
3. Compare the overall probabilities of penguin death for taking the stairs and the elevator to determine the impact on penguin survival.

Yes or no answer: Yes."
826,yes,"## Step 1: Understanding the given probabilities
The problem provides us with the following probabilities:
- The overall probability of kindness is 5%.
- For people with mean personalities, the probability of attractive appearance is 88%.
- For people with kind personalities, the probability of attractive appearance is 88%.

## Step 2: Calculating the probability of mean personalities
Since the probability of kindness is 5%, the probability of mean personalities (the complement of kindness) is 100% - 5% = 95%.

## Step 3: Calculating the overall probability of attractive appearance
To determine if attractive appearance is more likely than unattractive appearance overall, we need to calculate the overall probability of attractive appearance. This can be done by considering the probabilities of attractive appearance in both kind and mean personalities and weighting them by the probability of each personality type.
- Probability of attractive appearance in kind personalities: 5% (kind) * 88% (attractive given kind) = 0.05 * 0.88 = 0.044 or 4.4%
- Probability of attractive appearance in mean personalities: 95% (mean) * 88% (attractive given mean) = 0.95 * 0.88 = 0.836 or 83.6%
- Overall probability of attractive appearance = Probability of attractive appearance in kind personalities + Probability of attractive appearance in mean personalities = 4.4% + 83.6% = 88%

## Step 4: Comparing attractive and unattractive appearance probabilities
Since the overall probability of attractive appearance is 88%, which is greater than 50%, attractive appearance is more likely than unattractive appearance overall.

## Step 5: Conclusion
Attractive appearance is indeed more likely than unattractive appearance overall because its probability exceeds 50%.

The final answer is: $\boxed{Yes}$"
827,yes,"Step-by-Step Reasoning:
- Identify the probabilities of admission based on gender and department type.
- Consider how residency status affects the likelihood of applying to a competitive department for each gender.
- Recognize that the majority of applicants are in-state residents, which influences the overall competitiveness and admission rates.
- Compare the admission probabilities for males and females in both competitive and non-competitive departments, taking into account the residency factor.

3. Yes or No Answer: No"
828,yes,"Step-by-Step Reasoning:
- Identify the probabilities of wet ground in both seasons: 46% in the dry season and 47% in the rainy season.
- Understand the question is asking about the likelihood during the rainy season compared to if it were dry.
- Recognize that the rainy season naturally has a higher likelihood of wet ground due to more rainfall.
- Determine that the comparison is between actual rainy season conditions and a hypothetical dry season scenario within the rainy season context.

3. Yes or No Answer: No"
829,yes,"Step-by-step reasoning:
1. Calculate the probability of the husband not setting the alarm: 100% - 77% = 23%.
2. Calculate the probability of the alarm ringing when set: 77% * 80% = 61.6%.
3. Calculate the probability of the alarm ringing when not set: 23% * 40% = 9.2%.
4. Calculate the overall probability of the alarm ringing: 61.6% + 9.2% = 70.8%.
5. Compare the overall probability of the alarm ringing (70.8%) with the probability of the alarm being silent (100% - 70.8% = 29.2%): Since 70.8% > 50%, the alarm ringing is more likely.

Yes or no answer: No."
830,yes,"Step-by-Step Reasoning**
1. Method 1 provides a general overview of the correlation between gender and admission status.
2. Method 2 offers a detailed, department-by-department analysis considering competitiveness.
3. Method 2's approach can reveal specific patterns or biases not visible with Method 1.
4. Understanding the impact of gender on admission status requires considering the context of each department.
5. Therefore, Method 2 is more likely to provide a comprehensive understanding of how gender affects admission status.

**Yes or No Answer**
No"
831,yes,"Step-by-Step Reasoning:
- The camper lighting a match can cause a forest fire.
- The chain-smoker lighting a match can also cause a forest fire.
- We observed the chain-smoker lighting a match, which is a sufficient condition for a potential forest fire.
- The question posits a scenario where the camper does not light a match, but this does not negate the risk posed by the chain-smoker's match.

3. Yes or No Answer: Yes"
832,yes,"step by step:

1. The overall probability of being male is 84%, which means the probability of not being male (female) is 100% - 84% = 16%.
2. For individuals who are not male, the probability of admission acceptance is 74%. This implies the probability of admission rejection for non-males is 100% - 74% = 26%.
3. For individuals who are male, the probability of admission acceptance is 42%. This means the probability of admission rejection for males is 100% - 42% = 58%.

Now, let's calculate the overall probability of admission acceptance and rejection:

- The probability of being male and accepted is 84% * 42% = 0.84 * 0.42 = 0.3528 or 35.28%.
- The probability of being female and accepted is 16% * 74% = 0.16 * 0.74 = 0.1184 or 11.84%.
- The overall probability of admission acceptance is the sum of these two probabilities: 35.28% + 11.84% = 47.12%.
- Since the overall probability of admission acceptance is 47.12%, the overall probability of admission rejection is 100% - 47.12% = 52.88%.

Given this analysis, admission rejection is more likely than admission acceptance overall because 52.88% (rejection) is greater than 47.12% (acceptance).

**Step-by-Step Reasoning:**
1. Calculate the probability of being female: 100% - 84% = 16%.
2. Determine the probabilities of admission acceptance and rejection for males and females.
3. Calculate the overall probability of admission acceptance by adding the probabilities of male acceptance and female acceptance.
4. Calculate the overall probability of admission rejection by subtracting the overall acceptance probability from 100%.
5. Compare the probabilities to determine if acceptance or rejection is more likely.

**Yes or No Answer:** No"
833,no,"Step-by-step reasoning:
   - Identify the given probabilities for wet ground in both seasons.
   - Consider the role of a sprinkler system in wetting the ground.
   - Analyze how the change from dry to rainy season affects the probability of wet ground.
   - Determine if the increase in probability from 50% to 51% indicates a negative or positive effect of the season on the ground through weather and sprinkler.

3. No."
834,yes,"Step-by-Step Reasoning**:
- Identify the probabilities of high tar deposit in nonsmokers and smokers.
- Examine how the presence of tar deposit affects lung cancer probability in both groups.
- Consider the overall impact of smoking on lung cancer risk as typically understood.
- Note the apparent protective effect of tar deposit on lung cancer risk in the given context.
- Recognize the discrepancy between the provided probabilities and conventional understanding of smoking's impact on lung cancer.

3. **Yes or No Answer**: No"
835,yes,"Step-by-Step Reasoning:**
1. Identify the probability of a high exam score for students who are not encouraged: 38%.
2. Identify the probability of a high exam score for students who are encouraged: 80%.
3. Compare the two probabilities to determine the effect of encouragement on the chance of a high exam score.
4. Since 80% (with encouragement) is greater than 38% (without encouragement), encouragement increases the chance of a high exam score.

**Yes or No Answer:** No"
836,yes,"Step-by-Step Reasoning:
- Identify the given probabilities of recovery based on age and hospital bill payment.
- Recognize that the question asks for a comparison of recovery likelihood between high and low hospital bill payments, not directly involving age.
- However, note that age significantly influences recovery rates and is correlated with the payment of hospital bills (though the exact nature of this correlation isn't specified, the recovery rates imply that age affects both bill payment and recovery probability).
- Consider that to directly answer the question, we must either find a way to account for the age factor in our comparison or acknowledge its impact on the recovery rates given.

3. Yes or No Answer: No."
837,yes,"Step-by-Step Reasoning:
- Calculate the probability of an employee being fired when the manager signs the termination letter by considering both scenarios of the director signing or not signing.
- Calculate the probability of an employee being fired when the manager does not sign the termination letter, again considering both director scenarios.
- Compare these two overall probabilities to determine if signing the termination letter increases the likelihood of the employee being fired.

3. Yes or No Answer: Yes"
838,yes,"step by step. We are told that old age is associated with high hospital bills, and both old age and high hospital bills contribute to recovery. However, the patient in question is young. Given that the patient is young, we can infer that the high hospital bill, which is typically associated with old age, might not be a factor in this case. If we consider the scenario where the patient has a low hospital bill instead of a high one, we are essentially removing one of the two factors (high hospital bill) that contribute to recovery, as per the given information.

However, the logic provided doesn't directly address the relationship between the hospital bill amount and recovery in a straightforward cause-and-effect manner without considering the age factor. Since the patient is young, which contradicts the initial condition leading to high hospital bills and subsequently recovery, the introduction of a low hospital bill doesn't directly inform us about the recovery outcome based on the given premises. The premises suggest that recovery is linked to old age and high hospital bills, but with a young patient, we're already outside the specified conditions for recovery as described.

**Step-by-Step Reasoning:**
1. Identify the conditions for recovery: Old age and high hospital bills.
2. Note the patient's condition: The patient is young.
3. Analyze the impact of a low hospital bill: This introduces a variable (low hospital bill) not directly associated with the recovery conditions provided.
4. Consider the logical outcome: Given the information doesn't directly link young age and low hospital bills to recovery, we must consider if the absence of a high hospital bill (a factor for recovery in the context of old age) affects the outcome.

**Yes or No Answer:** No"
839,yes,"Step-by-Step Reasoning:**
1. Encouragement leads to studying hard.
2. Studying hard contributes to a high exam score.
3. Therefore, encouragement indirectly contributes to a high exam score through studying hard.
4. The absence of encouragement (or presence of discouragement) would likely reduce studying effort, potentially leading to lower exam scores.
5. Given encouragement instead of discouragement should increase the likelihood of studying hard and thus achieving a higher exam score.

**Yes or No Answer:** No"
840,yes,"Step-by-Step Reasoning:
1. Understand the goal of the analysis: General trends vs. detailed, individual insights.
2. Evaluate Method 1 for its ability to identify broad correlations.
3. Evaluate Method 2 for its ability to provide nuanced, case-by-case insights.
4. Consider the importance of individual effort in college admission.
5. Determine which method better aligns with the goal of understanding how smoking affects college admission, considering the complexity of influencing factors.

Yes or No Answer: No"
841,yes,"1. Full Response: 
To address this question, let's break down the information provided. We know that both the smoking gene and high pollution can lead to smoking. Additionally, smoking, the smoking gene, or high pollution can cause lung cancer. Given that the person lives in a place with high pollution, we are trying to determine if having the smoking gene instead of the nonsmoking gene would result in the person having lung cancer.

First, we acknowledge that high pollution is already a factor that can lead to lung cancer, regardless of the smoking gene. However, the presence of the smoking gene could potentially increase the likelihood of smoking, which is another factor that can cause lung cancer. If the person has the smoking gene and lives in a high pollution area, the risk factors for lung cancer are compounded. The smoking gene itself is also a risk factor for lung cancer, independent of actual smoking behavior, as per the given conditions.

Therefore, considering the compounding risk factors of living in a high pollution area and having the smoking gene, it is reasonable to conclude that the person would be more likely to have lung cancer if they have the smoking gene instead of the nonsmoking gene.

2. Summary of Full Response:
- Identify risk factors for lung cancer: smoking gene, high pollution, smoking.
- Recognize that high pollution and smoking gene can independently and collectively increase the risk of lung cancer.
- Determine that having the smoking gene in addition to living in a high pollution area increases the risk of lung cancer.

3. Yes or no answer: Yes"
842,yes,"Step-by-Step Reasoning:
- Old age causes high hospital bills.
- The patient is old, implying they likely have a high hospital bill.
- Old age or high hospital bills can cause recovery.
- The question asks about recovery due to a high hospital bill, not old age.
- Since old age is already a cause for recovery and the patient is old, the patient's recovery is plausible regardless of the hospital bill's influence.

3. Yes or no answer: Yes"
843,yes,"Step-by-Step Reasoning:
- Identify the probability of a dark room when candles are not blown out: 89%.
- Identify the probability of a dark room when candles are blown out: 58%.
- Compare the two probabilities to determine which scenario is more likely to result in a dark room.

3. Yes or no answer: Yes."
844,yes,"Step-by-step reasoning:
1. Consider the goal of understanding the impact of respiratory issues on broken bones.
2. Evaluate Method 1, which analyzes the correlation based on hospitalization status, offering specific insights into potentially high-risk or vulnerable populations.
3. Evaluate Method 2, which provides a general overview without considering specific contexts like hospitalization status.
4. Determine that for a detailed understanding, especially in contexts where hospitalization status matters (like clinical settings), Method 1 might offer more relevant insights.

Yes or no answer: Yes."
845,yes,"Step-by-Step Reasoning:**
1. Identify given probabilities for college degree and high salary scenarios.
2. Calculate the probability of not having a college degree.
3. Apply the formula to calculate the overall probability of having a high salary, considering both scenarios of having and not having a college degree.
4. Compare the calculated probability of high salary to 50% to determine if it's more likely than low salary.

**Yes or No Answer:** No"
846,yes,"Step-by-step reasoning: 
   - Identify the relevant probabilities for hospitalized individuals.
   - Compare the probability of broken bones for those with respiratory issues (30%) to those without respiratory issues (29%).
   - Determine if there's an increase in the probability of broken bones when respiratory issues are present.

3. Yes"
847,yes,"Step-by-Step Reasoning**:
- Identify given probabilities: P(S) = 0.12, P(NS and LC) = 0.12, P(S and LC) = 0.04.
- Calculate the probability of lung cancer among smokers: Given directly as 0.04.
- Calculate the probability of lung cancer among nonsmokers: Given directly as 0.12.
- Compare these probabilities to determine if lung cancer chance is smaller when observing smoking.

3. **Yes or No Answer**: Yes."
848,yes,"Step-by-step reasoning:
1. Calculate the weighted recovery rate for those refusing the vaccine by considering the recovery rates and the proportion of the population with and without pre-conditions.
2. Calculate the weighted recovery rate for those getting the vaccine in the same manner.
3. Compare the two weighted recovery rates to determine if getting the vaccine decreases the chance of recovering from the disease.

Yes or no answer: Yes."
849,yes,"Step-by-Step Reasoning**
1. Method 1 provides a general overview of the gender-salary correlation.
2. Method 2 offers a detailed analysis by occupation, which can reveal specific disparities.
3. Considering occupation-specific data is crucial for understanding the multifaceted nature of gender's impact on salary.
4. Method 2 is more detailed and less likely to overlook important disparities compared to Method 1.

**Yes or No Answer**
No."
850,yes,"Step-by-Step Reasoning**:
   - Calculate the overall probability of lung cancer for nonsmokers: (0.82 * 0.46) + (0.18 * 0.77) = 0.3772 + 0.1386 = 0.5158 or 51.58%.
   - Calculate the overall probability of lung cancer for smokers: (0.36 * 0.17) + (0.64 * 0.43) = 0.0612 + 0.2752 = 0.3364 or 33.64%.
   - Compare these probabilities to determine if it would be more likely to see lung cancer if the person had been a nonsmoker.

3. **Yes or No Answer**: No."
851,yes,"Step-by-Step Reasoning:
- Tanning salon treatments are known to cause skin darkening.
- The person does not go to the beach, eliminating beach exposure as a cause.
- Tanning salon treatment is an alternative method to achieve tanned skin.
- Therefore, undergoing tanning salon treatment should result in tanned skin.

3. Yes or No Answer: Yes"
852,yes,"Step-by-Step Reasoning**:
   - Identify the probability of high infant mortality for infants with nonsmoking mothers: 80%.
   - Identify the probability of high infant mortality for infants with smoking mothers: 61%.
   - Compare the two probabilities to determine which group has a lower chance of high infant mortality.
   - If the probability for infants with smoking mothers is lower, then smoking mothers decrease the chance of high infant mortality.

3. **Yes or No Answer**: Yes"
853,yes,"Step-by-Step Reasoning:**
1. Calculate the probability of admission for females by considering both non-competitive and competitive departments.
2. Calculate the probability of admission for males by considering both non-competitive and competitive departments.
3. Compare the overall probabilities of admission for females and males to determine if gender positively affects admission status when disregarding department competitiveness.

**Yes or No Answer:** No"
854,yes,"Step-by-Step Reasoning:
1. Identify the probability of death when a prisoner is released: 24%.
2. Identify the probability of death when a prisoner is executed: 71%.
3. Compare the two probabilities to determine if executing the prisoner decreases the chance of death.

Yes or No Answer: No"
855,yes,"Step-by-Step Reasoning**:
   - Identify the relevant probabilities: 
     - Non-talented and accepted: 82% chance of being hard-working.
     - Talented and accepted: 53% chance of being hard-working.
   - Compare these probabilities to determine if being talented affects the likelihood of being hard-working among students accepted to elite institutions.

3. **Yes or No Answer**: Yes."
856,yes,"1. Full Response: To answer this question, let's analyze the given probabilities and their implications on infant mortality and birth weight in relation to maternal smoking status. First, we observe the probabilities of high infant mortality in relation to maternal smoking status and infant birth weight. For nonsmoking mothers, the probability of high infant mortality is higher for infants with normal birth weight (89%) than for those with low birth weight (61%). Conversely, for smoking mothers, the probability of high infant mortality is lower for infants with low birth weight (24%) compared to those with normal birth weight (59%). This suggests an inverse relationship between birth weight and infant mortality for smoking mothers, which is not seen in nonsmoking mothers.

Next, examining the probabilities of normal infant birth weight in relation to maternal health and smoking status, we find that smoking mothers with poor health have a high probability (96%) of having infants with normal birth weight, which is counterintuitive if smoking were to negatively affect birth weight directly. However, the overall probability of good health is given as 13%, which might imply that the health status of the mother could be a critical factor influencing both birth weight and mortality, potentially independent of smoking status.

Given these observations, the direct impact of maternal smoking on infant mortality through birth weight is not straightforward. The data provided do not clearly support a simple causal relationship where maternal smoking directly increases infant mortality through lowering birth weight, as the probabilities suggest more complex interactions involving maternal health and birth weight.

2. Summary of Full Response:
- Analyze the relationship between maternal smoking, infant birth weight, and infant mortality.
- Identify inconsistencies in expected outcomes, such as higher mortality rates for normal birth weight infants of nonsmoking mothers and lower mortality for low birth weight infants of smoking mothers.
- Consider the role of maternal health in influencing birth weight and mortality.
- Recognize the complexity of interactions and the lack of clear evidence supporting a direct negative effect of maternal smoking on infant mortality through birth weight.

3. Yes or No Answer: No"
857,yes,"Step-by-step reasoning:**
1. Calculate the probability of being lazy for nonsmokers and smokers.
2. Compute the weighted average of college admission probabilities for lazy and hard-working individuals within each group (nonsmokers and smokers).
3. Compare the overall probabilities of college admission for nonsmokers and smokers.

**Yes or no answer:** Yes"
858,yes,"Step-by-Step Reasoning**
1. Identify the probabilities of cholera contraction for both local and global water companies.
2. Identify the probabilities of clean water for both local and global water companies.
3. Compare the probabilities to determine if there's a direct relationship between clean water and an increased chance of cholera contraction.
4. Recognize that a higher probability of clean water (global water company) is associated with a lower probability of cholera contraction, suggesting clean water does not increase the chance of cholera contraction.

**Yes or No Answer**
No"
859,yes,"Step-by-step reasoning:
1. Calculate the probability of death if the prisoner is executed: 55% * 53% = 29.15%.
2. Calculate the probability of death if the prisoner is released: 45% * 20% = 9%.
3. Add the probabilities of death from both scenarios to get the overall probability of death: 29.15% + 9% = 38.15%.
4. Compare the overall probability of death (38.15%) to the probability of being alive (61.85%): since 38.15% < 61.85%, death is less likely.

Yes or no answer: No."
860,yes,"Step-by-step reasoning:
1. Identify the given probabilities: 11% smoking, 76% nonsmoking and college admission, 3% smoking and college admission.
2. Recognize that the probability of college admission given smoking (3%) is directly comparable to the overall context of college admission rates among smokers and nonsmokers.
3. Understand that a lower percentage of smokers are admitted to college compared to the overall percentage of nonsmokers admitted.

Yes or no answer: Yes."
861,yes,"Step-by-Step Reasoning**:
- Identify the relevant probabilities for high infant mortality based on maternal smoking status and infant birth weight.
- Compare these probabilities to determine the direct relationship between maternal smoking and infant mortality, disregarding birth weight as a mediator.
- Note that the comparison suggests a lower probability of high infant mortality for infants of smoking mothers in both low and normal birth weight categories.
- Recognize the counterintuitive nature of this finding given known health risks associated with smoking.

3. **Yes or No Answer**: No"
862,yes,"Step-by-Step Reasoning**:
- Identify given probabilities: 91% for tanning salon treatment, 6% for no tanning salon treatment and tanned skin, and 27% for both tanning salon treatment and tanned skin.
- Calculate the proportion of people with tanned skin among those who have had tanning salon treatment.
- Compare this proportion with the probability of tanned skin without tanning salon treatment to determine if the chance of tanned skin is smaller with tanning salon treatment.

3. **Yes or No Answer**: No"
863,yes,"Step-by-Step Reasoning:
- Calculate the probability of having a small kidney stone: 100% - 57% = 43%.
- Calculate the overall recovery rate without treatment by multiplying the probability of stone size by the recovery rate for each and summing them.
- Calculate the overall recovery rate with treatment similarly.
- Compare the overall recovery rates with and without treatment.

3. Yes or no answer: Yes."
864,yes,"Step-by-Step Reasoning:
1. Compare the probabilities of the forest on fire with and without a match being lit.
2. Identify the higher probability between the two scenarios.
3. Determine if lighting a match increases or decreases the probability based on the comparison.

Yes or No Answer: No"
865,yes,"Step-by-Step Reasoning:
1. Consider the complexity of vaccinations and diseases.
2. Evaluate Method 1 for its broad, general approach.
3. Evaluate Method 2 for its detailed, case-by-case approach considering pre-conditions.
4. Recognize the importance of context and specific factors in understanding the relationship between vaccination and disease.

Yes or No Answer: No"
866,yes,"Step-by-Step Reasoning:**
1. Calculate the probability of unintelligent parents.
2. Apply the law of total probability to find the overall probability of an intelligent child.
3. Compare the calculated probability of an intelligent child with that of an unintelligent child.

**Yes or No Answer:** Yes"
867,yes,"Step-by-Step Reasoning:**
1. **Identify the purpose**: The goal is to understand how season affects ground conditions.
2. **Consider Method 1**: It provides a general understanding of seasonal effects on the ground.
3. **Consider Method 2**: It provides specific insights into how sprinklers modify these seasonal effects.
4. **Determine relevance**: For a broad understanding of seasonal effects on the ground, a general approach is more suitable.
5. **Conclusion**: Method 1 is more appropriate for understanding general seasonal effects on the ground without the specific influence of sprinklers.

**Yes or No Answer**: Yes"
868,yes,"Step-by-Step Reasoning**:
   - Identify given probabilities: P(elevator) = 72%, P(stairs and penguin death) = 14%, P(elevator and penguin death) = 30%.
   - Recognize the need to compare conditional probabilities: P(penguin death | elevator) vs. P(penguin death | stairs).
   - Acknowledge that direct calculation of these conditional probabilities requires additional information.
   - Infer based on given data: Since P(elevator and penguin death) > P(stairs and penguin death), and considering the high probability of taking the elevator, it suggests a higher association between taking the elevator and penguin death.

3. **Yes or No Answer**: Yes."
869,yes,"Step-by-Step Reasoning**
1. Compare the probability of a healthy heart for people not taking medication (45%) to the probability for people taking medication (31%).
2. Determine if the probability is higher for those taking medication compared to those not taking medication.
3. Conclude whether taking medication increases the chance of having a healthy heart based on the comparison.

**Yes or No Answer**
No"
870,yes,"Step-by-Step Reasoning:
1. Identify the goal: Understand how treatment affects recovery.
2. Consider the importance of gender in treatment response.
3. Evaluate Method 1: Analyzes treatment and recovery correlation case by case, including gender.
4. Evaluate Method 2: Looks at the general correlation without considering gender.
5. Choose the method that better accounts for potential gender-specific treatment responses.

Yes or No Answer: Yes"
871,no,"Step-by-step reasoning:
   - Identify the probability of the alarm ringing when the husband doesn't set the alarm: 90%.
   - Identify the probability of the alarm ringing when the husband sets the alarm: 25%.
   - Compare these probabilities to determine if not setting the alarm increases the likelihood of the alarm ringing.

3. No."
872,yes,"Step-by-step reasoning:
1. Identify given probabilities for normal infant birth weight and smoking mothers in low and high cigarette tax areas.
2. Recognize the increase in both normal birth weight and smoking mother probabilities when moving from low to high tax areas.
3. Understand that the data does not directly compare smoking vs. non-smoking mothers' outcomes within the same environment.
4. Consider that the observed changes could be influenced by factors other than smoking.

Yes or no answer: No"
873,yes,"Step-by-Step Reasoning:**
1. Calculate the probability of lung cancer given smoking using P(C|S) = P(S and C) / P(S).
2. Calculate the overall probability of lung cancer, P(C), by summing the probabilities of lung cancer with smoking and nonsmoking.
3. Compare P(C|S) with P(C) to determine if the chance of lung cancer is smaller when observing smoking.

**Yes or No Answer:** No"
874,no,"Step-by-step reasoning:
   - Identify the given probabilities: 73% for children with unintelligent parents and 46% for children with intelligent parents.
   - Recognize the condition in the question: it specifies ""For children with intelligent parents.""
   - Understand the question's inquiry: whether having unintelligent parents (contrary to the specified condition) would make it less likely to see an intelligent child.
   - Since the condition is about children with intelligent parents, we must consider the probability given this condition (46%).
   - Compare this with the scenario of children having unintelligent parents (73%), which is not the condition specified but is used for comparison.
   - Determine if the presence of unintelligent parents (instead of intelligent ones) would decrease the likelihood of an intelligent child based on the given probabilities.

3. No"
875,yes,"Step-by-Step Reasoning:
- Identify the probability of admission acceptance for males: 38%.
- Identify the probability of admission acceptance for non-males: 68%.
- Compare the probabilities to determine the impact of gender on admission acceptance.
- Since 68% (non-male) is greater than 38% (male), being male places an individual in a lower probability category for admission acceptance.
- Therefore, if a male were not male, they would be in the higher probability category.

3. Yes or no answer: No"
876,yes,"Step-by-Step Reasoning:
- Identify the goal: Understand how Alice's wake-up time affects her school arrival time.
- Consider Method 1: Analyzes wake-up time vs. arrival time on a case-by-case basis, including traffic conditions.
- Consider Method 2: Analyzes the general correlation without considering daily variables like traffic.
- Evaluate the approaches: Method 1 accounts for specific daily conditions, potentially offering a more accurate analysis.

3. Yes or no answer: Yes."
877,no,"## Step 1: Calculate the probability of not using tanning salon treatments
To find the probability of not using tanning salon treatments, we subtract the probability of using tanning salon treatments from 1. So, the probability of not using tanning salon treatments is 1 - 0.85 = 0.15.

## Step 2: Calculate the probability of tanned skin for people not using tanning salon treatments
The probability of tanned skin for people not using tanning salon treatments is given as 75%, or 0.75. This means that 75% of the 15% of people not using tanning salon treatments will have tanned skin.

## Step 3: Calculate the probability of tanned skin for people using tanning salon treatments
The probability of tanned skin for people who went to tanning salons is given as 35%, or 0.35. This applies to the 85% of people who use tanning salon treatments.

## Step 4: Calculate the overall probability of tanned skin
To find the overall probability of tanned skin, we need to calculate the weighted sum of the probabilities of tanned skin for both groups (using and not using tanning salon treatments). This can be done by multiplying the probability of each group by the probability of tanned skin within that group and then summing these products. So, the overall probability of tanned skin is (0.85 * 0.35) + (0.15 * 0.75).

## Step 5: Perform the calculation for the overall probability of tanned skin
(0.85 * 0.35) + (0.15 * 0.75) = 0.2975 + 0.1125 = 0.41.

## Step 6: Determine if tanned skin is more likely than pale skin overall
Since the probability of tanned skin (0.41) is less than 0.5, it is not more likely than pale skin overall.

## Step 7: Conclusion
Based on the given probabilities and calculations, tanned skin is not more likely than pale skin overall.

The final answer is: $\boxed{No}$"
878,yes,"Step-by-step reasoning:
1. Identify the goal: Understand the general impact of the man on the room.
2. Analyze Method 1: Provides a direct, general correlation between the man and the room.
3. Analyze Method 2: Offers a case-by-case analysis based on specific conditions (e.g., the candle).
4. Compare methods against the goal: Method 1 aligns more closely with understanding general impact.

Yes or no answer: Yes."
879,yes,"Step-by-Step Reasoning**:
    - Calculate P(D|E) = 0.38 / 0.77.
    - Calculate P(D|S) = 0.10 / 0.23.
    - Compare P(D|E) and P(D|S) to determine if the chance of penguin death is larger when observing taking the elevator.

3. **Yes or No Answer**: 
To calculate:
P(D|E) = 0.38 / 0.77 ≈ 0.494
P(D|S) = 0.10 / 0.23 ≈ 0.435

Since 0.494 > 0.435, **Yes**."
880,yes,"Step-by-Step Reasoning:
- Identify the factors that cause lateness: Waking up late and traffic.
- Recognize that traffic is not a factor in this scenario.
- Consider the impact of waking up late on morning routines and travel time.
- Determine that waking up late can still cause lateness despite the absence of traffic.

3. Yes or No Answer: Yes"
881,yes,"Step-by-Step Reasoning:**
1. Calculate the probability of being normal weight: 100% - 19% = 81%.
2. Calculate the contribution of normal weight individuals to the overall probability of long lifespan: 81% * 78%.
3. Calculate the contribution of obese individuals to the overall probability of long lifespan: 19% * 47%.
4. Sum the contributions to find the total probability of long lifespan.
5. Compare the total probability of long lifespan to 50% to determine if long lifespan is more likely.

**Yes or No Answer:** Yes"
882,yes,"Step-by-Step Reasoning:
- The captain's order to execute leads to the corporal or private shooting.
- The shooting causes the prisoner's death.
- If the order is to release, there would be no shooting.
- No shooting implies the prisoner would not be killed by these means.

3. Yes or no answer: No"
883,yes,"Step-by-Step Reasoning:
- Identify the probabilities for each scenario.
- Note the inconsistencies in the provided probabilities.
- Compare the probabilities for signing and not signing termination letters.
- Determine the impact of a manager signing a termination letter on the probability of an employee being fired.

3. Yes or No Answer: No"
884,yes,"Step-by-Step Reasoning:**
1. Identify the probabilities of high tar deposit for smokers and nonsmokers.
2. Note the probabilities of lung cancer under different conditions (smoker/nonsmoker and tar deposit status).
3. Calculate the overall probability of lung cancer for nonsmokers by considering both scenarios of tar deposit.
4. Calculate the overall probability of lung cancer for smokers similarly.
5. Compare the overall probabilities of lung cancer for smokers and nonsmokers to determine if smoking decreases the chance of lung cancer.

**Yes or No Answer:** No"
885,no,"Step-by-step reasoning:
    - The correlation between kindness and attractive appearance is very weak (-0.04).
    - Correlation does not imply causation.
    - A weak correlation may not be statistically or practically significant.
    - Therefore, we cannot conclude that kindness affects attractive appearance based on the given correlation.

3. No"
886,yes,"Step-by-Step Reasoning**
1. Identify the primary factors involved: water quality, cholera, and poverty.
2. Recognize that cholera is directly influenced by water quality.
3. Consider how poverty affects access to clean water and, consequently, the incidence of cholera.
4. Evaluate Method 1, which accounts for poverty in the analysis of water quality and cholera correlation.
5. Evaluate Method 2, which does not consider poverty in its analysis.
6. Determine that understanding the impact of water quality on cholera requires considering all relevant factors, including socio-economic ones like poverty.

**Yes or No Answer**
No."
887,yes,"To answer this question, let's break down the information given and apply it to the concept of conditional probability. The question essentially asks whether the probability of having tanned skin is lower when we know that a person has undergone tanning salon treatment compared to the overall or general scenario.

1. **Full Response**: 
The probability of tanning salon treatment is given as 93%, which means the probability of no tanning salon treatment is 100% - 93% = 7%. The probability of no tanning salon treatment and tanned skin is 5%, and the probability of tanning salon treatment and tanned skin is 26%. To understand if the chance of tanned skin is smaller when observing tanning salon treatment, we need to calculate the probability of tanned skin given tanning salon treatment and compare it with the overall probability of tanned skin.

First, let's find the overall probability of tanned skin. This can be done by adding the probability of tanning salon treatment and tanned skin to the probability of no tanning salon treatment and tanned skin: 26% (tanning salon treatment and tanned skin) + 5% (no tanning salon treatment and tanned skin) = 31%. This means the overall probability of having tanned skin is 31%.

Next, we calculate the probability of tanned skin given that the person has undergone tanning salon treatment. This is the probability of tanning salon treatment and tanned skin divided by the probability of tanning salon treatment: 26% / 93% ≈ 0.280 or 28%.

2. **Summary of the Full Response**:
- Calculate the probability of no tanning salon treatment: 100% - 93% = 7%.
- Calculate the overall probability of tanned skin: 26% (tanning salon treatment and tanned skin) + 5% (no tanning salon treatment and tanned skin) = 31%.
- Calculate the probability of tanned skin given tanning salon treatment: 26% / 93% ≈ 28%.
- Compare the calculated probabilities to determine if the chance of tanned skin is smaller with tanning salon treatment.

3. **Yes or No Answer**: No."
888,yes,"Step-by-Step Reasoning:**
1. Identify the probabilities given: 93% chance of lighting a match, 79% chance of forest fire if no match lit, 65% chance if a match is lit.
2. Calculate the probability of not lighting a match: 100% - 93% = 7%.
3. Calculate the weighted probability of the forest being on fire for both scenarios (match lit and not lit).
4. Sum these probabilities to find the overall probability of the forest being on fire.
5. Compare this overall probability to 50% to determine if the forest is less likely to be on fire than not.

**Yes or No Answer:** Yes."
889,yes,"Step-by-Step Reasoning:
1. Understand the two methods: Method 1 looks at the general correlation, while Method 2 considers case-by-case correlations.
2. Recognize the complexity of vaccine-disease interactions, including individual variability.
3. Evaluate the ability of each method to account for this complexity.
4. Determine which method provides a more accurate understanding based on its approach to variability and individual differences.

Yes or No Answer: No"
890,yes,"Step-by-Step Reasoning:**
1. Understand the given probabilities.
2. Recognize the need to compare conditional probabilities of high salary given educational attainment level.
3. Acknowledge the limitation in directly calculating these conditional probabilities from the provided data.
4. Realize the error in the initial approach to calculating and comparing these probabilities.

**Yes or No Answer:** No"
891,yes,"Step-by-Step Reasoning:**
1. Calculate the probability of having a small kidney stone: \(P(S) = 1 - P(L)\).
2. Calculate the overall probability of recovery without treatment using the probabilities of recovery for small and large kidney stones and their respective probabilities.
3. Calculate the overall probability of recovery with treatment using the same method as step 2 but with treatment probabilities.
4. Compare the overall probabilities of recovery with and without treatment to determine if treatment increases the chance of recovery.

**Yes or No Answer:** No"
892,yes,"step-by-step reasoning:
- Identify the causes of arriving late to school: waking up late or heavy traffic.
- Determine the current situation: no traffic and the variable of waking up late is being changed to waking up on time.
- Eliminate the irrelevant factor (heavy traffic) since it's not present.
- Analyze the effect of waking up on time in the absence of traffic.

3. Yes or no answer: Yes"
893,yes,"Step-by-step reasoning:
1. Identify given probabilities: 19% intelligent parents, 42% unintelligent parents with intelligent child, 5% intelligent parents with intelligent child.
2. Calculate the probability of an intelligent child given intelligent parents: 5% / 19%.
3. Recognize the overall probability of an intelligent child includes both scenarios of parent intelligence.
4. Compare the conditional probability of an intelligent child given intelligent parents to the implied overall probability of an intelligent child.

Yes or no answer: Yes."
894,yes,"Step-by-Step Reasoning:**
1. Identify the factors influencing child intelligence: intelligent parents, confounder active, and high parental social status.
2. Note the confounder is inactive, simplifying the scenario to focus on parental intelligence and its direct impact on child intelligence.
3. Consider the replacement of intelligent parents with unintelligent parents in this simplified scenario.
4. Analyze how this replacement affects the likelihood of the child being intelligent, given the reduced influence of high social status and the genetic factor.

**Yes or No Answer:** No"
895,yes,"Step-by-step reasoning:
1. Understand the given probabilities: Overall smoking probability = 45%, Probability of nonsmoking and lung cancer = 42%, Probability of smoking and lung cancer = 41%.
2. Recognize that to compare the likelihood of lung cancer in smokers vs. nonsmokers, we ideally need conditional probabilities or more specific data on the population.
3. Given the direct comparison is challenging without additional data, consider the implications of the provided probabilities in a general sense.

Yes or no answer: No"
896,yes,"Step-by-Step Reasoning:
1. **Consider the importance of stone size in treatment choice and outcome.**
2. **Evaluate how Method 1 (case-by-case analysis considering stone size) provides detailed insights into treatment effectiveness across different stone sizes.**
3. **Compare with Method 2 (general correlation without considering stone size), which may not account for size-dependent treatment outcomes.**
4. **Determine that a more nuanced, detailed approach (Method 1) is preferable for understanding treatment effects in the context of a specific variable like kidney stone size.**

Yes or No Answer: Yes"
897,yes,"Step-by-Step Reasoning:
- Intelligent parents and an active confounder can lead to high parental social status.
- Intelligent parents, an active confounder, or high parental social status can cause a child to be intelligent.
- The confounder is inactive.
- Without intelligent parents and an inactive confounder, one of the direct causes of a child being intelligent is removed.
- High parental social status's impact is less direct in this scenario without intelligent parents or an active confounder.

3. Yes or no answer: Yes"
898,yes,"Step-by-Step Reasoning**:
- Identify given probabilities.
- Calculate probability of taking the stairs.
- Calculate the conditional probability of penguin death given elevator use and given stairs use.
- Compare these probabilities to determine if penguin death is more likely when taking the elevator.

3. **Yes or No Answer**: No"
899,yes,"step-by-step reasoning for choosing between Method 1 and Method 2 involves:
1. Identifying the goal: Understanding the general impact of seasons on ground conditions.
2. Evaluating Method 1: It offers a broad, generalized understanding applicable across different scenarios.
3. Evaluating Method 2: It provides specific insights but is limited to the context of each sprinkler system.
4. Comparing the methods: Method 1 is more aligned with the goal of understanding seasonal effects on ground conditions in a general sense.

Given the objective is to understand how season affects ground in a general context, Method 1 is more appropriate for this purpose than Method 2 because it provides a broader, more universally applicable perspective.

Yes."
900,yes,"Step-by-Step Reasoning:
1. Method 1 analyzes supply and price correlation case by case, considering unique demand characteristics.
2. Method 2 looks at the general correlation between supply and price, ignoring specific demand conditions.
3. Method 1 provides a more nuanced understanding of the supply-price relationship, while Method 2 may overlook important factors.

Yes or No Answer: Yes"
901,yes,"Step-by-Step Reasoning**
1. Identify the probability of a high exam score for students who are not encouraged: 31%.
2. Identify the probability of a high exam score for students who are encouraged: 69%.
3. Compare the two probabilities to determine if encouragement has a positive effect on the chance of a high exam score.

**Yes or No Answer**
Yes"
902,yes,"step-by-step reasoning:
1. Understand given probabilities.
2. Calculate the probability of non-male gender.
3. Recognize the need to calculate conditional probabilities for accurate comparison.
4. Directly infer the probability of admission acceptance given male gender from given data.
5. Compare the conditional probabilities to answer the question.
6. Correctly interpret given probabilities in the context of the entire population.
7. Calculate the conditional probability of admission acceptance given non-male gender.
8. Compare the calculated probabilities to determine the answer.
9. Conclude based on the comparison.

The final answer is: $\boxed{Yes}$"
903,yes,"step by step.

1. **Full Response**: 
The probability of vaccination is given as 76%, which means that out of the total population, 76% are vaccinated. The probability of lack of vaccination and smallpox survival is 8%, indicating that 8% of the population neither got vaccinated nor survived smallpox. The probability of vaccination and smallpox survival is 26%, meaning that 26% of the population both got vaccinated and survived smallpox.

To determine if the chance of smallpox survival is larger when observing vaccination, we need to compare the probability of survival among those vaccinated to the overall probability of survival. However, the direct comparison requires calculating the probability of survival among the unvaccinated and the vaccinated separately.

Given:
- P(Vaccination) = 76% or 0.76
- P(No Vaccination and Survival) = 8% or 0.08
- P(Vaccination and Survival) = 26% or 0.26

We can infer the probability of no vaccination as follows: P(No Vaccination) = 1 - P(Vaccination) = 1 - 0.76 = 0.24

The probability of survival among the vaccinated can be directly taken from the given data as 26% (since it's the probability of both being vaccinated and surviving). To compare, we need the probability of survival among all individuals, which isn't directly provided but can be inferred by adding the probabilities of survival in both vaccinated and unvaccinated groups.

The probability of survival among the unvaccinated is given as 8%. To find the probability of survival in the vaccinated group alone, we consider that 26% of the total population is both vaccinated and survived, but to understand the comparative advantage, we should look at the conditional probabilities.

2. **Summary of Full Response in Concise Steps**:
- Calculate the probability of no vaccination: 1 - 0.76 = 0.24
- Identify the probability of survival in the vaccinated group: 26%
- Recognize that to compare survival chances, we need conditional probabilities (survival given vaccination and survival given no vaccination)
- The probability of survival given vaccination can be calculated by dividing the probability of vaccination and survival by the probability of vaccination: P(Survival|Vaccination) = P(Vaccination and Survival) / P(Vaccination)
- The probability of survival given no vaccination can similarly be calculated: P(Survival|No Vaccination) = P(No Vaccination and Survival) / P(No Vaccination)

3. **Yes or No Answer**: 
To directly answer if the chance of smallpox survival is larger when observing vaccination without calculating the exact conditional probabilities:
- Given that vaccination is associated with a significant portion of the survival cases (26% out of the total, with the rest being 8% for no vaccination and survival), and considering the vaccination rate is high (76%), it suggests a strong association between vaccination and survival.
- However, the actual comparison requires calculating P(Survival|Vaccination) and P(Survival|No Vaccination) to conclusively determine if survival is more likely with vaccination.

Let's calculate these conditional probabilities:
- P(Survival|Vaccination) = 0.26 / 0.76
- P(Survival|No Vaccination) = 0.08 / 0.24

Calculating these values:
- P(Survival|Vaccination) = 0.26 / 0.76 ≈ 0.3421
- P(Survival|No Vaccination) = 0.08 / 0.24 ≈ 0.3333

Given these calculations, the chance of survival is indeed slightly larger when observing vaccination, although the difference is small.

**Yes**"
904,yes,"Step-by-Step Reasoning:**
1. Identify the two methods for analyzing the correlation between Alice waking up and arriving at school.
2. Consider the factors that can affect this correlation, such as traffic.
3. Evaluate the appropriateness of each method in accounting for these factors.
4. Determine which method provides a more accurate analysis based on the consideration of specific conditions.

**Yes or No Answer:** No"
905,yes,"Step-by-Step Reasoning:**
1. Identify the probabilities given for taking medication and not taking medication.
2. Calculate the probability of having a healthy heart for both scenarios (taking and not taking medication).
3. Combine these probabilities to find the overall probability of having a healthy heart.
4. Compare the overall probability of a healthy heart to the probability of heart problems.

**Yes or No Answer:** Yes"
906,no,"step-by-step reasoning:
1. Identify the probability of high exam scores for students who are not encouraged (28%).
2. Identify the probability of high exam scores for students who are encouraged (71%).
3. Compare the two probabilities to determine the effect of encouragement.

Given that 71% is significantly higher than 28%, encouragement increases the probability of a high exam score.

The answer to whether encouragement decreases the chance of a high exam score is: No."
907,yes,"Step-by-step reasoning:
1. Calculate the probability of a high salary for those with a college degree or higher: 0.23 * 0.29
2. Calculate the probability of a high salary for those without a college degree: 0.77 * 0.79
3. Add these probabilities to find the overall probability of a high salary
4. Compare this probability to 50% to determine if high salary is more or less likely than low salary

Yes or no answer: No"
908,yes,"Step-by-step reasoning:
1. Identify the recovery rates for each group (with and without pre-conditions, with and without the vaccine).
2. Calculate the overall probability of recovery without the vaccine by weighting the recovery rates by the proportion of the population with and without pre-conditions.
3. Calculate the overall probability of recovery with the vaccine in the same manner.
4. Compare the overall recovery rates to determine if the vaccine increases the chance of recovery.

Yes or no answer: Yes."
909,yes,"Step-by-Step Reasoning:
1. Identify the given probabilities: 31% for children with unintelligent parents and 62% for children with intelligent parents.
2. Understand the question: Determine if intelligent parents decrease the chance of having an intelligent child.
3. Compare the probabilities: Intelligent parents have a higher probability (62%) of having an intelligent child compared to unintelligent parents (31%).
4. Conclusion: Intelligent parents increase, rather than decrease, the probability of having an intelligent child.

Yes or No Answer: No"
910,no,"Step-by-step reasoning:
   - Identify the probability of high salary without a college degree: 61%.
   - Identify the probability of high salary with a college degree or higher: 81%.
   - Compare the two probabilities to determine the effect of a college degree on the chance of high salary.
   - If the probability with a college degree is higher, then a college degree increases the chance of high salary. If it's lower, then it decreases the chance.

3. No."
911,yes,"Step-by-Step Reasoning:
- Identify the probability of long lifespan for normal weight people: 59%.
- Identify the probability of long lifespan for obese people: 79%.
- Compare the probabilities to determine the effect of obesity on the chance of long lifespan.
- Since 79% is greater than 59%, obesity does not decrease but rather increases the chance of long lifespan based on the given information.

3. Yes or No Answer: No"
912,yes,"step-by-step reasoning:
    - The correlation coefficient between talent and being hard-working is -0.00.
    - This indicates no linear relationship between the two variables among students in elite institutions.
    - Correlation does not imply causation, and its absence does not rule out a causal relationship.
    - The context is specific to students already accepted into elite institutions, implying a baseline level of talent and hard work.

3. Yes or no answer: No"
913,yes,"Step-by-Step Reasoning:**
1. Understand the goal: Determine the more correct method for understanding the husband's effect on the alarm clock.
2. Analyze Method 1: Case-by-case analysis based on the wife's observations, offering detailed insights into specific situations.
3. Analyze Method 2: Generalized analysis of the husband's effect on the alarm clock, providing a broad view without specific contexts.
4. Compare the methods based on the goal: If detailed, nuanced understanding is preferred, especially considering the wife's perspective, Method 1 might be more appropriate.

**Yes or No Answer:** Yes"
914,yes,"Step-by-Step Reasoning:
1. Identify the probability of scurvy in patients not consuming citrus: 58%.
2. Identify the probability of scurvy in patients consuming citrus: 32%.
3. Compare the two probabilities to determine the effect of citrus intake on scurvy.
4. If the probability of scurvy is lower in patients consuming citrus, then citrus intake decreases the chance of scurvy.

Yes or No Answer: Yes"
915,yes,"Step-by-Step Reasoning:**
1. Determine the percentage of the population that takes all assigned drugs and those who do not.
2. Calculate the probability of low cholesterol for each group based on given rates.
3. Combine these probabilities to find the overall probability of low cholesterol.
4. Compare the overall probability of low cholesterol to 50% to determine if it's less likely than high cholesterol.

**Yes or No Answer:** Yes"
916,yes,"Step-by-Step Reasoning:**
1. Identify the probabilities of long lifespan for each group (normal weight with/without diabetes, obese with/without diabetes).
2. Compare the decrease in probability of long lifespan due to diabetes in both normal weight and obese individuals.
3. Consider the role of diabetes as a factor influencing lifespan in obese vs. normal weight individuals.
4. Evaluate if any given data suggest obesity could have a positive effect on lifespan through diabetes.

**Yes or No Answer:** No"
917,yes,"Step-by-step reasoning:
1. Calculate the probability of being encouraged and getting a high score: 0.98 * 0.46
2. Calculate the probability of not being encouraged and getting a high score: 0.02 * 0.72
3. Add these probabilities to find the overall probability of a high exam score
4. Compare this overall probability to 50% to determine if a high exam score is less likely than a low exam score

Yes or no answer: Yes"
918,yes,"Step-by-Step Reasoning:**
1. Identify given probabilities: P(S) = 0.62, P(LC and NS) = 0.19, P(LC and S) = 0.41.
2. Calculate P(NS) as 1 - P(S) = 1 - 0.62 = 0.38.
3. Calculate P(LC|NS) by dividing P(LC and NS) by P(NS): 0.19 / 0.38.
4. Calculate P(LC|S) by dividing P(LC and S) by P(S): 0.41 / 0.62.
5. Compare P(LC|S) and P(LC|NS) to determine if the chance of lung cancer is larger when observing smoking.

**Yes or No Answer:** Yes"
919,no,"step-by-step reasoning involves:
   - Identifying the probability of arriving on time when waking up late: 86%.
   - Identifying the probability of arriving on time when waking up on time: 47%.
   - Comparing these probabilities to determine if waking up on time would result in a lower likelihood of arriving on time compared to waking up late.

3. No."
920,yes,"Step-by-Step Reasoning**
1. Identify the probability of a healthy heart for people not taking medication: 67%.
2. Identify the probability of a healthy heart for people taking medication: 44%.
3. Compare the two probabilities to determine if taking medication increases the chance of a healthy heart.
4. Since 67% (not taking medication) is greater than 44% (taking medication), taking medication does not increase the chance of a healthy heart.

**Yes or No Answer**
No"
921,yes,"Step-by-Step Reasoning**
1. **Understanding Method 1**: This method looks at the general correlation between gender and admission status.
2. **Understanding Method 2**: This method analyzes the correlation between gender and admission status on a case-by-case basis according to department competitiveness.
3. **Comparing Methods**: Method 2 provides a more nuanced view by considering departmental differences, which could significantly affect the correlation between gender and admission status.
4. **Conclusion**: Given the importance of departmental competitiveness in admission decisions, Method 2 is more likely to provide an accurate understanding of how gender affects admission status.

**Yes or No Answer**: No"
922,yes,"Step-by-Step Reasoning:
- High cigarette tax and confounder active causes smoking mother.
- Confounder active and smoking mother causes normal infant birth weight.
- Observing low cigarette tax and confounder active; considering impact on infant birth weight if mother smokes.
- Given the direct relationship provided, smoking mother with confounder active should lead to normal infant birth weight, not low.

3. Yes or no answer: No"
923,yes,"Step-by-Step Reasoning**:
   - Identify the major risk factor for lung cancer, which is smoking.
   - Recognize that Method 1 controls for smoking when analyzing the gene-lung cancer correlation.
   - Understand that Method 2 does not control for smoking.
   - Determine that controlling for smoking is essential for accurately assessing the genetic risk factors for lung cancer.
   - Conclude that Method 1 provides a more accurate understanding of how a gene affects lung cancer.

3. **Yes or No Answer**: Yes."
924,yes,"Step-by-Step Reasoning:**
1. Calculate the probability of dying for each group (vaccinated and not vaccinated) by subtracting the recovery rate from 100%.
2. Determine the overall probability of recovering by adding the product of the probability of getting the vaccine and its recovery rate to the product of the probability of refusing the vaccine and its recovery rate.
3. Determine the overall probability of dying by adding the product of the probability of getting the vaccine and its death rate to the product of the probability of refusing the vaccine and its death rate.
4. Compare the overall probabilities of recovering and dying to determine which is more likely.

**Yes or No Answer:** No"
925,yes,"Step-by-step reasoning:
1. Identify the given probabilities for long lifespan and diabetes among different groups.
2. Analyze how diabetes affects the probability of long lifespan in both normal weight and obese individuals.
3. Consider the role of smoking in these probabilities, given its high prevalence.
4. Determine if the data supports a conclusion that obesity negatively affects lifespan specifically through diabetes.

Yes or no answer: No"
926,yes,"Step-by-Step Reasoning:**
1. Identify the probabilities of smoking and nonsmoking.
2. Calculate the probability of lung cancer among smokers and nonsmokers separately.
3. Sum these probabilities to find the overall probability of lung cancer.
4. Compare the overall probability of lung cancer to 50% to determine if lung cancer or its absence is more likely.

**Yes or No Answer:** No"
927,yes,"Step-by-Step Reasoning:**
1. Calculate the probability of not taking medication.
2. Calculate the conditional probability of a healthy heart given no medication.
3. Calculate the conditional probability of a healthy heart given medication.
4. Compare the conditional probabilities to determine if taking medication is associated with a higher chance of a healthy heart.

**Yes or No Answer:** No"
928,yes,"Step-by-Step Reasoning:**
1. Identify the increase in lung cancer risk due to high tar deposit in both nonsmokers and smokers.
2. Compare these increases to understand the differential impact of tar deposit on lung cancer risk in smokers vs nonsmokers.
3. Recognize that while smoking increases the risk of high tar deposit, the question is whether this pathway (through tar deposit) negatively affects lung cancer risk.

**Yes or No Answer:** No."
929,yes,"Step-by-Step Reasoning**:
- Identify the probabilities of high tar deposit in nonsmokers and smokers.
- Note the probabilities of lung cancer with and without tar deposit in both groups.
- Compare the increase in lung cancer risk due to tar deposit in both groups.
- Consider the overall probability of smoking and its implication on tar deposit and lung cancer risk.

3. **Yes or No Answer**: Yes."
930,yes,"Step-by-step reasoning:
1. Compare the probabilities of a healthy heart for individuals with low blood pressure who are and are not taking medication.
2. Compare the probabilities of a healthy heart for individuals with high blood pressure who are and are not taking medication.
3. Assess if the use of medication consistently improves the probability of a healthy heart across different blood pressure conditions.

Yes or no answer: No."
931,yes,"Step-by-Step Reasoning:**
1. Calculate the probability of a camper lighting a match and not lighting a match.
2. Calculate the weighted probability of the forest being on fire given the scenarios of a match being lit or not.
3. Compare the overall probability of the forest being on fire to the probability of it not being on fire.

**Yes or No Answer:** No"
932,yes,"Step-by-Step Reasoning:
- Identify the probability of scurvy in patients not consuming citrus: 54%.
- Identify the probability of scurvy in patients consuming citrus: 24%.
- Compare the probabilities to determine the effect of citrus intake on scurvy risk.
- Since 24% is less than 54%, citrus intake decreases the risk of scurvy.

3. Yes or No Answer: No"
933,yes,"Step-by-Step Reasoning**
1. Understand the two methods: Method 1 looks at the general correlation, while Method 2 considers the correlation case by case.
2. Recognize the limitations of Method 1: It may not account for specific circumstances or confounding variables.
3. Consider the advantages of Method 2: It provides a nuanced view by accounting for unobserved confounders on a case-by-case basis.
4. Determine which method offers a more accurate representation of the relationship between education level and salary.

**Yes or No Answer**
No"
934,no,"Step-by-Step Reasoning**:
- Calculate \(P(L|A)\) and \(P(L|\bar{A})\).
- Compare these conditional probabilities to determine if the chance of low cholesterol is larger when taking all assigned drugs.

3. **Yes or No Answer**: 
To calculate:
- \(P(L|A) = \frac{0.13}{0.51} \approx 0.255\)
- \(P(L|\bar{A}) = \frac{0.21}{0.49} \approx 0.429\)

Since \(P(L|\bar{A}) > P(L|A)\), the chance of low cholesterol is actually larger when not taking any assigned drugs. Therefore, the answer to whether the chance of low cholesterol is larger when observing the taking of all assigned drugs is **No**."
935,yes,"Step-by-step reasoning:
1. Method 1 analyzes medication's effect on heart condition case by case, considering blood pressure.
2. Method 2 looks at the general correlation without considering specific variables like blood pressure.
3. Method 1 offers a more nuanced understanding by accounting for variability in individual health conditions.
4. Method 2 might lead to oversimplified conclusions due to its generalized approach.
5. Therefore, Method 1 is more appropriate for understanding the impact of medication on heart conditions due to its consideration of critical variables like blood pressure.

Yes."
936,yes,"Step-by-Step Reasoning:**
1. Understand the given relationships: Old age contributes to high hospital bills, and both old age and high hospital bills contribute to recovery.
2. Analyze the scenario: The patient is old, which could naturally lead to higher hospital bills due to the need for more care.
3. Consider the implication of a low hospital bill: It might imply less care than what is typically associated with recovery for an older patient.
4. Determine the potential impact on recovery: Less care (implied by lower bills) could negatively affect recovery if the patient needs more intensive care.

**Yes or No Answer:** Yes"
937,yes,"Step-by-Step Reasoning:**
1. Consider the general correlation between gender and salary (Method 1) to understand overall trends.
2. Recognize the limitations of Method 1, including its potential to be skewed by occupational distribution.
3. Evaluate Method 2, which analyzes the correlation within specific occupations to identify more precise disparities.
4. Determine that Method 2 offers a more detailed insight into how gender affects salary.

**Yes or No Answer:** No"
938,yes,"Step-by-step reasoning:
1. Calculate the percentage of students not encouraged and their probability of high exam scores.
2. Calculate the percentage of students encouraged and their probability of high exam scores.
3. Combine these probabilities to find the overall probability of high exam scores.
4. Compare this to the probability of low exam scores to determine which is more likely.

Yes or no answer: No"
939,yes,"Step-by-Step Reasoning:
- The patient is not male.
- Being not male means the patient does not receive treatment based on the first condition.
- Recovery is caused by either being male or receiving treatment.
- Since the patient is not male, the only remaining factor for recovery is receiving treatment.
- Without treatment, there's no indicated cause for recovery based on the given conditions.

3. Yes or no answer: No."
940,yes,"Step-by-Step Reasoning**:
   - Calculate the probability of recovery given treatment by dividing the probability of treatment and recovery by the probability of receiving treatment.
   - Calculate the probability of recovery without treatment by dividing the probability of no treatment and recovery by the probability of not receiving treatment.
   - Compare the two calculated probabilities to determine if the chance of recovery is larger with treatment.

3. **Yes or No Answer**: No"
941,yes,"Step-by-Step Reasoning:
- Identify the goal: Understand how maternal smoking affects infant birth weight.
- Consider Method 1: Analyzes the correlation case by case, accounting for unobserved confounders.
- Consider Method 2: Analyzes the general correlation without considering unobserved confounders.
- Evaluate the importance of controlling for unobserved confounders in establishing a causal relationship.

3. Yes or No Answer: Yes"
942,yes,"Step-by-Step Reasoning**:
- Identify the probability of waking up late and arriving on time: 13%.
- Calculate the conditional probability of arriving on time given waking up late: 13%/49%.
- Identify the probability of waking up on time and arriving on time: 31%.
- Calculate the probability of waking up on time: 100% - 49% = 51%.
- Calculate the conditional probability of arriving on time given waking up on time: 31%/51%.
- Compare these conditional probabilities to determine if arriving on time is more likely when waking up late.

3. **Yes or No Answer**: No."
943,yes,"Step-by-step reasoning:
1. Calculate the probability of reduced supply: 100% - 60% = 40%.
2. Calculate the probability of increased price given reduced supply: 63% of 40% = 0.4 * 0.63.
3. Calculate the probability of increased price given increased supply: 40% of 60% = 0.6 * 0.4.
4. Add the probabilities of increased price from both scenarios to get the overall probability of increased price.
5. Compare the overall probability of increased price to 50% to determine if it's more likely than reduced price.

Yes or no answer: No."
944,yes,"**Full Response**
To determine whether Method 1 is more correct than Method 2 for understanding how gender affects salary, we need to consider the complexities of the relationship between gender and salary. Method 1 involves looking directly at how gender correlates with salary in general, which can provide a broad overview of any disparities. However, this approach might mask important details, as it doesn't account for differences in occupations, qualifications, experience, and other factors that could influence salary. On the other hand, Method 2 involves analyzing the correlation case by case according to occupation, which allows for a more nuanced understanding. By controlling for occupation, this method can help isolate the effect of gender on salary within specific job categories, providing a clearer picture of whether gender-based disparities exist and to what extent.

**Summary of Reasoning**
1. Method 1 provides a broad overview but lacks specificity and might not account for confounding variables.
2. Method 2 offers a more detailed analysis by considering occupation, which can help control for variables like job type, qualifications, and experience.
3. The goal is to accurately understand how gender affects salary, which requires considering the specific contexts (like occupation) in which salaries are determined.

**Yes or No Answer**
No"
945,yes,"Step-by-Step Reasoning**:
- Identify the given probabilities of recovery based on gender and treatment.
- Calculate the overall probability of recovery without treatment, considering the gender distribution.
- Calculate the overall probability of recovery with treatment, considering the gender distribution.
- Compare the two probabilities to determine which scenario is more likely to result in recovery.

3. **Yes or No Answer**: Yes"
946,yes,"Step-by-Step Reasoning**
1. Identify the goal: Understand how a gene affects lung cancer.
2. Consider Method 1: Looks at the general correlation between the gene and lung cancer.
3. Consider Method 2: Examines the correlation while accounting for smoking status.
4. Recognize the importance of controlling for smoking as a confounding variable.
5. Determine that Method 2 provides a more nuanced and potentially accurate understanding by accounting for smoking.

**Yes or No Answer**
No"
947,yes,"Step-by-Step Reasoning:
- Identify the probability of admission for males: 44%.
- Identify the probability of admission for non-males: 90%.
- Compare the probabilities to determine the effect of not being male on admission likelihood.
- Since 90% (non-male) is greater than 44% (male), not being male increases the likelihood of admission acceptance.

3. Yes or No Answer: No"
948,yes,"Step-by-step reasoning:
1. Identify the probabilities of admission based on gender and department type.
2. Calculate the probability of being in a competitive or non-competitive department for both males and non-males.
3. Compute the overall admission probability for each gender by considering the department probabilities and corresponding admission rates.
4. Compare the overall admission probabilities for males and non-males to determine if gender has a positive effect on admission status when disregarding department competitiveness.

Yes or no answer: Yes."
949,yes,"Step-by-step reasoning:
1. Calculate the probability of being a nonsmoker.
2. Calculate the weighted probability of lung cancer among smokers and nonsmokers.
3. Compare the overall probability of lung cancer to the probability of not having lung cancer.

Yes or no answer: No"
950,yes,"Step-by-Step Reasoning**:
- Identify given probabilities: P(S) = 0.82, P(NS and CA) = 0.16, P(S and CA) = 0.39.
- Calculate P(NS): 1 - P(S) = 0.18.
- Calculate conditional probabilities P(CA|S) and P(CA|NS) using the formula P(A|B) = P(A and B) / P(B).
- Compare the calculated probabilities to determine if the chance of college admission is larger when observing smoking.

3. **Yes or No Answer**: No."
951,yes,"Step-by-Step Reasoning**
1. Identify the context of the question: Understanding how personality affects appearance.
2. Evaluate Method 1: Case-by-case analysis within the context of relationship status.
3. Evaluate Method 2: General analysis of personality and appearance correlation without considering relationship status.
4. Determine the focus: General understanding versus relationship-specific understanding.
5. Choose the method based on the focus: For a general understanding, Method 2 might be more suitable, but for relationship-specific insights, Method 1 could be more appropriate.

**Yes or No Answer**
No"
952,no,"step-by-step reasoning:
1. Identify given probabilities.
2. Calculate the probability of recovery given a high and low hospital bill.
3. Compare these probabilities to determine which is larger.

The final answer is: $\boxed{No}$"
953,yes,"Step-by-step reasoning:
1. Identify the goal: Understand how education level affects salary.
2. Consider Method 1: Analyzes education-salary correlation case by case, accounting for unobserved confounders.
3. Consider Method 2: Analyzes the general education-salary correlation without accounting for unobserved confounders.
4. Evaluate the methods: Method 1 provides a more nuanced analysis by controlling for potential biases.
5. Conclusion: Method 1 is more correct for understanding the effect of education on salary.

Yes."
954,yes,"Step-by-Step Reasoning**:
   - Calculate the probability of being unattractive: 100% - 42% = 58%.
   - Calculate the probability of talent among attractive individuals: 42% * 14%.
   - Calculate the probability of talent among unattractive individuals: 58% * 14%.
   - Sum these probabilities to find the overall probability of talent: 5.88% + 8.12% = 14%.
   - Calculate the probability of lack of talent: 100% - 14% = 86%.
   - Compare the probabilities to determine if talent is less likely than lack of talent.

3. **Yes or No Answer**: Yes."
955,yes,"Step-by-Step Reasoning**
1. Identify the factors influencing vaccine refusal and disease recovery.
2. Recognize the absence of pre-conditions in the person.
3. Understand the relationship between pre-conditions, vaccine, and recovery.
4. Infer the potential impact of the vaccine on recovery without pre-conditions.

**Yes or No Answer**
Yes"
956,yes,"Step-by-Step Reasoning**:
   - Calculate the probability of a long lifespan for normal weight individuals, considering both smokers and nonsmokers, and the associated probabilities of diabetes.
   - Calculate the probability of a long lifespan for obese individuals, similarly considering smoking status and diabetes probabilities.
   - Compare these probabilities to determine if obesity negatively affects lifespan when disregarding the mediation effect through diabetes.

3. **Yes or No Answer**: 
   - To directly answer the question based on the provided information and the steps outlined, we must recognize that detailed calculations for each group (normal weight and obese, considering smoking and nonsmoking status, and their respective diabetes probabilities) are necessary to accurately compare the overall probabilities of a long lifespan.
   - However, given the information provided and the instruction to disregard the mediation effect through diabetes, we observe that the probabilities of a long lifespan are generally lower for obese individuals compared to normal weight individuals across the given scenarios.
   - **Yes**."
957,yes,"Step-by-Step Reasoning**
1. Consider the complexity of the relationship between hospital costs and recovery.
2. Recognize that Method 1 provides a general overview but may overlook important age-related differences.
3. Acknowledge that Method 2 offers a more detailed analysis by accounting for age-related variables.
4. Determine that understanding the impact of hospital costs on recovery benefits from considering specific age groups.

**Yes or No Answer**
No"
958,yes,"Step-by-Step Reasoning:
- Identify the recovery probabilities for patients who pay a high hospital bill: 14% for young, 92% for old.
- Identify the recovery probabilities for patients who pay a low hospital bill: 3% for young, 77% for old.
- Consider the impact of switching from a high to a low hospital bill on recovery probability for both age groups.
- Recognize that for both age groups, switching to a low hospital bill decreases the probability of recovery.

3. Yes or No Answer: No"
959,yes,"Step-by-Step Reasoning:
- Identify the probability of a dark room when candles are not blown out: 86%.
- Identify the probability of a dark room when candles are blown out: 55%.
- Compare the two probabilities to determine in which scenario a dark room is more likely.

3. Yes or no answer: Yes."
960,yes,"Step-by-Step Reasoning:**
1. Understand the given probabilities: 42% receive treatment, 21% recover without treatment, and 22% recover with treatment.
2. Recognize that the probability of recovery without treatment (21%) is directly comparable to the probability of recovery with treatment (22%) as given.
3. Realize that to assess if recovery is smaller with treatment, we compare the given probabilities directly since they represent outcomes of recovery with and without treatment.

**Yes or No Answer:** No"
961,yes,"Step-by-Step Reasoning:**
1. Identify given probabilities: \(P(V) = 49\%\), \(P(\text{not }V \cap R) = 18\%\), \(P(V \cap R) = 36\%\).
2. Calculate \(P(R|V)\) and \(P(R|\text{not }V)\) to compare recovery rates with and without the vaccine.
3. Compare \(P(R|V)\) and \(P(R|\text{not }V)\) to determine if recovering is more likely with the vaccine.

**Yes or No Answer:** Yes."
962,yes,"Step-by-step reasoning:
   - Identify the survival probabilities: 31% for unvaccinated and 41% for vaccinated.
   - Compare the probabilities to determine the effect of vaccination on survival.
   - Since 41% (vaccinated) is greater than 31% (unvaccinated), vaccination has a positive effect on smallpox survival.

3. Yes."
963,yes,"Step-by-Step Reasoning:
- Identify the probability of admission acceptance for non-males: 68%.
- Identify the probability of admission acceptance for males: 22%.
- Compare the two probabilities to determine the effect of male gender on admission acceptance.
- Since 22% (male) is less than 68% (non-male), male gender decreases the chance of admission acceptance.

3. Yes or No Answer: No"
964,yes,"Step-by-Step Reasoning:
- Identify the probability of admission acceptance for males: 28%.
- Identify the probability of admission acceptance for non-males: 57%.
- Compare the probabilities to determine if not being male would increase the likelihood of admission acceptance.
- Since 57% (non-male) is greater than 28% (male), not being male would increase the likelihood of admission acceptance for an individual who is currently male.

3. Yes or no answer: Yes"
965,yes,"Step-by-Step Reasoning:
1. Identify the probabilities: 89% for respiratory issues, 11% for no respiratory issues.
2. Note the probability of broken bones is 85% in both cases (respiratory issues and no respiratory issues).
3. Recognize that since the probability of broken bones is the same in both conditions, the overall probability of broken bones will also be 85%.
4. Compare the overall probability of broken bones (85%) to the probability of no broken bones (100% - 85% = 15%).
5. Determine if broken bones are less likely than no broken bones based on these probabilities.

Yes or No answer: Yes."
966,yes,"Step-by-Step Reasoning**:
- Identify given probabilities: P(College+), P(High School- and High Salary), P(College+ and High Salary).
- Calculate P(High Salary | College+) using the formula for conditional probability.
- Compare the calculated probability with the overall probability of high salary to assess if it's smaller.

3. **Yes or No Answer**: No."
967,yes,"Step-by-Step Reasoning**:
   - Determine the probability of a student being talented and not talented.
   - Identify the probability of being hard-working for both talented and non-talented students.
   - Calculate the probability of being lazy for both groups.
   - Compare the probabilities to determine if being hard-working is less likely than being lazy.

3. **Yes or No Answer**: No"
968,yes,"Step-by-Step Reasoning:
- Identify relationships: Living close to college → College degree or higher; College degree or higher → High salary.
- Consider the scenario: Person lives close to college, confounder is inactive.
- Analyze the question: Having a college degree or higher, would the employee have a low salary?
- Conclusion: Having a college degree or higher is associated with a high salary, not a low salary, based on given relationships.

3. Yes or No Answer: No"
969,yes,"To determine if a high exam score is less likely than a low exam score overall, we need to calculate the overall probability of achieving a high exam score. We know that 45% of students are encouraged, which implies that 55% are not encouraged. The probability of a high exam score for those not encouraged is 21%, and for those who are encouraged, it is 87%.

First, calculate the probability of a high exam score among all students by considering both groups (encouraged and not encouraged). The probability of a high exam score among all students can be found by adding the probability of being encouraged and scoring high to the probability of not being encouraged and scoring high.

Probability of being encouraged and scoring high = Probability of being encouraged * Probability of scoring high given encouragement
= 0.45 * 0.87
= 0.3915

Probability of not being encouraged and scoring high = Probability of not being encouraged * Probability of scoring high given no encouragement
= 0.55 * 0.21
= 0.1155

Total probability of scoring high = Probability of being encouraged and scoring high + Probability of not being encouraged and scoring high
= 0.3915 + 0.1155
= 0.507

This means the overall probability of achieving a high exam score is 50.7%, which is greater than 50%. Therefore, a high exam score is not less likely than a low exam score overall.

Summary:
1. Calculate the probability of being encouraged and scoring high: 45% * 87% = 39.15%.
2. Calculate the probability of not being encouraged and scoring high: 55% * 21% = 11.55%.
3. Add these probabilities to find the total probability of scoring high: 39.15% + 11.55% = 50.7%.
4. Since 50.7% is greater than 50%, high exam scores are not less likely than low exam scores.

Yes or No answer: No"
970,yes,"Step-by-Step Reasoning:
- Identify the probability of admission acceptance for males: 38%.
- Identify the probability of admission acceptance for non-males: 68%.
- Compare the probabilities to determine if being male is associated with a lower likelihood of admission acceptance.
- Conclusion: Since 68% (non-male) is greater than 38% (male), not being male is associated with a higher probability of admission acceptance.

3. Yes or no answer: Yes"
971,yes,"Step-by-Step Reasoning:**
1. Identify the causal pathways provided: Living close to a college (or confounder active) leads to college degree or higher, which leads to high salary.
2. Consider the given scenario: The person lives far from a college and the confounder is inactive, suggesting a disruption in the pathway to higher education and salary.
3. Analyze the question's focus: The impact of having a high school degree or lower instead of a college degree or higher on salary, given the person's circumstances.
4. Reason that the circumstances (distance from college and inactive confounder) already suggest a lower likelihood of achieving a high salary.
5. Conclude that having a high school degree or lower in these circumstances would likely result in a low salary, based on the provided relationships and the individual's context.

**Yes or No Answer:** Yes"
972,yes,"Step-by-Step Reasoning:**
1. Calculate the probability of high salary given male gender using conditional probability formula.
2. Calculate the overall probability of high salary by summing the probabilities of high salary for both male and non-male genders.
3. Compare the calculated probabilities to determine if the chance of high salary is smaller for males.

**Yes or No Answer:** Yes"
973,yes,"Step-by-Step Reasoning:**
1. Calculate the probability of being young as 100% - probability of being old.
2. Calculate weighted recovery probabilities for low and high bill patients in both age groups.
3. Sum the weighted probabilities for low and high bills separately to get overall recovery probabilities for each billing category.
4. Compare the overall recovery probabilities for high and low bills to determine if a high hospital bill increases the chance of recovery.

**Yes or No Answer:** Yes"
974,yes,"Step-by-Step Reasoning**
1. Understand the given correlation coefficient (-0.02) and its implications.
2. Recognize that a correlation coefficient close to zero indicates a weak relationship.
3. Consider that the absence of a strong correlation does not necessarily imply the absence of any effect.
4. Note that the question is about whether respiratory issues affect broken bones, not about the strength or direction of the correlation.
5. Determine that a weak correlation does not conclusively mean there is no effect, but in the context of the question, it suggests a lack of significant direct relationship.

**Yes or No Answer**
No"
975,yes,"**Full Response:**
When considering the relationship between hospital costs and recovery, it's essential to account for various factors that could influence this correlation. Method 1 involves looking at the general correlation between hospital costs and recovery across all cases, without considering specific patient characteristics. This approach might provide a broad overview but could mask important variations in how different groups of patients respond to treatment based on factors like age. On the other hand, Method 2 involves analyzing the correlation case by case according to age, which allows for a more nuanced understanding of how hospital costs impact recovery in different age groups. This method acknowledges that the effectiveness and cost of treatments can vary significantly across different age groups due to differences in health status, comorbidities, and physiological responses to treatment.

**Summary of Reasoning:**
1. Method 1 provides a general overview of the correlation between hospital costs and recovery.
2. Method 2 offers a more detailed analysis by considering the impact of age on the correlation.
3. Accounting for age can significantly affect the understanding of how hospital costs influence recovery due to varying health needs and responses to treatment across different age groups.

**Yes or No Answer:** No"
976,yes,"Step-by-step reasoning:**
1. Identify given probabilities for smoking, not smoking, and college admission conditional on smoking status.
2. Calculate the overall probability of college admission using the law of total probability.
3. Compare the calculated probability of college admission to the probability of college rejection.
4. Determine if college admission is less likely than college rejection based on the comparison.

**Yes or no answer:** No"
977,yes,"Step-by-Step Reasoning:**
1. Identify the probabilities of smoking and nonsmoking in the population.
2. Note the conditional probabilities of lung cancer given smoking and nonsmoking status.
3. Calculate the overall probability of lung cancer using the weighted average based on smoking prevalence.
4. Compare the calculated probability of lung cancer to the probability of not having lung cancer.

**Yes or No Answer:** Yes."
978,yes,"Step-by-Step Reasoning**
1. Identify the primary goal: Understand the relationship between water quality and cholera.
2. Consider Method 1: It looks at the general correlation between water quality and cholera incidence.
3. Consider Method 2: It examines the correlation on a case-by-case basis, focusing on poverty.
4. Evaluate Method 1's ability to directly address the goal without additional variables.
5. Recognize that while poverty is important, the primary focus is on water quality's effect on cholera.

**Yes or No Answer**
Yes"
979,yes,"Step-by-Step Reasoning:
- Identify the probability of admission acceptance for male individuals: 18%.
- Identify the probability of admission acceptance for non-male individuals: 37%.
- Compare the probabilities to determine if being non-male increases the likelihood of admission acceptance.
- Since 37% (non-male) is greater than 18% (male), not being male would increase the likelihood of admission acceptance.

3. Yes or No Answer: No"
980,yes,"step-by-step reasoning:**
1. Calculate the probability of being in a competitive department for non-male and male applicants.
2. Use these probabilities to find the overall probability of admission for each group.
3. Compare the overall probabilities of admission between non-male and male applicants.

**Yes or No answer:** Yes"
981,yes,"Step-by-Step Reasoning:**
1. Calculate the probability of penguin death for those taking the stairs by considering the probabilities of penguin happiness and sadness and their respective death rates.
2. Calculate the probability of penguin death for those taking the elevator using the same approach.
3. Compare the two probabilities to determine which mode of transportation is associated with a lower probability of penguin death.

**Yes or No Answer:** Yes"
982,yes,"Step-by-Step Reasoning:
- Encouragement leads to lack of studying.
- Encouragement combined with studying hard leads to high exam scores.
- Replacing discouragement with encouragement may reduce studying effort due to less motivation to prove oneself or overcome doubts.
- Less studying is associated with lower exam scores.

3. Yes or no answer: Yes"
983,yes,"Step-by-Step Reasoning**
1. Understand the given correlation coefficient (-0.14) indicates a weak negative relationship.
2. Recognize that correlation does not imply causation.
3. Consider potential external factors that could influence both variables.
4. Account for the specific context of elite institutions, which may have unique conditions.

**Yes or No Answer**
No"
984,yes,"Step-by-Step Reasoning:
- Identify the goal: Understand the effect of maternal smoking on infant birth weight.
- Consider the role of unobserved confounders in the relationship.
- Method 1 accounts for these confounders case by case.
- Method 2 does not account for these confounders.
- Accounting for confounders typically leads to more accurate conclusions.

3. Yes or no answer: Yes"
985,yes,"Step-by-Step Reasoning:**
1. Compare lung cancer probabilities based on gene type and smoking status.
2. Analyze how gene type affects the likelihood of smoking.
3. Assess the relationship between smoking and lung cancer risk.
4. Determine if the gene's effect on smoking behavior translates to an increased risk of lung cancer.

**Yes or No Answer:** No"
986,yes,"Step-by-Step Reasoning:
- Identify the probability of the alarm ringing when the husband sets the alarm: 27%.
- Identify the probability of the alarm ringing when the husband does not set the alarm: 83%.
- Compare the two probabilities to determine the likelihood of the alarm ringing in each scenario.
- Conclusion: The alarm is more likely to ring if the husband does not set it, based on the given probabilities.

3. Yes or no answer: No"
987,yes,"step-by-step reasoning:
1. Calculate the probability of reduced supply: 100% - 93% = 7%.
2. Calculate the probability of increased price given reduced supply: 7% * 50% = 3.5%.
3. Calculate the probability of increased price given increased supply: 93% * 84% = 78.12%.
4. Calculate the overall probability of increased price: 3.5% + 78.12% = 81.62%.
5. Compare the overall probability of increased price (81.62%) with 50% to determine if increased price is more likely.

Yes."
988,yes,"step-by-step reasoning can be summarized as follows:
1. Understand the basics of supply and demand in economics.
2. Recognize that prices are determined by the intersection of supply and demand.
3. Method 1 accounts for demand variations, offering a more detailed analysis.
4. Method 2 overlooks demand, potentially leading to oversimplified or inaccurate conclusions.
5. Therefore, considering demand is crucial for accurately understanding how supply affects price.

Yes."
989,yes,"Step-by-Step Reasoning**:
    - Calculate \(P(L|T)\) using the formula \(P(L|T) = \frac{P(T \text{ and } L)}{P(T)}\).
    - Compare \(P(L|T)\) with the overall probability of low cholesterol, \(P(L)\), which can be inferred from the given probabilities.

3. **Yes or No Answer**:
Given \(P(T \text{ and } L) = 19\%\) and \(P(T) = 53\%\), 
\[P(L|T) = \frac{19\%}{53\%} \approx 0.3585 \text{ or } 35.85\%.\]

Without the direct overall probability of low cholesterol, \(P(L)\), we cannot directly compare. However, since \(P(L|T)\) is the proportion of those taking all drugs who have low cholesterol, and it's a significant portion (35.85%) of those taking their drugs, we can infer that taking all assigned drugs is associated with a notable incidence of low cholesterol. 

To answer if the chance of low cholesterol is larger when observing the taking of all assigned drugs, we must consider if \(P(L|T) > P(L)\). Given \(P(L|T) = 35.85\%\), and without a direct calculation of \(P(L)\) from the provided information, the question essentially asks if the specific condition (taking all drugs) increases the likelihood of low cholesterol compared to the general population's likelihood of low cholesterol.

Given \(P(T \text{ and } L) = 19\%\) and \(P(\text{not } T \text{ and } L) = 11\%\), the total probability of low cholesterol, \(P(L)\), would be \(19\% + 11\% = 30\%\). Thus, \(P(L|T) > P(L)\) because \(35.85\% > 30\%\).

Therefore, **Yes**."
990,yes,"Step-by-Step Reasoning:
- Identify the probability of a dark room when candles are not blown out: 84%.
- Identify the probability of a dark room when candles are blown out: 50%.
- Compare the probabilities to determine if blowing out candles reduces the likelihood of a dark room.

3. Yes or no answer: No."
991,yes,"Step-by-step reasoning:
1. Calculate the probability of not being encouraged.
2. Calculate the probability of achieving a high score for both encouraged and not encouraged groups.
3. Sum the probabilities of achieving a high score from both groups to find the overall probability of a high exam score.
4. Compare the overall probability of a high exam score to the probability of a low exam score.

Yes or no answer: No."
992,yes,"Step-by-Step Reasoning**:
- Calculate the probability of high salary with a college degree or higher: 90% * 69% = 62.1%.
- Calculate the probability of high salary without a college degree: 10% * 19% = 1.9%.
- Sum these probabilities to find the overall probability of high salary: 62.1% + 1.9% = 64%.
- Compare this probability to 50% to determine if high salary is less likely than low salary.

3. **Yes or No Answer**: No."
993,yes,"Step-by-Step Reasoning:
- Identify the probabilities related to infant mortality and birth weight for both smoking and nonsmoking mothers.
- Recognize potential errors or inconsistencies in the provided data, such as the unusually high probability of high infant mortality for nonsmoking mothers with normal birth weight infants.
- Consider the general knowledge that maternal smoking is associated with increased risks of low birth weight and infant mortality.
- Attempt to infer the relationship between maternal smoking status, infant birth weight, and infant mortality based on the provided and general knowledge.

3. Yes or No Answer: 
No"
994,yes,"Step-by-step reasoning:
   - Identify given probabilities: P(Rainy Season) = 35%, P(Dry Season & Wet Ground) = 31%, P(Rainy Season & Wet Ground) = 21%.
   - Recognize that to compare the likelihood of wet ground during rainy season, we should consider the proportion of the rainy season that is also wet ground.
   - Since P(Rainy Season & Wet Ground) = 21% and P(Rainy Season) = 35%, the proportion of rainy season that is wet is 21%/35%.
   - Compare this proportion to the overall likelihood of wet ground to assess if rainy season increases the chance of wet ground.

3. Yes or no answer: Yes"
995,yes,"Step-by-step reasoning:
1. Identify the probability of recovery with treatment: 33%.
2. Identify the probability of recovery without treatment: 20%.
3. Compare the two probabilities to determine which is larger.

Yes or no answer: Yes."
996,yes,"Step-by-Step Reasoning:**
1. Calculate the overall probability of admission for females by considering the probabilities of being in a competitive or non-competitive department and the corresponding admission rates.
2. Calculate the overall probability of admission for males using the same method as for females.
3. Compare the overall probabilities of admission for males and females to determine if gender positively affects admission status.

**Yes or No Answer:** No."
997,yes,"Step-by-step reasoning:
1. Calculate the probability of lung cancer among smokers and nonsmokers separately.
2. Sum these probabilities to find the overall probability of lung cancer.
3. Compare this overall probability to 50% to determine if lung cancer is more likely than its absence.

Yes or no answer: No"
998,yes,"Step-by-step reasoning:
1. Identify the probabilities of talent for famous attractive and unattractive individuals.
2. Compare these probabilities to determine the relationship between attractiveness and talent among famous people.
3. Conclude based on the comparison whether the chance of talent increases or decreases with attractive appearance for famous individuals.

Yes or no answer: No."
999,no,"Step-by-step reasoning:
   - Identify the probabilities given for increased price and supply based on crop yield.
   - Recognize that in economic theory, increased supply generally leads to decreased prices if demand is constant.
   - Note that the provided probabilities do not directly answer the question but suggest a scenario where increased yield (which can lead to increased supply) has a lower probability of increased price.
   - Consider that the question essentially asks for a causal relationship (does increased supply increase the chance of increased price?) which is not directly answered by the given probabilities but can be inferred through economic principles.

3. No"
