Unnamed: 0,answers,concise_reasoning
0,yes,"Step-by-Step Reasoning:**
1. Identify the probabilities given for a camper lighting a match and the consequent forest fire probabilities.
2. Calculate the probability of a camper not lighting a match.
3. Compute the probability of the forest being on fire in both scenarios (match lit and not lit).
4. Sum these probabilities to find the overall probability of the forest being on fire.
5. Compare this overall probability to 50% to determine if the forest is more likely to be on fire than not.

**Yes or No Answer:** No"
1,yes,"Step-by-Step Reasoning**:
   - Identify the probabilities of a child being intelligent given parental intelligence and social status.
   - Note that for intelligent parents, the probability of an intelligent child is higher (86%) than for unintelligent parents (50%).
   - Recognize that this difference suggests a positive relationship between parental intelligence and child's intelligence.
   - Acknowledge the instruction to disregard the mediation effect of parental social status.

3. **Yes or No Answer**: Yes"
2,yes,"Step-by-Step Reasoning:**
1. Calculate the probability of not using tanning salons: 100% - 3% = 97%.
2. Calculate the weighted probability of tanned skin for users of tanning salons: 3% * 83% = 2.49%.
3. Calculate the weighted probability of tanned skin for non-users of tanning salons: 97% * 27% = 26.19%.
4. Sum the probabilities of tanned skin from both groups: 2.49% + 26.19% = 28.68%.
5. Compare the overall probability of tanned skin (28.68%) to the probability of pale skin (100% - 28.68% = 71.32%): Since 71.32% > 28.68%, pale skin is more likely.

**Yes or No Answer:** No"
3,yes,"Step-by-step reasoning:
1. **Understanding Method 1**: Analyzing the captain-prisoner correlation case by case provides detailed insights into specific interactions and outcomes.
2. **Understanding Method 2**: Looking at the general correlation might reveal broader patterns but could miss unique case-specific factors.
3. **Considering the Opposite**: If Method 2 were better, it would suggest general trends are enough, potentially overlooking important individual case details.
4. **Conclusion**: Method 1 offers a more detailed and nuanced understanding by considering each case's unique factors.

Yes or no answer: Yes."
4,yes,"Step-by-Step Reasoning:**
1. **Understand the goal**: The objective is to understand how talent affects effort.
2. **Analyze Method 1**: It provides a general overview of the talent-effort correlation across various contexts.
3. **Analyze Method 2**: It offers a detailed, context-specific analysis, particularly useful for understanding the talent-effort dynamic within elite institutions.
4. **Compare Methods**: Method 1 is broad and general, while Method 2 is specific and nuanced, especially for elite institution contexts.
5. **Conclusion**: For understanding how talent affects effort, especially in specific contexts like elite institutions, Method 2 is more appropriate due to its focused analysis.

**Yes or No Answer**: No"
5,yes,"Step-by-step reasoning:
1. Identify the probability of being hard-working for both talented and not talented students.
2. Recognize that the probability of being hard-working is independent of talent status.
3. Determine the overall probability of being hard-working.
4. Compare the probability of being hard-working to the probability of being lazy.

Yes or no answer: No."
6,yes,"Step-by-step reasoning:**
1. Calculate the probability of having a small kidney stone: 100% - 47% = 53%.
2. Calculate the overall probability of recovery without treatment using weighted averages based on kidney stone size probabilities.
3. Calculate the overall probability of recovery with treatment using the same method.
4. Compare the overall probabilities of recovery with and without treatment to determine if treatment increases the chance of recovery.

**Yes or no answer:** No"
7,yes,"Step-by-step reasoning:
   - Identify the probability of tanned skin without tanning salon treatment: 21%.
   - Identify the probability of tanned skin with tanning salon treatment: 72%.
   - Consider the effect of removing the tanning salon treatment for someone who went to tanning salons.
   - Since the treatment increases the probability of tanned skin, not having the treatment would decrease this probability.
   - Thus, it would be less likely to see tanned skin if the person had not had a tanning salon treatment, compared to if they had received the treatment.

3. Yes."
8,yes,"step by step.

1. **Full Response**: 
First, we need to understand the given probabilities:
- The overall probability of a camper lighting a match is 99%. This implies that the probability of a camper not lighting a match is 1% (100% - 99%).
- For campers who do not light a match, the probability of the forest being on fire is 78%.
- For campers who light a match, the probability of the forest being on fire is 45%.

To determine if the forest is more likely to be on fire than not, we need to calculate the overall probability of the forest being on fire. This involves calculating the probability of the forest being on fire in both scenarios (match lit and match not lit) and then combining these probabilities.

The probability of the forest being on fire when a match is lit is 99% * 45% (since 99% of campers light a match and 45% of those result in a forest fire).
The probability of the forest being on fire when a match is not lit is 1% * 78% (since 1% of campers do not light a match and 78% of those result in a forest fire).

Calculating these:
- Probability of forest fire when match is lit: 0.99 * 0.45 = 0.4455
- Probability of forest fire when match is not lit: 0.01 * 0.78 = 0.0078

Adding these probabilities gives the overall probability of the forest being on fire: 0.4455 + 0.0078 = 0.4533, or approximately 45.33%.

Since the probability of the forest being on fire (45.33%) is less than the probability of the forest not being on fire (100% - 45.33% = 54.67%), the forest is not more likely to be on fire than not.

2. **Concise Step-by-Step Reasoning**:
- Determine the probability of a camper lighting a match and not lighting a match.
- Calculate the probability of the forest being on fire in both scenarios.
- Combine these probabilities to find the overall probability of the forest being on fire.
- Compare this probability to the probability of the forest not being on fire.

3. **Yes or No Answer**: No"
9,no,"Step-by-step reasoning:
   - Identify the probabilities of wet ground in different seasons.
   - Consider the factors contributing to wet ground (rainfall and sprinkler use).
   - Analyze if the change in season (and thus the weather and potentially sprinkler use) could be seen as having a negative effect on the ground, given the context provided.

3. No."
10,yes,"Step-by-Step Reasoning**:
- Identify the probabilities of cholera contraction and clean water for both local and global water companies.
- Recognize that clean water is a factor in reducing waterborne diseases like cholera.
- Consider that despite the data, the fundamental principle is that clean water should decrease cholera contraction risk.
- Understand that other factors might influence the observed probabilities.

3. **Yes or No Answer**: Yes"
11,yes,"Step-by-step reasoning:
1. Identify the baseline probability of lung cancer for people without smoking genes, which is 49%.
2. Compare this baseline with the probability for people with smoking genes, which is 53%.
3. Determine if there's an increase in probability when considering the smoking genes group versus the nonsmoking genes group.

Given that 53% (probability for people with smoking genes) is greater than 49% (probability for people with nonsmoking genes), it suggests that having smoking genes does indeed increase the chance of lung cancer compared to not having them.

Yes or no answer: Yes"
12,yes,"Step-by-Step Reasoning:**
1. Identify the probabilities of a child being intelligent based on parents' intelligence and social status.
2. Compare these probabilities to assess the direct relationship between parents' intelligence and child's intelligence.
3. Recognize that higher probabilities of intelligent children are associated with intelligent parents across different social statuses.

**Yes or No Answer:** Yes"
13,yes,"A correlation coefficient of -0.05 indicates a very weak negative relationship between attractive appearance and talent among famous people. This suggests that as one variable increases, the other tends to decrease, but the relationship is not strong. To understand if attractive appearance affects talent, we must consider that correlation does not imply causation. The presence of a weak negative correlation does not necessarily mean that attractive appearance causes a decrease in talent or vice versa. It could be that other factors, such as personality, opportunity, or dedication, play a more significant role in determining talent.

The reasoning can be broken down as follows:
1. Understand the correlation coefficient: A correlation of -0.05 is very weak.
2. Recognize the difference between correlation and causation: The relationship between two variables does not imply that one causes the other.
3. Consider other influencing factors: Talent could be influenced by many factors beyond physical appearance.

Given this analysis, the answer to whether attractive appearance does not affect talent among famous people, based on a correlation coefficient of -0.05, is not a straightforward yes or no. However, interpreting the question as asking if attractive appearance has no effect on talent, the data suggests that there is no strong evidence to support the idea that attractive appearance significantly affects talent in either direction, but it does not conclusively prove that appearance has no effect at all.

Yes or no answer: No."
14,yes,"Step-by-step reasoning:
1. Method 1 analyzes medication's effect on heart condition case by case, considering blood pressure.
2. Method 2 looks at the general correlation without focusing on blood pressure.
3. Considering the opposite (Method 2 being more correct) implies blood pressure doesn't significantly affect how medications impact heart conditions, which contradicts known physiological principles.
4. Therefore, the detailed approach (Method 1) is likely more accurate for understanding the relationship between medication and heart conditions.

Yes."
15,yes,"Step-by-step reasoning:
   - Identify the probabilities of death under each scenario: 20% for release, 60% for execution.
   - Consider the role of intermediaries (corporal and private) in carrying out the captain's orders.
   - Recognize that the question implies a comparison of outcomes based on the captain's decision.
   - Infer that the captain's decision directly affects the prisoner's likelihood of death, regardless of intermediaries.

3. Yes."
16,yes,"Step-by-step reasoning:
1. Identify the probabilities of high salary for each gender and occupation combination.
2. Compare these probabilities to determine the direct relationship between gender and salary within each occupation type.
3. Consider the probabilities of being in each occupation based on gender and skill level.
4. Assess how the overall probability of high skill level affects the distribution across occupations.
5. Determine if being male or non-male has a positive effect on salary when not considering occupation.

Yes or no answer: No."
17,yes,"Step-by-step reasoning:
   - High poverty is associated with both clean water and cholera contraction, indicating a complex relationship.
   - The presence of a global water company is linked to clean water, despite the high poverty.
   - The person's water is provided by a local company in a high-poverty region.
   - The question posits a scenario where the person has access to clean water instead of polluted water.

3. Yes."
18,yes,"Step-by-step reasoning:
1. Identify the probability of high salary for females: 39%.
2. Identify the probability of high salary for males: 55%.
3. Compare the probabilities to determine if there's a difference.
4. Since 55% (male probability) is greater than 39% (female probability), male gender is associated with a higher chance of high salary.

Yes."
19,yes,"Step-by-Step Reasoning:**
1. Calculate the probability of a nonsmoking mother: 100% - 94% = 6%.
2. Calculate the weighted probability of high infant mortality for nonsmoking mothers: 52% * 6%.
3. Calculate the weighted probability of high infant mortality for smoking mothers: 32% * 94%.
4. Add the weighted probabilities to find the overall probability of high infant mortality.
5. Compare the overall probability of high infant mortality to 50% to determine if it's more likely than low infant mortality.

**Yes or No Answer:** No"
20,no,"Step-by-step reasoning:
1. Compare the probabilities of normal infant birth weight in areas with low and high cigarette tax.
2. Note the inverse relationship between the prevalence of smoking mothers and the probability of normal infant birth weight.
3. Consider the opposite scenario, where smoking supposedly increases the chance of normal birth weight, and recognize the contradiction with the given data.

Answer: No."
21,yes,"step by step.

First, we know that the overall probability of having a college degree or higher is 92%. This implies that 8% of the population does not have a college degree. 

For people without a college degree, the probability of having a high salary is 27%. Since 8% of the population does not have a college degree, the percentage of the total population without a college degree but with a high salary would be 8% * 27% = 2.16%.

For people with a college degree or higher, the probability of having a high salary is 41%. Given that 92% of the population has a college degree or higher, the percentage of the total population with a college degree and a high salary would be 92% * 41% = 37.72%.

Adding these two groups together, we find that the total percentage of the population with a high salary is 2.16% + 37.72% = 39.88%.

Since the probability of having a high salary (39.88%) is less than 50%, it is not more likely than having a low salary overall, assuming that ""low salary"" encompasses all salaries that are not considered ""high.""

Here's a concise step-by-step reasoning:
1. Calculate the percentage of the population without a college degree and with a high salary: 8% * 27% = 2.16%.
2. Calculate the percentage of the population with a college degree and a high salary: 92% * 41% = 37.72%.
3. Add these percentages to find the total percentage of the population with a high salary: 2.16% + 37.72% = 39.88%.
4. Compare this total to 50% to determine if high salary is more likely than low salary.

Yes or no answer: No."
22,yes,"Step-by-step reasoning:
1. **Understanding Method 1**: It involves a general examination of the correlation between appearance and talent.
2. **Understanding Method 2**: It involves examining the correlation on a case-by-case basis, especially in relation to fame.
3. **Comparing Methods**: Method 1 provides a broader view, potentially less biased and more representative of the general population, compared to Method 2, which might be skewed by the factors associated with fame.
4. **Conclusion**: For a more accurate understanding of how appearance affects talent, a broader, less biased approach is preferable.

Yes or no answer: Yes."
23,yes,"To answer this question, let's first analyze the given probabilities and their implications for patients with kidney stones, both small and large, and whether they receive treatment or not.

1. **Full Response**: The probabilities given are as follows:
   - Small kidney stones without treatment: 95% recovery rate
   - Small kidney stones with treatment: 81% recovery rate
   - Large kidney stones without treatment: 17% recovery rate
   - Large kidney stones with treatment: 6% recovery rate
   - The overall probability of having a large kidney stone is 54%.

   To determine if it would be more likely to see recovery if the patient had received no treatment, we need to calculate the overall probability of recovery with and without treatment. This involves considering the probabilities of having small versus large kidney stones and their respective recovery rates with and without treatment.

   Let's denote:
   - \(P(S)\) as the probability of having a small kidney stone, which is \(1 - P(\text{large kidney stone}) = 1 - 0.54 = 0.46\).
   - \(P(L)\) as the probability of having a large kidney stone, given as 0.54.
   - \(P(R|S, \text{no treatment}) = 0.95\) as the probability of recovery given a small kidney stone and no treatment.
   - \(P(R|S, \text{treatment}) = 0.81\) as the probability of recovery given a small kidney stone and treatment.
   - \(P(R|L, \text{no treatment}) = 0.17\) as the probability of recovery given a large kidney stone and no treatment.
   - \(P(R|L, \text{treatment}) = 0.06\) as the probability of recovery given a large kidney stone and treatment.

   The overall probability of recovery without treatment, \(P(R|\text{no treatment})\), can be calculated using the law of total probability:
   \[
   P(R|\text{no treatment}) = P(S) \times P(R|S, \text{no treatment}) + P(L) \times P(R|L, \text{no treatment})
   \]
   \[
   P(R|\text{no treatment}) = 0.46 \times 0.95 + 0.54 \times 0.17
   \]
   \[
   P(R|\text{no treatment}) = 0.437 + 0.0918 = 0.5288
   \]

   The overall probability of recovery with treatment, \(P(R|\text{treatment})\), can similarly be calculated:
   \[
   P(R|\text{treatment}) = P(S) \times P(R|S, \text{treatment}) + P(L) \times P(R|L, \text{treatment})
   \]
   \[
   P(R|\text{treatment}) = 0.46 \times 0.81 + 0.54 \times 0.06
   \]
   \[
   P(R|\text{treatment}) = 0.3726 + 0.0324 = 0.405
   \]

   Comparing the two, \(P(R|\text{no treatment}) = 0.5288\) is greater than \(P(R|\text{treatment}) = 0.405\), indicating that for patients receiving treatment, it would actually be more likely to see recovery if the patient had received no treatment, based on the given probabilities.

2. **Summary of the Full Response**:
   - Calculate the probability of having a small kidney stone: 46%
   - Calculate the overall probability of recovery without treatment using the law of total probability: 52.88%
   - Calculate the overall probability of recovery with treatment using the law of total probability: 40.5%
   - Compare the probabilities to determine if no treatment leads to a higher recovery rate.

3. **Yes or No Answer**: Yes"
24,yes,"Step-by-step reasoning:
1. Identify the given probabilities: 35% for not encouraged and 67% for encouraged students.
2. Understand the impact of encouragement: It increases the probability of a high exam score.
3. Consider the scenario: A student who is encouraged not receiving encouragement would likely have a lower probability of a high score.

Yes or no answer: No."
25,yes,"Step-by-step reasoning:
1. Calculate the probability of tanned skin among those with tanning salon treatment: 3% (probability of both) / 5% (probability of treatment) = 60%.
2. Calculate the probability of tanned skin among those without tanning salon treatment: 13% (probability of no treatment and tanned skin) / 95% (probability of no treatment) = approximately 13.68%.
3. Compare the probabilities to determine if the chance of tanned skin is smaller with tanning salon treatment.

Yes or no answer: No."
26,yes,"Step-by-Step Reasoning:**
1. Consider the broad applicability of Method 1 for general trends.
2. Evaluate the nuanced, case-by-case approach of Method 2 for specific insights.
3. Recognize the importance of context in manager-employee relationships.
4. Determine that a general approach might not capture all relevant factors.

**Yes or No Answer:** No"
27,no,"Step-by-step reasoning:
   - Identify the probabilities of increased price and supply for both reduced and increased crop yield scenarios.
   - Compare the probabilities to see if there's a direct relationship between increased supply and increased price.
   - Recognize that the increase in both probabilities (price and supply) when yield increases might suggest a correlation but does not directly answer the question about the effect of supply on price.
   - Consider the principle of economics that typically, increased supply, if not met with equivalent or greater demand, would lead to decreased prices, not increased prices.

3. No."
28,no,"Step by step reasoning:
- Identify the probabilities of long lifespan for normal weight and obese individuals.
- Understand the question is asking about the hypothetical impact of being normal weight on an obese person's lifespan.
- Recognize that being obese has a lower probability of long lifespan compared to being normal weight.
- Conclude that if an obese person were normal weight, their probability of a long lifespan would likely increase, based on the provided probabilities.

3. No"
29,yes,"Step-by-step reasoning:
1. Evaluate Method 1 for its general applicability and potential to overlook critical variables.
2. Consider Method 2 for its ability to account for variable conditions like traffic.
3. Recognize that traffic and other variables can significantly impact the correlation between waking up and arriving at school.
4. Conclude that accounting for such variables (as in Method 2) offers a more precise understanding of the correlation.

Yes or no answer: No."
30,yes,"step-by-step reasoning can be broken down as follows:
   - Identify the probability of long lifespan for normal weight individuals: 49%.
   - Identify the probability of long lifespan for obese individuals: 60%.
   - Compare the probabilities to determine the effect of weight category on lifespan probability.
   - Consider the hypothetical scenario of an obese person being of normal weight and apply the probability associated with normal weight individuals.

3. Yes."
31,yes,"Step-by-Step Reasoning:
- Identify the given probabilities for wet ground in each season.
- Understand the question is asking about a hypothetical scenario within the context of the rainy season.
- Recognize that the probability of wet ground increases slightly in the rainy season compared to the dry season.
- Consider that if the season had been dry, the conditions (and thus the probability of wet ground) would be different from the current rainy season scenario.

3. Yes or no answer: No."
32,yes,"Step-by-Step Reasoning**:
   - The captain's decision significantly impacts the prisoner's probability of death.
   - The influence of the captain on corporals and privates could extend to how prisoners are treated.
   - The treatment of prisoners by corporals and privates might reflect the captain's stance on mercy or harshness.
   - Without explicit information on how the captain's decisions directly affect the behavior of corporals and privates, we must infer based on typical command structures and the trickle-down effect of leadership decisions.

3. **Yes or No Answer**: No"
33,yes,"Step-by-Step Reasoning:**
1. Understand the general economic principle that increased supply tends to decrease prices.
2. Analyze the given probabilities for increased price and supply in both reduced and increased crop yield scenarios.
3. Notice the higher probabilities of both increased price and supply in the reduced yield scenario and the lower probabilities in the increased yield scenario.
4. Consider the opposite scenario to understand potential relationships.
5. Recognize the complexity of the relationship between supply, price, and yield as presented.

**Yes or No Answer:** Yes"
34,no,"Step-by-step reasoning:
   - Identify the probability of tanned skin in non-tanning salon users: 31%.
   - Identify the probability of tanned skin in tanning salon users: 95%.
   - The question posits a hypothetical scenario where tanning salon users did not receive treatment, essentially asking us to compare the 95% group to the 31% group in a scenario where the treatment (the primary factor increasing the probability of tanned skin) is removed.
   - Since the treatment significantly increases the probability of tanned skin, removing this factor (i.e., considering tanning salon users as if they hadn't received treatment) would logically bring their probability of tanned skin closer to, or potentially below, that of non-tanning salon users (31%).

3. No."
35,yes,"Step-by-Step Reasoning:**
1. Identify the given probabilities: 30% smoking mothers, 19% nonsmoking mothers with normal infant birth weight, and 17% smoking mothers with normal infant birth weight.
2. Calculate the probability of normal infant birth weight given that the mother smokes: 17% / 30%.
3. Calculate the probability of normal infant birth weight given that the mother does not smoke: 19% / 70%.
4. Compare the calculated probabilities to determine if the chance of normal infant birth weight is larger for smoking mothers.

**Yes or No Answer:** No"
36,yes,"step-by-step reasoning:
- Good health leads to normal infant birth weight.
- A smoking mother, despite good health and normal infant birth weight, leads to high infant mortality.
- The presence of a smoking mother introduces a significant risk factor for infant mortality.
- Removing the smoking factor (nonsmoking mother) while maintaining good health should reduce the risk of infant mortality.
- Therefore, with good health and a nonsmoking mother, infant mortality is expected to be lower compared to a scenario with a smoking mother.

3. Yes."
37,yes,"Step-by-step reasoning:**
1. The overall probability of kindness is given as 11%, implying 89% of people are not kind.
2. Attractive appearance probability is 11% for both kind and mean personalities, indicating attractiveness is independent of personality.
3. The consistent probability of attractive appearance across personalities means the overall probability of attractive appearance remains 11%.
4. The probability of unattractive appearance is therefore 100% - 11% = 89%, making unattractive appearance more likely.

**Yes or no answer:** Yes"
38,yes,"Step-by-Step Reasoning**:
- The probability of respiratory issues is 94%, and of no respiratory issues is 6%.
- The probability of broken bones is 95% for both groups.
- The presence of respiratory issues does not change the likelihood of broken bones.
- Since 95% is greater than 50%, broken bones are more likely than no broken bones overall.

3. **Yes or No Answer**: No"
39,yes,"step-by-step reasoning:
1. Calculate the probability of a dark room when the candle is blown out.
2. Calculate the probability of a dark room when the candle is not blown out.
3. Sum these probabilities to find the overall probability of a dark room.
4. Compare this probability to the probability of a bright room to determine which is more likely.

Yes."
40,yes,"Step-by-Step Reasoning**
1. Understand the given relationships: Old age is associated with high hospital bills, and both contribute to recovery.
2. Identify the patient's condition: The patient is old.
3. Analyze the question's premise: It suggests that a high hospital bill might prevent recovery, contrary to the given that it contributes to recovery.
4. Realize the misunderstanding: High hospital bills are likely a consequence of necessary care, not a direct cause of recovery.

**Yes or No Answer**
No"
41,yes,"Step-by-step reasoning:
1. Calculate the probability of penguin death for those taking the stairs by considering the probabilities of happiness and sadness and their associated death probabilities.
2. Calculate the probability of penguin death for those taking the elevator in the same manner.
3. Compare the two overall probabilities to determine which action results in a lower probability of penguin death.

Yes or no answer: No."
42,yes,"Step-by-Step Reasoning**:
   - Identify the probability of getting the vaccine: 41%.
   - Identify the probability of both getting the vaccine and recovering: 15%.
   - Identify the probability of vaccine refusal and recovering: 39%.
   - Consider the proportion of the population that recovers with and without the vaccine, taking into account the overall vaccine acceptance rate.

3. **Yes or No Answer**: No."
43,no,"step-by-step summary of the reasoning:
1. Calculate the overall probability of recovery by adding the probabilities of low hospital bill and recovery, and high hospital bill and recovery.
2. Calculate the probability of recovery given a high hospital bill by dividing the probability of high hospital bill and recovery by the probability of high hospital bill.
3. Compare the probability of recovery given a high hospital bill to the overall probability of recovery to determine if the chance of recovery is larger when observing a high hospital bill.

The answer is: No."
44,yes,"Step-by-Step Reasoning:
1. Understand the given probabilities: 52% for nonsmoking genes and 58% for smoking genes.
2. Recognize the question is about the comparative risk within the subgroup of people with smoking genes.
3. Analyze the implication of having a nonsmoking gene in the context of already having smoking genes.
4. Conclude that the presence of a nonsmoking gene does not increase the risk of lung cancer in individuals with smoking genes; the risk is already defined by the smoking genes.

Yes or No Answer: No"
45,yes,"Step-by-step reasoning:
- Identify the probability of recovery without treatment: 29%.
- Identify the probability of recovery with treatment: 20%.
- Compare the two probabilities to determine if recovery with treatment is smaller.

Yes or no answer: Yes."
46,yes,"Step-by-step reasoning:
1. Calculate the probability of cholera contraction given clean water: 11%/19% ≈ 57.8%.
2. Calculate the probability of cholera contraction given polluted water: 30%/81% ≈ 37%.
3. Compare these probabilities to determine if the chance of cholera contraction is smaller when observing clean water.

Yes or no answer: No."
47,yes,"Step-by-step reasoning:
   - Identify the probabilities of scurvy for both groups: 83% for non-consumers and 56% for consumers of citrus.
   - Compare these probabilities to determine the effect of citrus consumption on scurvy risk.
   - Since 83% (non-consumers) is greater than 56% (consumers), not consuming citrus leads to a higher risk of scurvy.
   - Thus, a patient who consumed citrus would have a higher likelihood of scurvy if they had not consumed citrus.

3. Yes"
48,yes,"Step-by-Step Reasoning**:
- Analyze the probabilities of the alarm ringing based on the actions of the husband and wife.
- Compare the scenarios where the husband sets the alarm versus where he does not, considering the wife's actions.
- Consider the mediation effect through the wife and how it influences the outcome.
- Determine if the husband's action of setting the alarm negatively affects the alarm ringing when disregarding the wife's mediation effect.

3. **Yes or No Answer**: 
No."
49,no,"step-by-step reasoning:
1. Calculate the probability of increased price given increased supply: 0.75 * 0.77 = 0.5775.
2. Calculate the probability of increased price given reduced supply: 0.25 * 0.48 = 0.12.
3. Add the probabilities to find the overall probability of increased price: 0.5775 + 0.12 = 0.6975.
4. Compare the overall probability of increased price to 50% to determine if it's more or less likely than reduced price.

The answer is: No."
50,yes,"Step-by-step reasoning:
1. Determine the probability of a penguin being happy or sad based on the mode of transportation.
2. Calculate the overall probability of penguin death for each mode of transportation by considering the probabilities of happiness, sadness, and associated death rates.
3. Compare the overall probabilities of penguin death between taking the stairs and the elevator to assess the impact of the decision on penguin survival through penguin mood.

Yes or no answer: Yes."
51,yes,"Step-by-step reasoning:
1. Calculate the probability of a manager not signing a termination letter: 100% - 86% = 14%.
2. Calculate the probability of an employee being fired if the manager signs the termination letter: 0.86 * 0.70.
3. Calculate the probability of an employee being fired if the manager does not sign the termination letter: 0.14 * 0.31.
4. Calculate the overall probability of an employee being fired by adding the probabilities from steps 2 and 3.
5. Compare the overall probability of being fired to the probability of not being fired to determine which is more likely.

Yes or no answer: Yes."
52,yes,"Step-by-Step Reasoning:**
1. **Consider the Variables Involved**: Both encouragement level and studying habits are variables that can affect exam scores.
2. **Evaluate Method 1**: This method analyzes the correlation between encouragement and exam scores while considering studying habits, allowing for a nuanced understanding.
3. **Evaluate Method 2**: This method looks at the correlation without considering studying habits, potentially leading to an oversimplified view.
4. **Consider the Opposite Scenario**: If Method 2 were better, it would suggest studying habits are irrelevant, which contradicts established knowledge on academic success factors.
5. **Conclusion**: Method 1 provides a more detailed and accurate analysis by considering the impact of studying habits.

**Yes or No Answer:** Yes"
53,yes,"Step-by-step reasoning:
1. Calculate the probability of having no pre-conditions: 100% - 42% = 58%.
2. Calculate the recovery rate without the vaccine for people with and without pre-conditions.
3. Calculate the recovery rate with the vaccine for people with and without pre-conditions.
4. Compare the overall recovery rates with and without the vaccine.

Yes or no answer: Yes."
54,yes,"Step-by-step reasoning:
1. Identify the relevant probabilities: Focus on the probabilities directly linking parental intelligence to child intelligence.
2. Compare probabilities: Compare the chances of a child being intelligent with intelligent parents versus unintelligent parents across different social statuses.
3. Analyze the effect of parental intelligence: Determine if higher parental intelligence is associated with a higher probability of the child being intelligent, regardless of social status.

Yes or no answer: Yes."
55,no,"step-by-step reasoning can be broken down as follows:
   - Identify the probabilities given for each group (40% for those without a college degree and 61% for those with a college degree or higher).
   - Compare these probabilities to determine the relationship between having a college degree and the chance of achieving a high salary.
   - Recognize that a decrease in the chance of high salary would mean a lower probability for those with a college degree, which contradicts the given data.

3. No."
56,yes,"step-by-step reasoning can be broken down as follows:
   - Compare the probabilities of college admission for nonsmokers and smokers.
   - Identify if there's a difference in the probabilities.
   - Consider the implications of the opposite scenario (smoking not decreasing college admission chances).
   - Determine if the given data supports or contradicts the opposite scenario.

3. Yes."
57,yes,"step by step.

First, we know the overall probability of attractive appearance is 47%. This means that 53% of people are considered unattractive (since 100% - 47% = 53%). 

Next, we're given that for people considered unattractive, the probability of talent is 19%, and for people considered attractive, the probability of talent is also 19%. This implies that the probability of talent does not depend on whether someone is considered attractive or not, as the probability remains constant at 19% for both groups.

To determine if talent is less likely than lack of talent overall, we need to calculate the overall probability of talent in the population. Since the probability of talent is the same for both attractive and unattractive people (19%), and this probability applies to the entire population regardless of attractiveness, the overall probability of talent in the population is also 19%.

Given that the probability of talent is 19%, the probability of lack of talent would be 100% - 19% = 81%. 

Therefore, since 81% (lack of talent) is greater than 19% (talent), talent is indeed less likely than lack of talent overall.

**Step-by-Step Reasoning:**
1. Calculate the percentage of people considered unattractive: 100% - 47% = 53%.
2. Note that the probability of talent is the same for both attractive and unattractive individuals: 19%.
3. Recognize that the overall probability of talent in the population is 19%, regardless of attractiveness.
4. Calculate the probability of lack of talent: 100% - 19% = 81%.
5. Compare the probabilities: 81% (lack of talent) > 19% (talent).

**Yes or No Answer:** Yes"
58,yes,"Step-by-Step Reasoning**:
- Given probabilities: P(A) = 0.21, P(not A and B) = 0.20, P(A and B) = 0.07.
- Calculate P(B|A) using the formula P(B|A) = P(A and B) / P(A).
- P(B|A) = 0.07 / 0.21.
- To assess if the chance of low cholesterol is larger when taking all assigned drugs, compare P(B|A) to an inferred or given P(B), if calculable.

3. **Yes or No Answer**: 
To directly calculate P(B|A), we divide P(A and B) by P(A): 0.07 / 0.21 ≈ 0.333 or 33.3%. This is the probability of having low cholesterol given that all assigned drugs are taken.

Without a direct calculation of overall P(B), we consider the implication of the given probabilities. The question essentially asks if P(B|A) > P(B). Given P(B|A) is approximately 33.3%, for P(B|A) to be larger than P(B), P(B) must be less than 33.3%.

Given the information and typical considerations in probability problems, the calculation of P(B) directly is complex without additional data like P(not A). However, the comparison of conditional probability to overall probability in this context suggests examining the relationship between drug adherence and cholesterol levels.

Since we cannot directly calculate P(B) without making assumptions about P(not A) and P(B|not A), the comparison relies on understanding conditional probabilities. The given data do not provide a straightforward calculation for P(B) without additional assumptions or information about the population's overall characteristics regarding drug adherence and cholesterol levels.

Therefore, based on the given data and focusing strictly on the question of whether the chance of low cholesterol is larger when observing the taking of all assigned drugs, we consider the conditional probability P(B|A) as indicative of the relationship between taking all assigned drugs and having low cholesterol. 

The final answer is: **Yes**"
59,yes,"Step-by-step reasoning:
1. **Understanding Method 1**: It provides a broad, general correlation between education and salary.
2. **Understanding Method 2**: It offers a nuanced, case-by-case analysis based on specific skills.
3. **Comparing the methods**: Method 2 accounts for variations by skill, which is crucial for accurate understanding.
4. **Considering the opposite**: If Method 1 were superior, it would overlook significant variations by skill and profession.

Yes or no answer: No."
60,yes,"Step-by-step reasoning:
1. Method 1 analyzes treatment and recovery correlation case by case, considering kidney stone size.
2. Method 2 analyzes the general correlation between treatment and recovery without considering stone size.
3. Considering stone size is crucial for determining effective treatment, as different sizes may require different treatments.
4. Method 1 provides a more nuanced understanding by accounting for stone size, potentially leading to more effective personalized treatment plans.
5. The opposite scenario (Method 2 being superior) contradicts medical knowledge about the importance of stone size in treatment outcomes.

Yes or no answer: Yes."
61,yes,"Step-by-Step Reasoning**:
- Identify the relationship between parents' intelligence and child's intelligence.
- Examine how parents' social status affects this relationship.
- Consider the influence of the confounder on these relationships.
- Determine if higher social status (potentially resulting from intelligent parents) leads to a lower probability of an intelligent child.

3. **Yes or No Answer**: 
No."
62,yes,"Step-by-step reasoning:
1. Identify the probability of kindness and mean personalities.
2. Recognize that the probability of attractive appearance is the same for both kind and mean personalities.
3. Calculate the overall probability of attractive appearance by considering the distribution of personalities.
4. Compare the overall probability of attractive appearance to the probability of unattractive appearance.

Yes or no answer: No"
63,yes,"Step-by-step reasoning:
1. Calculate P(Rings|Husband) using given probabilities: P(Rings|Husband) = P(Husband and Rings) / P(Husband) = 0.02 / 0.10 = 0.20 or 20%.
2. Calculate the overall P(Rings) by considering the scenarios where the alarm rings: This includes the 2% from the husband setting it and the calculated portion from when the husband does not set it.
3. Compare P(Rings|Husband) to P(Rings) to determine if the chance of the alarm ringing is larger when observing the alarm set by the husband.

Yes or no answer: No."
64,yes,"Step-by-Step Reasoning**:
   - Identify the given probabilities: Smoking (15%), Nonsmoking and lung cancer (55%), Smoking and lung cancer (13%).
   - Recognize that to compare the risk, we ideally need the overall probability of lung cancer or a direct comparison between smokers and nonsmokers.
   - Infer that since 13% of smokers get lung cancer, which is a significant portion of the smoking population, smoking likely increases the risk of lung cancer compared to the general population.

3. **Yes or No Answer**: Yes"
65,yes,"step-by-step reasoning:
- Observe the difference in high salary probabilities between those with and without a college degree.
- Consider how education enhances skills and knowledge.
- Recognize that these skills are valuable to employers and can lead to higher salaries and career advancement.
- Conclude that the observed difference in salary probabilities is consistent with the idea that education positively affects salary through skill acquisition.

3. Yes."
66,yes,"Step-by-step reasoning:**
1. Identify the goals of the analysis: to understand the effect of respiratory issues on broken bones.
2. Consider Method 1: case-by-case analysis among hospitalized patients for detailed insights into severe cases.
3. Consider Method 2: general population analysis for broader trends and correlations.
4. Evaluate the trade-offs between detailed, severe case analysis and broader trend identification.
5. Determine which method aligns better with the goal of understanding the effect of respiratory issues on broken bones.

**Yes or no answer:** No."
67,yes,"Step-by-step reasoning:
1. Identify the given probabilities: 47% for nonsmoking genes and 53% for smoking genes.
2. Compare the probabilities: 53% is greater than 47%.
3. Infer the relationship: Smoking genes are associated with a higher risk of lung cancer.
4. Consider the opposite scenario: If smoking genes decreased the risk, the probability for smoking genes would be lower than for nonsmoking genes, which contradicts the given data.

Yes or no answer: No."
68,yes,"Step-by-Step Reasoning:
1. Identify the probability of admission acceptance for males: 42%.
2. Identify the probability of admission acceptance for non-males: 81%.
3. Compare the two probabilities to determine if being male is associated with a lower chance of admission acceptance.
4. Consider the hypothetical scenario where a male individual is not male; this implies considering the individual as part of the non-male group.
5. Determine if the probability of admission acceptance would decrease or increase in this hypothetical scenario.

Yes or No Answer: No"
69,yes,"Step-by-Step Reasoning**:
- Identify the probabilities of long lifespan with and without diabetes for both normal weight and obese individuals.
- Note the counterintuitive increase in lifespan probability with diabetes in both groups.
- Consider how obesity and diabetes together affect lifespan probability, focusing on the interaction between these factors.
- Recognize the unusual positive association of diabetes with lifespan in the data provided.

3. **Yes or No Answer**: Yes"
70,yes,"step-by-step reasoning can be summarized as follows:
   - Identify the survival probabilities for unvaccinated and vaccinated individuals.
   - Compare these probabilities to determine the impact of vaccination on survival rates.
   - If the vaccinated group has a lower survival rate than the unvaccinated group, it indicates that vaccination may decrease the chance of survival.

3. Yes"
71,yes,"Step-by-Step Reasoning**:
- Calculate the probability of recovery given a high hospital bill: 37% / 57% = 64.9%.
- Calculate the probability of a low hospital bill: 100% - 57% = 43%.
- Calculate the probability of recovery given a low hospital bill: 14% / 43% = 32.6%.
- Compare the probabilities to determine the relationship between hospital bill height and recovery chance.

3. **Yes or No Answer**: No"
72,yes,"Step-by-Step Reasoning**:
   - Consider the impact of department competitiveness on admission decisions.
   - Recognize that different departments may exhibit different patterns of gender disparity.
   - Acknowledge that a generalized approach (Method 2) may miss these nuances.
   - Conclude that a detailed, department-by-department analysis (Method 1) is more informative.

3. **Yes or No Answer**: Yes"
73,yes,"Step-by-Step Reasoning:**
1. Calculate the probability of not being male.
2. Use the given probabilities to calculate the overall probability of admission acceptance.
3. Compare the overall probability of admission acceptance to the probability of admission rejection.

**Yes or No Answer:** Yes"
74,yes,"Step-by-step reasoning:
1. Calculate the probability of increased price given increased supply: 23% / 56% ≈ 0.411 or 41.1%.
2. Understand the overall probability of increased price: 55%.
3. Compare these probabilities to determine if increased supply influences the likelihood of increased price.

Yes or no answer: Yes."
75,yes,"Step-by-Step Reasoning:**
1. Calculate the overall probability of recovery by adding the probabilities of recovery with low and high hospital bills.
2. Calculate the probability of recovery given a high hospital bill using conditional probability formula.
3. Compare this probability with the overall probability of recovery and the probability of recovery given a low hospital bill (if calculable).

**Yes or No Answer:** Yes"
76,yes,"Step-by-Step Reasoning**:
   - Identify given probabilities: 97% smoking mothers, 2% nonsmoking mothers with high infant mortality, 38% smoking mothers with high infant mortality.
   - Recognize that to compare the chance of high infant mortality between smoking and nonsmoking mothers, we need to consider the proportion of each group experiencing high infant mortality.
   - Since 38% of all mothers are smoking mothers with high infant mortality and given that smoking mothers constitute 97% of all mothers, the proportion of smoking mothers experiencing high infant mortality is 38% / 97%.
   - For nonsmoking mothers (3% of all mothers), 2% experience high infant mortality, which means the proportion of nonsmoking mothers experiencing high infant mortality is 2% / 3%.
   - Comparing these proportions will tell us if high infant mortality is more common among smoking mothers.

3. **Yes or No Answer**: Yes."
77,yes,"Step-by-step reasoning:
1. Identify the probabilities of the alarm ringing in both scenarios: with the husband setting the alarm (60%) and without (38%).
2. Compare these probabilities to determine the relationship between the husband's action and the outcome.
3. Consider the opposite scenario for perspective: if not setting the alarm were to increase the chance of it ringing, the probability would be higher when the husband doesn't set it.

Yes."
78,yes,"Step-by-Step Reasoning:**
1. Calculate the probability of a mother being a nonsmoker.
2. Determine the probabilities of normal and low birth weights for both smoking and nonsmoking mothers.
3. Calculate the overall probability of normal infant birth weight by considering both groups of mothers.
4. Compare the overall probability of normal infant birth weight to 50% to determine if it's more likely than low infant birth weight.

**Yes or No Answer:** Yes"
79,yes,"1. Full Response: To approach this question, let's break down the given information and analyze the relationships between the variables: intelligent parents, confounder active/inactive, high parental social status, and the intelligence of the child. We're told that intelligent parents and an active confounder lead to high parental social status, and this combination, in turn, results in an intelligent child. However, we are observing a scenario where the confounder is inactive. The question posits a hypothetical scenario where we compare the intelligence of a child from intelligent parents to one from unintelligent parents under the condition that the confounder is inactive.

Given that the confounder is inactive, we have to consider how this affects the outcome. If the confounder's activity is a critical factor in the pathway from intelligent parents (and high social status) to an intelligent child, its inactivity might disrupt this pathway. However, the direct relationship between intelligent parents and the child's intelligence, independent of the confounder and social status, is not explicitly stated as being affected by the confounder's activity.

Therefore, considering the direct influence of intelligent parents on the child's intelligence, even without the active confounder, it's reasonable to infer that intelligent parents could still have a positive effect on the child's intelligence. This is because genetic and environmental factors associated with intelligent parents (such as better education, cognitive stimulation, etc.) can influence the child's cognitive development regardless of the confounder's status.

2. Summary of Full Response:
- Intelligent parents and an active confounder lead to high parental social status and an intelligent child.
- The confounder is observed to be inactive.
- The question compares the intelligence of a child from intelligent vs. unintelligent parents with an inactive confounder.
- Intelligent parents can influence a child's intelligence through genetic and environmental factors, potentially independent of the confounder and social status.

3. Yes or no answer: Yes."
80,yes,"Step-by-Step Reasoning:**
1. Evaluate the goal: Understand the impact of obesity on lifespan.
2. Consider Method 1: Offers a broad, general correlation between obesity and lifespan across the population.
3. Consider Method 2: Provides a nuanced, condition-specific (diabetes) understanding of the correlation.
4. Determine the broader applicability and general insight provided by Method 1.

**Yes or No Answer:** Yes"
81,yes,"Step-by-step reasoning:
1. **Identify the goal**: Understand how maternal smoking affects infant mortality.
2. **Analyze Method 1**: It considers birth weight, a factor known to be affected by smoking and influential on infant mortality.
3. **Analyze Method 2**: It provides a general view without accounting for specific mediators like birth weight.
4. **Compare methods**: Method 1 offers a more nuanced analysis by considering a specific mediator (birth weight).
5. **Conclusion**: Method 1 is more correct for understanding the specific pathways through which maternal smoking affects infant mortality.

Yes or no answer: Yes."
82,no,"Step-by-step reasoning:
   - The alarm set by the husband causes the alarm set by the wife.
   - The combination of both alarms being set (by the husband and the wife) results in the alarm ringing.
   - If the alarm is set by the husband, it triggers the wife's alarm.
   - Therefore, setting the alarm (as opposed to not setting it) would actually contribute to the conditions necessary for the alarm to ring, given that both alarms need to be set for the ringing to occur.

3. No."
83,no,"Step-by-step reasoning:**
1. Understand the probabilities of cholera contraction and clean water for both local and global water companies.
2. Compare these probabilities to see if there's an apparent relationship between clean water availability and cholera contraction risk.
3. Consider the logical implication of clean water on the risk of waterborne diseases like cholera.

**Answer: No**"
84,no,"Step-by-step reasoning:
   - Identify the probability of a dark room for people who blow out candles: 61%.
   - Identify the probability of a dark room for people who do not blow out candles: 30%.
   - Compare these probabilities to determine if not blowing out candles would increase or decrease the likelihood of a dark room for someone who blows out candles.
   - Since 30% (not blowing out candles) is less than 61% (blowing out candles), not blowing out candles would actually decrease the likelihood of seeing a dark room.

3. No."
85,yes,"Step-by-Step Reasoning**:
- Identify probabilities of normal infant birth weight and smoking mothers in low and high cigarette tax areas.
- Recognize the potential for confounding variables (e.g., socioeconomic factors, healthcare access) that could influence both smoking rates and birth outcomes.
- Note that direct comparison within the same tax category between smoking and non-smoking mothers is needed to assess the impact of smoking on birth weight accurately.

3. **Yes or No Answer**: No"
86,yes,"Step-by-Step Reasoning:**
1. Calculate the weighted probabilities of recovery for patients receiving treatment, separated by gender.
2. Calculate the weighted probabilities of recovery for patients not receiving treatment, separated by gender.
3. Compare the overall probabilities of recovery for patients receiving treatment versus those not receiving treatment.
4. Determine if the probability of recovery is higher for patients not receiving treatment.

**Yes or No Answer:** Yes"
87,yes,"Step by step reasoning:
1. Taking medication causes low blood pressure.
2. Taking medication and having high blood pressure leads to a healthy heart.
3. The question posits a scenario without medication.
4. Without medication, the blood pressure might not be low due to the medication's absence.
5. The healthy heart condition seems to require both medication and high blood pressure.

Yes or no answer: No"
88,no,"step-by-step reasoning can be broken down as follows:
   - Identify the given probabilities of high salary for both groups (with and without a college degree).
   - Compare these probabilities to determine the relationship between education level and salary.
   - Consider the implication if the opposite were true (education negatively affecting salary).
   - Conclude based on the comparison and the implications.

3. No."
89,yes,"Step-by-Step Reasoning**:
- Calculate the overall probability of a dark room: 16% + 36% = 52%.
- Calculate the probability of a dark room given the candle is blown out: 36% / 54% = 66.67%.
- Compare the conditional probability (66.67%) to the overall probability of a dark room (52%) to assess the change in probability.

3. **Yes or No Answer**: No"
90,yes,"Step-by-Step Reasoning:**
1. Identify given probabilities.
2. Calculate overall probability of arriving on time.
3. Calculate probability of arriving on time given that one wakes up late using conditional probability formula.
4. Compare the calculated conditional probability with the overall probability of arriving on time.

**Yes or No Answer:** Yes"
91,yes,"Step-by-Step Reasoning:
1. Identify the given probabilities: 83% for non-citrus consumers and 56% for citrus consumers.
2. Compare the probabilities: Citrus consumers have a lower probability of scurvy.
3. Consider the known health benefits of citrus (vitamin C) in relation to scurvy prevention.
4. Determine that the data supports citrus intake as a preventive measure against scurvy, not a cause.

Yes or No Answer: No"
92,yes,"Step-by-Step Reasoning**:
   - Consider the implications of each method.
   - Evaluate the importance of specific factors like sprinkler systems.
   - Determine the value of detailed vs. generalized analysis.
   - Recognize the potential for specific factors to alter general trends.

3. **Yes or No Answer**: Yes."
93,yes,"Step-by-step reasoning:
1. Identify the cause of scurvy: Lack of vitamin C.
2. Recognize the relationship between citrus and vitamin C: Citrus is rich in vitamin C.
3. Determine the most direct method to understand the effect of citrus on scurvy: Analyzing the impact of vitamin C (Method 1) provides a direct link to the cause of scurvy.

Yes or no answer: Yes."
94,no,"step-by-step reasoning:
- Identify the given probabilities for wet ground in both dry and rainy seasons.
- Recognize the question asks for a comparison that contradicts the premise (rainy season) with a condition (if the season had been dry).
- Understand that the given probabilities do not directly support comparing a rainy season to a hypothetical dry version of itself.

3. No"
95,yes,"Step-by-Step Reasoning:**
1. Calculate the probability of not blowing out the candle.
2. Determine the probability of a dark room for both scenarios (blowing out and not blowing out the candle).
3. Calculate the overall probability of a dark room by adding the probabilities of a dark room in both scenarios.
4. Compare the overall probability of a dark room to 50% to determine if a dark room is more likely.

**Yes or No Answer:** Yes"
96,yes,"Step-by-step reasoning:
1. Calculate the probability of having a high salary for people with a college degree or higher: 0.92 * 0.38 = 0.3496.
2. Calculate the probability of having a high salary for people without a college degree: 0.08 * 0.18 = 0.0144.
3. Calculate the overall probability of having a high salary: 0.3496 + 0.0144 = 0.364.
4. Calculate the probability of having a low salary: 1 - 0.364 = 0.636.
5. Compare the probabilities to determine if high salary is less likely than low salary.

Yes or no answer: Yes."
97,yes,"step-by-step reasoning to evaluate whether Method 1 is more correct than Method 2 involves:
1. Understanding the general correlation between talent and effort.
2. Recognizing the potential for context (like elite institutions) to influence this correlation.
3. Considering that Method 2 allows for a nuanced, context-specific analysis that could uncover interactions between talent and effort not apparent in a general analysis.

Given this analysis, the answer to whether it is more correct to use Method 1 than Method 2 to understand how talent affects effort is no, because Method 2 offers a more nuanced approach by considering the specific context of elite institutions. 

Yes or no answer: No"
98,yes,"step-by-step reasoning can be broken down as follows:
   - Identify the probability of death when a prisoner is released: 29%.
   - Identify the probability of death when a prisoner is executed: 81%.
   - Compare the two probabilities to determine the impact of the captain's order.
   - Recognize that a higher probability indicates a greater chance of the event (death) occurring.
   - Conclude that executing a prisoner increases the chance of death compared to releasing them.

3. Yes."
99,yes,"Step-by-Step Reasoning**
1. The premise given is that smoking causes an absence of tar deposit, which is factually incorrect.
2. Normally, high tar deposits are associated with an increased risk of lung cancer.
3. If we incorrectly assume smoking reduces tar deposits, it might imply a lower risk of lung cancer based on the given associations.
4. However, the initial premise about smoking's effect on tar deposits is false, making the entire reasoning based on this premise incorrect.

**Yes or No Answer**
No"
100,no,"## Step 1: Understanding the Given Correlation
The correlation between talent and being hard-working for students accepted to elite institutions is given as -0.05. This is a very low negative correlation, indicating that there is almost no linear relationship between talent and being hard-working among these students.

## Step 2: Interpreting the Correlation Coefficient
A correlation coefficient close to 0, whether positive or negative, suggests that the variables are not strongly related. In this case, a correlation of -0.05 is very close to 0, meaning that talent and being hard-working do not have a significant linear relationship among students accepted to elite institutions.

## Step 3: Considering the Implication of the Correlation
Given that the correlation is very low, it implies that among students accepted to elite institutions, the level of talent does not significantly affect whether a student is hard-working or not. Hard work and talent seem to be independent factors in this context.

## Step 4: Addressing the Question Directly
The question asks if talent affects being hard-working among students accepted to elite institutions. Based on the given correlation, there is no strong evidence to suggest that talent has a significant impact on a student's tendency to be hard-working.

The final answer is: $\boxed{No}$"
101,yes,"step-by-step reasoning:
1. Identify the given probabilities: 31% for release and 75% for execution.
2. Compare these probabilities to determine which action leads to a higher chance of death.
3. Consider the opposite scenario to ensure understanding of the comparison.

Yes or no answer: Yes."
102,yes,"step by step. We are given two premises: 
1. Male gender causes competitive department. This implies that being male is associated with or leads to being in a competitive department.
2. Male gender and competitive department together cause admission acceptance. This means that both factors (being male and being in a competitive department) contribute to getting accepted.

If we consider the opposite scenario, where the applicant is non-male (female or another gender), the question is whether this change would lead to rejection. Given the premises, the competitive department factor is directly linked to male gender. However, it doesn't explicitly state that being non-male would automatically exclude someone from a competitive department or lead to rejection. The premises suggest a correlation but do not necessarily imply causation in the opposite direction (i.e., being non-male automatically leads to rejection).

**Concise Step-by-Step Reasoning**
1. Identify the given premises: Male gender is associated with competitive department, and both are linked to admission acceptance.
2. Consider the impact of changing the gender from male to non-male.
3. Recognize that the premises do not directly imply that being non-male leads to rejection, only that male gender is associated with competitive department and acceptance.

**Yes or No Answer**
No"
103,yes,"Step-by-Step Reasoning:**
1. Calculate the probability of unintelligent parents: 100% - 51% = 49%.
2. Determine the probability of an intelligent child given intelligent parents: 34% / 51%.
3. Determine the probability of an intelligent child given unintelligent parents: 18% / 49%.
4. Compare these conditional probabilities to assess if intelligent parents increase or decrease the chance of an intelligent child.

**Yes or No Answer:** No"
104,yes,"Step-by-Step Reasoning**:
- Calculate the probability of an intelligent child given intelligent parents, P(IC|IP), using the given P(IP and IC) and P(IP).
- Calculate the overall probability of an intelligent child, P(IC), by summing the probabilities of intelligent children from both intelligent and unintelligent parents.
- Compare P(IC|IP) with P(IC) to determine if the chance of an intelligent child is smaller when observing intelligent parents.

3. **Yes or No Answer**: No."
105,yes,"Step-by-Step Reasoning:**
1. Identify the probabilities of college admission for each group (smoker/nonsmoker and lazy/hard-working).
2. Compare the probabilities within each effort category (lazy and hard-working) between smokers and nonsmokers.
3. Assess whether smoking, in combination with effort, positively affects college admission outcomes.
4. Consider how the probabilities change with smoking status within each effort category.

**Yes or No Answer:** No"
106,yes,"Step-by-Step Reasoning:**
1. Pre-conditions increase the risk of severe disease outcomes.
2. Vaccination aids in recovery, especially for those with pre-conditions.
3. Refusing the vaccine removes a crucial protective factor against severe disease outcomes.
4. Therefore, without the vaccine, an individual with pre-conditions is at a higher risk of severe outcomes, including death, compared to if they had been vaccinated.

**Yes or No Answer:** Yes"
107,yes,"step by step. We are told that a combination of the smoking gene and high pollution leads to smoking, and further, that smoking combined with the smoking gene and high pollution results in lung cancer. The person in question lives in an area with high pollution. The question posits a hypothetical scenario where the person has a smoking gene instead of a nonsmoking gene and asks if this would mean the person does not have lung cancer.

Given the information, having the smoking gene in a high pollution environment would likely lead to smoking, according to the premises provided. If the person smokes due to the combination of the smoking gene and high pollution, and we know that smoking (alongside the smoking gene and high pollution) causes lung cancer, then it's reasonable to infer that the presence of the smoking gene (leading to smoking behavior in a polluted environment) could increase the likelihood of lung cancer, not decrease it.

However, the question seems to imply a misunderstanding of the relationship between these factors and lung cancer. The presence of the smoking gene itself does not directly cause lung cancer without the act of smoking, according to the given premises. But since the person lives in a high pollution area and has the smoking gene, which we're told leads to smoking, and smoking is a factor that leads to lung cancer when combined with the smoking gene and high pollution, the logical conclusion would be that having the smoking gene (and thus likely smoking) in a high pollution environment could increase the risk of lung cancer, not eliminate it.

**Step-by-Step Reasoning:**
1. Smoking gene + high pollution = smoking.
2. Smoking + smoking gene + high pollution = lung cancer.
3. The person lives in high pollution.
4. If the person has a smoking gene, they are likely to smoke due to high pollution.
5. Smoking, in combination with other factors, leads to lung cancer.

**Yes or No Answer:**
No"
108,no,"step-by-step reasoning can be broken down as follows:
   - Identify the probability of wet ground in the rainy season: 43%.
   - Consider the premise of the question, which asks us to compare this to a scenario where the season is dry.
   - Recognize that the provided probabilities suggest the dry season has a higher chance of wet ground (56%) than the rainy season (43%).
   - Since the question essentially asks if switching to a dry season would decrease the likelihood of wet ground from the rainy season's 43%, and given the dry season has a higher probability of wet ground, the answer becomes clearer.

3. No"
109,yes,"Step-by-Step Reasoning**:
- Analyze the probability of high salary by gender and occupation type.
- Examine the influence of skill level on white-collar job probability by gender.
- Consider the overall probability of high skill levels and its potential impact.
- Compare salary probabilities across genders within occupation types.

3. **Yes or No Answer**: No."
110,yes,"Step-by-Step Reasoning**:
- Intelligent parents and a confounder contribute to high parental social status.
- High parental social status, intelligent parents, and the confounder contribute to the child's intelligence.
- The confounder is observed to be active.
- Consider the impact of unintelligent parents (instead of intelligent parents) on the child's intelligence with the confounder active.

3. **Yes or No Answer**: No"
111,yes,"To determine if broken bones are less likely than no broken bones overall, we need to consider the probabilities given for both groups (people with respiratory issues and those without) and how they relate to the occurrence of broken bones.

The probability of respiratory issues is 49%, which means the probability of not having respiratory issues is 100% - 49% = 51%. For both groups, the probability of having broken bones is the same, at 19%. This implies that the likelihood of broken bones does not increase or decrease with the presence of respiratory issues, according to the given data.

To find the overall probability of broken bones, we would typically calculate the weighted average based on the probabilities of having or not having respiratory issues and the corresponding probabilities of broken bones. However, since the probability of broken bones is the same for both groups (19%), the overall probability of broken bones in the population is also 19%.

Given that the probability of broken bones is 19%, the probability of not having broken bones would be 100% - 19% = 81%. Therefore, broken bones are indeed less likely than no broken bones overall because 19% (probability of broken bones) is less than 81% (probability of no broken bones).

Summary:
1. Determine the probability of no respiratory issues: 100% - 49% = 51%.
2. Note that the probability of broken bones is the same for both groups (19%).
3. Calculate the overall probability of broken bones, which remains 19% due to equal probabilities in both groups.
4. Calculate the probability of no broken bones: 100% - 19% = 81%.
5. Compare the probabilities to conclude that broken bones are less likely.

Yes or No answer: Yes."
112,yes,"Step-by-Step Reasoning:**
1. Identify the relationships between location, education level, and salary.
2. Consider the impact of the confounder being inactive.
3. Evaluate how living close to a college might indirectly affect salary without a college degree.
4. Recognize that the primary factor for a high salary is having a college degree or higher.

**Yes or No Answer:** No"
113,yes,"step-by-step reasoning:
1. Calculate the probability of the alarm ringing when not set: 0.27 * 0.23.
2. Calculate the probability of the alarm ringing when set: 0.90 * 0.77.
3. Sum these probabilities to find the total probability of the alarm ringing.
4. Compare this total with the probability of the alarm being silent to determine the likelihood.

Yes or no answer: No."
114,yes,"Step-by-step reasoning:
1. Identify the goals of each method: Method 1 aims for detailed, personalized insights, while Method 2 focuses on general trends.
2. Consider the importance of individual variability in health conditions and responses to vaccination.
3. Evaluate the need for personalized medicine and understanding specific interactions between vaccinations and pre-existing conditions.

Yes or no answer: Yes."
115,yes,"Step-by-step reasoning:
1. Identify the goal: Understand how the man in the room affects the room.
2. Compare Method 1 (case-by-case analysis according to the candle) with Method 2 (general correlation).
3. Recognize that the man's impact on the room may vary with specific conditions (like the candle's state).
4. Conclude that a detailed, case-by-case approach (Method 1) could offer more precise insights into the man's effect on the room due to its ability to account for varying conditions.

Yes."
116,yes,"Step-by-step reasoning:
1. Understand the given correlation coefficient (-0.04) and its implications (very weak negative correlation).
2. Recognize that correlation does not imply causation.
3. Consider alternative perspectives and potential influencing factors.
4. Analyze the possibility of other variables affecting the relationship between kindness and attractive appearance.

Yes or no answer: No."
117,yes,"Step-by-Step Reasoning:
   - Identify the probability of admission acceptance for males (31%) and non-males (40%).
   - Consider the hypothetical scenario where a male is not male, thus applying the 40% probability.
   - Compare the probabilities to determine the likelihood of admission acceptance.
   - Recognize that the statement ""less likely"" is in reference to the male's original 31% probability versus the hypothetical non-male's 40% probability.

3. Yes or no answer: No"
118,yes,"Step-by-Step Reasoning**:
- Identify recovery probabilities for each gender with and without treatment.
- Calculate the weighted average recovery probability for the entire population without treatment.
- Calculate the weighted average recovery probability for the entire population with treatment.
- Compare the two weighted averages to determine if treatment increases the chance of recovery.

3. **Yes or No Answer**: Yes"
119,yes,"Step-by-Step Reasoning:
- The confounder being active and close to a college leads to a college degree or higher.
- A college degree or higher, with the confounder active, leads to a high salary.
- The scenario presents a person close to a college but with the confounder inactive.
- The question posits having a college degree or higher instead of a high school degree or lower.
- Without the confounder being active, the established path to a high salary is not applicable.
- General knowledge suggests a college degree or higher typically leads to better opportunities, but the question's specifics about the confounder's inactivity must be considered.

3. Yes or No Answer: No"
120,yes,"Step-by-step reasoning:**
1. Calculate the probability of not taking any drugs: 100% - 35% = 65%.
2. Identify the probabilities of low cholesterol for both scenarios: 73% for not taking any drugs and 29% for taking all assigned drugs.
3. Apply the law of total probability to calculate the overall probability of low cholesterol.
4. Compare the calculated probability to 50% to determine if low cholesterol is more or less likely than high cholesterol.

**Yes or no answer:** No"
121,yes,"Step-by-Step Reasoning:**
1. Calculate the probability of being a nonsmoker.
2. Calculate the probability of lung cancer among smokers and nonsmokers separately.
3. Combine these probabilities to find the overall probability of lung cancer.
4. Compare this overall probability to 50% to determine if lung cancer is more likely than its absence.

**Yes or No Answer:** Yes"
122,no,"Step-by-step reasoning:
1. Understand the given probabilities: 43% for college degree or higher, 34% for high school degree or lower and high salary, and 15% for college degree or higher and high salary.
2. Consider the implication of these probabilities on the relationship between education level and salary.
3. Recognize that to directly answer the question, we must interpret if the 15% achieving both college and high salary indicates a higher chance of high salary in this group compared to the overall or other groups.

The final answer is: No"
123,yes,"Step-by-Step Reasoning:
1. Identify the probability of scurvy for patients not consuming citrus: 86%.
2. Identify the probability of scurvy for patients consuming citrus: 59%.
3. Compare the two probabilities to determine if citrus intake decreases the chance of scurvy.
   - If the probability for those consuming citrus is lower than for those not consuming it, then citrus intake decreases the chance of scurvy.

Yes or No Answer: Yes"
124,yes,"Step-by-Step Reasoning:**
1. Identify the probabilities of tanned skin among tanning salon users and non-users.
2. Calculate the contribution of each group to the overall probability of tanned skin.
3. Combine these contributions to find the overall probability of tanned skin.
4. Compare this probability to 50% to determine if tanned skin is more likely than pale skin.

**Yes or No Answer:** No"
125,no,"step-by-step reasoning involves comparing the two given probabilities:
   - Identify the probability of a dark room when candles are not blown out: 37%.
   - Identify the probability of a dark room when candles are blown out: 70%.
   - Compare these probabilities to determine if blowing out candles decreases the chance of a dark room.

3. No."
126,yes,"Step-by-Step Reasoning:**
1. Calculate the probability of not receiving treatment: 100% - 51% = 49%.
2. Determine the probability of recovery and non-recovery for both treatment groups.
3. Calculate the weighted average of recovery probabilities: (0.51 * 0.59) + (0.49 * 0.38) = 48.71%.
4. Calculate the weighted average of non-recovery probabilities: (0.51 * 0.41) + (0.49 * 0.62) = 51.29%.
5. Compare the overall probabilities to determine if recovery is less likely than non-recovery.

**Yes or No Answer:** Yes."
127,yes,"Step-by-Step Reasoning**
1. Identify the given probabilities of high salary for individuals with and without a college degree.
2. Recognize the significant difference in these probabilities (19% vs. 69%).
3. Consider the role of education in skill acquisition, including both hard and soft skills.
4. Link the acquisition of these skills with increased value to employers and potential for higher salaries.
5. Infer that the education level, through its association with skill development, positively affects salary.

**Yes or No Answer**
Yes"
128,yes,"Step-by-step reasoning:
1. **Understanding Method 1**: This method considers the impact of poverty on the relationship between water quality and cholera, allowing for a nuanced understanding of how socioeconomic factors play a role.
2. **Understanding Method 2**: This method looks at the direct relationship between water quality and cholera without accounting for other variables like poverty.
3. **Comparing Methods**: Method 1 provides a more comprehensive view by including poverty as a factor, which is known to affect both access to clean water and healthcare, thus potentially influencing cholera incidence.

Yes or no answer: Yes."
129,yes,"Step-by-step reasoning:
1. Identify the given probabilities: 66% for taking the elevator, 23% for taking the stairs and penguin death, and 38% for taking the elevator and penguin death.
2. Compare the probabilities of penguin death associated with each mode of transportation.
3. Consider the overall probability of taking the elevator in relation to the specific probabilities of penguin death.

Yes or no answer: Yes."
130,yes,"step by step.

First, we have the overall probability of obesity, which is 20%. This means that 80% of the population is not obese (since 100% - 20% = 80%). 

Next, we are given the probabilities of long lifespan for both normal weight and obese individuals. For those of normal weight, the probability of a long lifespan is 75%, and for those who are obese, the probability is 34%.

To determine if long lifespan is less likely than short lifespan overall, we need to calculate the overall probability of a long lifespan in the population. 

We can calculate this by combining the probabilities of being in each weight category with the probabilities of having a long lifespan given those categories. 

For normal weight individuals (80% of the population), the probability of a long lifespan is 75%. So, the contribution of normal weight individuals to the overall probability of long lifespan is 80% * 75% = 60%.

For obese individuals (20% of the population), the probability of a long lifespan is 34%. So, the contribution of obese individuals to the overall probability of long lifespan is 20% * 34% = 6.8%.

Adding these together gives us the overall probability of a long lifespan: 60% + 6.8% = 66.8%.

Since the overall probability of a long lifespan (66.8%) is greater than 50%, it indicates that, overall, a long lifespan is more likely than a short lifespan.

Here's a concise step-by-step reasoning:
1. Calculate the percentage of the population that is not obese.
2. Determine the probability of long lifespan for both obese and normal weight individuals.
3. Calculate the overall probability of long lifespan by combining the probabilities of each group.
4. Compare the overall probability of long lifespan to 50% to determine if it's more or less likely than short lifespan.

Yes or no answer: No."
131,yes,"step-by-step reasoning:
- A smoking mother with good health leads to normal infant birth weight but high infant mortality.
- Good health is a constant factor.
- The presence of smoking is associated with high infant mortality.
- Removing the negative factor (smoking) is likely to improve the outcome (infant mortality).
- Therefore, a nonsmoking mother, with good health being constant, would likely result in lower infant mortality compared to a smoking mother.

3. Yes."
132,yes,"Step-by-step reasoning:
1. Identify the given probabilities: 62% for no medication and 35% for taking medication.
2. Compare these probabilities to determine the relationship between medication and the likelihood of a healthy heart.
3. Recognize that a lower probability for those taking medication implies an association between medication and a decreased chance of a healthy heart.

Yes or no answer: Yes."
133,yes,"Step-by-Step Reasoning**:
   - Identify recovery probabilities for each age and payment group.
   - Compare recovery rates for low vs. high hospital bills within each age group.
   - Determine the impact of switching from a high to a low hospital bill on recovery likelihood for both young and old patients.
   - Conclude based on the comparison that paying a low hospital bill is associated with higher recovery rates for both age groups.

3. **Yes or No Answer**: Yes"
134,yes,"Step-by-Step Reasoning**:
   - Identify the probability of increased supply: 52%.
   - Identify the probability of increased supply and increased price: 23%.
   - Recognize that the probability of increased price given increased supply is a subset of the increased supply probability.
   - Compare the probability of increased price in the context of increased supply to the overall probability of increased price (which would include both increased and reduced supply scenarios).

3. **Yes or No Answer**: Yes."
135,no,"Step-by-step reasoning:
1. Analyze the given probabilities for areas with low and high cigarette taxes regarding normal infant birth weight and smoking mothers.
2. Consider the potential implications if the opposite were true, i.e., smoking mothers increase the chance of normal infant birth weight.
3. Evaluate the data for potential confounding factors, such as the impact of cigarette taxes on public health measures.
4. Recognize the established negative effects of smoking during pregnancy on infant birth weight.

Answer: No"
136,yes,"Step-by-Step Reasoning**:
1. Calculate \(P(\text{not }C)\) as \(100\% - P(C)\).
2. Find \(P(S \cap \text{not }C)\) by subtracting \(P(\text{not }S \cap \text{not }C)\) from \(P(\text{not }C)\).
3. Calculate \(P(S)\) by adding \(P(S \cap C)\) and \(P(S \cap \text{not }C)\).
4. Calculate \(P(S|C)\) by dividing \(P(S \cap C)\) by \(P(C)\).
5. Compare \(P(S|C)\) with \(P(S)\) to determine the relationship between citrus intake and the chance of scurvy.

**Yes or No Answer**: No"
137,yes,"Step-by-Step Reasoning**:
- Identify the probabilities of admission acceptance for each gender in competitive and non-competitive departments.
- Compare the probabilities of being in a competitive department based on gender and residency status.
- Analyze how these probabilities affect the overall admission status, considering the influence of gender on department choice and acceptance rates.
- Determine if there's a negative effect of gender on admission status through department competitiveness based on the comparison of acceptance rates and department choice probabilities.

3. **Yes or No Answer**: No"
138,yes,"Step-by-step reasoning:
1. Understand the given correlation coefficient (-0.04) and its implications.
2. Recognize that a correlation close to zero indicates a very weak relationship between variables.
3. Consider the opposite scenario to highlight the lack of significant relationship between kindness and attractive appearance.
4. Conclude based on the negligible correlation that kindness does not have a significant effect on attractive appearance.

Yes or no answer: Yes."
139,yes,"Step-by-Step Reasoning:
   - Identify the probabilities of lung cancer for nonsmokers (64%) and smokers (89%).
   - Understand that the question is asking for a comparison of lung cancer probability between a smoker's actual condition and their hypothetical condition as a nonsmoker.
   - Recognize that if a smoker were a nonsmoker, their lung cancer probability would decrease from 89% to 64%.
   - Conclude that a lower probability indicates a lesser likelihood of developing lung cancer.

3. Yes or No Answer: Yes"
140,yes,"Step-by-step reasoning:
1. Identify the given probabilities: 
   - Overall probability of receiving treatment = 46%
   - Probability of receiving no treatment and recovery = 33%
   - Probability of receiving treatment and recovery = 16%
2. Calculate the proportion of recovery given treatment and no treatment:
   - Proportion recovering given treatment = Probability of treatment and recovery / Probability of treatment
   - Proportion recovering given no treatment = Probability of no treatment and recovery / Probability of no treatment
3. Compare the proportions to determine if recovery is more likely with treatment.

Yes or no answer: No"
141,yes,"Step-by-Step Reasoning:**
1. Calculate the weighted probability of tanned skin among tanning salon users: 0.89 * 0.16.
2. Calculate the weighted probability of tanned skin among non-users: 0.11 * 0.54.
3. Sum these probabilities to find the overall probability of tanned skin.
4. Calculate the probability of pale skin by subtracting the probability of tanned skin from 100%.
5. Compare the probabilities of tanned and pale skin to determine which is more likely.

**Yes or No Answer:** Yes"
142,yes,"Step-by-step reasoning:
1. Understand the two methods: Method 1 looks at the general correlation between supply and price, while Method 2 examines this correlation case by case based on demand.
2. Consider the implications of each method: Method 1 provides a broad view, potentially overlooking specific market conditions, while Method 2 offers a more detailed, context-specific analysis.
3. Evaluate the opposite scenario: Assuming Method 2 is less correct implies a broad approach is superior, which contradicts the importance of considering demand in economic analysis.

Yes or no answer: No."
143,yes,"Step-by-step reasoning:
1. Calculate the probability of not being male: 100% - 17% = 83%.
2. Calculate the contribution of non-males to the overall probability of high salary: 83% * 36% = 29.88%.
3. Calculate the contribution of males to the overall probability of high salary: 17% * 31% = 5.27%.
4. Calculate the overall probability of having a high salary: 29.88% + 5.27% = 35.15%.
5. Compare the overall probability of high salary to the probability of low salary to determine which is more likely.

Yes or no answer: Yes."
144,no,"Step-by-step reasoning:
   - Identify the probability of death if a prisoner is released: 11%.
   - Identify the probability of death if a prisoner is executed: 55%.
   - Compare these probabilities to determine if death is more likely upon release or execution.
   - Since 11% (release) is less than 55% (execution), death is less likely if the prisoner is released.

3. No"
145,yes,"Step-by-step reasoning:
1. Calculate the probability of being vaccinated and surviving smallpox.
2. Calculate the probability of being unvaccinated and surviving smallpox.
3. Add these probabilities to get the overall probability of survival.
4. Compare the overall probability of survival to 50% to determine if survival is more or less likely than death.

Yes or no answer: No."
146,yes,"Step-by-Step Reasoning**:
   - Calculate the probability of not blowing out the candle: 100% - 16% = 84%.
   - Calculate the overall probability of a dark room: 9% (blown out and dark) + 74% (not blown out and dark) = 83%.
   - Calculate the probability of a dark room given the candle is blown out: 9% / 16% = 56.25%.
   - Calculate the probability of a dark room given the candle is not blown out: 74% / 84% ≈ 88.1%.
   - Compare the conditional probabilities to determine the effect of blowing out the candle on the probability of a dark room.

3. **Yes or No Answer**: No."
147,yes,"Step-by-Step Reasoning**:
- Calculate the probability of small kidney stones: 1 - 0.54 = 0.46
- Calculate overall recovery probability without treatment: (0.46 * 0.07) + (0.54 * 0.81) = 0.4696
- Calculate overall recovery probability with treatment: (0.46 * 0.18) + (0.54 * 0.91) = 0.5742
- Compare the probabilities to determine if recovery is more likely with or without treatment.

3. **Yes or No Answer**: No"
148,yes,"Step-by-Step Reasoning:**
1. Calculate the probability of a penguin being sad or happy for both taking the stairs and the elevator.
2. Calculate the weighted average of penguin death probabilities for both scenarios (stairs and elevator) using the probabilities of penguin happiness/sadness.
3. Compare the weighted averages to determine which choice has a higher probability of penguin death.

**Yes or No Answer:** Yes"
149,yes,"Step-by-step reasoning:
1. Identify the relevant probabilities for hospitalized individuals.
2. Compare the probability of broken bones for hospitalized individuals with respiratory issues (30%) to those without respiratory issues (29%).
3. Determine if the presence of respiratory issues increases the probability of broken bones in hospitalized individuals based on the comparison.

Yes or no answer: Yes."
150,yes,"step-by-step reasoning for this conclusion is as follows:
   - Identify the probabilities of wet ground for both seasons.
   - Compare these probabilities to determine if they align with the expected outcome (rainy season having a higher probability of wet ground).
   - Consider the implications if the opposite were true (dry season having a higher probability).
   - Conclude based on the comparison and the implications.

3. Yes."
151,no,"Step-by-step reasoning:
   - Identify the probability of a healthy heart for people not taking medication: 71%.
   - Identify the probability of a healthy heart for people taking medication: 43%.
   - Compare the two probabilities to determine the effect of medication on the chance of having a healthy heart.
   - Since 43% (with medication) is less than 71% (without medication), taking medication is associated with a lower chance of a healthy heart.

3. No"
152,yes,"Step-by-Step Reasoning:**
1. Method 1 provides a general overview of the smoking-lung cancer correlation without considering demographic factors.
2. Method 2 examines the correlation on a case-by-case basis according to gender, allowing for a more nuanced understanding.
3. Biological and lifestyle differences between genders can influence lung cancer risk, suggesting that a one-size-fits-all approach (Method 1) may not capture the full complexity of the issue.
4. Considering gender-specific data (Method 2) can lead to more targeted prevention and treatment strategies.

**Yes or No Answer:** No"
153,yes,"Step-by-Step Reasoning:**
1. Identify the given probabilities: 90% smoking rate, 67% college admission rate for nonsmokers, 55% for smokers.
2. Calculate the probability of being a nonsmoker: 100% - 90% = 10%.
3. Calculate the overall probability of college admission by multiplying the probability of each group (smokers and nonsmokers) by their respective college admission rates and summing these products.
4. Compare the calculated overall probability of college admission to 50% to determine if admission is more likely than rejection.

**Yes or No Answer:** Yes"
154,yes,"Step-by-Step Reasoning:**
1. Calculate the probability of having polluted water: 100% - 55% = 45%.
2. Calculate the weighted probability of cholera contraction for both scenarios (polluted and clean water).
3. Sum these probabilities to find the overall probability of cholera contraction: 36% (polluted) + 22% (clean) = 58%.
4. Calculate the probability of cholera prevention: 100% - 58% = 42%.
5. Compare the probabilities to determine if cholera contraction is less likely than cholera prevention.

**Yes or No Answer:** No."
155,yes,"step by step. We are told that high poverty or a global water company can lead to the availability of clean water. However, the combination of high poverty and clean water leads to cholera contraction. Given that the person in question is served by a local water company and lives in a region with high poverty, we need to consider how these factors influence the availability of clean water and the risk of cholera contraction. If the person were to receive clean water instead of polluted water, we must assess whether this would increase or decrease the risk of cholera contraction based on the information provided.

**Step-by-Step Reasoning**
1. High poverty or a global water company leads to clean water.
2. High poverty and clean water together lead to cholera contraction.
3. The person is served by a local water company, which may not necessarily provide clean water based on the given information.
4. The region has high poverty, which could contribute to conditions leading to cholera if clean water is present.
5. Receiving clean water could potentially increase the risk of cholera contraction if the underlying conditions that lead to cholera in the presence of clean water and high poverty are not addressed.

**Yes or No Answer**
No."
156,yes,"Step-by-step reasoning: 
1. Identify the probability of admission acceptance for non-males, which is 52%.
2. Identify the probability of admission acceptance for males, which is 51%.
3. Compare the two probabilities to determine the relationship between gender and admission acceptance.
4. Since 51% (male) is less than 52% (non-male), being male is associated with a lower probability of admission acceptance.

Yes or no answer: Yes."
157,yes,"Step-by-step reasoning:
1. Identify the probabilities of lung cancer for both groups.
2. Compare these probabilities to determine if there's a difference.
3. Analyze the implication of this difference on the relationship between smoking genes and lung cancer risk.
4. Consider the opposite scenario to validate the conclusion.

Yes."
158,yes,"Step-by-Step Reasoning**:
1. Identify given probabilities: vaccination rate (3%), lack of vaccination and survival rate (39%), vaccination and survival rate (1%).
2. Calculate conditional probabilities of survival given vaccination and given no vaccination.
3. Compare these conditional probabilities to determine if vaccination increases the chance of survival.

**Yes or No Answer**: No"
159,yes,"Step-by-step reasoning:
1. **Understanding the Relationship**: Recognize that water quality and cholera incidence are related but consider that this relationship might be influenced by other factors.
2. **Considering Method 1**: This method provides a general overview of the correlation between water quality and cholera but may overlook important socioeconomic factors.
3. **Considering Method 2**: This method analyzes the correlation on a case-by-case basis, considering poverty, which can offer a more nuanced understanding of how water quality affects cholera in different contexts.
4. **Comparing Methods**: Method 2 is more detailed and considers critical factors like poverty, making it more suitable for understanding the complex relationship between water quality and cholera.

Yes or no answer: No."
160,yes,"Step-by-step reasoning:
1. Compare the probabilities of a healthy heart between individuals taking and not taking medication within each blood pressure group.
2. Evaluate the effect of medication on the probability of high blood pressure.
3. Consider if the data supports a positive relationship between medication intake and heart health through its impact on blood pressure.

Yes or no answer: Yes."
161,yes,"Step-by-step reasoning:
1. **Understanding the goal**: The objective is to understand how personality affects appearance.
2. **Evaluating Method 1**: It considers the impact of relationship status, offering nuanced insights into how personality might influence appearance within specific social contexts.
3. **Evaluating Method 2**: It provides a general view of the personality-appearance correlation without considering relationship status, potentially overlooking important contextual influences.
4. **Comparing the methods**: Method 1 might be more insightful for understanding the specific dynamics of personality and appearance in the context of relationships.

Yes or no answer: Yes."
162,yes,"Step-by-Step Reasoning:**
1. Understand the given probabilities: 15% for the smoking gene, 30% for nonsmoking gene and lung cancer, and 6% for smoking gene and lung cancer.
2. Consider the opposite scenario: If the chance of lung cancer were not smaller with the smoking gene.
3. Analyze the implications: The given probabilities indicate a lower occurrence of lung cancer with the smoking gene (6%) compared to without it (30%).
4. Conclude based on the analysis: The chance of lung cancer appears smaller with the smoking gene based on the provided data.

**Yes or No Answer:** Yes"
163,yes,"Step-by-step reasoning:
1. Identify the probabilities of low and high hospital bills.
2. Calculate the probability of recovery for patients with low and high hospital bills separately.
3. Combine these probabilities to find the overall probability of recovery.
4. Compare the overall probability of recovery to 0.5 to determine if recovery is less likely than non-recovery.

Yes or no answer: Yes."
164,yes,"Step-by-step reasoning:
1. Calculate the probability of being unattractive: 100% - 52% = 48%.
2. Calculate the probability of talent among attractive people: 52% * 16% = 8.32%.
3. Calculate the probability of talent among unattractive people: 48% * 16% = 7.68%.
4. Calculate the overall probability of talent: 8.32% + 7.68% = 16%.
5. Calculate the probability of lack of talent: 100% - 16% = 84%.
6. Compare the probability of talent (16%) to the probability of lack of talent (84%) to conclude that talent is indeed less likely.

Yes or no answer: Yes."
165,yes,"Step-by-Step Reasoning:
1. Compare the probabilities of the forest being on fire between campers who light a match and those who do not.
2. Identify that the probability of the forest being on fire is higher (87%) for campers who do not light a match compared to those who do (53%).
3. Conclude that, based on the given probabilities, the forest is more likely to be on fire if the camper had not lit a match.

Yes or No Answer: Yes"
166,yes,"Step-by-step reasoning:
1. Calculate the probability of receiving treatment and recovering.
2. Calculate the probability of not receiving treatment and recovering.
3. Add these probabilities to find the overall probability of recovery.
4. Compare the overall probability of recovery with the probability of non-recovery to determine which is more likely.

Yes or no answer: No"
167,yes,"Step-by-Step Reasoning**:
- Identify the probabilities of lung cancer for each combination of genetic predisposition and smoking behavior.
- Compare these probabilities to determine if having smoking genes directly increases lung cancer risk.
- Analyze how genetic predisposition affects smoking behavior, especially in different pollution levels.
- Determine if the increased likelihood of smoking due to genetic predisposition could indirectly increase lung cancer risk.

3. **Yes or No Answer**: No"
168,yes,"Step-by-step reasoning:
1. **Understanding Method 1**: Analyzing education level vs. salary on a case-by-case basis according to skill.
2. **Understanding Method 2**: Looking at the general correlation between education level and salary.
3. **Comparing the Methods**: Method 1 provides specific insights into how education affects salary within particular skills or professions, while Method 2 offers a general overview.
4. **Considering the Opposite**: If Method 2 were more accurate, it would suggest a uniform impact of education on salary across all skills, which seems less likely given the varied requirements of different professions.

Yes or no answer: Yes."
169,yes,"Step-by-step reasoning:
1. Evaluate Method 1 for its general approach to correlation without considering specific variables.
2. Evaluate Method 2 for its detailed approach, considering variables like traffic.
3. Consider the impact of overlooking variables like traffic in Method 1 versus accounting for them in Method 2.

Yes or no answer: No."
170,yes,"Step-by-step reasoning:**
1. Identify the given probabilities: 88% for the smoking gene, 7% for nonsmoking gene and lung cancer, and 35% for smoking gene and lung cancer.
2. Understand the question is asking for a comparison of lung cancer risk between smoking and nonsmoking gene groups.
3. Consider the opposite scenario to gain perspective: if lung cancer risk were not higher with the smoking gene, the probabilities would be similar or lower for the smoking gene group.
4. Compare the given probabilities: 35% (smoking gene and lung cancer) is higher than 7% (nonsmoking gene and lung cancer), indicating a higher risk with the smoking gene.

**Yes or no answer:** Yes"
171,yes,"To answer this question, let's first break down the given probabilities and understand their implications.

1. The overall probability of blowing out the candle is 16%. This means that in 16% of the cases, the candle is blown out.
2. The probability of not blowing out the candle and having a dark room is 74%. This implies that in 74% of the cases, the candle is not blown out, and the room is dark.
3. The probability of blowing out the candle and having a dark room is 9%. This means that in 9% of the cases, the candle is blown out, and the room is dark.

Given these probabilities, we want to determine if the chance of a dark room is larger when observing that the candle is blown out.

Let's consider the opposite scenario to gain a different perspective: If the chance of a dark room were not larger when the candle is blown out, it would imply that blowing out the candle does not increase the likelihood of the room being dark. However, the probability of having a dark room when the candle is blown out can be directly calculated from the given data.

To calculate the probability of a dark room given that the candle is blown out, we can use the formula for conditional probability: P(Dark Room | Candle Blown Out) = P(Dark Room and Candle Blown Out) / P(Candle Blown Out).

From the given data:
- P(Dark Room and Candle Blown Out) = 9%
- P(Candle Blown Out) = 16%

Thus, P(Dark Room | Candle Blown Out) = 9% / 16% = 56.25%.

This calculation shows that when the candle is blown out, the probability of the room being dark is 56.25%, which is significantly higher than the probability of the room being dark when we do not have information about the candle being blown out (which can be inferred from the given probabilities but is not directly needed for our conclusion).

To summarize the reasoning:
- The probability of a dark room given that the candle is blown out is calculated using the formula for conditional probability.
- The given probabilities allow us to calculate this conditional probability as 56.25%.
- This result indicates that the chance of a dark room is indeed larger when observing that the candle is blown out, compared to the overall scenario without this observation.

Yes or No answer: Yes."
172,yes,"Step-by-Step Reasoning**:
   - Identify the key factor influencing treatment choice and effectiveness: kidney stone size.
   - Recognize that a one-size-fits-all approach (Method 1) might not accurately capture the nuances of treatment efficacy.
   - Understand that analyzing treatment effectiveness on a case-by-case basis according to stone size (Method 2) allows for more targeted and potentially more effective treatment plans.

3. **Yes or No Answer**: No."
173,yes,"Step-by-Step Reasoning**:
   - Method 1 analyzes the correlation between education and salary on a case-by-case basis, focusing on specific skills.
   - Method 2 examines the general correlation between education level and salary.
   - Method 1 accounts for variability in skill value across industries and jobs.
   - Method 2 may overlook the impact of specific skills on salary.
   - Considering the opposite (Method 2 being more accurate) implies skills have little impact on salary, contradicting evidence that skill-specific education increases salaries in high-demand fields.

3. **Yes or No Answer**: Yes"
174,yes,"Step-by-Step Reasoning**:
    - Identify given probabilities: P(Treatment and Recovery) = 40%, P(No Treatment and Recovery) = 16%, P(Treatment) = 50%.
    - Recognize that the question asks for a comparison of recovery rates with and without treatment.
    - Notice that the recovery rate with treatment (40%) is higher than without treatment (16%), indicating treatment is associated with a higher recovery rate.

3. **Yes or No Answer**: No"
175,yes,"Step-by-step reasoning:
   - Identify the probabilities of wet ground in both seasons.
   - Compare these probabilities to determine if there's an increase from the dry season to the rainy season.
   - Consider how the season (through weather and potentially sprinkler use) could influence the ground being wet.
   - Recognize that an increase in the probability of wet ground during the rainy season could indicate a positive effect of the season on ground wetness.

3. Yes."
176,yes,"Step-by-step reasoning:
1. Identify the probability of admission acceptance for non-males, which is 67%.
2. Identify the probability of admission acceptance for males, which is 61%.
3. Compare the two probabilities to determine the relationship between gender and admission acceptance probability.
4. Since 61% (males) is less than 67% (non-males), being male is associated with a lower probability of admission acceptance.

Yes or no answer: Yes."
177,yes,"step by step:

1. **Full Response**: The question asks whether the captain's order to execute the prisoner would decrease the chance of the prisoner's death, given the probabilities of death associated with each action (releasing or executing). Initially, it might seem counterintuitive to consider that executing a prisoner could decrease the chance of death, as the term ""execute"" directly implies causing death. However, the question prompts us to think about the probabilities provided: a 34% chance of death if released and an 80% chance of death if executed. The key here is understanding that these probabilities are given and apply to the specific actions of release or execution as stated. The question essentially asks us to compare these probabilities to determine if executing, based on the given percentages, would be the action that results in a lower chance of death for the prisoner.

2. **Step-by-Step Reasoning**:
   - Identify the probability of death if the prisoner is released: 34%.
   - Identify the probability of death if the prisoner is executed: 80%.
   - Compare these probabilities to determine which action results in a lower chance of death.
   - Consider the logical implication of the question, which is to assess the effect of the captain's order based on the given probabilities, not the literal meaning of ""execute"" in common language.

3. **Yes or No Answer**: No."
178,yes,"Step-by-Step Reasoning:**
1. Identify the probabilities of a child being intelligent based on parents' intelligence and social status.
2. Observe the effect of changing social status on these probabilities for both intelligent and unintelligent parents.
3. Consider the role of the confounder in influencing social status and potentially the intelligence of the child.
4. Assess whether the data suggests a negative effect of parents' intelligence on child's intelligence through the pathway of social status.

**Yes or No Answer:** No."
179,yes,"Step-by-step reasoning:**
1. Identify the probabilities of the captain's actions and their outcomes.
2. Calculate the probability of the prisoner's death for each action (execution or release).
3. Use the law of total probability to find the overall probability of the prisoner's death.
4. Compare the calculated probability to 50% to determine if death is more likely than being alive.

**Yes or no answer:** No"
180,yes,"Step-by-Step Reasoning:**
1. Calculate the overall probability of the alarm ringing, \(P(R)\), by summing the probabilities of the alarm ringing in both scenarios (set by husband and not set by husband).
2. Calculate the conditional probability \(P(R|H)\) using the formula for conditional probability.
3. Compare \(P(R|H)\) to \(P(R)\) to determine if the chance of the alarm ringing is larger when the alarm is set by the husband.

**Yes or No Answer:** Yes"
181,yes,"Step-by-Step Reasoning:**
1. **Understand the Goal**: The objective is to understand how personality affects appearance.
2. **Analyze Method 1**: This method looks at the correlation between personality and appearance based on relationship status, which may reveal context-specific patterns.
3. **Analyze Method 2**: This method examines the general correlation between personality and appearance, potentially uncovering broader patterns not limited by relationship status.
4. **Compare Methods**: Method 2 is more direct and comprehensive for achieving the goal, as it is not restricted to specific social contexts.

**Yes or No Answer**: No"
182,yes,"Step-by-step reasoning:
1. Calculate the proportion of the population with and without a college degree.
2. Determine the probability of a high salary for each group.
3. Calculate the weighted contribution of each group to the overall probability of a high salary.
4. Sum the contributions to find the overall probability of a high salary.
5. Compare this probability to 50% to determine if high salary is less likely than low salary.

Yes or no answer: Yes."
183,yes,"To answer this question, let's first break down the given information and analyze the relationship between supply and price.

1. **Full Response**: 
The probability of increased supply is given as 56%. This means that in 56% of the cases, we can expect the supply to increase. The probability of reduced supply and increased price is 24%, and the probability of increased supply and increased price is 8%. To determine if the chance of increased price is larger when observing increased supply, we need to calculate the probability of increased price given increased supply and compare it with the overall probability of increased price.

Let's denote:
- P(S) as the probability of increased supply, which is 56% or 0.56.
- P(RS & IP) as the probability of reduced supply and increased price, which is 24% or 0.24.
- P(IS & IP) as the probability of increased supply and increased price, which is 8% or 0.08.

The probability of increased price given increased supply, P(IP|IS), can be calculated as the probability of increased supply and increased price divided by the probability of increased supply, which is 0.08 / 0.56.

The overall probability of increased price, P(IP), can be calculated by adding the probability of increased price with reduced supply and the probability of increased price with increased supply, which is 0.24 + 0.08 = 0.32.

However, to directly answer the question, we compare the conditional probability of increased price given increased supply to the probability of increased price given reduced supply or the overall probability of increased price.

2. **Summary of the Full Response**:
- Identify given probabilities: P(S) = 0.56, P(RS & IP) = 0.24, P(IS & IP) = 0.08.
- Calculate the probability of increased price given increased supply: P(IP|IS) = P(IS & IP) / P(S).
- Calculate the overall probability of increased price: P(IP) = P(RS & IP) + P(IS & IP).
- Compare P(IP|IS) with the probability of increased price in other conditions to determine if increased supply increases the chance of increased price.

3. **Yes or No Answer**: 
No. 

This answer is derived from the fact that the probability of increased price given increased supply (8%/56%) is less than the probability of increased price when considering all scenarios (32%). This suggests that observing increased supply does not necessarily increase the chance of increased price compared to the overall probability of increased price."
184,yes,"Step-by-Step Reasoning**:
- Identify the probabilities of high salary for different gender and occupation combinations.
- Consider the influence of skill level on job type and subsequently on salary.
- Recognize the limitation of not having direct probabilities of high salary by gender alone.
- Infer the potential indirect effect of gender on salary based on job type probabilities.

3. **Yes or No Answer**: Yes"
185,yes,"Step-by-Step Reasoning**:
- Identify given probabilities: Smoking (S) = 11%, Nonsmoking and Lung Cancer (NS & LC) = 27%, Smoking and Lung Cancer (S & LC) = 6%.
- Understand the question is about comparative risk, specifically if smoking reduces the chance of lung cancer, which seems counterintuitive.
- Recognize that without the overall probability of lung cancer or more specific conditional probabilities (e.g., P(LC|S) directly), we must interpret the given data carefully.
- The question essentially asks for a comparison of lung cancer risk in smokers versus the general or nonsmoking population.

3. **Yes or No Answer**: No."
186,yes,"step by step. The probabilities of lung cancer for two groups are given: one group has nonsmoking genes with a lung cancer probability of 78%, and the other group has smoking genes with a lung cancer probability of 58%. 

The key here is understanding what these probabilities imply about the relationship between the type of genes (nonsmoking vs. smoking) and the likelihood of developing lung cancer. If the probability of lung cancer is lower in the group with smoking genes compared to the group with nonsmoking genes, it suggests that having smoking genes is associated with a decreased chance of lung cancer, based solely on the probabilities given.

However, it's crucial to note that this interpretation seems counterintuitive to the general understanding that smoking (or having genetic predispositions associated with smoking behavior) is linked to an increased risk of lung cancer. But, adhering strictly to the information provided and the question asked, we focus on the comparative probabilities.

Step-by-step reasoning:
1. Identify the probabilities of lung cancer for both groups: 78% for nonsmoking genes and 58% for smoking genes.
2. Compare these probabilities to determine the relative risk: 58% is less than 78%.
3. Conclude based on the comparison whether having smoking genes decreases the chance of lung cancer according to the given probabilities.

Yes or no answer: Yes"
187,yes,"Step-by-Step Reasoning:**
1. Understand the two methods: Method 1 looks at the general correlation between personality and appearance, while Method 2 examines this correlation in the context of relationship status.
2. Consider the strengths of each method: Method 1 provides broad insights, while Method 2 offers nuanced, context-specific understanding.
3. Evaluate the goal of understanding personality's effect on appearance: If the aim is for a general understanding, Method 1 is more suitable.

**Yes or No Answer:** Yes"
188,yes,"Step-by-Step Reasoning**:
- Identify admission acceptance rates by gender and department type.
- Compare rates within each department type to assess the effect of gender.
- Consider how department competitiveness (as indicated by application probabilities) interacts with gender.
- Evaluate if being male offers a consistent advantage across department types.

3. **Yes or No Answer**: Yes"
189,yes,"Step-by-step reasoning:
1. Identify the relevant probabilities for people in a relationship.
2. Compare the probability of attractive appearance for those with mean personalities (62%) to those with kind personalities (67%) within the context of being in a relationship.
3. Determine if the probability increases when considering kindness.

Yes or no answer: Yes"
190,yes,"Step-by-Step Reasoning**:
- Identify the probabilities of the wife setting the alarm based on the husband's actions.
- Compare the outcomes (alarm ringing probabilities) when the wife sets the alarm in response to the husband's actions.
- Determine if the husband's action (setting the alarm) increases the likelihood of the alarm ringing due to the wife's action.

3. **Yes or No Answer**: No."
191,yes,"Step-by-step reasoning:
1. Identify the probabilities of high salary for different gender and occupation groups.
2. Compare these probabilities to determine the relationship between gender and salary within each occupation type.
3. Consider the probabilities of white-collar jobs based on gender and skill level.
4. Assess the overall probability of high skill levels and its implications.
5. Infer the impact of gender on salary based on the provided probabilities and the relationship between gender, occupation, and skill level.

Yes or no answer: No"
192,yes,"Step-by-step reasoning:
1. Determine the probability of taking the stairs by subtracting the probability of taking the elevator from 100%.
2. Calculate the weighted average of the probabilities of penguin death for those taking the stairs and the elevator.
3. Compare the overall probability of penguin death to 50% to determine if death is more likely than survival.

Yes or no answer: No."
193,yes,"Step-by-step reasoning:
1. Identify the given probabilities: 31% for children of unintelligent parents and 62% for children of intelligent parents.
2. Compare these probabilities to determine if there's a difference in the likelihood of a child being intelligent based on parental intelligence.
3. Recognize that a significant difference (31% vs. 62%) suggests a correlation between parental intelligence and child intelligence.
4. Consider the opposite scenario: if intelligent parents didn't increase the chance, the probabilities would be expected to be similar, which is not the case.

Yes or no answer: Yes"
194,yes,"Step-by-step reasoning:
1. Calculate the probability of the prisoner being executed and dying: 19% * 73% = 13.87%.
2. Calculate the probability of the prisoner being released and dying: 81% * 19% = 15.39%.
3. Calculate the overall probability of the prisoner's death: 13.87% + 15.39% = 29.26%.
4. Compare the overall probability of death to the probability of being alive: 29.26% vs 70.74%.

Yes."
195,yes,"step by step. We're given two premises:
1. Male gender causes no treatment.
2. Male gender or receives treatment causes recovery.
We also have the observation that the patient is not male. Given these premises, we can infer the following:
- Since the patient is not male, according to the first premise, the factor of ""male gender causes no treatment"" does not apply directly to this patient. However, this premise is more about the condition under which a male would not receive treatment rather than a direct statement about the patient's gender and treatment outcome.
- The second premise states that either being male or receiving treatment leads to recovery. Since the patient is not male, the factor of ""male gender"" does not contribute to the recovery in this case.
- The question then becomes whether receiving treatment would lead to recovery for a non-male patient. According to the second premise, receiving treatment is a condition that leads to recovery, regardless of gender.

**Step-by-Step Reasoning**
1. Identify given premises: Male gender leads to no treatment, and male gender or treatment leads to recovery.
2. Note the patient's gender: The patient is not male.
3. Apply premises to the patient's situation: Since the patient is not male, the ""male gender"" part of the premises does not apply.
4. Focus on the treatment aspect: Receiving treatment is stated to cause recovery, regardless of gender.
5. Conclusion based on premises: Receiving treatment should lead to recovery for the patient, as the patient's recovery would then be dependent on the treatment received, not the gender.

**Yes or No Answer**
Yes."
196,yes,"Step-by-step reasoning:
1. Calculate the probability of nonsmoking: 100% - 98% = 2%.
2. Calculate the overall probability of college admission by adding the probabilities of college admission among smokers and nonsmokers: 0.64 + 0.01 = 0.65.
3. Calculate the probability of college admission given smoking: 0.64 / 0.98 ≈ 0.6531.
4. Compare the calculated conditional probability with the overall probability of college admission to determine if the chance of college admission is smaller when observing smoking.

Yes or no answer: No."
197,no,"step-by-step reasoning can be broken down as follows:
   - Identify the probability of lung cancer for individuals with smoking genes (39%).
   - Identify the probability of lung cancer for individuals with nonsmoking genes (35%).
   - Understand that the question implies a comparison within the group of people with smoking genes, considering the hypothetical presence of a nonsmoking gene.
   - Recognize that the provided data do not directly address the interaction between smoking and nonsmoking genes within the same individual.

3. No."
198,yes,"Step-by-Step Reasoning:**
1. Calculate the overall probability of penguin death when taking the stairs by considering the probabilities of penguin happiness and sadness.
2. Calculate the probability of penguin death when taking the elevator, given all penguins are happy.
3. Compare the two scenarios to determine the impact of your decision on penguin survival through penguin mood.

**Yes or No Answer:** Yes"
199,yes,"Step-by-step reasoning:
- First, we acknowledge that the probability of tanning salon treatment is high at 91%.
- Next, we compare the probability of having tanned skin with and without tanning salon treatment. The probability of tanned skin without tanning salon treatment is 5%, while the probability of both tanning salon treatment and tanned skin is 11%.
- Since 11% (tanning salon treatment and tanned skin) is greater than 5% (no tanning salon treatment and tanned skin), it indicates that a larger percentage of the population has tanned skin when they have undergone tanning salon treatment compared to those who have not.
- However, to assess if the chance of tanned skin is larger when observing tanning salon treatment, we need to consider the proportion of individuals with tanned skin among those who have undergone tanning salon treatment versus the overall population or those without tanning salon treatment.

Considering the given information and the fact that 91% of the population has undergone tanning salon treatment, the presence of tanned skin is more frequently observed in the context of tanning salon treatment (11%) compared to its absence (5%). This suggests that, given the observation of tanning salon treatment, the likelihood of tanned skin appears to be associated with it, as a larger proportion of the population with tanning salon treatment also has tanned skin compared to those without the treatment.

Yes or no answer: Yes."
200,yes,"Step-by-Step Reasoning:
   - Identify the probability of admission acceptance for males (36%) and non-males (48%).
   - Compare these probabilities to determine the group with the higher acceptance rate (non-males have a higher rate).
   - Consider the hypothetical scenario of a male individual not being male, thus falling into the non-male category.
   - Recognize that in this scenario, the individual would have a higher probability of admission acceptance (48% instead of 36%).

3. Yes or no answer: Yes"
201,yes,"Step-by-step reasoning:
1. Method 1 provides a general overview of the correlation between hospital costs and recovery.
2. Method 2 offers a more detailed analysis by considering age as a variable.
3. Age significantly impacts both recovery rates and healthcare costs.
4. Failing to account for age (Method 1) might lead to oversimplified or inaccurate conclusions.
5. Therefore, considering the variability introduced by age (Method 2) is likely more accurate for understanding the impact of hospital costs on recovery.

Yes or no answer: No."
202,yes,"Step-by-step reasoning:
1. Calculate the weighted average probability of a healthy heart for people not taking medication, considering the probabilities of low and high blood pressure.
2. Calculate the weighted average probability of a healthy heart for people taking medication, considering the same.
3. Compare the two weighted averages to determine if medication has a positive effect on heart condition when disregarding blood pressure mediation.

Yes or no answer: Yes."
203,yes,"Step-by-Step Reasoning:
1. Identify the goal: Understand how maternal smoking affects infant's birth weight.
2. Consider Method 1: Analyzes the relationship case by case, including unobserved confounders.
3. Consider Method 2: Looks at the general correlation without accounting for individual differences or confounders.
4. Evaluate the importance of accounting for confounders: Recognize that ignoring confounders can lead to biased results.
5. Compare the methods: Method 1 provides a more detailed and accurate understanding by considering individual cases and confounders.

Yes or No Answer: Yes"
204,yes,"Step-by-Step Reasoning:
1. Identify the survival probabilities for both unvaccinated and vaccinated individuals.
2. Compare these probabilities to determine if there's a difference.
3. Consider the implications of the opposite scenario (vaccination not increasing survival chances) and how it contrasts with the observed data.
4. Conclude based on the comparison and the implications of the opposite scenario.

Yes or No Answer: Yes"
205,yes,"Step-by-Step Reasoning:**
1. Understand given probabilities: 4% for tanning salon treatment, 7% for no tanning salon treatment and tanned skin, and 3% for tanning salon treatment and tanned skin.
2. Calculate the probability of tanned skin among tanning salon users: 3% / 4% = 75%.
3. Calculate the overall probability of tanned skin: 3% + 7% = 10%.
4. Compare the probabilities to determine if tanned skin is more likely with tanning salon treatment.

**Yes or No Answer:** Yes"
206,yes,"Step-by-Step Reasoning**
1. Understand the given probabilities of lung cancer for smokers and nonsmokers.
2. Recognize the difference in these probabilities as an indicator of the relationship between smoking and lung cancer risk.
3. Consider the role of tar deposit in smoking and its known potential to cause lung cell damage.
4. Analyze how the opposite scenario (smoking not affecting lung cancer) would imply similar lung cancer risks for smokers and nonsmokers.
5. Conclude that the actual difference in lung cancer probabilities between smokers and nonsmokers supports the notion that smoking, through mechanisms like tar deposit, negatively affects lung health.

**Yes or No Answer**
Yes"
207,yes,"step by step.

First, we know the overall probability of attractive appearance is 56%. This implies that the probability of being considered unattractive is 100% - 56% = 44%.

We are also given that for people considered unattractive, the probability of talent is 9%, and for people considered attractive, the probability of talent is also 9%. This means the probability of talent does not depend on whether a person is attractive or not; it remains constant at 9% for both groups.

Given this, we can calculate the overall probability of talent in the population. Since the probability of talent is the same for both attractive and unattractive people, we don't need to separate the groups to find the overall probability of talent. The probability of talent remains 9% regardless of attractiveness.

To determine if talent is more likely than lack of talent, we compare the probability of talent (9%) to the probability of lack of talent (100% - 9% = 91%). Clearly, the lack of talent (91%) is more likely than talent (9%).

Now, considering the opposite scenario to gain a different perspective: If talent were more likely than lack of talent, we would expect the probability of talent to be greater than 50%. However, given that the probability of talent is 9% across the board, this is not the case.

**Step-by-step reasoning:**
1. Identify the probability of being attractive and unattractive.
2. Note the probability of talent among attractive and unattractive individuals.
3. Recognize that the probability of talent is constant across both groups.
4. Calculate the overall probability of talent and lack of talent.
5. Compare the probabilities to determine which is more likely.

**Yes or no answer:** No"
208,yes,"Step-by-step reasoning:
1. Identify the given probabilities for citrus intake and scurvy occurrence in both consumer groups.
2. Calculate the probability of not consuming citrus as the complement of consuming citrus.
3. Calculate the weighted sum of scurvy probabilities for both groups to find the overall probability of scurvy.
4. Compare the overall probability of scurvy to 50% to determine if scurvy is more likely than no scurvy.

Yes or no answer: Yes."
209,yes,"Step-by-Step Reasoning**:
   - Identify the probabilities of high salary for both groups.
   - Compare these probabilities to determine the effect of having a college degree or higher.
   - Recognize that a higher probability for the college degree or higher group indicates an increase, not a decrease, in the chance of a high salary.
3. **Yes or No Answer**: No"
210,yes,"Step-by-Step Reasoning**:
- Identify recovery probabilities based on age and hospital bill amount.
- Compare recovery rates for high vs. low hospital bills within each age group.
- Consider the overall impact of switching from a high to a low hospital bill on recovery probability.
- Account for the age factor and its influence on recovery rates.

3. **Yes or No Answer**: Yes"
211,yes,"Step-by-step reasoning:
1. Identify the probabilities of high tar deposit for smokers and nonsmokers.
2. Examine how the presence of tar deposit affects lung cancer risk for both groups.
3. Consider the overall effect of smoking on lung cancer, including the role of tar deposit.

Yes or no answer: No"
212,yes,"Step-by-step reasoning:
1. Calculate the probability of receiving treatment and recovering: 0.65 * 0.63 = 0.4095
2. Calculate the probability of not receiving treatment and recovering: 0.35 * 0.37 = 0.1295
3. Find the overall probability of recovery: 0.4095 + 0.1295 = 0.539
4. Compare the overall probability of recovery (53.9%) with the probability of non-recovery (46.1%).

Yes or no answer: No"
213,yes,"Step-by-Step Reasoning:
1. Understand the given probabilities: 34% chance of death if released, 57% chance of death if executed.
2. Compare the probabilities to determine the impact of the captain's order.
3. Recognize that a higher percentage indicates a greater likelihood of the event (death) occurring.
4. Determine if executing increases the chance of death compared to releasing.

Yes or No Answer: Yes"
214,yes,"Step-by-Step Reasoning**:
- Identify the probability of taking all assigned drugs: 43%.
- Identify the probability of not taking any drugs and having low cholesterol: 24%.
- Identify the probability of taking all assigned drugs and having low cholesterol: 17%.
- Compare the probability of low cholesterol in both scenarios (taking all drugs vs. not taking any drugs) to determine if there's a higher likelihood of low cholesterol when taking all assigned drugs.

3. **Yes or No Answer**: No."
215,yes,"Step-by-step reasoning:
1. **Understanding the Methods**: Method 1 analyzes the general correlation between gender and admission status, while Method 2 does this analysis on a case-by-case basis per department.
2. **Considering Departmental Variability**: Different departments may have different admission criteria, competitiveness levels, and gender dynamics.
3. **Analyzing the Opposite Scenario**: If Method 1 were superior, it would suggest departmental specifics are less relevant, which seems unlikely given the known variability between departments.

Yes or no answer: No."
216,yes,"Step-by-Step Reasoning:**
1. Identify given probabilities: 43% smoking mothers, 49% nonsmoking mothers with normal birth weight infants, and 17% smoking mothers with normal birth weight infants.
2. Understand the question is asking for a comparison of the probability of normal birth weight among smoking mothers versus the general or nonsmoking population.
3. Recognize that direct comparison to the overall population or nonsmoking mothers requires additional information not provided.
4. Compare the given probabilities for nonsmoking and smoking mothers with normal birth weight infants to infer the relationship.

**Yes or No Answer:** No"
217,no,"step-by-step reasoning can be broken down as follows:
   - Identify the probabilities of wet ground in different seasons.
   - Consider the factors contributing to wet ground (rain and sprinklers).
   - Analyze how seasonality affects these factors and the overall condition of the ground.
   - Determine if the change in season from dry to rainy negatively affects the ground, considering both natural weather patterns and human interventions like sprinklers.

3. No."
218,no,"step-by-step reasoning:
   - Identify the probabilities of wet ground in both seasons.
   - Compare the probabilities to determine if the rainy season has a higher probability of wet ground.
   - If the probability is lower in the rainy season, consider the implication that the season may not positively affect the ground through weather and sprinkler.

3. No."
219,yes,"Step-by-Step Reasoning:**
1. Understand the basis of both methods.
2. Recognize the importance of socio-economic factors like poverty in disease incidence.
3. Consider the implications of ignoring these factors (Method 2).
4. Determine that accounting for poverty (Method 1) offers a more comprehensive analysis.

**Yes or No Answer:** Yes"
220,yes,"Step-by-Step Reasoning:**
1. Identify the given probabilities: 74% chance of scurvy for patients consuming citrus and 60% for those not consuming citrus.
2. Compare the probabilities: 74% is greater than 60%, suggesting that consuming citrus might increase the chance of scurvy based solely on the numbers.
3. Consider the known effects of citrus on scurvy: Citrus fruits are rich in vitamin C, which prevents scurvy.
4. Recognize the contradiction: The data provided contradicts established knowledge about citrus and scurvy.
5. Conclusion based on logical reasoning: The provided data seems flawed or misleading in the context of known medical facts about citrus and scurvy.

**Yes or No Answer:** No"
221,yes,"Step-by-Step Reasoning:**
1. Identify the probabilities of high salary for different gender and occupation groups.
2. Compare the probabilities within each occupation category to assess the effect of gender.
3. Recognize that direct calculation of overall gender effect on salary is not possible with given data.
4. Infer from occupation-specific data that being male is associated with higher salary probabilities.

**Yes or No Answer:** Yes"
222,yes,"Step-by-Step Reasoning:**
1. Understand the initial conditions: High poverty + global water company = clean water, and high poverty + clean water = cholera contraction.
2. Consider the change in conditions: The person is in a low-poverty area served by a local water company.
3. Evaluate the impact of polluted water: Polluted water can cause waterborne diseases but may not directly lead to cholera contraction if other conditions (like sanitation) are good.
4. Determine the relationship between polluted water and cholera avoidance: If polluted water reduces the risk of cholera due to other factors (e.g., avoiding a specific contamination pathway), then it could potentially lead to avoidance.

**Yes or No Answer:** No"
223,yes,"Step-by-Step Reasoning:**
1. Method 1 accounts for smoking, a significant confounding variable in lung cancer.
2. Ignoring smoking (as in Method 2) might obscure the true relationship between the gene and lung cancer.
3. Considering interactions with known risk factors (like smoking) typically provides a more accurate understanding of disease mechanisms.

**Yes or No Answer:** Yes"
224,yes,"Step-by-step reasoning:
1. Method 1 analyzes supply and price correlation case by case, considering demand.
2. Method 2 looks at the general correlation between supply and price without considering demand.
3. Demand significantly affects how supply changes influence prices.
4. Method 1 provides a more nuanced and accurate understanding by accounting for demand variability.

Yes."
225,yes,"Step-by-Step Reasoning:**
1. Calculate the probability of being encouraged and achieving a high score.
2. Calculate the probability of not being encouraged and achieving a high score.
3. Add these probabilities to find the overall probability of achieving a high exam score.
4. Compare this probability to the probability of a low exam score (100% - probability of high score) to determine which is more likely.

**Yes or No Answer:** No"
226,yes,"step-by-step reasoning:
   - The captain decides whether to release or execute a prisoner.
   - This decision influences the actions of the corporal and the private.
   - If the decision is to execute, the high probability of death (83%) implies the corporal and the private's actions under the captain's orders contribute to this outcome.
   - Therefore, the captain's decision, through the actions of the corporal and the private, negatively affects the prisoner.

3. Yes"
227,yes,"Step-by-Step Reasoning**:
- Identify the given probabilities: 
  - College degree or higher: 30%
  - High school degree or lower and high salary: 24%
  - College degree or higher and high salary: 19%
- Consider what the question is asking: Is the chance of a high salary smaller when observing college degree or higher?
- Realize that to directly answer, we'd need the overall probability of a high salary or the probability of a high salary among those without a college degree or higher for a proper comparison.
- Note that the probability of a high salary among college degree or higher individuals (19%) is less than the probability of a high salary among high school degree or lower individuals (24%), but this does not directly answer the question without the context of overall high salary probabilities.

3. **Yes or No Answer**: No"
228,yes,"Step-by-Step Reasoning**
1. Identify the probability of the forest being on fire without a match being lit: 75%.
2. Identify the probability of the forest being on fire with a match being lit: 59%.
3. Compare the two probabilities to determine the effect of lighting a match on the chance of a forest fire.
4. Since 59% is less than 75%, conclude that lighting a match is associated with a decreased chance of the forest being on fire.

**Yes or No Answer**
No"
229,yes,"Step-by-Step Reasoning**:
    - Identify the relevant probabilities for people in a relationship.
    - Compare the probability of attractive appearance for those with mean personalities (43%) to those with kind personalities (37%).
    - Determine if there's a decrease in the probability of attractive appearance when moving from mean to kind personalities among people in a relationship.

3. **Yes or No Answer**: Yes."
230,no,"step-by-step reasoning can be summarized as follows:
   - Identify the given probabilities of lung cancer for nonsmokers (27%) and smokers (57%).
   - Compare these probabilities to determine if there's a higher risk associated with smoking.
   - Recognize that tar deposits from smoking are known to cause lung damage and increase the risk of lung cancer.
   - Conclude that the increased probability of lung cancer among smokers, combined with the harmful effects of tar deposits, indicates a negative effect of smoking on lung health regarding lung cancer risk.

3. No"
231,yes,"Step-by-step reasoning:
1. Method 1 considers the size of the kidney stone in analyzing treatment effectiveness.
2. Method 2 does not consider specific factors like kidney stone size.
3. The size of the kidney stone can impact treatment choice and success.
4. Ignoring stone size (Method 2) might overlook critical trends in treatment outcomes.
5. Therefore, considering the specifics (Method 1) is more detailed and potentially more accurate.

Yes."
232,yes,"step by step.

1. **Full Response**: 
The probability of vaccination is given as 10% (P(Vaccination) = 0.10). The probability of both not being vaccinated and surviving smallpox is 38% (P(Not Vaccinated and Survival) = 0.38). The probability of being vaccinated and surviving smallpox is 6% (P(Vaccinated and Survival) = 0.06). 

To determine if the chance of smallpox survival is smaller when observing vaccination, we need to compare the probability of survival given vaccination to the probability of survival given no vaccination. 

First, let's find the probability of not being vaccinated, which is 1 - P(Vaccination) = 1 - 0.10 = 0.90. 

The probability of survival given vaccination (P(Survival|Vaccination)) is the probability of being vaccinated and surviving divided by the probability of being vaccinated, which is 0.06 / 0.10 = 0.6 or 60%.

The probability of survival given no vaccination (P(Survival|No Vaccination)) can be found by dividing the probability of not being vaccinated and surviving by the probability of not being vaccinated. However, we directly have the probability of not being vaccinated and surviving as 38%, so we divide this by the probability of not being vaccinated (0.90) to find the conditional probability of survival given no vaccination: 0.38 / 0.90 = 0.4222 or approximately 42.22%.

Comparing the two conditional probabilities, the probability of survival given vaccination (60%) is actually higher than the probability of survival given no vaccination (approximately 42.22%). This suggests that, based on the given probabilities, the chance of smallpox survival is not smaller when observing vaccination; rather, it appears to be higher.

2. **Concise Step-by-Step Reasoning**:
- Calculate the probability of not being vaccinated: 1 - 0.10 = 0.90.
- Calculate the probability of survival given vaccination: 0.06 / 0.10 = 0.6.
- Calculate the probability of survival given no vaccination: 0.38 / 0.90 ≈ 0.4222.
- Compare the probabilities of survival given vaccination and no vaccination.

3. **Yes or No Answer**: No"
233,yes,"Step-by-Step Reasoning**:
- Calculate the probability of the alarm being set and ringing.
- Calculate the probability of the alarm not being set but still ringing.
- Add these probabilities to find the overall probability of the alarm ringing.
- Compare this overall probability to 50% to determine if ringing is more likely than silent.

3. **Yes or No Answer**: Yes"
234,yes,"Step-by-Step Reasoning:**
1. Identify the goal: Understand the general impact of vaccination on smallpox survival.
2. Consider Method 1: It provides a broad overview of the correlation between vaccination status and survival.
3. Consider Method 2: It offers a detailed look at the correlation based on individual reactions to the vaccine.
4. Determine which method aligns better with the goal: Method 1 is more suitable for understanding general trends and overall impact.

**Yes or No Answer:** Yes"
235,yes,"Step-by-Step Reasoning:**
1. Calculate the probability of reduced supply: 100% - 61% = 39%.
2. Calculate the overall probability of increased price due to reduced supply: 77% * 39%.
3. Calculate the overall probability of increased price due to increased supply: 46% * 61%.
4. Add the probabilities from step 2 and step 3 to find the overall probability of increased price.
5. Compare the overall probability of increased price to 50% to determine if it's more likely than reduced price.

**Yes or No Answer:** No"
236,yes,"Step-by-Step Reasoning:
1. Identify the probability of a dark room when candles are blown out, which is 93%.
2. Identify the probability of a dark room when candles are not blown out, which is 51%.
3. Compare these probabilities to understand the relationship between blowing out candles and the darkness of the room.
4. Consider the logical outcome of not blowing out a candle (the room remaining lit) and how it affects the likelihood of the room being dark.

Yes or No Answer: Yes"
237,yes,"Step-by-step reasoning:
1. Identify the probability of a child being intelligent with unintelligent parents: 31%.
2. Identify the probability of a child being intelligent with intelligent parents: 62%.
3. Compare the probabilities to determine if there's an increase in the likelihood of a child being intelligent when their parents are intelligent.
4. Consider the implications of the opposite scenario to validate the conclusion.

Yes."
238,yes,"Step-by-Step Reasoning:
1. Identify the recovery rate without treatment: 29%.
2. Identify the recovery rate with treatment: 10%.
3. Compare these rates to determine if recovery is less likely with treatment.
4. Consider the overall context of treatment probability (52%) and its implications.
5. Determine that the direct comparison of recovery rates (10% with treatment vs. 29% without) indicates a lower chance of recovery when treatment is observed.

Yes or No Answer: Yes."
239,yes,"Step-by-Step Reasoning:
- Identify the probability of admission acceptance for males: 41%.
- Identify the probability of admission acceptance for non-males: 53%.
- Compare the probabilities to determine the likelihood of admission acceptance if a male were not male.
- Since 53% (non-male) is greater than 41% (male), not being male is associated with a higher probability of admission acceptance.

3. Yes or no answer: No."
240,yes,"Step-by-step reasoning:
1. Consider the goal of understanding how gender affects admission status.
2. Evaluate Method 1, which provides a general overview but may miss departmental variations.
3. Evaluate Method 2, which offers a detailed, department-specific analysis but might be more complex.
4. Recognize that understanding the impact of gender on admissions requires accounting for contextual factors like department competitiveness.

Yes or no answer: No."
241,yes,"Step-by-step reasoning:
1. **Understanding Method 1**: It provides a general correlation between smoking and college admission, which can be useful for broad trends.
2. **Understanding Method 2**: It offers a case-by-case analysis based on effort, which can be more precise for individual circumstances.
3. **Considering the Opposite**: If Method 2 is more correct, it emphasizes individual effort's role, but for a general understanding, Method 1 might be sufficient.

Yes or no answer: No."
242,no,"step-by-step reasoning is as follows: 
    - Identify the probabilities of high salary for both genders: 39% for non-male and 78% for male.
    - Compare these probabilities to determine the effect of being male on the chance of having a high salary.
    - If the probability of high salary is higher for males (78%) than for non-males (39%), then being male does not decrease but rather increases the chance of having a high salary.

3. No"
243,yes,"Step-by-Step Reasoning:**
1. Calculate the probability of not blowing out the candle: 100% - 5% = 95%.
2. Calculate the probability of a dark room for those who blow out the candle: 5% * 56% = 2.8%.
3. Calculate the probability of a dark room for those who do not blow out the candle: 95% * 89% = 84.55%.
4. Add the probabilities of a dark room from both scenarios to find the overall probability: 2.8% + 84.55% = 87.35%.
5. Determine if the overall probability of a dark room is greater than 50%.

**Yes or No Answer:** Yes"
244,yes,"Step-by-step reasoning:
1. Calculate the probability of being a nonsmoker: 100% - 89% = 11%.
2. Determine the probability of college admission among nonsmokers: (3% / 11%) * 100% ≈ 27.27%.
3. Compare the probabilities of college admission among smokers (55%) and nonsmokers (≈27.27%).
4. Conclusion: The probability of college admission is larger among smokers than nonsmokers.

Yes or no answer: No."
245,yes,"Step-by-step reasoning:
1. Identify the probabilities of high tar deposit among smokers and nonsmokers.
2. Compare the probabilities of lung cancer with and without tar deposit for both groups.
3. Analyze how smoking influences tar deposit and subsequently how tar deposit influences lung cancer risk.
4. Determine if the relationship supports a positive effect of smoking on lung cancer through tar deposit.

Yes or no answer: No."
246,yes,"Step-by-Step Reasoning**:
- Identify admission acceptance rates by gender and department type.
- Compare these rates to determine if one gender has an advantage.
- Consider the impact of residency and department competitiveness probabilities.
- Analyze if being male provides a significant advantage in admission status.

3. **Yes or No Answer**: No"
247,yes,"Step-by-step reasoning:
1. Calculate the probability of normal birth weight for nonsmoking mothers: 35% * 55% = 19.25%
2. Calculate the probability of normal birth weight for smoking mothers: 65% * 92% = 59.8%
3. Add the probabilities to find the overall probability of normal infant birth weight: 19.25% + 59.8% = 79.05%
4. Compare the overall probability of normal infant birth weight (79.05%) with 50% to determine if it is more likely than low infant birth weight.

Yes or no answer: No"
248,yes,"Step-by-Step Reasoning:**
1. Calculate the probability of reduced supply.
2. Calculate the probability of increased price in both supply scenarios.
3. Compute the overall probability of increased price by adding the products of the probability of each supply scenario and the probability of increased price given that scenario.
4. Compare the overall probability of increased price to 50% to determine if it's more or less likely than reduced price.

**Yes or No Answer:** No"
249,yes,"Step-by-step reasoning:
1. Identify given probabilities: The probability of blowing out the candle is 5%, the probability of not blowing out the candle and having a dark room is 82%, and the probability of both blowing out the candle and having a dark room is 3%.
2. Understand the question: We need to determine if the chance of a dark room is smaller when the candle is blown out, compared to the overall scenario.
3. Analyze the relationship: Given that 82% of the time the candle is not blown out and the room is dark, and only 3% of the time both the candle is blown out and the room is dark, it suggests that the room being dark is more commonly associated with the candle not being blown out.

Yes or no answer: Yes."
250,yes,"Step-by-Step Reasoning**:
   - Identify the relevant probabilities for famous individuals: 29% for unattractive and famous, and 21% for attractive and famous.
   - Compare these probabilities to determine the relationship between attractiveness and talent among famous individuals.
   - If the probability of talent is lower for attractive famous individuals compared to unattractive famous individuals, then the chance of talent decreases with attractive appearance.

3. **Yes or No Answer**: Yes"
251,yes,"Step-by-Step Reasoning**:
- Calculate the probability of penguin death given elevator usage using the conditional probability formula.
- Calculate the probability of penguin death given stairs usage.
- Compare these probabilities to determine if the chance of penguin death is larger when observing taking the elevator.

3. **Yes or No Answer**: No."
252,yes,"Step-by-Step Reasoning**:
   - Calculate the overall probability of a high salary: 18% (high school or lower and high salary) + 22% (college or higher and high salary) = 40%.
   - Calculate the conditional probability of a high salary given a college degree or higher: 22% / 42% ≈ 52.4%.
   - Compare the conditional probability (52.4%) to the overall probability of a high salary (40%) to determine the relationship.

3. **Yes or No Answer**: No"
253,yes,"Step-by-Step Reasoning**:
   - Identify the probabilities of low cholesterol with and without the drug treatment.
   - Compare these probabilities to determine the effect of the drug treatment on low cholesterol.
   - Consider how adherence to assigned drugs (including the drug treatment) affects the outcome.
   - Analyze the increase in probability of low cholesterol when on the drug treatment.

3. **Yes or No Answer**: No."
254,yes,"Step-by-Step Reasoning:**
1. Consider the importance of birth weight as a factor in infant mortality.
2. Analyze how Method 1 provides a detailed examination of the impact of maternal smoking across different birth weights.
3. Evaluate how Method 2 offers a general overview but lacks the specificity of Method 1.
4. Reflect on the potential benefits of targeted interventions based on detailed analysis.
5. Consider the limitations of a generalized approach (Method 2) in capturing nuanced relationships.

**Yes or No Answer:** Yes"
255,yes,"step by step.

1. **Full Response**: 
Given that the overall probability of a camper lighting a match is 99%, this implies that the probability of a camper not lighting a match is 1% (100% - 99%). For campers who do not light a match, the probability of the forest being on fire is 79%. This means that out of all the cases where a match is not lit, 79% of those times the forest will still be on fire. For campers who do light a match, the probability of the forest being on fire is 44%, indicating that in 44% of the cases where a match is lit, the forest will be on fire.

To determine if the forest is more likely to be on fire than not overall, we need to calculate the overall probability of the forest being on fire. This involves considering both scenarios (match lit and match not lit) and their respective probabilities of the forest being on fire, weighted by the probability of each scenario occurring.

The probability that a camper lights a match and the forest is on fire is 99% * 44% = 0.99 * 0.44 = 0.4356 or 43.56%. The probability that a camper does not light a match and the forest is on fire is 1% * 79% = 0.01 * 0.79 = 0.0079 or 0.79%.

Adding these probabilities gives the overall probability of the forest being on fire: 43.56% + 0.79% = 44.35%. Since the overall probability of the forest being on fire (44.35%) is less than 50%, it is less likely for the forest to be on fire than not overall.

2. **Concise Step-by-Step Reasoning**:
- Calculate the probability of a camper not lighting a match: 1% (100% - 99%).
- Determine the weighted probability of the forest being on fire when a match is lit: 99% * 44% = 43.56%.
- Determine the weighted probability of the forest being on fire when a match is not lit: 1% * 79% = 0.79%.
- Calculate the overall probability of the forest being on fire by adding the weighted probabilities: 43.56% + 0.79% = 44.35%.
- Compare the overall probability to 50% to determine if the forest is more likely to be on fire or not.

3. **Yes or No Answer**: No."
256,yes,"Step-by-Step Reasoning:**
1. Identify given probabilities: P(Sign) = 34%, P(Not Sign and Fired) = 57%, P(Sign and Fired) = 14%.
2. Calculate the overall probability of the employee being fired: P(Fired) = P(Sign and Fired) + P(Not Sign and Fired).
3. Calculate the conditional probability of the employee being fired given the manager signs: P(Fired|Sign) = P(Sign and Fired) / P(Sign).
4. Compare P(Fired|Sign) with the overall P(Fired) to determine if the chance of being fired is smaller when the manager signs the letter.

**Yes or No Answer:** Yes"
257,yes,"step-by-step reasoning here involves understanding the given probabilities and applying them to a hypothetical scenario where a person with a college degree or higher is considered without that degree. The steps are:
   - Identify the probability of high salary for those without a college degree (57%).
   - Identify the probability of high salary for those with a college degree or higher (84%).
   - Consider the implications of removing the college degree from the equation for an individual who currently has one, implying their probability would shift towards the 57% mark.

3. Yes."
258,yes,"Step-by-Step Reasoning:**
1. Calculate the probability of unintelligent parents: 100% - 54% = 46%.
2. Calculate the probability of an intelligent child with intelligent parents: 54% * 48% = 25.92%.
3. Calculate the probability of an intelligent child with unintelligent parents: 46% * 7% = 3.22%.
4. Calculate the overall probability of an intelligent child: 25.92% + 3.22% = 29.14%.
5. Determine if the overall probability of an intelligent child is less than 50%.

**Yes or No Answer:** Yes."
259,yes,"Step-by-step reasoning:
1. Calculate the probability of a nonsmoking mother: 1 - 0.43 = 0.57.
2. Calculate the weighted average of normal birth weight probabilities: (0.57 * 0.86) + (0.43 * 0.40).
3. Determine if the calculated probability of normal birth weight is greater than 50%, indicating it is more likely than low infant birth weight.

Yes or no answer: Yes."
260,yes,"Step-by-step reasoning:
1. Calculate the percentage of the population that does not consume citrus.
2. Determine the contribution to the overall scurvy rate from both citrus consumers and non-consumers.
3. Calculate the overall probability of scurvy by adding the contributions from both groups.
4. Compare the overall probability of scurvy to 50% to determine if scurvy is more or less likely than no scurvy.

Yes or no answer: No."
261,yes,"Step-by-Step Reasoning**:
- Calculate the probability of an employee being fired when a manager signs the termination letter, considering both scenarios of the director signing or not.
- Calculate the probability of an employee being fired when a manager does not sign the termination letter, considering both scenarios of the director signing or not.
- Compare these probabilities to determine if signing the termination letter increases the likelihood of the employee being fired.

3. **Yes or No Answer**: No"
262,yes,"Step-by-step reasoning:
1. **Understand the Question**: We are asked if parents' intelligence positively affects child's intelligence when disregarding the mediation effect through parents' social status.
2. **Analyze Given Probabilities**: Review the given probabilities for different combinations of parental intelligence and social status.
3. **Consider Confounding Variables**: Acknowledge the role of the confounder and its interaction with parental intelligence and social status.
4. **Need for Control**: Recognize the need to control for social status and the confounder to assess the direct effect of parental intelligence.
5. **Limitation of Data**: Note that direct calculation or adjustment for these factors is not provided in the question.

Yes or no answer: No."
263,yes,"Step-by-Step Reasoning:
1. Identify the probability of penguin death when taking the stairs: 80%.
2. Identify the probability of penguin death when taking the elevator: 24%.
3. Compare the probabilities to determine which scenario is less likely to result in penguin death.
4. Recognize that the question is asking for a comparison from the perspective of someone who takes the elevator, wondering if taking the stairs would decrease the likelihood of penguin death.
5. Since taking the stairs has a higher probability of penguin death (80%) compared to taking the elevator (24%), taking the stairs would actually increase, not decrease, the likelihood of penguin death.

Yes or No Answer: No"
264,yes,"Step-by-Step Reasoning**:
   - Calculate the probability of being attractive and talented: 55% * 10% = 5.5%.
   - Calculate the probability of being unattractive and talented: 45% * 10% = 4.5%.
   - Add these probabilities to find the overall probability of talent: 5.5% + 4.5% = 10%.
   - Calculate the probability of lack of talent: 100% - 10% = 90%.
   - Compare the probabilities to determine if talent is more likely than lack of talent.

3. **Yes or No Answer**: No"
265,yes,"Step-by-Step Reasoning:**
1. Calculate the overall probability of a healthy heart for people not taking medication by combining the probabilities of high and low blood pressure with their respective healthy heart probabilities.
2. Calculate the overall probability of a healthy heart for people taking medication in a similar manner.
3. Compare the two overall probabilities to determine the effect of medication on heart condition when disregarding blood pressure.

**Yes or No Answer:** No"
266,yes,"Step-by-Step Reasoning**:
- Identify given probabilities: 93% for tanning salon treatment, 5% for no tanning salon treatment and tanned skin, and 26% for both tanning salon treatment and tanned skin.
- Recognize the need to compare the probability of tanned skin in treated and untreated groups.
- Calculate or consider the proportion of tanned skin in the treated group relative to the untreated group.

3. **Yes or No Answer**: No."
267,no,"step-by-step reasoning:
   - Identify the given probabilities for wet ground in both the dry and rainy seasons.
   - Compare these probabilities to determine if there's a difference.
   - Since the probabilities are equal (51% for both seasons), determine that the rainy season does not change the probability of wet ground.
   - Conclude based on the comparison that the introduction of the rainy season, as defined by the problem, does not decrease the chance of wet ground.

3. No"
268,no,"Step-by-step reasoning:
1. Identify the probabilities of high salary and college degree or higher for both groups (close to and far from a college).
2. Observe the association between college proximity, degree attainment, and salary.
3. Consider the logical implication of the data on the relationship between college degree attainment and high salary probability.
4. Determine if the data supports the notion that a college degree or higher decreases the chance of a high salary.

Given the data and logical analysis, the answer to whether a college degree or higher decreases the chance of a high salary is no, as the data suggests the opposite: that having a college degree or higher is associated with an increased likelihood of earning a high salary, especially when considering the higher probabilities for those living close to a college.

The final answer is: No"
269,yes,"Step-by-step reasoning:
1. Understand the given probabilities and their implications.
2. Recognize that the overall probability of a dark room depends on the specific actions (blowing out candles) and their associated probabilities.
3. Since more than half of the people (53%) blow out the candles, and this action significantly increases the likelihood of a dark room, we can infer the overall tendency.

Yes or no answer: No."
270,yes,"Step-by-step reasoning:**
1. Consider the purpose of each method: Method 1 aims for detailed, gender-specific insights, while Method 2 provides a general overview.
2. Evaluate the importance of gender in health outcomes: Gender can influence the risk and manifestation of diseases, including lung cancer.
3. Determine the potential benefits of a nuanced approach: Method 1 allows for targeted interventions and a deeper understanding of the smoking-lung cancer correlation.

**Yes or no answer:** Yes."
271,yes,"Step-by-Step Reasoning:**
1. Encouragement increases the probability of studying hard.
2. Studying hard is associated with higher probabilities of achieving high exam scores.
3. The relationship between encouragement, studying habits, and exam scores is positive, not negative.

**Yes or No Answer:** No"
272,yes,"Step-by-Step Reasoning**:
   - Identify the recovery rates for each group: without pre-conditions (5% without vaccine, 36% with vaccine) and with pre-conditions (62% without vaccine, 92% with vaccine).
   - Compare the recovery rates within each group to determine the effect of the vaccine.
   - For both groups, the recovery rate is higher with the vaccine than without it.
   - The question asks if it would be less likely to see someone recovering if they had not refused the vaccine, which implies comparing the outcomes of vaccination versus non-vaccination.

3. **Yes or No Answer**: No"
273,yes,"Step-by-Step Reasoning:**
1. Identify the risk factors for lung cancer mentioned: smoking gene, high pollution, and smoking.
2. Consider the role of the smoking gene in potentially leading to smoking behavior.
3. Evaluate the impact of high pollution as an independent risk factor for lung cancer.
4. Assess how replacing the smoking gene with a nonsmoking gene might reduce the risk of smoking behavior but not necessarily eliminate the risk of lung cancer due to continued exposure to high pollution.

**Yes or No Answer:** No"
274,yes,"Step-by-step reasoning:
1. Identify the probability of respiratory issues and no respiratory issues.
2. Calculate the probability of broken bones for both scenarios.
3. Add the probabilities of broken bones from both scenarios to find the overall probability.
4. Compare the overall probability of broken bones to the probability of no broken bones.

Yes or no answer: No."
275,yes,"Step-by-step reasoning:
1. Understand the given correlation coefficient (0.33) and its implications.
2. Recognize that correlation does not imply causation.
3. Consider alternative explanations for the correlation, including the influence of external factors or third variables.
4. Evaluate the possibility that the relationship between kindness and attractive appearance could be bidirectional or influenced by other factors.

Yes or no answer: No"
276,yes,"Step-by-Step Reasoning:**
1. Identify the probabilities of long lifespan for each group (normal weight with/without diabetes, obese with/without diabetes).
2. Note the counterintuitive increase in lifespan probability with diabetes.
3. Examine the relationship between obesity, smoking, and the probability of having diabetes.
4. Recognize that the question is about the impact of obesity on lifespan through diabetes, not the direct effect of diabetes on lifespan.

**Yes or No Answer:** No."
277,yes,"step by step. The captain's order to execute the prisoner leads to a sequence of events where the corporal shoots and the private does not shoot, resulting in the prisoner's death. This establishes a cause-and-effect chain: the captain's order to execute → the corporal shoots (and the private does not) → the prisoner's death. If we consider the opposite scenario, where the captain orders the release of the prisoner, it logically follows that the sequence of events leading to the prisoner's death would be interrupted. Specifically, the corporal would not shoot, and the private would also not shoot, as the order is to release, not execute. Therefore, if the captain's order were to release the prisoner instead of execute, the events that lead to the prisoner's death would not occur, suggesting the prisoner would remain alive.

2. Concise Step-by-Step Reasoning:
   - The captain's order to execute leads to the corporal shooting and the prisoner's death.
   - The opposite order (to release) would logically prevent the actions (shooting) that cause the prisoner's death.
   - Without the execution order, the prisoner would not be shot, implying the prisoner's survival.

3. Yes or no answer: Yes"
278,yes,"Step-by-step reasoning:
1. Identify the probability of high exam scores for students without encouragement: 59%.
2. Identify the probability of high exam scores for students with encouragement: 47%.
3. Compare the probabilities to determine which group has a higher likelihood of achieving high exam scores.
4. Since 59% is greater than 47%, students without encouragement have a higher probability of high exam scores.

Yes or no answer: Yes."
279,yes,"Step-by-step reasoning:
1. Identify the probabilities of attractive appearance for people in a relationship, comparing those with mean personalities to those with kind personalities.
2. Compare the probability of attractive appearance for people with mean personalities in a relationship (32%) to that of people with kind personalities in a relationship (25%).
3. Determine if the probability of attractive appearance decreases when considering kindness (kind personality) in people who are in a relationship.

Given that 32% (mean personality) is greater than 25% (kind personality), the chance of attractive appearance does indeed decrease when considering kindness in people who are in a relationship.

The answer is: Yes."
280,yes,"Step-by-Step Reasoning:**
1. Calculate the probability of not blowing out the candle: 100% - 15% = 85%.
2. Calculate the probability of a dark room for those not blowing out the candle: 0.85 * 0.84.
3. Calculate the probability of a dark room for those blowing out the candle: 0.15 * 0.52.
4. Sum the probabilities of a dark room from both scenarios to find the overall probability.
5. Compare the overall probability of a dark room to 50% to determine if a dark room is more likely.

**Yes or No Answer:** Yes"
281,yes,"Step-by-Step Reasoning**
1. Understand the given correlation coefficient (-0.07) and its implications.
2. Recognize that correlation does not imply causation.
3. Consider the context of the population (students accepted to elite institutions) and potential confounding factors.
4. Acknowledge the possibility that the relationship between talent and hard work may be influenced by other variables.

**Yes or No Answer**
No"
282,yes,"Step-by-Step Reasoning:**
1. **Understanding Method 1**: Analyzing the correlation between smoking and lung cancer on a case-by-case basis, focusing on tar deposits, allows for a detailed understanding of how smoking affects lung cancer development individually.
2. **Understanding Method 2**: Examining the general correlation between smoking and lung cancer provides a broad overview of the risk but lacks individual detail.
3. **Considering the Opposite**: If Method 2 were superior, it would suggest individual variations in response to smoking do not significantly impact lung cancer risk, which contradicts known complexities in cancer development.

**Yes or No Answer:** Yes"
283,no,"step by step. We know that being male or an in-state resident can lead to a competitive department, and being in a competitive department, or being male, or an in-state resident can cause admission acceptance. However, we're given that the residency is out-of-state. The question is whether the applicant would get admitted if they were non-male instead of male. Given the conditions, being male or an in-state resident contributes to a competitive department, which in turn can lead to admission acceptance. However, since the residency is out-of-state, the only factor we're considering changing is the gender from male to non-male. 

2. The step-by-step reasoning is as follows:
   - Being male or in-state residency can lead to a competitive department.
   - Competitive department, male gender, or in-state residency can lead to admission acceptance.
   - The applicant is out-of-state, so in-state residency benefits do not apply.
   - The question posits changing the gender from male to non-male.
   - Since being male is one of the factors that can lead to a competitive department and subsequently to admission acceptance, changing to a non-male gender might remove one of the contributing factors to admission if the other conditions (competitive department due to in-state residency) are not met, which they are not because the applicant is out-of-state.

3. No."
284,yes,"Step-by-Step Reasoning:**
1. Analyze the impact of genes on smoking behavior and its variation with pollution levels.
2. Examine how smoking and genetic predisposition (nonsmoking vs. smoking genes) influence lung cancer risk.
3. Determine if the genetic factor reduces the risk of lung cancer associated with smoking.

**Yes or No Answer:** No"
285,yes,"Step-by-step reasoning:
1. **Consider the nature of Method 1**: It analyzes medication and heart condition correlations case by case, including blood pressure.
2. **Consider the nature of Method 2**: It looks at the general correlation without specific factors like blood pressure.
3. **Evaluate the importance of individual factors in medical treatment**: Blood pressure and other individual factors are crucial for tailored treatment plans.
4. **Determine which method provides more valuable insights for healthcare**: Method 1 offers a more nuanced, individualized understanding.

Yes or no answer: Yes."
286,no,"step-by-step reasoning can be broken down as follows:
   - Identify the survival rates for both unvaccinated and vaccinated individuals.
   - Compare these rates to determine the impact of vaccination on survival.
   - Recognize that a higher survival rate for vaccinated individuals indicates vaccination does not decrease but rather increases the chance of survival.

3. No."
287,yes,"Step-by-step reasoning:
   - Identify the probability of arriving on time when waking up on time: 53%.
   - Identify the probability of arriving on time when waking up late: 85%.
   - Compare the two probabilities to determine if waking up late increases the chance of arriving on time.
   - Recognize that the comparison is based solely on the given probabilities, regardless of the intuitive expectation that waking up late should decrease the chances of arriving on time.

3. Yes"
288,yes,"Step-by-Step Reasoning**:
   - Identify the probability of broken bones for both groups (with and without respiratory issues), which is 7% for both.
   - Recognize that the overall probability of broken bones remains 7% since the condition (respiratory issues) does not change the probability of broken bones.
   - Calculate the probability of no broken bones as 100% - 7% = 93%.
   - Compare the probabilities to determine if broken bones are less likely than no broken bones.

3. **Yes or No Answer**: Yes"
289,no,"Step-by-step reasoning:
   - Identify the probability of penguin death for stairs: 66%.
   - Identify the probability of penguin death for the elevator: 59%.
   - Compare the probabilities to determine the effect of taking the elevator on penguin death.
   - Since 59% is less than 66%, taking the elevator decreases the chance of penguin death.

3. No."
290,yes,"step-by-step reasoning:
1. The probability of kindness is 85%, implying 15% of the population is mean.
2. The probability of attractive appearance is 9% for both kind and mean personalities.
3. Since the attractiveness probability is the same for both types and does not depend on the personality, the overall attractive appearance probability remains 9%.
4. The probability of unattractive appearance is 100% - 9% = 91%, which is higher than the probability of attractive appearance.

Yes or no answer: No."
291,yes,"Step-by-step reasoning:
1. Calculate the overall probability of long lifespan by adding the probabilities of long lifespan and normal weight and long lifespan and obesity.
2. Calculate the conditional probability of long lifespan given obesity by dividing the probability of obesity and long lifespan by the probability of obesity.
3. Compare the conditional probability of long lifespan given obesity to the overall probability of long lifespan to determine if the chance of long lifespan is larger when observing obesity.

Yes or no answer: No."
292,yes,"Step-by-Step Reasoning:**
1. Calculate the probability of the forest being on fire when a match is lit: 94% * 52%.
2. Calculate the probability of the forest being on fire when a match is not lit: 6% * 69%.
3. Add these probabilities to find the overall probability of the forest being on fire.
4. Compare this overall probability to 50% to determine if the forest is more likely to be on fire than not.

**Yes or No Answer:** Yes"
293,yes,"Step-by-Step Reasoning:**
1. Method 1 provides a general overview of the correlation between maternal smoking and infant mortality.
2. Method 2 offers a more detailed analysis by considering the infant's birth weight, a known risk factor for infant mortality that can be influenced by maternal smoking.
3. Analyzing by birth weight (Method 2) can reveal nuanced risks and relationships that might be obscured by a general analysis (Method 1).

**Yes or No Answer:** No"
294,yes,"Step-by-Step Reasoning:**
1. Being male and in-state residency contribute to a competitive department.
2. Being in a competitive department, or being male, or being an in-state resident can lead to admission acceptance.
3. The applicant is an in-state resident, which already fulfills one condition for a competitive department and potentially for admission.
4. Changing the gender from male to non-male does not remove the applicant's in-state residency status.
5. Therefore, the determining factor for admission in this scenario is not solely dependent on gender, given the applicant's in-state residency status.

**Yes or No Answer:** Yes"
295,yes,"Step-by-Step Reasoning:
   - The camper lighting a match can cause a forest fire.
   - The chain-smoker not lighting a match removes one potential cause of a forest fire.
   - The question asks if the forest wouldn't burn if the camper lights a match instead of not lighting it, which seems to misunderstand the initial premise.
   - Lighting a match (by either the camper or the chain-smoker) is a potential cause for a forest fire.
   - The action of the camper lighting a match, in itself, does not prevent a forest fire; rather, it's a potential cause.

3. Yes or no answer: No."
296,yes,"Step-by-Step Reasoning:
1. Identify the probabilities given: 64% for campers who light a match and 81% for those who do not.
2. Understand the question's perspective: It's about a camper who has lit a match wondering if not lighting it would reduce the chance of seeing the forest on fire.
3. Compare the probabilities: 64% (with a match) is less than 81% (without a match), indicating that, statistically, the forest is less likely to be on fire when a match is lit compared to when it is not, from the given data.

Yes or No Answer: Yes"
297,yes,"Step-by-step reasoning:
   - A large kidney stone with no treatment does not lead to recovery.
   - A large kidney stone with treatment leads to recovery.
   - The patient has a large kidney stone.
   - If the patient receives no treatment, then according to the given rules, the patient would not recover.

3. Yes."
298,yes,"Step-by-step reasoning:
1. Determine the probability of a manager not signing a termination letter: 100% - 43% = 57%.
2. Calculate the probability of an employee being fired when the manager does not sign the termination letter: 57% * 29% = 16.53%.
3. Calculate the probability of an employee being fired when the manager signs the termination letter: 43% * 65% = 27.95%.
4. Add the probabilities from steps 2 and 3 to get the overall probability of the employee being fired: 16.53% + 27.95% = 44.48%.
5. Compare the overall probability of being fired (44.48%) to the probability of not being fired (55.52%) to determine the likelihood.

Yes or no answer: No."
299,no,"step by step.

1. **Full Response**: 
The probability of citrus intake is given as 11%. The probability of the absence of both citrus intake and scurvy is 67%. The probability of having both citrus intake and scurvy is 5%. To determine if the chance of scurvy is smaller when observing citrus intake, we need to understand the relationship between citrus intake and scurvy. Citrus fruits are known for their high vitamin C content, which is crucial for preventing scurvy, a disease caused by vitamin C deficiency. Therefore, intuitively, one might expect that consuming citrus would reduce the risk of scurvy.

However, to answer the question statistically, let's calculate the probability of scurvy given citrus intake (P(Scurvy|Citrus)) and compare it with the overall probability of scurvy. The formula to find the probability of an event given another event (conditional probability) is P(A|B) = P(A and B) / P(B).

Given:
- P(Citrus) = 11% or 0.11
- P(No Citrus and No Scurvy) = 67% or 0.67
- P(Citrus and Scurvy) = 5% or 0.05

We are not directly given the overall probability of scurvy, but we can deduce it using the fact that the sum of all probabilities must equal 100% (or 1). The probability of scurvy (P(Scurvy)) can be found by adding the probabilities of scurvy with and without citrus intake, but we only have the probability of scurvy with citrus intake. We also know that P(No Citrus and No Scurvy) + P(No Citrus and Scurvy) + P(Citrus and No Scurvy) + P(Citrus and Scurvy) = 1.

Let's calculate the probability of scurvy given citrus intake:
P(Scurvy|Citrus) = P(Citrus and Scurvy) / P(Citrus) = 0.05 / 0.11

2. **Concise Step-by-Step Reasoning**:
- Identify given probabilities.
- Understand the relationship between citrus intake and scurvy.
- Calculate the conditional probability of scurvy given citrus intake.
- Compare with the overall probability of scurvy if calculable.

3. **Yes or No Answer**: 
To determine if the chance of scurvy is smaller when observing citrus intake, we calculate P(Scurvy|Citrus) and compare it with the implied overall risk of scurvy. Given P(Scurvy|Citrus) = 0.05 / 0.11 ≈ 0.4545, this means about 45.45% of those who consume citrus will have scurvy, which seems high but is based on the given data. Without a direct comparison to the overall probability of scurvy, we must consider the context: if citrus intake were to increase the risk of scurvy, the question's premise would be misleading given the known benefits of citrus in preventing scurvy. However, based on the calculation alone and considering typical understandings of the relationship between citrus and scurvy, the answer to whether the chance of scurvy is smaller when observing citrus intake, given the provided probabilities and typical expectations, would be **No**, because the calculated conditional probability of scurvy given citrus intake is high, but this interpretation might be counterintuitive to the expected protective effect of citrus against scurvy."
300,no,"Step-by-step reasoning:
1. Identify the probability of broken bones in hospitalized individuals without respiratory issues, which is 10%.
2. Identify the probability of broken bones in hospitalized individuals with respiratory issues, which is 8%.
3. Compare the two probabilities to determine if having respiratory issues increases the chance of broken bones in hospitalized individuals.

Given that 10% (the probability for those without respiratory issues) is greater than 8% (the probability for those with respiratory issues), it indicates that the presence of respiratory issues does not increase the chance of broken bones in hospitalized individuals; rather, it decreases it.

The answer is: No."
301,yes,"Step-by-Step Reasoning**:
   - Calculate the probability of admission acceptance for non-males: 55% of the population * 80% acceptance rate.
   - Calculate the probability of admission acceptance for males: 45% of the population * 71% acceptance rate.
   - Add the two probabilities to find the overall probability of admission acceptance.
   - Compare the overall probability of admission acceptance to 50% to determine if acceptance is more likely than rejection.

3. **Yes or No Answer**: Yes."
302,yes,"Step-by-step reasoning:**
1. Calculate the probability of being unattractive: 100% - 92% = 8%.
2. Calculate the contribution of attractive talented individuals: 92% * 84%.
3. Calculate the contribution of unattractive talented individuals: 8% * 84%.
4. Add the contributions to find the overall probability of talent: (92% * 84%) + (8% * 84%) = 84%.
5. Compare the overall probability of talent (84%) to the probability of lack of talent (16%) to determine which is more likely.

**Yes or no answer:** Yes"
303,no,"step-by-step reasoning for this response is:
   - Understand the premise of the question: Seasonal impact on ground wetness.
   - Identify given probabilities: 66% for dry season, 62% for rainy season.
   - Consider the implication: Lower probability of wet ground in the rainy season suggests an unexpected outcome.
   - Analyze potential factors: Weather, sprinklers, or human activity might influence ground wetness.
   - Conclude based on the information provided.

3. No."
304,no,"Step-by-step reasoning:
   - Identify the probabilities of death for each action: release (34%) and execution (80%).
   - Compare these probabilities to determine the outcome of the captain's decision.
   - Recognize that the question inverts the typical understanding of ""execution"" and ""release"" in terms of survival outcomes.
   - Realize that the captain's order to execute, given the provided probabilities, actually increases the chance of death compared to releasing the prisoner.

3. No"
305,yes,"Step-by-step reasoning:
   - Identify the probability of admission acceptance for males: 44%.
   - Identify the probability of admission acceptance for non-males: 76%.
   - Consider the hypothetical scenario of a male individual not being male, thus potentially falling into the non-male category.
   - Recognize that the non-male category has a higher admission acceptance rate.
   - Conclude that not being male would likely increase the individual's chances of admission acceptance due to the higher rate associated with the non-male category.

3. Yes"
306,yes,"To address this question, let's first break down the given probabilities and understand what they imply about the relationship between taking medication and having a healthy heart.

1. **Overall probability of taking medication**: This is 18%, which means that out of the total population in question, 18% of the individuals are taking medication.
2. **Probability of not taking medication and having a healthy heart**: This is given as 55%. This implies that 55% of the population does not take medication and has a healthy heart.
3. **Probability of taking medication and having a healthy heart**: This is 8%. So, 8% of the population both takes medication and has a healthy heart.

To determine if the chance of having a healthy heart is smaller when observing taking medication, we need to compare the probability of having a healthy heart among those taking medication to the overall probability of having a healthy heart in the population.

Let's calculate the probability of having a healthy heart among those taking medication and compare it with the overall probability of having a healthy heart.

- The probability of having a healthy heart among those taking medication can be directly taken from the given data as 8% because this is the portion of the population that both takes medication and has a healthy heart. However, to understand its relation, we need to consider it in the context of all who take medication, which is 18%.

Given:
- Total taking medication = 18%
- Total not taking medication and healthy heart = 55%
- Total taking medication and healthy heart = 8%

The overall probability of having a healthy heart (with or without medication) is the sum of the probability of having a healthy heart while taking medication and the probability of having a healthy heart while not taking medication, which is 55% (not taking medication and healthy) + 8% (taking medication and healthy) = 63%.

To find the probability of having a healthy heart given that one is taking medication, we use the formula for conditional probability: P(healthy heart | taking medication) = P(taking medication and healthy heart) / P(taking medication). So, P(healthy heart | taking medication) = 8% / 18%.

Now, calculating this gives us: 8% / 18% = 0.444 or 44.4%. This means that among those who take medication, 44.4% have a healthy heart.

Comparing this to the overall probability of having a healthy heart in the population (63%), we see that the chance of having a healthy heart is indeed smaller when observing taking medication (44.4% vs 63%).

**Full Response Summary in Concise Steps:**
1. Identify given probabilities: 18% take medication, 55% do not take medication and have a healthy heart, 8% take medication and have a healthy heart.
2. Calculate the overall probability of having a healthy heart: 55% (not taking and healthy) + 8% (taking and healthy) = 63%.
3. Calculate the probability of having a healthy heart given that one is taking medication: 8% / 18% = 44.4%.
4. Compare the conditional probability (44.4%) with the overall probability of having a healthy heart (63%).

**Yes or No Answer:** Yes"
307,yes,"Step-by-Step Reasoning:
1. Identify the probability of survival for unvaccinated individuals: 56%.
2. Identify the probability of survival for vaccinated individuals: 55%.
3. Compare the two probabilities to determine the effect of vaccination on survival rates.
4. Since 55% (vaccinated) is less than 56% (unvaccinated), it suggests that vaccination might decrease the chance of smallpox survival according to the given data.

Yes or No Answer: Yes"
308,yes,"Step-by-Step Reasoning**:
   - Understand the given probabilities: Overall probability of smoking = 29%, Probability of nonsmoking and lung cancer = 30%, Probability of smoking and lung cancer = 12%.
   - Recognize the need for conditional probabilities to directly answer the question.
   - Acknowledge that the probability of smoking and lung cancer is less than the probability of nonsmoking and lung cancer, but note that this comparison does not directly answer the question without additional context.
   - Consider the general understanding that smoking is a risk factor for lung cancer, implying that the presence of smoking would typically increase the chance of lung cancer, not decrease it.

3. **Yes or No Answer**: No"
309,yes,"Step-by-step reasoning:
1. Calculate the probability of a child being intelligent given intelligent and unintelligent parents.
2. Use the law of total probability to calculate the overall probability of a child being intelligent.
3. Compare the overall probability of a child being intelligent with 0.5 to determine if it's less likely than the probability of a child being unintelligent.

Yes or no answer: Yes."
310,yes,"Step-by-step reasoning:
1. **Identify relevant data points**: The probabilities given for long lifespan are specific to combinations of weight and diabetes status.
2. **Consider the effect of disregarding diabetes**: When disregarding the mediation effect through diabetes, we essentially look at the overall impact of obesity on lifespan, regardless of diabetes status.
3. **Compare obese to normal weight individuals**: Obese individuals without diabetes have a higher probability (62%) of long lifespan than normal weight individuals without diabetes (32%). Obese individuals with diabetes also have a higher probability (81%) than normal weight individuals with diabetes (60%).
4. **Inference**: Given that in both scenarios (with and without diabetes), obese individuals have a higher probability of long lifespan than normal weight individuals, it suggests that obesity, in this context, might positively affect lifespan when not considering the mediation effect through diabetes.

Yes or no answer: Yes"
311,yes,"Step-by-step reasoning:**
1. Identify the probabilities of high exam scores under different conditions of encouragement and study habits.
2. Examine the probabilities of studying hard given the encouragement level.
3. Analyze how encouragement and study habits interact to affect exam scores.
4. Consider the opposite scenario to understand the expected positive relationship between encouragement, studying habits, and exam scores.
5. Determine if the actual relationship matches the expected positive relationship or suggests a negative effect.

**Yes or no answer:** Yes"
312,yes,"Step-by-Step Reasoning**
1. Understand the given correlation: The correlation between talent and being hard-working is -0.00.
2. Interpret the correlation: A correlation of -0.00 means there is no linear relationship between talent and being hard-working.
3. Apply the interpretation to the context: For students accepted to elite institutions, talent does not predict hard work, and hard work does not predict talent.
4. Conclude based on the interpretation: The absence of a correlation indicates that talent does not affect being hard-working in this group.

**Yes or No Answer**
No"
313,yes,"Step-by-Step Reasoning**:
   - Identify the probability of wet ground in the dry season: 42%.
   - Identify the probability of wet ground in the rainy season: 47%.
   - Compare the two probabilities to see if the rainy season has a higher probability of wet ground.
   - If the rainy season probability is higher, conclude that the rainy season increases the chance of wet ground.

3. **Yes or No Answer**: Yes."
314,yes,"Step-by-step reasoning:
1. Identify the probabilities of a child being intelligent with unintelligent and intelligent parents.
2. Compare these probabilities to determine if there is a difference.
3. Analyze the implication of this difference on the relationship between parental intelligence and the child's intelligence.
4. Consider the scenario where intelligent parents do not increase the chance of an intelligent child and compare it with the observed probabilities.

Yes."
315,no,"Step-by-Step Reasoning:**
1. Identify the goal: Understand the effect of a drug on cholesterol levels.
2. Consider Method 1: Direct correlation analysis without accounting for confounders.
3. Consider Method 2: Case-by-case analysis accounting for unobserved confounders.
4. Evaluate the importance of accounting for unobserved confounders in reducing bias.
5. Determine that Method 2 provides a more accurate assessment due to its consideration of confounders.

**Answer: No**"
316,yes,"Step-by-step reasoning:
1. Examine the probabilities of long lifespan for each group.
2. Consider the probabilities of having diabetes in relation to weight and smoking status.
3. Evaluate how smoking affects these probabilities.
4. Determine if the data supports the notion that obesity negatively affects lifespan through diabetes.
5. Consider the opposite perspective for a more nuanced understanding.

Yes or no answer: No"
317,no,"Step-by-step reasoning:
   - Identify the probability of college admission for nonsmokers: 67%.
   - Identify the probability of college admission for smokers: 55%.
   - Consider the hypothetical scenario of a smoker becoming a nonsmoker.
   - Analyze how the change from smoker to nonsmoker might affect college admission probability based on the given statistics.
   - Determine if the probability would decrease (less likely), increase, or remain the same for a smoker who becomes a nonsmoker.

3. No."
318,yes,"Step-by-step reasoning:
   - Identify the given probabilities: 33% chance of scurvy for non-citrus consumers and 14% for citrus consumers.
   - Understand the question is asking about a hypothetical scenario where citrus consumers did not consume citrus.
   - Recognize that if citrus consumers had not consumed citrus, their scurvy risk would presumably be similar to that of non-citrus consumers, based on the given data.
   - Compare the hypothetical risk (33% for non-citrus consumption) to the actual risk for citrus consumers (14%).

3. Yes or no answer: Yes."
319,yes,"Step-by-step reasoning:
1. Calculate the probability of being a nonsmoker: 100% - 82% = 18%.
2. Calculate the overall probability of college admission using the probabilities for both smokers and nonsmokers: (18% * 27%) + (82% * 17%) = 18.8%.
3. Compare the overall probability of college admission (18.8%) to 50% to determine if admission or rejection is more likely.

Yes or no answer: Yes."
320,yes,"Step-by-Step Reasoning:**
1. Understand the given probabilities for high salary and college degree based on location.
2. Recognize the positive correlation between proximity to a college, likelihood of having a college degree, and earning a high salary.
3. Consider the general principle that higher education typically increases job prospects and salary potential.
4. Conclude that having a college degree or higher is associated with an increased chance of high salary, not a decrease, based on the information provided and general understanding of education's impact on career prospects.

**Yes or No Answer:** No"
321,yes,"Step-by-step reasoning:
   - Identify the probabilities of wet ground in both seasons: 45% in the dry season and 47% in the rainy season.
   - Compare these probabilities to determine if there's an increase from the dry to the rainy season.
   - Recognize that an increase, no matter how small, in the probability of wet ground could indicate a positive effect of the season (through weather and potentially sprinkler use) on the condition of the ground.

3. Yes."
322,no,"Step-by-step reasoning:
   - Identify the given probabilities: 53% for unintelligent parents, 36% for intelligent parents.
   - Understand the question is asking for a comparison based on a hypothetical scenario where the child's parents are intelligent, but we're considering the outcome as if they were unintelligent.
   - Recognize that the actual parental intelligence is intelligent, so we're comparing the likelihood of an intelligent child under two different parental conditions, but starting from the premise that the parents are indeed intelligent.

3. No."
323,yes,"Step-by-step reasoning:
1. Method 1 analyzes the correlation between encouragement and exam score on a case-by-case basis, considering individual studying habits.
2. Method 2 looks at the general correlation without accounting for specific studying habits or other factors.
3. Method 1 provides a more nuanced understanding by considering moderating factors such as study habits.
4. This nuanced approach can reveal specific conditions under which encouragement affects exam scores more significantly.

Yes."
324,yes,"step-by-step reasoning involves comparing the two given probabilities: 
   - The probability of arriving on time when waking up on time is 59%.
   - The probability of arriving on time when waking up late is 33%.
   Since 59% is greater than 33%, it indicates that waking up on time increases the likelihood of arriving to school on time compared to waking up late.

3. Yes."
325,yes,"step by step.

1. **Full Response**: 
The question asks whether, for managers who sign termination letters, it would be more likely to see an employee being fired if the manager had signed the termination letter. Given the probabilities:
- For managers who don't sign termination letters and directors who don't sign termination letters, the probability of an employee being fired is 90%.
- For managers who don't sign termination letters and directors who sign termination letters, the probability of an employee being fired is 44%.
- For managers who sign termination letters and directors who don't sign termination letters, the probability of an employee being fired is 48%.
- For managers who sign termination letters and directors who sign termination letters, the probability of an employee being fired is 7%.
We also know the probability of a director signing the termination letter given the manager's action:
- For managers who don't sign termination letters, the probability of a director signing the termination letter is 40%.
- For managers who sign termination letters, the probability of a director signing the termination letter is 45%.

To determine if signing the termination letter by the manager increases the likelihood of the employee being fired, we need to compare the overall probability of an employee being fired when a manager signs the termination letter versus when the manager does not, considering the actions of the director.

2. **Concise Step-by-Step Reasoning**:
- Calculate the weighted average probability of an employee being fired for managers who sign termination letters.
  - This involves multiplying the probability of the director signing or not signing by the respective probabilities of the employee being fired in those scenarios and summing them.
- Compare this with the scenario where the manager does not sign the termination letter.
- Determine if the action of the manager signing the termination letter increases the overall probability of the employee being fired.

Given the probabilities:
- When a manager signs, the probability of the director signing is 45%, and the probability of the employee being fired in this case is 7%. The probability of the director not signing is 55% (100% - 45%), with a 48% chance of the employee being fired.
- The weighted average for a manager signing is (0.45 * 7%) + (0.55 * 48%).
- When a manager does not sign, the probability of the director signing is 40%, with a 44% chance of the employee being fired, and the probability of the director not signing is 60%, with a 90% chance of the employee being fired.
- The weighted average for a manager not signing is (0.40 * 44%) + (0.60 * 90%).

Calculating these:
- For a manager signing: (0.45 * 7%) + (0.55 * 48%) = 3.15% + 26.4% = 29.55%.
- For a manager not signing: (0.40 * 44%) + (0.60 * 90%) = 17.6% + 54% = 71.6%.

3. **Yes or No Answer**: 
No."
326,yes,"Step-by-step reasoning:
1. Calculate the weighted probability of recovery for each gender group not receiving treatment.
2. Calculate the weighted probability of recovery for each gender group receiving treatment.
3. Sum the weighted probabilities for each scenario (treatment and no treatment) to find the overall probability of recovery in each case.
4. Compare the overall probabilities to determine if recovery is more likely with or without treatment.

Yes or no answer: Yes."
327,yes,"Step-by-Step Reasoning:**
1. Examine the probabilities of long lifespan for each group (normal weight with/without diabetes, obese with/without diabetes).
2. Note the unexpected positive association between having diabetes and increased probability of long lifespan across all groups.
3. Consider the probabilities of having diabetes among different groups (smokers/nonsmokers, normal weight/obese).
4. Recognize the data does not support the typical health assumption that diabetes (potentially resulting from obesity) would decrease lifespan.
5. Conclude based on the given probabilities that obesity, through diabetes, does not appear to negatively affect lifespan.

**Yes or No Answer:** No"
328,yes,"Step-by-step reasoning:
1. Calculate the probability of penguin death for happy and sad penguins for each mode of transportation.
2. Weight these probabilities by the likelihood of a penguin being happy or sad for each mode of transportation.
3. Compare the overall probabilities of penguin death for taking the stairs versus the elevator.

Yes or no answer: Yes."
329,yes,"Step-by-Step Reasoning:
1. Identify the probabilities of wet ground in each season: 41% in the dry season and 38% in the rainy season.
2. Compare these probabilities to determine which season has a higher likelihood of wet ground.
3. Recognize the question is asking about the perspective from the rainy season, considering a hypothetical scenario where the season was dry instead.
4. Conclude based on the comparison that if the season had been dry, the likelihood of wet ground would actually be higher than it is in the rainy season.

Yes or No Answer: No"
330,yes,"Step-by-step reasoning:
1. Calculate the overall probability of long lifespan by adding the probabilities of normal weight and long lifespan, and obesity and long lifespan.
2. Calculate the probability of long lifespan given obesity by dividing the probability of obesity and long lifespan by the overall probability of obesity.
3. Compare the probability of long lifespan given obesity to the overall probability of long lifespan to determine if the chance of long lifespan is smaller when observing obesity.

Yes or no answer: Yes."
331,yes,"Step-by-Step Reasoning:**
1. The person is non-female, so the ""female causes smoking"" and ""female causes lung cancer"" links are irrelevant.
2. Smoking causes high tar deposit.
3. High tar deposit causes lung cancer.
4. If the person smokes, they will have high tar deposits.
5. Having high tar deposits increases the risk of lung cancer.

**Yes or No Answer:** Yes"
332,yes,"step-by-step reasoning involves:
   - Understanding the given probabilities: 74% for those not using tanning salons and 17% for those who do.
   - Recognizing the question's focus on a hypothetical scenario where a person who normally uses tanning salons does not.
   - Comparing the given probabilities to infer the likelihood of tanned skin without tanning salon treatment for someone who typically uses them.

3. Yes."
333,yes,"step by step.

The probability of a child being intelligent when their parents are unintelligent is given as 42%. On the other hand, the probability of a child being intelligent when their parents are intelligent is 56%. The question essentially asks whether having intelligent parents increases the likelihood of having an intelligent child compared to having unintelligent parents.

From the given probabilities, it is clear that the chance of a child being intelligent is higher when the parents are intelligent (56%) compared to when the parents are unintelligent (42%). This difference in probabilities directly addresses the question.

Step-by-step reasoning:
1. Identify the probability of an intelligent child with unintelligent parents: 42%.
2. Identify the probability of an intelligent child with intelligent parents: 56%.
3. Compare the two probabilities to determine if there's an increase in the chance of having an intelligent child when the parents are intelligent.

Yes or no answer: Yes."
334,yes,"Step-by-Step Reasoning**:
   - Consider the goal: understanding the husband's effect on the alarm clock.
   - Evaluate Method 1: general correlation, potentially overlooking individual variations.
   - Evaluate Method 2: case-by-case analysis, accounting for specific marital dynamics.
   - Consider the opposite scenario to highlight individual variations' importance.
   - Determine the most appropriate method based on the focus of the question.

3. **Yes or No Answer**: Yes."
335,yes,"Step-by-step reasoning:
1. Calculate the proportion of the population consuming and not consuming citrus.
2. Calculate the probability of scurvy for each group.
3. Combine these probabilities to find the overall probability of scurvy.
4. Compare this probability to 50% to determine if scurvy is more likely than not.

Yes"
336,no,"Step-by-step reasoning:
   - Identify the survival rates for unvaccinated and vaccinated individuals.
   - Compare these rates to determine the effect of vaccination on survival.
   - If the vaccinated rate is higher, vaccination increases survival chance; if lower, it decreases survival chance.
   - Since 58% (vaccinated) is greater than 48% (unvaccinated), vaccination increases the survival chance.

3. No."
337,yes,"Step-by-step reasoning:
1. **Understanding the Objective**: The goal is to comprehend the impact of campers on the forest.
2. **Analyzing Method 1**: This method looks at the general correlation, providing insights into overall effects and trends.
3. **Analyzing Method 2**: This method focuses on individual cases, which might not represent the general impact.
4. **Comparing Methods**: Method 1 offers a broader perspective, likely more representative of the overall effect of campers on the forest.

Yes."
338,yes,"Step-by-Step Reasoning:**
1. Calculate the probability of admission acceptance for males: 55% * 57% = 31.35%
2. Calculate the probability of admission acceptance for females: 45% * 58% = 26.1%
3. Add the probabilities of acceptance for both males and females to get the overall probability of admission acceptance: 31.35% + 26.1% = 57.45%
4. Compare the overall probability of admission acceptance (57.45%) to 50% to determine if acceptance is more likely than rejection.

**Yes or No Answer:** Yes"
339,yes,"Step-by-Step Reasoning**:
   - Identify the relevant probabilities: The probability of talent for attractive and famous individuals is 3%, and for unattractive and famous individuals is 6%.
   - Compare these probabilities to determine the relationship between attractiveness and talent among famous individuals.
   - Since 6% (unattractive and famous) is greater than 3% (attractive and famous), we conclude that among famous people, being unattractive is associated with a higher chance of talent.

3. **Yes or No Answer**: Yes"
340,yes,"step-by-step reasoning involves:
   - Understanding the given probabilities: 54% for those without a college degree and 70% for those with a college degree or higher.
   - Recognizing that the question is about comparing the likelihood of high salary based on the presence or absence of a college degree.
   - Considering that if a person with a college degree or higher did not have that degree, their probability of a high salary would theoretically shift to the 54% category, which is lower than the 70% they are currently in.

3. Yes"
341,yes,"step-by-step reasoning:
1. Diabetes reduces the probability of a long lifespan in both normal weight and obese individuals.
2. Obesity increases the probability of having diabetes, especially in smokers.
3. The increased risk of diabetes due to obesity indirectly negatively affects lifespan.

Yes."
342,yes,"Step-by-Step Reasoning:
1. Identify the probability of admission acceptance for males: 39%.
2. Identify the probability of admission acceptance for non-males: 61%.
3. Compare the probabilities to determine if being a non-male increases the likelihood of admission acceptance.
4. Since 61% (non-male) is greater than 39% (male), not being male would increase the likelihood of admission acceptance.

Yes or No Answer: Yes"
343,yes,"Step-by-Step Reasoning**:
- Identify the probabilities of a healthy heart for each group (medication and blood pressure status).
- Compare these probabilities to assess the impact of medication on heart health through blood pressure.
- Consider the context of medication use and its intended effect on blood pressure and heart health.

3. **Yes or No Answer**: No"
344,yes,"Step-by-Step Reasoning:**
1. Calculate the probability of the alarm ringing when set: 3% * 22%.
2. Calculate the probability of the alarm ringing when not set: 97% * 74%.
3. Add the probabilities from steps 1 and 2 to get the overall probability of the alarm ringing.
4. Compare the overall probability of the alarm ringing to the probability of the alarm not ringing.

**Yes or No Answer:** Yes."
345,yes,"Step-by-Step Reasoning**:
   - Calculate the percentage of people who recover after getting the vaccine: 48% / 62%.
   - Calculate the percentage of people who recover after refusing the vaccine: 8% / 38%.
   - Compare the two recovery rates to determine if getting the vaccine affects the chance of recovering from the disease.

3. **Yes or No Answer**: No"
346,yes,"step by step.

1. **Full Response**: 
The question asks us to compare the chance of having a high salary when observing a college degree or higher versus the overall context. Given:
- The probability of having a college degree or higher is 18%.
- The probability of having a high school degree or lower and a high salary is 35%.
- The probability of having a college degree or higher and a high salary is 1%.

To determine if the chance of a high salary is smaller when observing a college degree or higher, we need to consider the conditional probability of having a high salary given that one has a college degree or higher. This can be calculated using the formula for conditional probability: P(A|B) = P(A and B) / P(B), where A is having a high salary and B is having a college degree or higher.

Given that P(A and B) = 1% (probability of college degree or higher and high salary) and P(B) = 18% (probability of college degree or higher), the conditional probability of having a high salary given a college degree or higher is 1% / 18%.

However, to answer the question directly, we must compare this to the overall probability of having a high salary without the condition of having a college degree or higher. The overall probability of a high salary can be inferred from the given probabilities, but we directly compare the conditional probability to the probability of high salary in the context of not having a college degree (high school or lower), which is given as 35%.

The comparison here is not straightforward without the total probability of high salary, but we can infer that if the probability of high salary and college degree or higher is 1%, and this is significantly lower than the probability of high salary among those with high school or lower (35%), it suggests that having a college degree or higher does not necessarily increase one's chance of having a high salary in this context, and might even decrease it compared to the group with high school or lower.

2. **Step-by-Step Reasoning**:
- Identify given probabilities.
- Calculate the conditional probability of high salary given college degree or higher.
- Compare this to the probability of high salary in the context of high school or lower.
- Determine if having a college degree or higher decreases the chance of high salary based on the comparison.

3. **Yes or No Answer**: Yes."
347,yes,"Step-by-Step Reasoning**:
- Calculate the overall acceptance rate for non-male applicants by weighting the acceptance rates by the probability of being in a competitive or non-competitive department.
- Calculate the overall acceptance rate for male applicants in the same manner.
- Compare these overall acceptance rates to determine if gender has a positive effect on admission status through department competitiveness.

3. **Yes or No Answer**: No"
348,yes,"Step-by-Step Reasoning:
1. Identify the probabilities of lung cancer for nonsmokers and smokers.
2. Compare these probabilities to determine if there's a difference.
3. Consider what the implications would be if the opposite were true (i.e., if smoking decreased the chance of lung cancer).
4. Analyze how the given probabilities align with or contradict the opposite scenario.
5. Conclude based on the comparison and analysis whether smoking increases the chance of lung cancer.

Yes or No Answer: Yes"
349,yes,"step-by-step reasoning can be broken down as follows:
   - Identify the probabilities of high salary for both males and non-males.
   - Compare these probabilities to determine if there is a difference.
   - If the probability for males is higher than for non-males, it suggests that being male is associated with an increased chance of high salary.
   - Calculate the difference in probabilities to understand the magnitude of the association.

3. Yes."
350,yes,"step by step.

1. **Full Response**: 
The probability of a nonsmoking mother having a normal infant birth weight is given as 6%, and the probability of a smoking mother having a normal infant birth weight is given as 15%. To understand if the chance of normal infant birth weight is larger when observing a smoking mother, we need to consider these probabilities in the context of the overall probability of smoking mothers, which is 40%. However, the key here is to compare the probability of normal birth weight among smoking mothers to that among nonsmoking mothers. Given that 15% of the time, a smoking mother has a normal birth weight infant, and 6% of the time, a nonsmoking mother has a normal birth weight infant, it indicates that when a mother smokes, the probability of having a normal birth weight infant is higher than when the mother does not smoke, based on the information provided.

2. **Concise Step-by-Step Reasoning**:
- Identify the probability of normal infant birth weight among smoking mothers (15%).
- Identify the probability of normal infant birth weight among nonsmoking mothers (6%).
- Compare these probabilities to determine which scenario has a higher chance of normal infant birth weight.

3. **Yes or No Answer**: Yes"
351,yes,"Step-by-step reasoning:
1. Identify the given probabilities: 42% when the husband doesn't set the alarm and 51% when he does.
2. Compare the probabilities to determine the effect of the husband setting the alarm.
3. Recognize that setting the alarm is associated with a higher probability of ringing (51% > 42%).
4. Conclude based on the comparison that setting the alarm does not decrease but rather increases the chance of the alarm ringing.

Yes or no answer: No."
352,yes,"Step-by-Step Reasoning**:
- Analyze the given probabilities for alarm ringing based on husband's and wife's actions.
- Determine the influence of the husband's actions on the wife's decision to set the alarm.
- Evaluate the outcome (alarm ringing) in relation to both setting the alarm.
- Consider the implications of these probabilities on the question of whether the husband positively affects the alarm clock through the wife.

3. **Yes or No Answer**: No"
353,no,"Step-by-step reasoning:
   - A smoking mother or good health causes normal infant birth weight.
   - The combination of a smoking mother, good health, and normal infant birth weight leads to high infant mortality.
   - The observed condition is poor health.
   - Considering the opposite scenario (nonsmoking mother) might not directly apply due to the given conditions focusing on a smoking mother.
   - The critical factor influencing infant mortality seems to be the combination of smoking, good health, and normal birth weight, not solely the smoking status when considering poor health.

3. No."
354,yes,"step by step.

1. **Full Response**: 
Given the probabilities, we want to determine if the chance of increased price is larger when observing increased supply. The probability of increased supply and increased price is 43%, and the probability of reduced supply and increased price is 20%. The overall probability of increased supply is given as 57%. To assess whether the chance of increased price is larger when observing increased supply, we need to calculate the probability of increased price given increased supply and compare it with the probability of increased price given reduced supply or the overall probability of increased price.

The formula to calculate the conditional probability of increased price given increased supply is P(Increased Price | Increased Supply) = P(Increased Supply and Increased Price) / P(Increased Supply). Using the given probabilities, P(Increased Price | Increased Supply) = 43% / 57%.

To compare, we also need the overall probability of increased price, which can be found by adding the probabilities of increased price with increased supply and increased price with reduced supply: P(Increased Price) = P(Increased Supply and Increased Price) + P(Reduced Supply and Increased Price) = 43% + 20% = 63%.

However, the critical comparison is between the probability of increased price when supply is increased and when it's not. Since we're directly calculating the conditional probability of increased price given increased supply, we can directly assess if this scenario has a higher probability of increased price compared to the general case.

2. **Concise Step-by-Step Reasoning**:
- Calculate the conditional probability of increased price given increased supply: P(Increased Price | Increased Supply) = 43% / 57%.
- Recognize that to directly answer the question, we compare this conditional probability to the scenario without the condition (overall probability of increased price or the specific case of reduced supply).
- The calculation for the conditional probability is the key to understanding the relationship between increased supply and the likelihood of increased price.

3. **Yes or No Answer**: 
Yes."
355,yes,"Step-by-Step Reasoning**:
   - Identify the probability of respiratory issues: 51%.
   - Identify the probability of broken bones in both scenarios: 97% for those with and without respiratory issues.
   - Recognize that the high probability of broken bones (97%) is consistent across both groups.
   - Understand that this consistency implies broken bones are more likely than not, regardless of respiratory issues.

3. **Yes or No Answer**: No."
356,yes,"Step-by-Step Reasoning**:
- Identify recovery rates for small and large kidney stones with and without treatment.
- Note that treatment improves recovery rates in both cases.
- Consider the overall probability of large kidney stones (47%) and its implications.
- Realize the question essentially asks if no treatment would be better than treatment for recovery, which contradicts the given data showing treatment improves recovery rates.

3. **Yes or No Answer**: No"
357,yes,"Step-by-step reasoning:**
1. Method 1 provides a general correlation but may not account for individual variations or unobserved confounders.
2. Method 2 considers these confounders, allowing for a more accurate understanding of the drug's effect on cholesterol levels.
3. Assuming Method 1 is more correct implies that individual differences have a negligible impact, which is unlikely.

**Yes or no answer:** No"
358,no,"Step-by-Step Reasoning:**
1. **Evaluate Method 1**: General correlation between education and salary, straightforward but potentially oversimplifies the relationship.
2. **Evaluate Method 2**: Case-by-case analysis considering unobserved confounders, more nuanced but complex.
3. **Comparison**: Method 2 provides a more detailed and accurate understanding by accounting for individual variations and external factors.

**Answer: No**"
359,yes,"step-by-step reasoning:
- Tanning salon treatments cause tanned skin.
- Going to the beach also causes tanned skin.
- The person goes to the beach.
- The absence of tanning salon treatment does not eliminate the effect of the beach on skin tanning.
- Therefore, the person can still have tanned skin from going to the beach even without tanning salon treatment.

3. Yes."
360,yes,"Step-by-Step Reasoning:**
1. The confounder's inactivity neutralizes its effect on both educational attainment and salary.
2. Living close to a college could increase the likelihood of obtaining a college degree due to accessibility.
3. Having a college degree or higher directly influences salary, given the confounder's inactivity.
4. The question focuses on the impact of having a college degree or higher on salary, independent of the confounder's influence.

**Yes or No Answer:** Yes"
361,yes,"Step-by-Step Reasoning:**
1. Identify the probabilities of long lifespan for each group (normal weight with/without diabetes, obese with/without diabetes).
2. Compare these probabilities to see the effect of diabetes on lifespan within each weight group.
3. Consider the impact of smoking on the probability of having diabetes in both normal weight and obese individuals.
4. Analyze how these factors interact to understand if obesity could positively affect lifespan through diabetes.

**Yes or No Answer:** No"
362,yes,"Step-by-Step Reasoning**:
   - Calculate the probability of being a nonsmoker.
   - Determine the weighted probability of lung cancer for nonsmokers and smokers.
   - Add these probabilities to find the overall probability of lung cancer.
   - Compare this overall probability to 50% to determine if lung cancer is more likely than its absence.

3. **Yes or No Answer**: Yes"
363,yes,"Step-by-Step Reasoning:
- The patient is not assigned drug treatment and the confounder is inactive.
- Normally, assignment of drug treatment leads to taking all assigned drugs.
- Taking all assigned drugs and an active confounder cause low cholesterol.
- The question hypothesizes the patient taking all assigned drugs despite not being assigned them and the confounder being inactive.
- The effect of taking all assigned drugs on cholesterol when the confounder is inactive is not directly stated but implies a break in the causal chain leading to low cholesterol.

3. Yes or No Answer: No"
364,yes,"Step-by-step reasoning:
1. Calculate the probability of being talented and hard-working: 98% * 98% = 96.04%.
2. Calculate the probability of not being talented and hard-working: 2% * 98% = 1.96%.
3. Sum these probabilities to find the total probability of being hard-working: 96.04% + 1.96% = 98%.
4. Determine the probability of being lazy as 100% - 98% = 2%.
5. Compare the probabilities to conclude whether being hard-working is less likely than being lazy.

Yes or no answer: No."
365,yes,"Step-by-step reasoning:
1. Calculate the probability of an intelligent child given intelligent parents using the formula for conditional probability.
2. Consider the given probabilities for intelligent and unintelligent parents with intelligent children.
3. Understand the question asks for a comparison of the probability of an intelligent child when parents are intelligent to an implied overall or different context.

Yes or no answer: No."
366,yes,"Step-by-Step Reasoning**:
   - Identify given probabilities.
   - Calculate implied probabilities (e.g., not taking any drugs).
   - Compare the probability of low cholesterol in both scenarios (taking all drugs vs. not taking any drugs).
   - Determine if the chance of low cholesterol is smaller when observing the taking of all assigned drugs based on the comparison.

3. **Yes or No Answer**: Yes."
367,yes,"Step-by-step reasoning:
1. Calculate the probability of not blowing out the candle: \(1 - 0.53 = 0.47\).
2. Apply the law of total probability to find the overall probability of a dark room.
3. Calculate the probability of a dark room given the probabilities of blowing out the candle and the associated dark room probabilities.
4. Determine the probability of a bright room as the complement of the dark room probability.
5. Compare the probabilities to conclude which scenario is less likely.

Yes or no answer: No."
368,yes,"Step-by-Step Reasoning**: 
   - Identify the probabilities of a healthy heart for both groups.
   - Compare these probabilities to determine the relationship between medication and heart health.
   - Recognize that a higher probability for the medication group indicates a positive effect of medication on heart health.

3. **Yes or No Answer**: No"
369,yes,"Step-by-step reasoning:
1. Understand the given correlation coefficient (-0.18) and its implications.
2. Recognize that a correlation of -0.18 indicates a weak negative relationship.
3. Acknowledge that a weak negative relationship does not equate to no relationship.
4. Consider that other factors might influence the relationship between respiratory issues and broken bones.

Yes or no answer: No."
370,yes,"Step-by-Step Reasoning**:
- Identify the probabilities of lung cancer for smokers and nonsmokers with different genetic predispositions.
- Analyze how genetic predispositions affect smoking behavior under different pollution levels.
- Consider the indirect effect of the gene on lung cancer risk through its influence on smoking behavior.

3. **Yes or No Answer**: No."
371,no,"Step-by-Step Reasoning:**
1. Identify the goal: Understand how vaccination status affects smallpox survival.
2. Consider Method 1: General correlation between vaccination status and survival.
3. Consider Method 2: Case-by-case analysis according to vaccination reaction.
4. Evaluate the need for detailed vs. general understanding.
5. Determine that Method 2 provides a more nuanced understanding of individual factors.

**Answer: No**"
372,yes,"Step-by-step reasoning:
1. Identify given probabilities for being talented and hard-working.
2. Calculate the probability of being lazy for both talented and non-talented students.
3. Determine the overall probability of being lazy by considering the distribution of talented and non-talented students.
4. Compare the overall probability of being hard-working to being lazy.

Yes or no answer: No."
373,no,"Step-by-step reasoning:
   - The correlation coefficient is -0.10, indicating a weak negative correlation.
   - Correlation does not imply causation, so we cannot assume kindness affects attractive appearance based solely on this.
   - Other factors may influence both variables, or the relationship may be bidirectional.
   - Causal relationship cannot be determined from correlation alone.

3. No"
374,no,"step-by-step reasoning:
- Identify the given probabilities: 81% for not setting and ringing, 18% for setting and ringing.
- Understand the scenario: We're considering the perspective of husbands who set the alarm.
- Compare probabilities: Not setting the alarm (81% chance of ringing) vs. setting the alarm (18% chance of ringing).
- Conclusion: From the perspective of a husband who sets the alarm, not setting it would increase the likelihood of the alarm ringing.

3. No"
375,yes,"Step-by-step reasoning:
1. Identify the probabilities of smoking and nonsmoking in the population.
2. Calculate the weighted probabilities of lung cancer for both smokers and nonsmokers.
3. Add these weighted probabilities to find the overall probability of lung cancer.
4. Compare this probability to 50% to determine if lung cancer is more likely than its absence.

Yes or no answer: Yes."
376,yes,"Step-by-step reasoning:
1. **Understand Method 1**: Analyze the correlation between smoking and college admission on a case-by-case basis, including individual effort.
2. **Understand Method 2**: Examine the general correlation between smoking and college admission without considering individual effort.
3. **Compare the methods**: Method 1 provides a nuanced view considering individual effort, while Method 2 offers a broad but less detailed perspective.
4. **Consider the opposite**: If Method 2 were better, it would overlook the significance of individual factors like effort.

Yes or no answer: Yes"
377,yes,"Step-by-step reasoning:**
1. Identify the probabilities of being hard-working for talented and non-talented students accepted to elite institutions.
2. Compare these probabilities to determine the relationship between talent and the likelihood of being hard-working.
3. Conclude based on the comparison whether the chance of being hard-working increases or decreases with talent.

**Yes or no answer:** No"
378,yes,"Step-by-step reasoning:
1. Consider the complexity of factors influencing college admission, including individual effort.
2. Recognize that Method 1 accounts for individual effort and other variables, offering a more nuanced view.
3. Understand that Method 2 provides a general correlation without considering individual differences or effort.
4. Analyze the assumption that Method 2 could be more correct and identify its limitations in accounting for personal variables.

Yes."
379,yes,"Step-by-step reasoning:
1. Understand the given correlation coefficient (-0.10) and its implications.
2. Recognize that correlation does not imply causation.
3. Consider the multifactorial nature of fame.
4. Analyze the scenario from the perspective of the opposite being true to understand potential implications.
5. Conclude based on the given information and the analysis.

Yes or no answer: No."
380,yes,"Step-by-Step Reasoning:**
1. Identify the cause of scurvy: Lack of vitamin C.
2. Recognize the role of citrus in preventing scurvy: Citrus is a source of vitamin C.
3. Evaluate Method 1: Looks at the general correlation between citrus consumption and scurvy, which may not account for all influencing factors.
4. Evaluate Method 2: Examines the correlation based on vitamin C content, directly addressing the cause of scurvy.
5. Consider the importance of understanding the specific mechanism (vitamin C) in preventing scurvy for a more accurate analysis.

**Yes or No Answer:** No"
381,yes,"Step-by-step reasoning:
1. Identify given probabilities: 51% for high hospital bills, 16% for low hospital bills and recovery, and 36% for high hospital bills and recovery.
2. Calculate the probability of recovery given a high hospital bill: 36% / 51% = approximately 70.59%.
3. Consider the basis for comparison: The overall probability of recovery is 52% (16% + 36%), but to directly compare, we'd need the probability of recovery without the hospital bill condition or with a low hospital bill specifically.
4. Analyze the implications: Given that 70.59% of high hospital bills are associated with recovery, it suggests that recovery is not less likely with high bills, based on the information provided.

Yes or no answer: No."
382,yes,"Step-by-Step Reasoning**:
   - Calculate the probability of not smoking: 100% - 39% = 61%.
   - Calculate the weighted probability of lung cancer among smokers: 39% * 57%.
   - Calculate the weighted probability of lung cancer among nonsmokers: 61% * 51%.
   - Sum these probabilities to find the overall probability of lung cancer: 22.23% + 31.11% = 53.34%.
   - Compare the overall probability to 50% to determine if lung cancer is more likely than its absence.

3. **Yes or No Answer**: Yes"
383,yes,"Step-by-Step Reasoning:**
1. Evaluate Method 1 for its broad applicability and potential to overlook individual variations.
2. Consider Method 2 for its ability to account for specific factors influencing the education-salary relationship.
3. Compare the two methods based on their capacity to provide an accurate representation of how education affects salary.

**Yes or No Answer:** No"
384,yes,"Step-by-step reasoning:
1. Calculate the proportion of the population that is vaccinated and unvaccinated.
2. Calculate the weighted probability of survival for vaccinated and unvaccinated individuals separately.
3. Add these weighted probabilities to find the overall probability of survival.
4. Compare this overall probability to 50% to determine if survival is more likely than death.

Yes or no answer: No."
385,yes,"Step-by-step reasoning:
1. Understand the given probabilities: 45% of people are kind, and 55% are mean.
2. Recognize the probability of attractive appearance is 40% for both kind and mean personalities.
3. Realize that since the attractiveness probability is the same for both types, the overall attractiveness probability doesn't depend on personality distribution for its calculation.
4. To determine if attractive appearance is less likely than unattractive, consider that attractive appearance needs to be less than 50% to be considered less likely.
5. Since the attractiveness rate is uniform at 40% across both groups, and given no other factors influence attractiveness, we can infer the overall likelihood of attractive appearance without needing to calculate a weighted average based on personality distribution.

Yes or no answer: Yes."
386,yes,"Step-by-Step Reasoning**:
   - Identify the probabilities when the manager signs the termination letter: 6% if the director also signs, and 37% if the director does not sign.
   - Recognize the probability of the director signing given the manager signs is 52%, which influences the weighted average of the outcomes.
   - The question seems to ask for a comparison based on the manager's action alone but is actually about the conditional probability given the manager's signature.
   - To directly answer the question as phrased, consider if signing by the manager increases the likelihood of firing under the specific condition (manager signs).

3. **Yes or No Answer**: No."
387,no,"step-by-step reasoning can be broken down as follows:
   - Identify the probability of long lifespan for obese people: 67%.
   - Identify the probability of long lifespan for normal weight people: 48%.
   - Compare these probabilities to understand the impact of weight on the likelihood of a long lifespan.
   - Consider the hypothetical scenario of an obese person having been of normal weight, which would imply their probability of long lifespan would be 48% instead of 67%.
   - Determine if this change (from obese to normal weight in the hypothetical scenario) would make a long lifespan less likely.

3. No."
388,yes,"Step-by-step reasoning:
1. Calculate the probability of penguin sadness and happiness for each mode of transportation.
2. Calculate the weighted probability of penguin death for each mode of transportation based on the probabilities of sadness and happiness.
3. Compare the overall probabilities of penguin death for taking the stairs versus the elevator.

Yes or no answer: Yes."
389,no,"step-by-step reasoning can be summarized as follows:
   - The husband sets his alarm, which causes the wife to set her alarm.
   - The combination of both alarms being set causes the alarm to ring.
   - If the husband does not set his alarm, the initial cause for the wife to set her alarm is removed.
   - Without the husband's alarm being set, the condition for the alarm to ring (both alarms being set) is not met.

3. No"
390,yes,"Step-by-Step Reasoning**:
- Identify the probabilities of a child being intelligent based on parents' intelligence and social status.
- Consider the role of the confounder in influencing social status and potentially child's intelligence.
- Analyze the relationship between parents' intelligence, social status, and child's intelligence, focusing on the pathway through social status.
- Determine if the data supports a positive effect of parents' intelligence on child's intelligence through social status.

3. **Yes or No Answer**: No"
391,yes,"Step-by-Step Reasoning:**
1. Method 1 considers individual cases and unobserved confounders, providing a nuanced view.
2. Method 2 looks at general correlations without accounting for individual differences or confounders.
3. Method 1 offers a more detailed understanding, crucial for targeted interventions and understanding mechanisms.
4. The opposite perspective (Method 2 being more correct) would overlook the importance of individual factors.

**Yes or No Answer:** Yes"
392,yes,"step by step.

1. **Full Response**: 
The probability of the camper lighting a match is given as 1%. This is a straightforward piece of information about the camper's action. The probability of the camper not lighting a match and the forest not being on fire is 38%. This implies that the probability of the forest not being on fire when the camper does not light a match is a subset of this 38%, but since we don't have the probability of the camper not lighting a match directly, we need to consider the complementary probabilities. The probability of the camper lighting a match and the forest being on fire is 1%. 

To assess whether the chance of the forest being on fire is smaller when observing the camper lighting a match, we need to consider the conditional probability of the forest being on fire given that the camper lights a match. This involves understanding the relationship between these events. However, the direct question at hand doesn't require calculating this conditional probability explicitly but rather understanding the implications of the given probabilities on the scenario.

Given the camper lights a match, we are looking at a situation where the outcome (forest on fire) is directly influenced by the action (lighting a match). The probability of both the camper lighting a match and the forest being on fire is 1%, which directly relates to the scenario where the camper's action potentially causes the forest fire.

2. **Concise Step-by-Step Reasoning**:
- Identify the probability of the camper lighting a match: 1%.
- Consider the probability of the camper not lighting a match and the forest not being on fire: 38%.
- Recognize the probability of the camper lighting a match and the forest being on fire: 1%.
- Understand that to determine if the chance of the forest being on fire is smaller when the camper lights a match, we must consider how these probabilities interact, particularly focusing on the conditional probability of the forest fire given the match is lit.

3. **Yes or No Answer**: No."
393,yes,"Step-by-step reasoning:
1. Identify the probability of arriving on time when waking up on time: 49%.
2. Identify the probability of arriving on time when waking up late: 8%.
3. Compare the two probabilities to determine the effect of waking up late on the chance of arriving on time.

Yes or no answer: No."
394,yes,"Step-by-Step Reasoning:
1. Understand the given probabilities: 44% for nonsmoking genes and 53% for smoking genes.
2. Recognize the genetic conditions are presented as mutually exclusive.
3. Interpret the question as asking about the effect of having a nonsmoking gene on lung cancer probability.
4. Consider the hypothetical scenario where genetic predisposition changes from smoking to nonsmoking.
5. Conclude that, based on given probabilities, having a nonsmoking gene is associated with a lower probability of lung cancer compared to having smoking genes.

Yes or No Answer: Yes"
395,yes,"Step-by-step reasoning:
1. **Understand Method 1**: It involves a general analysis of manager-employee correlation.
2. **Understand Method 2**: It involves a case-by-case analysis according to each director.
3. **Consider the Opposite**: If Method 2 were better, it would mean specific cases override general trends.
4. **Evaluate Universality**: Method 1 provides a broad, universally applicable understanding.
5. **Conclusion**: Method 1 is more correct for an initial, general understanding of how managers affect employees.

Yes or no answer: Yes."
396,yes,"Step-by-Step Reasoning**:
   - Calculate the total probability of the employee being fired: 7% (manager signs and employee fired) + 51% (manager does not sign but employee fired) = 58%.
   - Calculate the conditional probability of the employee being fired given the manager signs the letter: 7% / 30% = 23.33%.
   - Compare this conditional probability to the overall context of the question, recognizing the specific scenario vs. the general probability of being fired.

3. **Yes or No Answer**: No."
397,yes,"Step-by-step reasoning:
   - Taking the elevator causes penguin sadness.
   - Penguin sadness does not directly lead to death but taking the elevator does.
   - Either taking the elevator or penguin happiness causes penguin death.
   - Taking the stairs is an alternative to the elevator and thus may not cause sadness.
   - If taking the stairs does not cause happiness (as happiness is linked with elevator use), then it avoids both conditions leading to death.

3. Yes."
398,yes,"Step-by-Step Reasoning**:
    - Identify the risk factors for diabetes (obesity and smoking).
    - Recognize the person is a nonsmoker, so smoking is not a factor.
    - Consider the typical health implications of obesity (increased risk of health issues, potentially shorter lifespan).
    - Determine the likely impact of obesity versus normal weight on lifespan, given typical health understandings.

3. **Yes or No Answer**: Yes"
399,yes,"Step-by-Step Reasoning**:
   - Understand the given correlation (-0.01) and its implications.
   - Consider the opposite scenario (a strong positive correlation) to gain a different perspective.
   - Recognize that a near-zero correlation suggests a negligible linear relationship between kindness and attractive appearance.
   - Acknowledge that other factors may play a significant role in determining attractiveness within a relationship.

3. **Yes or No Answer**: No"
400,yes,"Step-by-step reasoning:
1. **Consider the complexity of personality and appearance**: Both are multifaceted and can be influenced by numerous factors.
2. **Evaluate Method 1**: It provides a broad, generalized view of the personality-appearance correlation but may lack nuance.
3. **Evaluate Method 2**: It offers a more tailored approach by considering the impact of relationship status, potentially revealing more nuanced correlations.
4. **Determine the relevance of relationship status**: Recognize it as a significant factor that can influence how personality affects appearance.

Yes or no answer: No."
401,yes,"Step-by-Step Reasoning**:
- Identify the probabilities of long lifespan for normal weight and obese individuals with and without diabetes.
- Recognize the need to control for diabetes to assess the direct effect of obesity on lifespan.
- Note that for both diabetic and non-diabetic conditions, obesity is associated with lower probabilities of long lifespan compared to normal weight.
- Consider the limitations in calculating overall effects due to missing specific distributions of smokers and nonsmokers within weight groups.

3. **Yes or No Answer**: No"
402,yes,"Step-by-Step Reasoning:**
1. Calculate the probability of the dry season: 100% - 44% = 56%.
2. Calculate the weighted contribution of wet ground in the rainy season: 44% * 63%.
3. Calculate the weighted contribution of wet ground in the dry season: 56% * 53%.
4. Add the contributions from both seasons to find the overall probability of wet ground.
5. Determine if this overall probability is greater than 50% to see if wet ground is more likely than dry ground.

**Yes or No Answer:** Yes"
403,yes,"Step-by-Step Reasoning:
1. Identify the probability of admission acceptance for males (62%) and non-males (56%).
2. Recognize that the probability for males is higher than for non-males.
3. Consider the scenario of a male individual not being male, thus falling into the non-male category.
4. Determine that moving from the male category to the non-male category results in a decrease in the probability of admission acceptance.

Yes or No Answer: Yes"
404,yes,"Step-by-Step Reasoning:**
1. Identify the probabilities of recovery with and without treatment for small and large kidney stones.
2. Calculate the overall probability of recovery without treatment by weighting the recovery rates by the probability of having small or large kidney stones.
3. Calculate the overall probability of recovery with treatment using the same method.
4. Compare the overall probabilities of recovery with and without treatment to determine which scenario is more likely to result in recovery.

**Yes or No Answer:** Yes"
405,yes,"Step-by-Step Reasoning:**
1. Calculate the percentage of patients not consuming citrus: 100% - 92% = 8%.
2. Calculate the contribution to the overall scurvy probability from non-citrus consumers: 8% * 63% = 5.04%.
3. Calculate the contribution to the overall scurvy probability from citrus consumers: 92% * 41% = 37.72%.
4. Sum the contributions to find the overall probability of scurvy: 5.04% + 37.72% = 42.76%.
5. Compare the overall probability of scurvy to the probability of no scurvy to determine which is more likely.

**Yes or No Answer:** No"
406,yes,"Step-by-step reasoning:
1. Calculate the probability of not receiving treatment: 100% - 49% = 51%.
2. Calculate the fraction of people who recover without treatment: 40% / 51%.
3. Calculate the fraction of people who recover with treatment: 17% / 49%.
4. Compare the fractions to determine which scenario has a larger chance of recovery.

Yes or no answer: No."
407,yes,"Step-by-Step Reasoning:**
1. Establish the baseline probabilities of a child being intelligent based on parents' intelligence.
2. Consider the influence of social status and the confounder on these probabilities.
3. Recognize that the provided probabilities consistently show a positive correlation between parents' intelligence and child's intelligence.
4. Understand that disregarding the mediation effect through social status does not provide a scenario where parents' intelligence negatively affects child's intelligence based on the given data.

**Yes or No Answer: No**"
408,yes,"Step-by-Step Reasoning**:
- Identify the probabilities related to infant mortality and maternal smoking status.
- Recognize the need to disregard infant birth weight as a mediating factor.
- Observe the trend that smoking mothers have lower probabilities of normal birth weight infants, especially with good health.
- Infer the potential direct impact of maternal smoking on infant mortality based on general knowledge of smoking's health effects.
- Note the lack of direct comparison in the provided data that isolates the effect of maternal smoking on infant mortality without considering birth weight.

3. **Yes or No Answer**: Yes"
409,yes,"Step-by-step reasoning:
1. Identify the probabilities of high salary for each gender and occupation combination.
2. Note that for both blue-collar and white-collar workers, males have higher probabilities of high salary than non-males.
3. Recognize that direct probabilities of high salary by gender alone are not provided, requiring an inference based on the given occupation-specific probabilities.
4. Infer that, based on the higher probabilities of high salary for males across both types of occupations, gender may have a positive effect on salary when disregarding the mediation effect through occupation.

Yes or no answer: Yes."
410,yes,"Step-by-Step Reasoning:
1. Calculate the probability of not taking medication: 100% - 59% = 41%.
2. Calculate the probability of having a healthy heart for those taking medication: 59% * 80% = 47.2%.
3. Calculate the probability of having a healthy heart for those not taking medication: 41% * 38% = 15.58%.
4. Add the probabilities of having a healthy heart from both groups to find the overall probability: 47.2% + 15.58% = 62.78%.
5. Compare the overall probability of having a healthy heart (62.78%) to 50% to determine if a healthy heart is less likely than heart problems.

Yes or No answer: No."
411,yes,"Step-by-step reasoning:
1. Identify the probabilities of broken bones in hospitalized individuals with and without respiratory issues.
2. Compare these probabilities to determine the effect of respiratory issues on the chance of broken bones.
3. Recognize that a lower probability indicates a decrease in the chance of broken bones.

Yes or no answer: No."
412,yes,"Step-by-Step Reasoning:
   - Identify the causes of arriving late at school: waking up late or heavy traffic.
   - Note the absence of one cause: there is no traffic.
   - Consider the impact of the remaining cause (waking up late) on arriving at school.
   - Determine that without traffic, waking up late would still cause lateness.

3. Yes or no answer: Yes."
413,yes,"Step-by-step reasoning:
1. Identify the probabilities of high infant mortality for different combinations of maternal smoking status and infant birth weight.
2. Compare these probabilities to assess the direct relationship between maternal smoking and infant mortality.
3. Examine the probabilities of normal infant birth weight for smoking and nonsmoking mothers under different health conditions.
4. Consider how the overall probability of good health influences these outcomes.
5. Determine if the data support a negative effect of maternal smoking on infant mortality through its impact on birth weight.

Yes or no answer: Yes."
414,yes,"Step-by-step reasoning:
1. Understand the given probabilities: Overall citrus intake is 83%, absence of citrus and scurvy is 9%, and citrus intake with scurvy is 22%.
2. Calculate the portion of citrus consumers without scurvy: 83% (citrus intake) - 22% (citrus intake and scurvy) = 61%.
3. Consider the implication of these probabilities on the relationship between citrus intake and scurvy risk.

Yes or no answer: Yes."
415,yes,"Step-by-step reasoning:
1. Calculate the probability of non-male gender: 100% - 52% = 48%.
2. Calculate the probability of high salary given male gender: 38% / 52%.
3. Calculate the probability of high salary given non-male gender: 24% / 48%.
4. Compare the two conditional probabilities to determine if high salary is less likely given male gender.

Yes or no answer: No."
416,yes,"Step-by-step reasoning:
1. Calculate the probability of recovery for each group (with and without pre-conditions, with and without the vaccine).
2. Combine these probabilities based on the percentage of the population with and without pre-conditions to find the overall recovery rate with and without the vaccine.
3. Compare the overall recovery rates to determine if the vaccine decreases the chance of recovery.

Yes or no answer: Yes."
417,yes,"Step-by-Step Reasoning**:
- Identify the probabilities of cholera contraction for both local and global water companies.
- Identify the probabilities of clean water for both local and global water companies.
- Compare these probabilities to determine if there's a positive correlation between clean water and cholera contraction.
- Note that a higher probability of clean water is associated with a lower probability of cholera contraction, indicating a negative correlation.

3. **Yes or No Answer**: No"
418,yes,"Step-by-Step Reasoning:**
1. Identify recovery rates for patients paying low vs. high hospital bills across age groups.
2. Compare these rates within each age group to determine the effect of hospital bill payment on recovery.
3. Consider the implications of these comparisons for patients who pay high hospital bills, wondering what their recovery rates would be if they had paid low hospital bills.

**Yes or No Answer:** Yes"
419,yes,"Step-by-Step Reasoning:
1. Identify the probability of college admission for nonsmokers: 51%.
2. Identify the probability of college admission for smokers: 64%.
3. Compare the two probabilities to determine which group has a higher likelihood of college admission.
4. Since 64% (smokers) is greater than 51% (nonsmokers), being a smoker is associated with a higher probability of college admission.

Yes or No Answer: No"
420,yes,"Step-by-Step Reasoning:**
1. Compare probabilities of healthy hearts between those taking and not taking medication, considering blood pressure.
2. Analyze how medication affects heart health in the context of low and high blood pressure.
3. Consider the opposite scenario where medication would positively affect heart health to contrast with the given data.

**Yes or No Answer:** Yes."
421,no,"Step-by-step reasoning:
- Identify the survival rates for unvaccinated and vaccinated individuals.
- Compare these rates to determine the effect of vaccination on survival.
- Consider the hypothetical scenario where vaccination negatively affects survival.
- Recognize that the actual data contradicts this hypothesis, showing a positive effect of vaccination on survival.

3. No."
422,no,"step-by-step reasoning involves:
   - Identifying the probabilities of death under each scenario: 36% for release and 72% for execution.
   - Considering the nature of the question, which asks if executing could decrease the chance of death, implying a need to think about the scenarios in a less straightforward manner.
   - Recognizing that the probabilities given are based on the outcomes after the captain's decision, not the decision itself directly causing the death in the case of release.
   - Since the probability of death is higher when the prisoner is executed (72%) compared to when the prisoner is released (36%), the execution directly results in death, making the comparison not about decreasing the chance of death by executing but rather about the inherent outcomes of each action.

3. No."
423,yes,"Step-by-step reasoning:
1. Calculate the probability of college admission given smoking by dividing the probability of smoking and college admission by the probability of smoking.
2. Calculate the overall probability of college admission by summing the probabilities of smoking and college admission and nonsmoking and college admission.
3. Compare the probability of college admission given smoking to the overall probability of college admission to determine if it's smaller.

Yes or no answer: Yes."
424,yes,"Step-by-Step Reasoning:**
1. Calculate the probability of the population having polluted water: 100% - 39% = 61%.
2. Calculate the contribution to cholera contraction from people with clean water: 39% * 33%.
3. Calculate the contribution to cholera contraction from people with polluted water: 61% * 67%.
4. Sum the contributions to find the overall probability of cholera contraction.
5. Compare this probability to the probability of not contracting cholera to determine if contraction is more likely.

**Yes or No Answer:** Yes."
425,yes,"Step-by-Step Reasoning:
1. Identify the probability of lung cancer in individuals with nonsmoking genes: 65%.
2. Identify the probability of lung cancer in individuals with smoking genes: 49%.
3. Compare the two probabilities to determine the effect of smoking genes on lung cancer risk.
4. Since 49% (smoking genes) is less than 65% (nonsmoking genes), having smoking genes decreases the chance of lung cancer according to the given data.

Yes or No Answer: No"
426,yes,"Step-by-Step Reasoning**:
- Analyze the probabilities of low cholesterol with and without drug treatment.
- Compare adherence rates between the two groups.
- Infer the relationship between taking all assigned drugs and low cholesterol probability based on group probabilities.
- Consider the implications if taking all assigned drugs were to decrease low cholesterol chances.

3. **Yes or No Answer**: No"
427,yes,"Step-by-Step Reasoning:**
1. Calculate the weighted average admission probability for non-male individuals by considering the probabilities of applying to competitive and non-competitive departments and their respective admission rates.
2. Calculate the weighted average admission probability for male individuals in the same manner.
3. Compare the two overall probabilities to determine if gender has a negative effect on admission status when disregarding department competitiveness.

**Yes or No Answer:** Yes."
428,yes,"Step-by-Step Reasoning**:
   - Identify the relevant probabilities for people in relationships.
   - Compare the probabilities of attractive appearance for kind and mean personalities within this group.
   - Determine the relationship between kindness and attractiveness based on the comparison.

3. **Yes or No Answer**: No."
429,yes,"Step-by-step reasoning:
1. Calculate the probability of not blowing out candles: 100% - 2% = 98%.
2. Calculate the contribution to the dark room probability from people not blowing out candles: 0.98 * 0.88.
3. Calculate the contribution to the dark room probability from people blowing out candles: 0.02 * 0.55.
4. Add these contributions to find the overall probability of a dark room: 0.8624 + 0.011 = 0.8734, or 87.34%.
5. Determine if the dark room probability is greater than 50%.

Yes or no answer: Yes."
430,yes,"Step-by-Step Reasoning:**
1. Calculate the probability of having a high salary for individuals with a college degree or higher.
2. Calculate the probability of having a high salary for individuals without a college degree.
3. Combine these probabilities to find the overall probability of having a high salary.
4. Compare this probability to 50% to determine if high salary is more likely than low salary.

**Yes or No Answer:** No"
431,yes,"Step-by-Step Reasoning**:
   - Identify the probability of being talented and not talented.
   - Recognize the probability of being hard-working is the same for both groups.
   - Calculate the overall probability of being hard-working, which remains 57% due to the consistent probability across both groups.
   - Compare the probability of being hard-working to the probability of being lazy.

3. **Yes or No Answer**: Yes."
432,yes,"Step-by-Step Reasoning:**
1. **Consider the Goal**: The aim is to understand how smoking affects lung cancer.
2. **Evaluate Method 1**: This method examines the correlation case by case according to gender, allowing for the detection of gender-specific patterns.
3. **Evaluate Method 2**: This method looks at the general correlation between smoking and lung cancer without considering gender.
4. **Compare Methods**: Method 1 offers detailed insights into potential gender-specific risks, while Method 2 provides a broader view that might overlook specific risk factors.
5. **Conclusion**: Given the potential for gender-specific differences, Method 1 is more likely to provide a nuanced understanding of the relationship between smoking and lung cancer.

**Yes or No Answer**: Yes"
433,no,"step-by-step reasoning involves:
   - Identifying the probability of arriving on time when waking up late, which is 70%.
   - Identifying the probability of arriving on time when waking up on time, which is 39%.
   - Comparing these probabilities to determine if waking up on time would increase the likelihood of arriving on time for days when Alice wakes up late.

3. No."
434,yes,"Step-by-Step Reasoning**:
    - Identify the recovery rates for each age and payment group.
    - Recognize that paying a high bill is associated with higher recovery rates in both age groups.
    - Consider the overall probability of being old (42%) and its influence on the weighted average of recovery rates.
    - Understand the question is asking for a comparison of recovery likelihood if a patient who paid a high bill had instead paid a low bill.
    - Since both young and old patients have higher recovery rates with high bills, switching to a low bill would decrease the recovery rate for any given patient.

3. **Yes or No Answer**: No"
435,no,"step-by-step reasoning for this response is:
   - Identify the probabilities of wet ground in each season.
   - Compare these probabilities to determine the effect of the season on ground wetness.
   - Recognize that the increase in probability from dry to rainy season indicates a positive, not negative, effect on wet ground due to the season.
   - Consider the potential role of sprinklers, but note that the question's data directly addresses seasonal effects.

3. No."
436,yes,"Step-by-Step Reasoning**:
   - Calculate the weighted probability of scurvy for citrus consumers: 20% * 60% = 12%.
   - Calculate the weighted probability of scurvy for non-citrus consumers: 80% * 76% = 60.8%.
   - Add these probabilities to find the overall probability of scurvy: 12% + 60.8% = 72.8%.
   - Compare the overall probability of scurvy (72.8%) to the probability of no scurvy (27.2%).

3. **Yes or No Answer**: No"
437,yes,"Step-by-step reasoning:**
1. Calculate the probability of being a nonsmoker: 100% - 84% = 16%.
2. Calculate the weighted probability of college admission for nonsmokers: 16% * 63%.
3. Calculate the weighted probability of college admission for smokers: 84% * 57%.
4. Sum the weighted probabilities to find the overall probability of college admission.
5. Compare the overall probability of college admission to 50% to determine if admission is less likely than rejection.

**Yes or no answer:** Yes"
438,yes,"Step-by-step reasoning:**
1. Identify the given probabilities for lung cancer among smokers and nonsmokers with and without tar deposits.
2. Calculate the probability of having no tar deposit for both smokers and nonsmokers.
3. Compute the overall probability of lung cancer for smokers and nonsmokers by considering both scenarios (with and without tar deposits).
4. Compare the calculated probabilities to determine if it would be more likely to see lung cancer in a smoker if they had been a nonsmoker.

**Yes or no answer:** No"
439,yes,"step-by-step reasoning:
1. Identify the cause of scurvy: Vitamin C deficiency.
2. Recognize the role of citrus in providing vitamin C.
3. Determine that understanding the effect of citrus on scurvy requires considering vitamin C levels.
4. Conclude that Method 1, which examines the correlation case by case according to vitamin C, is more directly relevant to understanding the impact of citrus on scurvy.

Yes."
440,yes,"step by step.

1. **Full Response**: 
The probability of clean water is given as 22%. The probability of polluted water and cholera contraction is 53%, and the probability of clean water and cholera contraction is 20%. To assess if the chance of cholera contraction is larger when observing clean water, we need to compare the probability of cholera contraction given clean water to the overall probability of cholera contraction.

Given:
- Probability of clean water = 22% = 0.22
- Probability of polluted water and cholera contraction = 53% = 0.53
- Probability of clean water and cholera contraction = 20% = 0.20

The probability of cholera contraction can be calculated by adding the probability of cholera contraction from both clean and polluted water sources. However, since we are interested in the conditional probability (cholera given clean water), we focus on the probability of clean water and cholera contraction.

The probability of cholera contraction given clean water (P(Cholera|Clean)) can be found by dividing the probability of both clean water and cholera by the probability of clean water: P(Cholera|Clean) = P(Clean and Cholera) / P(Clean).

2. **Step-by-Step Reasoning**:
- Identify given probabilities.
- Calculate the probability of cholera contraction given clean water using the formula P(Cholera|Clean) = P(Clean and Cholera) / P(Clean).
- Compare this conditional probability to the overall context to assess the likelihood of cholera contraction when clean water is observed.

3. **Yes or No Answer**: 
To directly answer if the chance of cholera contraction is larger when observing clean water, we calculate P(Cholera|Clean) = 0.20 / 0.22 ≈ 0.909. This means that approximately 90.9% of the times when clean water is observed, there is a cholera contraction, given the specific conditions of this scenario. Thus, the answer to whether the chance of cholera contraction is larger when observing clean water, based on the provided probabilities, is **Yes**."
441,yes,"step-by-step reasoning:**
1. Calculate the probability of penguin death for those taking the stairs by considering the happiness and sadness probabilities and their respective death probabilities.
2. Calculate the probability of penguin death for those taking the elevator using the same method.
3. Compare the overall probabilities of penguin death for both scenarios to determine if taking the stairs or elevator positively affects penguin survival.

**Yes or no answer:** Yes."
442,no,"Step-by-step reasoning:
1. Identify the relevant probabilities for famous individuals: 
   - Unattractive and famous: 19% chance of talent.
   - Attractive and famous: 15% chance of talent.
2. Compare these probabilities to determine if attractiveness increases the chance of talent among famous people.
3. Since 19% (unattractive and famous) is greater than 15% (attractive and famous), being attractive does not increase the chance of talent among famous individuals.

The answer is: No."
443,yes,"Step-by-Step Reasoning:
   - A large kidney stone with no treatment does not lead to recovery.
   - A large kidney stone with treatment leads to recovery.
   - The patient has a large kidney stone and does not receive treatment.
   - Therefore, based on the given information, the absence of treatment for a large kidney stone implies no recovery.

3. Yes or no answer: Yes."
444,yes,"Step-by-step reasoning:
1. Identify the probabilities of low cholesterol in both groups.
2. Identify the probabilities of taking all assigned drugs in both groups.
3. Analyze the relationship between taking all assigned drugs and the probability of low cholesterol.
4. Consider that the group with higher adherence does not have the highest probability of low cholesterol, indicating that taking all assigned drugs may not directly increase the chance of low cholesterol in this context.

Yes or no answer: No."
445,yes,"Step-by-step reasoning:
1. Method 1 provides a broad view of the smoking-lung cancer correlation.
2. Method 2 offers a detailed analysis based on tar deposit.
3. Understanding the dose-response relationship and individual factors is crucial for a comprehensive insight into how smoking affects lung cancer.
4. Method 2 allows for this detailed understanding, potentially making it more informative than Method 1 for specific insights into the mechanisms and risks associated with smoking and lung cancer.

Yes or no answer: No."
446,yes,"step-by-step reasoning for the answer:
1. Calculate the probability of being a nonsmoker: 100% - 5% = 95%.
2. Calculate the probability of college admission for nonsmokers: 95% * 55% = 52.25%.
3. Calculate the probability of college admission for smokers: 5% * 43% = 2.15%.
4. Add the probabilities of college admission for nonsmokers and smokers: 52.25% + 2.15% = 54.4%.
5. Determine if college admission is more likely than college rejection by comparing the overall probability of admission (54.4%) to 50%.

Yes."
447,yes,"Step-by-step reasoning:
1. Compare the probabilities of cholera contraction between the local and global water companies.
2. Compare the probabilities of clean water between the local and global water companies.
3. Determine if the group with the higher probability of clean water also has a higher or lower probability of cholera contraction to assess the relationship between clean water and cholera contraction risk.

Yes."
448,yes,"Step-by-Step Reasoning:**
1. Calculate the probability of not being obese: 100% - 91% = 9%.
2. Calculate the contribution to the overall probability of a long lifespan from normal weight individuals: 9% * 59%.
3. Calculate the contribution to the overall probability of a long lifespan from obese individuals: 91% * 74%.
4. Add the contributions from both groups to find the overall probability of a long lifespan.
5. Compare this probability to 50% to determine if a long lifespan is more or less likely than a short lifespan.

**Yes or No Answer:** No"
449,yes,"Step-by-Step Reasoning:**
1. Calculate the probability of not receiving treatment: 100% - 41% = 59%.
2. Calculate the probability of recovery for untreated patients: 59% * 71%.
3. Calculate the probability of recovery for treated patients: 41% * 24%.
4. Calculate the overall probability of recovery by adding the probabilities of recovery for treated and untreated patients.
5. Compare the overall probability of recovery to the probability of non-recovery to determine which is more likely.

**Yes or No Answer:** Yes"
450,yes,"Step-by-step reasoning:**
1. Examine the probabilities of high salary for different gender and occupation combinations.
2. Consider the probabilities of white-collar jobs for different genders and skill levels.
3. Assess how gender influences job type and salary.
4. Evaluate if being male leads to higher salaries through the type of job.

**Yes or no answer:** No"
451,yes,"step by step.

First, we have the overall probability of waking up late, which is 81%. This means that 81% of the time, a person wakes up late. The probability of waking up on time and arriving to school on time is 11%, and the probability of waking up late and arriving to school on time is 19%.

If we consider the scenario where the person wakes up late, we want to find the probability of arriving to school on time given that they woke up late. This can be calculated using the probability of waking up late and arriving to school on time (19%) in relation to the overall probability of waking up late (81%).

However, to directly answer the question of whether the chance of arriving to school on time is smaller when observing waking up late, we should compare the probability of arriving to school on time when waking up late to the overall probability of arriving to school on time.

The overall probability of arriving to school on time can be found by adding the probability of waking up on time and arriving to school on time (11%) to the probability of waking up late and arriving to school on time (19%), which gives us 30%.

When waking up late, the probability of arriving to school on time is 19% out of the 81% who wake up late. To find the probability of arriving to school on time given that one woke up late, we calculate 19% / 81% ≈ 0.2346 or approximately 23.46%. 

The probability of arriving to school on time when waking up late (approximately 23.46%) is less than the overall probability of arriving to school on time (30%), indicating that the chance of arriving to school on time is indeed smaller when one wakes up late.

Here is the step-by-step reasoning:
1. Calculate the overall probability of arriving to school on time: 11% (waking up on time and arriving to school on time) + 19% (waking up late and arriving to school on time) = 30%.
2. Calculate the probability of arriving to school on time given that one woke up late: 19% / 81% ≈ 23.46%.
3. Compare the two probabilities to determine if waking up late reduces the chance of arriving to school on time.

Yes or no answer: Yes."
452,yes,"Step-by-step reasoning:
1. Calculate the probability of being female as 100% - 83% = 17%.
2. Calculate the overall probability of admission acceptance by multiplying the probability of each gender by its respective admission acceptance probability and summing these products.
3. Compare the overall probability of admission acceptance to 50% to determine if acceptance is more likely than rejection.

Yes or no answer: No."
453,no,"step-by-step reasoning:
   - Scurvy is caused by a deficiency in vitamin C.
   - Citrus intake provides vitamin C.
   - The absence of citrus intake (without alternative vitamin C sources) leads to lower vitamin C levels.
   - Lower vitamin C levels can cause or worsen scurvy.

3. No."
454,yes,"Step-by-step reasoning:
1. Method 1 analyzes the correlation between encouragement and exam scores on a case-by-case basis, considering individual studying habits.
2. Method 2 looks at the general correlation without accounting for studying habits.
3. Method 1 provides a nuanced view that can identify how studying habits influence the effect of encouragement on exam scores.
4. Method 2 offers a broad view that may miss important variations in the relationship between encouragement and exam performance based on studying habits.
5. Considering individual differences in studying habits can lead to a more comprehensive understanding of how encouragement affects exam scores.

Yes."
455,yes,"Step-by-step reasoning:
1. **Define the goal**: Understand the overall impact of campers on the forest.
2. **Analyze Method 1**: Provides a general analysis of camper-forest correlation.
3. **Analyze Method 2**: Offers a case-by-case analysis focusing on a specific behavior (smoking).
4. **Compare methods**: Method 1 gives a broader perspective, encompassing all aspects of camping.
5. **Conclusion**: Method 1 is more suitable for understanding the general impact of campers on the forest.

Yes or no answer: Yes."
456,yes,"Step-by-step reasoning:
1. Identify the probabilities of high infant mortality for different combinations of maternal smoking status and infant birth weight.
2. Compare these probabilities to determine if there's a pattern suggesting maternal smoking affects infant mortality through birth weight.
3. Consider the probabilities of normal infant birth weight for different maternal health and smoking statuses to understand how smoking might influence birth weight.
4. Analyze how changes in birth weight due to maternal smoking could impact infant mortality rates.

Yes."
457,yes,"Step-by-Step Reasoning:**
1. Identify the given probabilities for smoking, nonsmoking, and college admission rates for both groups.
2. Calculate the probability of being a nonsmoker.
3. Use the formula for conditional probability to calculate the overall probability of college admission.
4. Compare the calculated probability of college admission to 50% to determine if admission is more likely than rejection.

**Yes or No Answer:** Yes"
458,yes,"Step-by-Step Reasoning:**
1. Calculate the weighted recovery rate without the vaccine for both groups (with and without pre-conditions).
2. Calculate the weighted recovery rate with the vaccine for both groups.
3. Compare the overall recovery rates with and without the vaccine to determine the impact of vaccination.

**Yes or No Answer:** No"
459,yes,"step by step.

1. **Full Response**: 
The probability of vaccination is 76%, which implies that 24% of the population is not vaccinated. The probability of lack of vaccination and smallpox survival is 11%, and the probability of vaccination and smallpox survival is 44%. To determine if the chance of smallpox survival is smaller when observing vaccination, we need to calculate the probability of smallpox survival in both vaccinated and unvaccinated populations.

Given:
- P(Vaccination) = 76% or 0.76
- P(No Vaccination and Survival) = 11% or 0.11
- P(Vaccination and Survival) = 44% or 0.44

We can calculate the probability of smallpox survival among the vaccinated and unvaccinated populations. The probability of survival among the vaccinated is directly given as 44%. To find the probability of survival among those not vaccinated, we need to understand that the 11% who survive without vaccination are part of the 24% who are not vaccinated. 

So, the probability of survival among the unvaccinated is 11% out of the 24% who are not vaccinated, which is 11%/24% = 0.11/0.24.

2. **Step-by-Step Reasoning**:
   - Calculate the probability of survival among the unvaccinated: P(Survival|No Vaccination) = P(No Vaccination and Survival) / P(No Vaccination)
   - Compare this with the probability of survival among the vaccinated: P(Survival|Vaccination) = P(Vaccination and Survival) / P(Vaccination)
   - Determine if the chance of survival is smaller when observing vaccination by comparing these two probabilities.

3. **Yes or No Answer**: 
To directly answer the question without calculating the exact probabilities of survival for both groups (since we already have the probability of survival among the vaccinated as 44% and can infer the rest), we recognize that the question essentially asks us to compare the conditional probabilities of survival given vaccination and given no vaccination. The calculation for the unvaccinated group's survival rate is 0.11/0.24, which simplifies to approximately 0.4583 or 45.83%. For the vaccinated, the given survival rate is 44%, which is directly comparable since it's a proportion of those vaccinated who survive.

Since 44% (vaccinated survival rate) is less than 45.83% (unvaccinated survival rate), the answer to whether the chance of smallpox survival is smaller when observing vaccination is **Yes**."
460,yes,"Step-by-Step Reasoning:
1. Identify the probability of the forest catching on fire when a camper lights a match: 57%.
2. Identify the probability of the forest catching on fire when a camper does not light a match: 73%.
3. Compare the two probabilities to determine which scenario has a lower chance of the forest catching on fire.
4. Since 57% is less than 73%, lighting a match results in a lower probability of the forest catching on fire.

Yes or No Answer: Yes"
461,yes,"Step-by-Step Reasoning:**
1. Calculate the probability of unintelligent parents.
2. Apply the law of total probability to find the overall probability of an intelligent child.
3. Calculate the probability of an unintelligent child as the complement of the probability of an intelligent child.
4. Compare the probabilities to determine which is more likely.

**Yes or No Answer:** Yes"
462,yes,"Step-by-step reasoning:
1. Calculate the probability of not receiving treatment: 100% - 33% = 67%.
2. Calculate the probability of recovery for each group: For treatment, it's 81%, and for no treatment, it's 50%.
3. Calculate the overall probability of recovery by considering both paths (treatment and recovery, no treatment and recovery).
4. Compare the overall probability of recovery to the probability of non-recovery to determine if recovery is less likely.

Yes or no answer: No."
463,yes,"Step-by-Step Reasoning:**
1. Consider the complexity of healthcare outcomes and the known impact of age on recovery.
2. Recognize that Method 1 provides a nuanced, case-by-case analysis including age, while Method 2 offers a generalized view.
3. Understand that overlooking demographic factors like age might obscure important trends in the cost-recovery relationship.
4. Acknowledge that a detailed analysis (Method 1) is more likely to reveal actionable insights for healthcare improvement.

**Yes or No Answer:** Yes"
464,yes,"Step-by-Step Reasoning**:
   - Identify the probability of scurvy in patients not consuming citrus: 68%.
   - Identify the probability of scurvy in patients consuming citrus: 49%.
   - Compare the probabilities to determine the effect of citrus intake on scurvy risk.
   - Calculate the difference in probabilities to quantify the risk reduction.
   - Consider the nutritional benefits of citrus fruits, particularly their vitamin C content, and its role in preventing scurvy.

3. **Yes or No Answer**: Yes."
465,yes,"Step-by-Step Reasoning:**
1. Method 1 provides a general overview of treatment effectiveness across the population.
2. Method 2 offers a detailed look at treatment effectiveness broken down by gender.
3. Ignoring gender differences (as in Method 1) could lead to overlooking significant variations in treatment response.
4. Considering these points, using Method 1 exclusively might not capture the full complexity of treatment outcomes as effectively as Method 2.

**Yes or No Answer:** No"
466,yes,"Step-by-Step Reasoning**:
1. Calculate the probability of reduced supply.
2. Determine the probability of increased price when supply is increased and when it's reduced.
3. Compare these probabilities to answer the question.

**Yes or No Answer**: No"
467,yes,"step by step.

First, we know the overall probability of taking all assigned drugs is 24%. This implies that 76% of patients do not take all their assigned drugs. 

For patients who have not taken any drugs, the probability of low cholesterol is 63%. Since this group constitutes 76% of the patients (100% - 24% who take all assigned drugs), a significant portion of the overall patient population has a 63% chance of having low cholesterol.

For the 24% of patients who have taken all assigned drugs, the probability of low cholesterol increases to 66%. 

Given these probabilities, to determine if low cholesterol is more likely than high cholesterol overall, we need to consider the weighted average of the probabilities of low cholesterol for both groups (those taking all drugs and those not taking any drugs) because the overall likelihood of low cholesterol would be influenced by both groups.

Let's calculate a weighted average of the probability of low cholesterol:
- For 76% of patients (not taking all drugs), the probability of low cholesterol is 63%.
- For 24% of patients (taking all drugs), the probability of low cholesterol is 66%.

The weighted average = (0.76 * 0.63) + (0.24 * 0.66).

Calculating this gives:
= (0.4788) + (0.1584)
= 0.6372 or 63.72%.

This means that overall, the probability of low cholesterol is approximately 63.72%, which is more than 50%, indicating that low cholesterol is indeed more likely than high cholesterol overall.

**Step-by-Step Reasoning:**
1. Identify the probabilities of low cholesterol for patients taking all assigned drugs and those not taking any.
2. Calculate the weighted average of these probabilities based on the proportion of patients in each group.
3. Compare the weighted average probability to 50% to determine if low cholesterol is more likely than high cholesterol.

**Yes or No Answer:** Yes"
468,yes,"Step-by-Step Reasoning**:
   - Identify the probability of intelligent parents: 3%.
   - Note the probability of unintelligent parents having an intelligent child: 45%.
   - Recognize the probability of intelligent parents having an intelligent child: 0%.
   - Understand that a 0% probability means it's impossible for intelligent parents to have an intelligent child in this context.
   - Conclude that observing intelligent parents guarantees the child will not be intelligent, based on the given probabilities.

3. **Yes or No Answer**: Yes"
469,yes,"Step-by-Step Reasoning**:
   - Consider the importance of stone size in treatment outcomes.
   - Evaluate Method 1 (general correlation) versus Method 2 (case-by-case analysis based on stone size).
   - Recognize the potential for more personalized and effective care with Method 2.
   - Consider the opposite perspective and its implications.

3. **Yes or No Answer**: No"
470,yes,"Step-by-Step Reasoning:
1. Identify the probabilities of penguin death for both options: 70% for stairs, 29% for elevator.
2. Compare these probabilities to determine which option has a higher risk of penguin death.
3. Recognize that a lower percentage indicates a lower risk.
4. Conclude that taking the elevator has a lower probability of penguin death compared to taking the stairs.

Yes or No Answer: No"
471,yes,"Step-by-Step Reasoning:**
1. **Understanding the Goal**: The aim is to understand how vaccination affects disease.
2. **Analyzing Method 1**: This method provides detailed insights into how vaccination correlates with disease by considering pre-conditions.
3. **Analyzing Method 2**: This method offers a general overview of vaccination's impact on disease without considering specific pre-conditions.
4. **Comparing Methods**: Method 1 provides more nuanced and potentially more accurate insights into the relationship between vaccination and disease by accounting for variables that could affect vaccine efficacy.
5. **Conclusion**: For a comprehensive understanding, Method 1 is preferable due to its detailed analysis.

**Yes or No Answer**: Yes."
472,yes,"Step-by-step reasoning:
1. Method 1 analyzes medication and heart condition correlation case by case, considering specific health indicators.
2. Method 2 looks at the general correlation without considering specific indicators.
3. Detailed analysis (Method 1) is generally more accurate for complex conditions.
4. The opposite scenario (Method 2 being more correct) contradicts principles of personalized medicine.
5. Therefore, Method 1 is more appropriate for understanding the effect of medication on heart conditions.

Yes."
473,yes,"Step-by-Step Reasoning:**
1. Consider the benefits of a detailed analysis (Method 1) for understanding mechanisms.
2. Reflect on the value of a broad view (Method 2) for public health.
3. Evaluate the importance of tar deposit in lung cancer development.
4. Determine that detailed mechanisms (Method 1) are crucial for a comprehensive understanding.

**Yes or No Answer:** Yes"
474,yes,"Step-by-Step Reasoning:**
1. Examine the probabilities of high salary by gender and occupation.
2. Consider the probabilities of white-collar jobs by gender and skill level.
3. Account for the overall probability of high skill levels.
4. Assess how gender might influence salary through occupation and skill level.

**Yes or No Answer:** No"
475,yes,"Step-by-step reasoning:
1. Understand the given probabilities: Overall smoking probability is 14%, nonsmoking and lung cancer probability is 34%, and smoking and lung cancer probability is 7%.
2. Recognize the need to compare conditional probabilities (lung cancer given smoking vs. lung cancer given nonsmoking) for a direct comparison of risk.
3. Acknowledge that direct comparison using given joint probabilities may not fully address the question without considering the base rates of smoking and nonsmoking in the population.

Yes or no answer: No"
476,yes,"Step-by-step reasoning:
1. Identify the probabilities of broken bones for hospitalized individuals with and without respiratory issues.
2. Compare these probabilities to determine the relationship between having respiratory issues and the chance of broken bones.
3. Analyze the comparison to conclude whether having respiratory issues increases or decreases the chance of broken bones among hospitalized individuals.

Yes or no answer: No."
477,yes,"Step-by-Step Reasoning**:
   - The correlation coefficient of -0.66 indicates a negative relationship between attractive appearance and talent.
   - This relationship might be influenced by various factors including industry biases and personal priorities.
   - Correlation does not imply causation, so the relationship does not directly indicate that attractive appearance affects talent.
   - The question of whether attractive appearance affects talent is complex and not fully answered by the correlation alone.

3. **Yes or No Answer**: No"
478,yes,"Step-by-Step Reasoning:**
1. Consider the broad, population-level insights provided by Method 1.
2. Reflect on the nuanced, individual-level insights offered by Method 2, which accounts for effort.
3. Evaluate the importance of individual factors, like effort, in academic success and their potential impact on the smoking-college admission correlation.

**Yes or No Answer:** No"
479,yes,"Step-by-Step Reasoning:
- Identify the recovery probabilities for each group (with and without pre-conditions) when vaccinated and not vaccinated.
- Note that vaccination increases recovery likelihood in both scenarios.
- Understand the question is essentially asking if getting vaccinated (not refusing the vaccine) would decrease the likelihood of recovery, which contradicts the given data.

3. Yes or No Answer: No"
480,yes,"Step-by-Step Reasoning:**
1. **Understand the Goal**: The objective is to comprehend the effects of tanning salon treatments on skin health.
2. **Analyze Method 1**: It offers a broad view, suitable for general trends and public health insights.
3. **Analyze Method 2**: It provides a personalized view, beneficial for understanding individual responses and specific scenarios.
4. **Compare Methods**: Method 1 is more generalized, potentially covering a wider population, while Method 2 is more specific, offering detailed insights into individual cases.
5. **Conclusion**: For an initial understanding of how tanning salon treatments affect skin, a broader approach might be more encompassing.

**Yes or No Answer**: Yes."
481,yes,"Step-by-step reasoning:
1. Understand the basis of Method 1: case-by-case analysis focusing on tar deposit.
2. Understand the basis of Method 2: general correlation without focusing on tar deposit.
3. Consider the importance of tar deposit in the smoking-lung cancer relationship.
4. Evaluate the potential loss of detail and nuance in Method 2.
5. Determine that understanding the intermediary (tar deposit) is crucial for a detailed risk assessment.

Yes or no answer: Yes."
482,yes,"Step-by-Step Reasoning:
- Identify the probability of admission acceptance for males: 39%.
- Identify the probability of admission acceptance for non-males: 61%.
- Compare the probabilities to determine if being non-male offers a higher chance of admission acceptance.
- Consider the hypothetical scenario of a male individual not being male, thus falling into the non-male category.

3. Yes or no answer: Yes"
483,yes,"Step-by-step reasoning:
1. Calculate the percentage of students not encouraged and their probability of a high score.
2. Calculate the percentage of students encouraged and their probability of a high score.
3. Find the weighted average of these probabilities to get the overall probability of a high exam score.
4. Compare this overall probability to 50% to determine if a high exam score is less likely than a low exam score.

Yes or no answer: Yes."
484,yes,"Step-by-step reasoning:
1. Analyze Method 1 for its broad, general insights into the captain-prisoner correlation.
2. Examine Method 2 for its detailed, case-by-case analysis according to the private.
3. Consider the goal of understanding the captain's effect on the prisoner and the potential importance of the private's perspective.
4. Determine that a detailed, nuanced understanding (Method 2) is preferable for grasping specific effects and variations in the relationship.

Yes or no answer: No."
485,yes,"Step-by-step reasoning:
1. Identify the probabilities when the husband sets the alarm and when he does not, across different wife's actions.
2. Compare the probabilities to assess the change when the husband's action changes (from not setting to setting the alarm), keeping the wife's action constant.
3. Recognize that the direct comparison to determine the husband's effect independently is complicated due to the mediation effect through the wife, which we are asked to disregard.

Yes or no answer: Yes."
486,yes,"Step-by-Step Reasoning**:
   - Identify the probabilities of college admission for nonsmokers and smokers.
   - Compare these probabilities to determine if there's a difference.
   - Consider the scenario where smoking has no effect or a positive effect on college admission and how it contrasts with the given data.
   - Conclude based on the comparison and the contrast with the hypothetical scenario.

3. **Yes or No Answer**: Yes"
487,yes,"Step-by-Step Reasoning:**
1. Identify the given probabilities: 88% for the smoking gene, 7% for nonsmoking gene and lung cancer, and 34% for smoking gene and lung cancer.
2. Compare the probabilities of lung cancer with and without the smoking gene.
3. Determine if the presence of the smoking gene increases the likelihood of lung cancer based on the comparison.

**Yes or No Answer:** Yes"
488,yes,"Step-by-Step Reasoning:**
1. Evaluate the broad approach (Method 1) for understanding the man-room correlation.
2. Consider the detailed approach (Method 2) that accounts for specific conditions like the candle.
3. Determine if specific conditions significantly alter the man-room dynamics.

**Yes or No Answer:** No"
489,yes,"Step-by-step reasoning:
1. Identify the key difference between Method 1 and Method 2: Method 1 accounts for unobserved confounders on a case-by-case basis, while Method 2 does not.
2. Consider the potential impact of unobserved confounders on the relationship between education level and salary.
3. Evaluate the assumption that Method 2 could be more accurate, considering it would require individual differences to have no impact.
4. Recognize the improbability of this assumption due to the influence of various factors on both education and salary.

Yes or no answer: Yes."
490,yes,"Step-by-Step Reasoning:**
1. Calculate the probability of recovery for patients receiving treatment.
2. Calculate the probability of recovery for patients not receiving treatment.
3. Compare the two probabilities to determine if recovery is more likely with or without treatment.

**Yes or No Answer:** No"
491,yes,"Step-by-step reasoning:
1. Understand the given probabilities: 8% of mothers smoke, 31% of nonsmoking mothers experience high infant mortality, and 3% of smoking mothers experience high infant mortality.
2. Recognize the comparison is between different subsets of the population (smoking vs. nonsmoking mothers).
3. Acknowledge that direct comparison may not accurately reflect the risk due to differing base rates and potential confounders.

Yes or no answer: Yes."
492,yes,"Step-by-Step Reasoning:**
1. Calculate the probability of being a nonsmoker as 1 - probability of being a smoker.
2. Apply the law of total probability to find the overall probability of lung cancer.
3. Compare the calculated probability of lung cancer to the threshold of 50% to determine if it's less likely than its absence.

**Yes or No Answer:** No"
493,yes,"Step-by-Step Reasoning:**

1. Identify the probabilities of lung cancer for smokers and nonsmokers under different conditions (with and without tar deposits).
2. Consider the hypothetical scenario of a smoker being a nonsmoker and how this would affect their risk factors (e.g., tar deposit probabilities).
3. Recognize that the direct comparison between smokers and nonsmokers shows nonsmokers having a higher probability of lung cancer in both tar deposit conditions.
4. Understand that the question essentially asks if a smoker, by being a nonsmoker, would reduce their likelihood of lung cancer, which involves considering how the risk factors (like tar deposits) and their associated probabilities play into the overall risk.

**Yes or No Answer:** No"
494,yes,"Step-by-Step Reasoning:**
1. Identify the probability of the forest catching on fire when no match is lit: 80%.
2. Identify the probability of the forest catching on fire when a match is lit: 49%.
3. Compare the two probabilities to determine the effect of lighting a match on the chance of the forest catching on fire.
4. Since 49% is less than 80%, conclude that lighting a match does not increase the chance of the forest catching on fire.

**Yes or No Answer:** No"
495,no,"Step-by-step reasoning:
   - Understand the correlation coefficient (-0.66) indicates a negative relationship.
   - Recognize that correlation does not imply causation.
   - Consider the context (famous people) and potential biases or factors influencing the correlation.
   - Interpret the correlation in the context of the question, focusing on whether attractive appearance affects talent.

3. No"
496,yes,"Step-by-Step Reasoning**:
- Identify the probability of broken bones in both groups (with and without respiratory issues): 19% for both.
- Recognize that the probability of broken bones is independent of respiratory issues.
- Calculate the overall probability of broken bones: remains 19% due to independence.
- Calculate the probability of no broken bones: 100% - 19% = 81%.
- Compare the probabilities: 19% (broken bones) < 81% (no broken bones).

3. **Yes or No Answer**: Yes"
497,yes,"Step-by-Step Reasoning:
1. Identify the probability of high salary without a college degree: 24%.
2. Identify the probability of high salary with a college degree or higher: 47%.
3. Compare the probabilities to determine the effect of having a college degree on the chance of high salary.
4. Consider the opposite scenario where a college degree decreases the chance of high salary and evaluate if it aligns with the given probabilities.

Yes or No Answer: No"
498,yes,"Step-by-Step Reasoning**:
   - Identify potential causes of the forest fire: camper lighting a match and chain-smoker lighting a match.
   - Recognize the chain-smoker does not light a match, removing one cause.
   - Consider the effect of the camper lighting a match in the absence of the chain-smoker's action.
   - Determine if the camper's action alone can cause the forest to burn down.

3. **Yes or No Answer**: Yes"
499,yes,"Step-by-step reasoning:**
1. Calculate the probability of being a nonsmoker: 100% - 11% = 89%.
2. Calculate the weighted probability of lung cancer for nonsmokers: 89% * 30%.
3. Calculate the weighted probability of lung cancer for smokers: 11% * 51%.
4. Add the probabilities of lung cancer for smokers and nonsmokers to get the overall probability.
5. Compare the overall probability of lung cancer to the probability of its absence.

**Yes or no answer:** Yes"
500,yes,"Step-by-step reasoning:
1. **Understanding Method 1**: It provides a general view of manager-employee correlation.
2. **Understanding Method 2**: It offers a specific view tailored to each director or context.
3. **Considering the Opposite**: If Method 2 were more correct, it would emphasize variability over general patterns.
4. **Analyzing Implications**: Method 1 allows for a broader, more generalizable understanding of manager-employee dynamics.

Yes or no answer: Yes."
501,yes,"Step-by-step reasoning:
1. Identify the probabilities of high salary for each gender within different job categories.
2. Compare these probabilities to assess the relationship between gender and salary within each category.
3. Recognize the limitation in the data for making a direct comparison of salary probabilities by gender across all occupations and skill levels.

Yes or no answer: No"
502,yes,"Step-by-step reasoning:**
1. Identify the impact of diabetes on lifespan for both normal weight and obese individuals.
2. Determine how obesity affects the probability of having diabetes.
3. Analyze how these relationships answer the question of whether obesity positively affects lifespan through diabetes.

**Yes or no answer:** No"
503,yes,"Step-by-Step Reasoning:**
1. Calculate the overall probability of a healthy heart for individuals not taking medication by considering the probabilities of low and high blood pressure and their respective healthy heart probabilities.
2. Calculate the overall probability of a healthy heart for individuals taking medication in a similar manner.
3. Compare the two overall probabilities to determine if medication positively or negatively affects heart condition when disregarding the mediation effect through blood pressure.

**Yes or No Answer:** No"
504,yes,"Step-by-Step Reasoning:**
1. Analyze the given probabilities of high infant mortality for different combinations of maternal smoking status and infant birth weight.
2. Compare the probabilities to determine the relationship between maternal smoking and infant mortality, disregarding the mediation effect of birth weight.
3. Consider the effect of maternal smoking on infant birth weight as an additional factor influencing infant mortality.
4. Infer the overall impact of maternal smoking on infant mortality based on the provided data.

**Yes or No Answer:** No"
505,yes,"Step-by-step reasoning:
1. Identify the goals of the inquiry: Are we looking for specific insights related to diabetes, or a general understanding of obesity's impact on lifespan?
2. Consider the focus of each method: Method 1 focuses on the correlation in the context of diabetes, while Method 2 looks at the correlation in general.
3. Determine which method aligns better with the goals: If the focus is on diabetes, Method 1 is more relevant; for a general understanding, Method 2 might be preferred.

Yes or no answer: No."
506,yes,"Step-by-Step Reasoning:
- Identify the probability of a healthy heart for people not taking medication: 42%.
- Identify the probability of a healthy heart for people taking medication: 60%.
- Compare the two probabilities to determine the likelihood of having a healthy heart with and without medication.
- Since 60% (with medication) is greater than 42% (without medication), taking medication is associated with a higher likelihood of a healthy heart.
- Therefore, if a person taking medication had not taken any, it would indeed be less likely for them to have a healthy heart based on the given probabilities.

3. Yes or No Answer: Yes"
507,yes,"Step-by-step reasoning:
1. Method 1 analyzes the smoking-lung cancer correlation on a case-by-case basis, considering tar deposit.
2. Method 2 looks at the general correlation without focusing on tar deposit.
3. Considering tar's known role as a carcinogen, analyzing its deposit (Method 1) should provide a more detailed understanding of the smoking-lung cancer link.

Yes or no answer: Yes."
508,yes,"step by step.

First, we have the overall probability of increased supply, which is 83%. This means that in 83% of the cases, we can expect the supply to increase.

Next, we are given two conditional probabilities related to the price: 
- The probability of reduced supply and increased price is 9%.
- The probability of increased supply and increased price is 50%.

The question asks if the chance of increased price is smaller when observing increased supply. To determine this, we need to calculate the probability of increased price given that the supply has increased.

Given:
- P(Increased Supply) = 83%
- P(Reduced Supply and Increased Price) = 9%
- P(Increased Supply and Increased Price) = 50%

We are interested in finding P(Increased Price | Increased Supply). According to Bayes' theorem and the definition of conditional probability, this can be calculated as:
P(Increased Price | Increased Supply) = P(Increased Supply and Increased Price) / P(Increased Supply)

Plugging in the given values:
P(Increased Price | Increased Supply) = 50% / 83% ≈ 0.602 or 60.2%

Now, to compare, we should also consider the overall probability of increased price, which can be found by adding the probabilities of increased price in both supply scenarios (reduced and increased). However, since we don't have the probability of reduced supply directly, we'll proceed with what we have.

The probability of increased price when supply is reduced is part of the 9% (since it's the probability of both reduced supply and increased price). Without the exact probability of reduced supply, we can't directly calculate the probability of increased price in the reduced supply scenario. However, we can infer that since the probability of increased supply and increased price (50%) is significantly higher than the probability of reduced supply and increased price (9%), and given that increased supply is much more likely than reduced supply (83% vs. implicitly 17% for reduced supply, since the probabilities must add up to 100%), the overall influence of increased supply on the price is dominant.

However, the direct calculation for the probability of increased price given increased supply (approximately 60.2%) suggests that when supply increases, there is still a notable chance (about 60%) of the price increasing, which might not be smaller than the overall probability of price increase without considering supply (which we cannot calculate directly from the given information but can infer is influenced significantly by the 50% chance of increased supply and price).

Therefore, the question essentially asks us to compare the conditional probability of increased price given increased supply (about 60.2%) with an implicit or overall probability of increased price, which isn't directly calculable from the given data but is heavily influenced by the high probability of increased supply and price.

Step-by-step reasoning:
1. Calculate the probability of increased price given increased supply using the formula P(Increased Price | Increased Supply) = P(Increased Supply and Increased Price) / P(Increased Supply).
2. Recognize that without the explicit probability of reduced supply, direct comparison to an overall probability of increased price is challenging.
3. Acknowledge that the high probability of increased supply and increased price (50%) significantly influences the overall scenario.

Yes or no answer: Yes."
509,yes,"Step-by-Step Reasoning**:
   - Identify the probabilities when the husband sets and does not set the alarm, considering both scenarios of the wife's action.
   - Calculate or compare the overall probability of the alarm ringing when the husband sets the alarm versus when he does not, disregarding the wife's action.
   - Determine if setting the alarm by the husband increases the probability of the alarm ringing compared to not setting it.

3. **Yes or No Answer**: No."
510,yes,"Step-by-Step Reasoning:**
1. Consider the nuances of each method.
2. Analyze the potential for Method 1 to reveal detailed insights into gender disparities across different departments.
3. Evaluate the limitations of Method 2 in potentially oversimplifying the relationship between gender and admission status.
4. Reflect on the likelihood that departmental competitiveness influences the impact of gender on admissions.

**Yes or No Answer:** Yes"
511,yes,"Step-by-Step Reasoning:**
1. Understand the given probabilities: 7% have a college degree or higher, 50% have a high school degree or lower and a high salary, and 5% have both a college degree or higher and a high salary.
2. Recognize the question is about comparative probabilities, not absolute values.
3. Calculate the proportion of those with a college degree or higher who also have a high salary (5% out of 7%).
4. Compare this proportion to the implied overall probability of having a high salary (at least 55% of the population).
5. Determine if having a college degree or higher increases the likelihood of having a high salary based on these proportions.

**Yes or No Answer:** Yes"
512,yes,"Step-by-Step Reasoning:
- Identify the probability of lung cancer for individuals with nonsmoking genes: 44%.
- Identify the probability of lung cancer for individuals with smoking genes: 56%.
- Consider the implication of the question: It's asking if a nonsmoking gene could reduce the risk in someone already predisposed by having smoking genes.
- Realize the provided data doesn't directly address the interaction between smoking and nonsmoking genes.
- Understand that without information on how these genes interact, we cannot accurately determine the combined effect.

3. Yes or No Answer: No"
513,yes,"Step-by-Step Reasoning**:
- Identify the probabilities of normal infant birth weight and smoking mothers in areas with low and high cigarette taxes.
- Recognize the known negative impact of smoking on pregnancy outcomes.
- Consider that the data might reflect broader public health strategies and socioeconomic factors beyond just the effect of smoking.
- Acknowledge the apparent paradox in the data provided.

3. **Yes or No Answer**: Yes"
514,yes,"Step-by-Step Reasoning:
1. Identify the probability of college admission for nonsmokers: 53%.
2. Identify the probability of college admission for smokers: 29%.
3. Compare these probabilities to determine the difference in likelihood of college admission between smokers and nonsmokers.
4. If the probability for nonsmokers is higher, it implies that being a nonsmoker increases the likelihood of college admission.

Yes or No Answer: Yes"
515,yes,"Step-by-Step Reasoning**:
1. Identify the probability of attractiveness in both kind and mean personalities: 96% each.
2. Recognize the distribution of personalities in the population: 18% kind, 82% mean.
3. Calculate the overall probability of attractiveness by considering the distribution and the attractiveness probability in each group. However, given that attractiveness is equally probable in both, the calculation simplifies to understanding that the high attractiveness rate applies across the board, regardless of personality.
4. Determine if attractive appearance is less likely than unattractive appearance based on the given probabilities and their implications.

**Yes or No Answer**: No"
516,yes,"Step-by-step reasoning:
1. Identify given probabilities: The probability of the smoking gene is 13%, the probability of nonsmoking gene and lung cancer is 34%, and the probability of smoking gene and lung cancer is 6%.
2. Consider the need to compare the risk of lung cancer in individuals with the smoking gene to those without it, taking into account the overall probability of the smoking gene.
3. Recognize that to directly compare, we would ideally calculate the conditional probability of lung cancer given the smoking gene and given the nonsmoking gene, but the provided data does not directly allow for this calculation without assumptions about the total population size or the distribution of lung cancer in the nonsmoking population.

Yes or no answer: Yes."
517,yes,"Step-by-Step Reasoning**:
- Calculate the probability of the alarm not being set: 100% - 2% = 98%.
- Calculate the probability of the alarm ringing when not set: 98% * 80% = 78.4%.
- Calculate the probability of the alarm ringing when set: 2% * 34% = 0.68%.
- Add these probabilities to find the overall probability of the alarm ringing: 78.4% + 0.68% = 79.08%.
- Compare this to the probability of the alarm not ringing to determine if ringing is less likely.

3. **Yes or No Answer**: No"
518,yes,"Step-by-Step Reasoning**:
- Identify the given probabilities: 10% vaccinated, 38% non-vaccinated and survive, 6% vaccinated and survive.
- Calculate the proportion of the population each scenario represents.
- Compare the conditional probabilities of survival given vaccination and given non-vaccination.
- Recognize that to directly compare the effect of vaccination on survival, we need to consider how these probabilities interact with the base rates of vaccination and non-vaccination.

3. **Yes or No Answer**: No."
519,yes,"Step-by-Step Reasoning:**
- Identify the recovery probabilities for treated and untreated patients with small and large kidney stones.
- Note that for both sizes of kidney stones, the recovery rate is higher without treatment than with treatment.
- Consider the overall probability of having a large kidney stone, which affects the weighted average of recovery probabilities.
- Since the recovery rate is higher without treatment for both small and large stones, logically, not receiving treatment would result in a higher likelihood of recovery compared to receiving treatment, based on the given probabilities.

**Yes or No Answer:** No"
520,yes,"Step-by-step reasoning:
1. Identify the probabilities of admission acceptance for different gender and department competitiveness combinations.
2. Compare the change in admission probabilities for non-male and male applicants when moving from non-competitive to competitive departments.
3. Consider how the probability of applying to a competitive department varies by gender and its potential impact on admission status.
4. Analyze whether the interaction between gender, department type, and admission probability suggests a negative effect of gender on admission status through department competitiveness.

Yes or no answer: Yes."
521,yes,"Step-by-Step Reasoning:
- Normally, low demand and reduced yield per acre would suggest lower supply and potentially lower prices due to the low demand.
- However, if we hypothetically consider an increased supply (despite the reduced yield per acre), the focus shifts to how this increased supply interacts with the low demand.
- Increased supply, in the face of low demand, would typically lead to downward pressure on prices because there's more product available than there are buyers willing to purchase at the current price.

3. Yes or no answer: Yes"
522,yes,"Step-by-step reasoning:**
1. Calculate the probability of low blood pressure for individuals not taking medication and those taking medication.
2. Calculate the overall probability of having a healthy heart for both groups by combining the probabilities of low and high blood pressure with their respective healthy heart probabilities.
3. Compare the overall probabilities of having a healthy heart for individuals not taking medication and those taking medication.

**Yes or no answer:** No"
523,yes,"Step-by-Step Reasoning:
1. Compare the probability of a healthy heart for individuals taking medication (47%) to those not taking medication (69%).
2. Consider the implication if taking medication were to increase the chance of a healthy heart; the probability for those taking medication should be higher.
3. Since the probability is lower for those taking medication, the initial consideration is incorrect, indicating that taking medication, as per the given data, does not increase the chance of a healthy heart.

Yes or No Answer: No"
524,yes,"Step-by-Step Reasoning:
   - The chain-smoker's match can cause a forest fire.
   - The camper's action (lighting or not lighting a match) is secondary to the chain-smoker's action in this scenario.
   - The forest's fate (burning or not) is directly influenced by the chain-smoker's match, given it has already been lit.

3. Yes or no answer: Yes."
525,yes,"step-by-step reasoning:
1. Calculate the weighted probability of admission acceptance for males: 17% * 31%.
2. Calculate the weighted probability of admission acceptance for non-males: 83% * 40%.
3. Add these probabilities to find the overall probability of admission acceptance.
4. Subtract the overall probability of admission acceptance from 100% to find the probability of admission rejection.
5. Compare the probabilities to determine if acceptance or rejection is more likely.

Yes or no answer: No."
526,yes,"Step-by-step reasoning:
1. Method 1 considers the correlation between obesity and lifespan specifically in the context of diabetes.
2. Method 2 looks at the general correlation between obesity and lifespan without focusing on specific comorbidities.
3. Considering the impact of diabetes as a comorbidity provides a more nuanced view of how obesity affects lifespan.

Yes or no answer: Yes."
527,yes,"Step-by-Step Reasoning:**
1. High poverty or a global water company leads to clean water.
2. Clean water or high poverty can lead to cholera contraction.
3. The person has a local water company and lives in a low-poverty area, suggesting access to clean water.
4. If the water is polluted, it increases the risk of cholera.
5. The question asks if polluted water (instead of clean) would help avoid cholera, which contradicts the usual understanding that clean water reduces cholera risk.

**Yes or No Answer:** No"
528,no,"Step-by-step reasoning:
   - Identify the probability of high salary without a college degree: 39%.
   - Identify the probability of high salary with a college degree or higher: 57%.
   - Compare the probabilities to determine the effect of having a college degree on the likelihood of a high salary.
   - Consider the scenario where a person with a college degree does not have one, implying their probability would shift towards that of individuals without a college degree.
   - Conclude that without a college degree, the likelihood of a high salary decreases based on the provided probabilities.

3. No."
529,yes,"step-by-step reasoning for the answer:
1. Identify the probabilities of broken bones for hospitalized individuals with and without respiratory issues.
2. Compare these probabilities to determine the relationship between respiratory issues and the chance of broken bones in hospitalized individuals.
3. Conclude whether the presence of respiratory issues increases or decreases the chance of broken bones in this group.

Yes."
530,yes,"Step-by-Step Reasoning:**
1. Understand the given relationships: High cigarette tax or active confounder leads to smoking mother, which is associated with normal infant birth weight.
2. Analyze the impact of low cigarette tax and inactive confounder on the mother's smoking status and infant birth weight.
3. Consider the potential effects of a nonsmoking mother on infant birth weight, independent of the given conditions.
4. Recognize the absence of direct information linking nonsmoking mothers to infant birth weight outcomes under these specific conditions.

**Yes or No Answer:** Yes"
531,yes,"Step-by-Step Reasoning**:
   - Calculate the probability of the dry season.
   - Calculate the weighted probability of wet ground in the rainy season.
   - Calculate the weighted probability of wet ground in the dry season.
   - Sum the weighted probabilities to find the overall probability of wet ground.
   - Compare this probability to 50% to determine if wet ground is more likely than dry ground.

3. **Yes or No Answer**: No."
532,yes,"Step-by-Step Reasoning**:
    - Identify the probabilities of low cholesterol with and without the drug treatment.
    - Identify the probabilities of taking all assigned drugs with and without the drug treatment.
    - Recognize that the question asks about the effect of taking all assigned drugs on the probability of low cholesterol, not the effect of the drug treatment itself.
    - Note that without conditional probabilities of low cholesterol given adherence to all assigned drugs, we cannot directly calculate the effect of adherence on cholesterol levels.
    - Consider the implications of the given probabilities on the potential relationship between adherence and low cholesterol outcomes.

3. **Yes or No Answer**: No"
533,yes,"step by step.

1. **Full Response**: 
First, we need to understand the given probabilities and what they imply. The probability of taking all assigned drugs is 20%, which means that out of all the individuals in question, 20% of them take all their prescribed medications. The probability of not taking any assigned drugs and having low cholesterol is 65%, indicating a significant portion of the population doesn't take their drugs and has low cholesterol. Lastly, the probability of both taking all assigned drugs and having low cholesterol is 14%.

To determine if the chance of low cholesterol is larger when observing the taking of all assigned drugs, we need to consider the relationship between taking all assigned drugs and having low cholesterol. Given that 14% of individuals take all their drugs and have low cholesterol, this is a subset of the 20% who take all their assigned drugs. This implies that 14% is the overlap between taking all drugs and having low cholesterol.

However, to directly compare the likelihood of low cholesterol in the context of taking all assigned drugs versus not, we need to consider the total probability of having low cholesterol, which isn't directly provided. We can infer, though, that if 65% of individuals do not take any drugs and have low cholesterol, and given the overall context, the relationship between drug adherence and cholesterol levels might be more complex than a simple causal or correlation analysis.

2. **Summary of Full Response**:
- The probability of taking all assigned drugs is 20%.
- The probability of not taking any drugs and having low cholesterol is 65%.
- The probability of taking all drugs and having low cholesterol is 14%.
- To assess if low cholesterol is more likely when taking all assigned drugs, we need to consider the overlap and the context of these probabilities.

3. **Yes or No Answer**: No."
534,yes,"step by step.

1. **Full Response**: 
The probability of a smoking mother is given as 29%, which means out of the total population, 29% are smoking mothers. The probability of a nonsmoking mother and normal infant birth weight is 41%, indicating a significant portion of the population falls into this category. The probability of a smoking mother and normal infant birth weight is 3%, which is relatively low.

To determine if the chance of normal infant birth weight is larger when observing a smoking mother, we need to consider the conditional probability of normal infant birth weight given that the mother smokes. However, we also need the probability of a normal infant birth weight overall or the probability of a nonsmoking mother to make a comparison.

Given data doesn't directly provide the probability of a normal infant birth weight among all mothers or the specific probability of a nonsmoking mother. However, we can infer some information:

- The probability of a nonsmoking mother can be calculated as 100% - 29% = 71%, because if 29% of mothers smoke, then 71% do not smoke.
- The probability of normal infant birth weight among nonsmoking mothers can be directly taken as 41% from the given data.

However, to directly answer the question, we need to compare the probability of normal infant birth weight among smoking mothers to the overall probability of normal infant birth weight or to that among nonsmoking mothers. The data provided does not directly allow us to calculate the overall probability of normal infant birth weight without making assumptions.

2. **Step-by-Step Reasoning**:
- Identify given probabilities: 29% smoking mothers, 41% nonsmoking mothers with normal infant birth weight, 3% smoking mothers with normal infant birth weight.
- Calculate the probability of nonsmoking mothers: 100% - 29% = 71%.
- Understand that to compare, we need the overall probability of normal infant birth weight or a direct comparison between smoking and nonsmoking mothers regarding infant birth weight.
- Recognize that without the overall probability of normal infant birth weight or more specific conditional probabilities, direct comparison is challenging.

3. **Yes or No Answer**: No"
535,yes,"Step-by-Step Reasoning**:
   - Increased yield per acre typically increases supply.
   - Low demand can suppress the price increase that would normally accompany increased supply.
   - If we consider reduced supply (opposite of increased yield per acre), the general rule is that reduced supply leads to increased price.
   - However, the impact of reduced supply on price is also dependent on demand; low demand can mitigate the price increase effect of reduced supply.

3. **Yes or No Answer**: Yes"
536,yes,"Step-by-step reasoning:
1. Identify the probability of college admission for nonsmokers: 66%.
2. Identify the probability of college admission for smokers: 36%.
3. Compare the probabilities to determine the relationship between smoking and college admission chances.
4. Since 66% (nonsmokers) is greater than 36% (smokers), conclude that smoking does not increase the chance of college admission.

Yes or no answer: No."
537,yes,"Step-by-Step Reasoning**:
- Calculate the probability of death if the captain executes the prisoner: 0.69 * 0.64
- Calculate the probability of death if the captain releases the prisoner: 0.31 * 0.23
- Add these probabilities to get the overall probability of death: 0.4416 + 0.0713 = 0.5129
- Compare this to the probability of being alive (implied as 100% - probability of death).

3. **Yes or No Answer**: No"
538,no,"step-by-step reasoning is as follows:
   - Identify the probability of long lifespan for normal weight people: 59%.
   - Identify the probability of long lifespan for obese people: 79%.
   - Compare the two probabilities to determine which group has a higher chance of long lifespan.
   - Since 79% (obese) is greater than 59% (normal weight), being obese, according to the given data, actually increases the chance of long lifespan compared to being of normal weight.

3. No"
539,yes,"step-by-step reasoning is as follows:
   - Rainy season leads to increased rain.
   - Increased rain contributes to the ground being wet.
   - The activation of sprinklers during rainy seasons (as part of the given conditions) further ensures the ground remains wet.
   - Therefore, considering the opposite scenario (dry season) would logically lead to less wet or dry conditions due to the absence of significant rainfall and possibly less need for sprinkler activation.

3. Yes."
540,yes,"Step-by-step reasoning:
1. **Understanding the goal**: The aim is to comprehend how a specific gene affects lung cancer.
2. **Considering Method 1**: It looks at the general correlation without accounting for smoking.
3. **Considering Method 2**: It analyzes the correlation case by case, considering smoking status.
4. **Comparing methods**: Method 2 offers a more nuanced view by accounting for the interaction between the gene, smoking, and lung cancer.
5. **Conclusion**: For a detailed understanding of how a gene affects lung cancer, considering the interaction with smoking is beneficial.

Yes or no answer: No."
541,yes,"Step-by-step reasoning:
1. Understand the given correlation coefficient (0.20) and its implications for the relationship between kindness and attractive appearance.
2. Recognize that a positive correlation, even if weak, suggests that there is some level of relationship between the variables.
3. Consider the opposite scenario (a negative correlation or no correlation) to contrast and understand the implications of the given correlation.

Yes or no answer: No"
542,yes,"Step-by-Step Reasoning**
1. Understand the relationships: Confounder active -> College degree or higher, and College degree or higher -> High salary.
2. Consider the impact of living far from a college: This might reduce the likelihood of attending college, but the confounder's active status could mitigate this effect.
3. Analyze the direct question: If the person has a college degree or higher, despite living far from a college and with the confounder active, would they have a high salary?
4. Reasoning: Given the direct relationship between having a college degree or higher and earning a high salary, and considering the confounder's influence, having a college degree or higher would likely lead to a high salary, regardless of the distance from a college.

**Yes or No Answer**
Yes"
543,yes,"Step-by-step reasoning:
1. Understand the given correlation (-0.66) and its implications.
2. Recognize that correlation does not imply causation.
3. Consider potential factors influencing this correlation, such as industry biases or societal perceptions.
4. Analyze the opposite scenario to gain a broader perspective on the relationship between attractive appearance and talent.

Yes or no answer: No."
544,yes,"Step-by-Step Reasoning**:
- Calculate the percentage of the population that is not male: 100% - 48% = 52%.
- Calculate the percentage of non-males with high salary: 53% of 52% = 27.56%.
- Calculate the percentage of males with high salary: 78% of 48% = 37.44%.
- Add the percentages of males and non-males with high salary to find the overall probability of high salary: 27.56% + 37.44% = 65%.
- Compare the overall probability of high salary (65%) to 50% to determine if high salary is more likely.

3. **Yes or No Answer**: Yes."
545,yes,"Step-by-Step Reasoning:
1. Identify the probability of scurvy when not consuming citrus: 60%.
2. Identify the probability of scurvy when consuming citrus: 74%.
3. Compare these probabilities to determine if not consuming citrus would increase or decrease the likelihood of scurvy compared to consuming citrus.
4. Since 60% (not consuming citrus) is less than 74% (consuming citrus), not consuming citrus actually decreases the likelihood of scurvy.

Yes or No Answer: No"
546,yes,"Step-by-Step Reasoning**:
   - Identify the probability of normal infant birth weight among nonsmoking mothers and smoking mothers.
   - Recognize that the probability of normal birth weight is given directly for smoking mothers (5%) and nonsmoking mothers (53%).
   - Compare these probabilities to understand the relative risk of normal infant birth weight when the mother smokes versus when she does not.

3. **Yes or No Answer**: Yes."
547,yes,"Full Response:
To approach this question, let's first understand the given probabilities. In the dry season, the probability of wet ground is 56%, and in the rainy season, it's 43%. The question asks if it would be more likely to see wet ground in the rainy season if the season had been dry. This seems counterintuitive because one might expect the rainy season to naturally have a higher probability of wet ground compared to the dry season. However, the given probabilities already account for the conditions of each season. The key here is understanding that the question is not asking us to compare the rainy season's probability of wet ground directly to the dry season's but rather to consider if knowing the season had been dry would increase the likelihood of seeing wet ground in what is currently the rainy season.

Summary of Reasoning:
1. Understand the given probabilities for wet ground in both dry and rainy seasons.
2. Recognize the question is about the conditional probability of seeing wet ground in the rainy season if the season had been dry.
3. Consider that the given probabilities (56% for dry, 43% for rainy) already reflect the conditions of each season, and the question's premise may seem to imply a comparison that doesn't directly apply to the typical understanding of seasonal effects on ground wetness.

Yes or No Answer: No"
548,yes,"Step-by-Step Reasoning:**
1. Calculate the weighted probability of high salary for those without a college degree: 25% * 65% = 16.25%.
2. Calculate the weighted probability of high salary for those with a college degree or higher: 94% * 35% = 32.9%.
3. Add the two probabilities to find the overall probability of high salary: 16.25% + 32.9% = 49.15%.
4. Compare the overall probability of high salary (49.15%) to the probability of low salary (implied to be less than 50% if high salary is more likely), concluding high salary is more likely.

**Yes or No Answer:** No"
549,yes,"Step-by-step reasoning:
1. Identify the given probabilities: 50% for non-males and 82% for males.
2. Compare these probabilities to determine if there's a difference in admission acceptance rates based on gender.
3. Recognize that a higher probability for males indicates an increased chance of admission acceptance for males compared to non-males.

Yes or no answer: Yes."
550,yes,"Step-by-step reasoning:
1. Calculate the probability of waking up on time: 100% - 11% = 89%.
2. Calculate the overall probability of arriving to school on time: 35% (on time) + 8% (late) = 43%.
3. Calculate the conditional probability of arriving on time given waking up on time: 35% / 89% ≈ 39.3%.
4. Calculate the conditional probability of arriving on time given waking up late: 8% / 11% ≈ 72.7%.
5. Compare the conditional probabilities to determine if arriving to school on time is smaller when observing waking up late.

Yes or no answer: No"
551,yes,"Step-by-step reasoning:
1. Calculate the probability of being male and having a high salary.
2. Calculate the probability of being female and having a high salary.
3. Sum these probabilities to find the overall probability of having a high salary.
4. Compare this overall probability to 50% to determine if high salary is more or less likely than low salary.

Yes or no answer: No"
552,yes,"Step-by-Step Reasoning**:
   - Identify the probabilities of the alarm ringing based on the actions of the husband and wife.
   - Compare the probabilities when the husband sets the alarm versus when he does not, considering the wife's actions as constants.
   - Analyze the impact of the husband's action on the alarm ringing while disregarding the wife's mediation effect.
   - Determine if the husband's action negatively affects the alarm clock based on the comparison of probabilities.

3. **Yes or No Answer**: No."
553,yes,"step-by-step reasoning:
   - The captain's order determines the actions of the corporal and the private.
   - An order to execute leads to the prisoner's death through the actions of the corporal and inaction of the private.
   - If the order is to release, the corporal and private would not shoot.
   - Without shooting, the prisoner would not die from gunshot wounds.

3. Yes"
554,yes,"Step-by-Step Reasoning:**
1. Identify the risk factors for lung cancer: Being female and high tar deposit.
2. Understand the effect of smoking: It causes an absence of tar deposit.
3. Consider the person's profile: The person is female.
4. Analyze the impact of smoking on lung cancer risk for this person: Smoking reduces the risk associated with high tar deposit but does not affect the risk associated with being female.

**Yes or No Answer:** No"
555,yes,"step by step:

1. **Understanding the Probabilities**:
   - Non-male applicants to non-competitive departments have a 75% chance of admission.
   - Non-male applicants to competitive departments have a 37% chance of admission.
   - Male applicants to non-competitive departments have a 72% chance of admission.
   - Male applicants to competitive departments have a 21% chance of admission.

2. **Comparing Probabilities Across Genders and Department Types**:
   - For non-competitive departments, non-male applicants have a higher admission rate (75%) than male applicants (72%).
   - For competitive departments, non-male applicants have a higher admission rate (37%) than male applicants (21%).

3. **Considering Department Competitiveness**:
   - The probability of a non-male individual applying to a competitive department is 85%, and for males, it's 49%.

4. **Assessing the Impact of Gender on Admission Through Department Competitiveness**:
   - If we consider the competitiveness of the department as a factor influenced by gender (with non-males more likely to apply to competitive departments), we need to evaluate if being male provides an advantage in terms of admission status when considering department competitiveness.

5. **Analyzing the Data**:
   - The data shows that regardless of the department type, non-male applicants have a higher probability of admission than male applicants. This suggests that, based on the given probabilities, being male does not provide an advantage in admission status when considering department competitiveness.

**Step-by-Step Reasoning**:
1. Identify admission probabilities for each gender and department type.
2. Compare these probabilities to assess if one gender has an advantage.
3. Consider how department competitiveness varies by gender.
4. Evaluate if being male offers an advantage in admission through department competitiveness.
5. Conclusion based on comparison and analysis.

**Yes or No Answer**: No"
556,no,"Step-by-step reasoning:
   - Compare the given probabilities of long lifespan for normal weight and obese people.
   - Determine if the probability is higher for obese people, which would indicate an increased chance of long lifespan due to obesity.
   - Since the probability is lower for obese people (37%) compared to normal weight people (68%), conclude that obesity does not increase the chance of long lifespan.

3. No"
557,yes,"Step-by-Step Reasoning:
1. Identify the probability of a healthy heart for people not taking medication: 38%.
2. Identify the probability of a healthy heart for people taking medication: 61%.
3. Compare the probabilities to understand the effect of medication on heart health.
4. Determine that taking medication increases the likelihood of a healthy heart compared to not taking medication.
5. Conclude that if a person taking medication were to stop, their likelihood of having a healthy heart would decrease.

Yes or No Answer: Yes"
558,yes,"Step-by-Step Reasoning:**
1. Identify the goals of the analysis: to understand how smoking affects lung cancer.
2. Compare Method 1 (case-by-case analysis focusing on tar deposit) and Method 2 (general correlation between smoking and lung cancer).
3. Recognize the strengths of Method 1 in providing detailed, mechanistic insights into the smoking-lung cancer relationship.
4. Consider the broader, but less detailed, insights provided by Method 2.
5. Determine that for a deep understanding of the effects, especially in terms of direct biological impact, Method 1 is preferable.

**Yes or No Answer:** Yes"
559,yes,"step-by-step reasoning can be broken down as follows:
   - Identify the condition (scurvy) and its known cause (lack of vitamin C).
   - Note the relationship between citrus consumption and vitamin C content (citrus is a source of vitamin C).
   - Compare the probabilities of scurvy in two groups: those consuming citrus and those not consuming citrus.
   - Determine if the probability of scurvy is lower in the group consuming citrus.

3. Yes."
560,yes,"Step-by-Step Reasoning:
1. Identify the probability of admission acceptance for non-males: 50%.
2. Identify the probability of admission acceptance for males: 35%.
3. Compare the two probabilities to determine which group has a higher chance of admission acceptance.
4. Since 50% (non-males) is greater than 35% (males), being male does not increase the chance of admission acceptance.

Yes or No Answer: No"
561,yes,"Step-by-step reasoning:
1. Understand the given probabilities: 42% of patients take all assigned drugs, with a 12% chance of low cholesterol; 58% do not take all drugs, with a 22% chance of low cholesterol for those taking no drugs.
2. Recognize the missing information: We lack the probability of low cholesterol for patients taking some but not all drugs.
3. Consider the implications: Taking all drugs seems to decrease the likelihood of low cholesterol compared to taking no drugs.

Yes or no answer: No"
562,yes,"step by step, considering the impact of a high hospital bill on the probability of recovery across different age groups and then determining if it generally increases the chance of recovery.

First, we need to understand the given probabilities of recovery based on age and hospital bill payment:
- Young patients with a low hospital bill have a 7% chance of recovery.
- Young patients with a high hospital bill have a 17% chance of recovery.
- Old patients with a low hospital bill have an 80% chance of recovery.
- Old patients with a high hospital bill have a 92% chance of recovery.

The overall probability of being old is 54%, which implies that 46% of the patients are young.

Now, let's consider the impact of a high hospital bill on the chance of recovery for both age groups:
- For young patients, moving from a low to a high hospital bill increases the chance of recovery from 7% to 17%, which is an increase.
- For old patients, moving from a low to a high hospital bill increases the chance of recovery from 80% to 92%, which is also an increase.

Given that in both age groups, paying a high hospital bill is associated with a higher probability of recovery compared to paying a low hospital bill, we can infer that overall, a high hospital bill is associated with an increased chance of recovery, regardless of age.

**Step-by-Step Reasoning:**
1. Identify the probabilities of recovery for each age and payment group.
2. Compare the probabilities within each age group to determine the effect of a high hospital bill.
3. Since both age groups show an increase in recovery probability with a high hospital bill, determine the overall impact.

**Yes or No Answer:** Yes"
563,yes,"Step-by-Step Reasoning:**
1. Calculate the probability of penguin happiness and sadness for each transportation choice.
2. Calculate the weighted probability of penguin death for each mode of transportation by considering the probabilities of death for happy and sad penguins.
3. Compare the weighted probabilities of penguin death for stairs and elevator to determine which has a lower probability of death.

**Yes or No Answer:** Yes."
564,yes,"Step-by-step reasoning:
1. Method 1 analyzes the captain-prisoner correlation case by case.
2. Method 2 looks at the general correlation between the captain and prisoner.
3. Method 1 provides detailed insights into individual cases, which can be crucial for understanding specific influences.
4. Method 2 offers a broader perspective, focusing on overall trends.
5. For understanding the captain's effect on the prisoner, detailed insights are more valuable.

Yes or no answer: Yes."
565,yes,"Step-by-Step Reasoning**:
- Identify given probabilities.
- Calculate the probability of a nonsmoking mother.
- Calculate the conditional probability of normal birth weight given the mother smokes and does not smoke.
- Compare these conditional probabilities to determine if normal birth weight is more likely with smoking mothers.

3. **Yes or No Answer**: No."
566,yes,"Step-by-step reasoning:**
1. Method 1 considers the impact of unobserved confounders on the relationship between education and salary.
2. Method 2 does not account for these confounders, potentially leading to an oversimplified or inaccurate representation of the relationship.
3. The presence of confounders like socioeconomic status and individual abilities complicates the relationship, making Method 1 more appropriate for accurate analysis.

**Yes or no answer:** Yes"
567,yes,"Step-by-Step Reasoning**:
- Identify given probabilities: P(Blow out candle) = 43%, P(Not blow out candle and dark room) = 22%, P(Blow out candle and dark room) = 31%.
- Calculate the conditional probability of a dark room given the candle is blown out: P(Dark room | Blow out candle) = P(Blow out candle and dark room) / P(Blow out candle).
- Compare this conditional probability to the overall probability of a dark room to assess if the chance of a dark room is larger when the candle is blown out.

3. **Yes or No Answer**: 
To calculate the conditional probability: P(Dark room | Blow out candle) = 31% / 43% ≈ 0.72 or 72%. This is the probability of a dark room given that the candle is blown out. Since this conditional probability (72%) is greater than the overall probability of a dark room (which can be considered as the probability of a dark room without any condition, but here we directly compare the conditional probability to assess the increase in likelihood), the answer to whether the chance of a dark room is larger when observing blowing out the candle is yes. 

Yes."
568,yes,"Step-by-step reasoning:
1. Identify given probabilities: 33% for clean water, 53% for polluted water and cholera, 14% for clean water and cholera.
2. Calculate probability of cholera given clean water: 14% / 33%.
3. Calculate probability of polluted water: 100% - 33% = 67%.
4. Calculate probability of cholera given polluted water: 53% / 67%.
5. Compare the calculated probabilities to determine if cholera contraction is more likely with clean water.

Yes or no answer: No."
569,yes,"Step-by-Step Reasoning:**
1. Analyze the given probabilities for a child's intelligence based on parents' intelligence and social status.
2. Consider the effect of the confounder on parental social status.
3. Determine if the confounder directly affects the relationship between parents' and child's intelligence.
4. Conclude based on the direct probabilities of child intelligence given parents' intelligence.

**Yes or No Answer:** Yes"
570,yes,"Step-by-step reasoning:
1. Calculate the overall probability of penguin death for taking the stairs by combining the probabilities of penguin happiness and sadness with their respective death probabilities.
2. Calculate the overall probability of penguin death for taking the elevator in the same manner.
3. Compare the two overall probabilities to determine which mode of transportation has a lower probability of penguin death.

Yes or no answer: No"
571,yes,"Step-by-step reasoning:
1. Identify the relevant probabilities for normal weight and obese individuals without diabetes.
2. Compare these probabilities to assess the impact of obesity on lifespan when disregarding the effect of diabetes.
3. Recognize that lower probabilities for obese individuals indicate a negative association between obesity and long lifespan, even when not considering diabetes.

Yes or no answer: No"
572,yes,"Step-by-step reasoning:
1. Understand the correlation coefficient value (-0.09) and its implications (weak negative relationship).
2. Consider what a strong positive or negative correlation would imply about the relationship between attractive appearance and talent.
3. Recognize that a weak correlation suggests a minimal relationship but does not necessarily mean no relationship exists.

Yes or no answer: No"
573,yes,"Step-by-step reasoning:
1. Calculate the probability of penguin happiness and sadness for each mode of transportation.
2. Calculate the weighted probability of penguin death for those taking the stairs using the probabilities of penguin happiness and sadness and their respective death probabilities.
3. Calculate the weighted probability of penguin death for those taking the elevator using the same method as step 2.
4. Compare the weighted probabilities of penguin death for both modes of transportation to determine which has a lower probability of penguin death.

Yes or no answer: No."
574,yes,"Step-by-step reasoning:
1. Identify the probabilities of cholera contraction and clean water for both local and global water companies.
2. Consider the expected relationship if clean water were to increase cholera contraction risk.
3. Analyze the given data to see if it supports the hypothesis that clean water increases cholera contraction risk.
4. Recognize the established understanding that clean water reduces cholera risk and compare it with the given scenario.

Yes or no answer: No."
575,yes,"Step-by-step reasoning:**
1. Calculate the probability of being female: 100% - 58% = 42%.
2. Calculate the contribution of males to the overall probability of high salary: 0.62 * 0.58.
3. Calculate the contribution of females to the overall probability of high salary: 0.22 * 0.42.
4. Add the contributions of males and females to get the overall probability of high salary.
5. Compare the overall probability of high salary to 50% to determine if high salary is more likely than low salary.

**Yes or no answer:** No."
576,yes,"Step-by-Step Reasoning**:
   - Identify the given probabilities: 72% for the alarm ringing when the husband doesn't set it, and 17% when he does.
   - Compare these probabilities to understand the relationship between the husband's action (setting the alarm) and the outcome (alarm ringing).
   - Recognize that a higher probability (72%) is associated with the husband not setting the alarm, and a lower probability (17%) with him setting it.
   - Conclude that, based on the given probabilities, the alarm is less likely to ring when the husband sets it compared to when he doesn't.

3. **Yes or No Answer**: No"
577,yes,"Step-by-step reasoning:
1. Calculate the probability of non-male gender.
2. Recognize that to compare the chance of admission acceptance, we need conditional probabilities.
3. Calculate the conditional probability of admission acceptance given male gender (P(A|M)) and non-male gender (P(A|NM)).
4. Compare P(A|M) and P(A|NM) to determine if the chance of admission acceptance is larger when observing male gender.

Yes or no answer: Yes"
578,yes,"Step-by-step reasoning:
1. Calculate the weighted probability of admission for non-male individuals in competitive and non-competitive departments.
2. Calculate the weighted probability of admission for male individuals in competitive and non-competitive departments.
3. Compare the overall probabilities of admission for non-male and male individuals to determine if gender negatively affects admission status.

Given that the overall probability of admission for individuals who are male (62.8%) is higher than for individuals who are not male (47.607%), disregarding the mediation effect through department competitiveness, it appears that gender does negatively affect admission status for those who are not male.

Yes or no answer: Yes."
579,yes,"Step-by-step reasoning:
1. Calculate the probability of mean personalities: 100% - 58% = 42%.
2. Calculate the probability of attractive appearance for kind personalities: 58% * 40% = 23.2%.
3. Calculate the probability of attractive appearance for mean personalities: 42% * 40% = 16.8%.
4. Calculate the overall probability of attractive appearance: 23.2% + 16.8% = 40%.
5. Determine the probability of unattractive appearance: 100% - 40% = 60%.
6. Compare the probabilities to conclude that unattractive appearance is more likely.

Yes or no answer: No."
580,yes,"Step-by-Step Reasoning**:
   - Identify probabilities of intelligent child based on parents' intelligence and social status.
   - Recognize the influence of social status on these probabilities.
   - Attempt to isolate the effect of parents' intelligence by comparing across social status levels.
   - Consider the implications of the given probabilities on the potential positive effect of parents' intelligence on child's intelligence.

3. **Yes or No Answer**: No."
581,yes,"Step-by-step reasoning:
1. **Understanding the Methods**: Method 1 considers case-by-case analysis with unobserved confounders, while Method 2 looks at the general correlation without these considerations.
2. **Evaluating Method 1**: It provides a nuanced view by controlling for other influencing factors, potentially offering a more accurate representation of the education-salary relationship.
3. **Evaluating Method 2**: It simplifies the relationship but may not accurately represent the impact of education due to unaccounted confounders.
4. **Considering the Opposite**: Assuming Method 2 is sufficient implies education is the sole determinant of salary, which is an oversimplification.
5. **Conclusion**: Method 1 is more correct because it accounts for confounding variables, providing a more accurate analysis of how education affects salary.

Yes or no answer: Yes."
582,yes,"step by step. The question asks whether maternal smoking status negatively affects infant mortality through infant's birth weight. 

1. **Full Response**: Looking at the probabilities provided, we can see that for both nonsmoking and smoking mothers, the probability of high infant mortality varies with the infant's birth weight. However, to determine if maternal smoking negatively affects infant mortality through birth weight, we need to consider how smoking influences birth weight and then how birth weight influences mortality. For nonsmoking mothers, normal birth weight infants have a higher probability of high infant mortality (89%) compared to those with low birth weight (61%). This seems counterintuitive but might be due to other factors not considered here. For smoking mothers, infants with normal birth weight have a lower probability of high infant mortality (59%) compared to nonsmoking mothers with normal birth weight infants, but higher than smoking mothers with low birth weight infants (24%). The probabilities of normal infant birth weight are also provided, showing that smoking mothers with poor health have a high probability (96%) of having infants with normal birth weight, which contradicts the general understanding that smoking is harmful. However, the overall probability of good health is low (13%), which might indicate that the population studied has significant health challenges.

Given these complexities, determining the direct impact of maternal smoking on infant mortality through birth weight requires considering the interplay between maternal health, smoking status, infant birth weight, and infant mortality. The data seems to suggest mixed effects and does not straightforwardly support the notion that maternal smoking status negatively affects infant mortality through infant's birth weight in a simple manner.

2. **Step-by-Step Reasoning**:
   - Analyze the effect of maternal smoking on infant birth weight.
   - Examine how infant birth weight affects infant mortality.
   - Consider the health status of the mother and its impact on both birth weight and mortality.
   - Evaluate the overall probabilities to determine if a negative effect exists.

3. **Yes or No Answer**: No"
583,yes,"Step-by-step reasoning:
1. Identify the given probabilities for the alarm ringing based on the husband's action (setting or not setting the alarm).
2. Compare these probabilities to determine the relationship between the husband setting the alarm and the likelihood of the alarm ringing.
3. Consider the implications of the opposite scenario to ensure understanding of the given probabilities.

Yes or no answer: Yes"
584,yes,"step-by-step reasoning involves:
   - Identifying the survival rates for both unvaccinated and vaccinated individuals.
   - Comparing these rates to determine if there's a difference.
   - Analyzing the direction of the difference to conclude whether vaccination has a positive effect on survival rates.

3. Yes."
585,yes,"Step-by-step reasoning:
1. Identify the probabilities of a child being intelligent based on parents' intelligence and social status.
2. Recognize that to assess the effect of parents' intelligence, we should ideally control for social status and other confounders.
3. Given the direct comparison without controlling for these factors (as instructed), observe the trend that children of unintelligent parents have a higher probability of being intelligent.
4. Conclude based on the trend observed from the given probabilities.

Yes or no answer: Yes."
586,yes,"Step-by-Step Reasoning**:
1. Identify the relevant probabilities for normal weight and obese individuals without diabetes.
2. Compare these probabilities to assess the direct relationship between obesity and lifespan without the mediation effect of diabetes.
3. Consider the potential influence of other factors (smoking, presence of diabetes) on this relationship.
4. Recognize the counterintuitive increase in lifespan probability with diabetes and the high prevalence of smoking.
5. Conclude based on the direct comparison of interest.

**Yes or No Answer**: No"
587,yes,"Step-by-Step Reasoning:
- Identify the probability of admission acceptance for males (68%).
- Identify the probability of admission acceptance for non-males (57%).
- Compare the probabilities to determine the effect of not being male on admission acceptance.
- Since 68% (male) is greater than 57% (non-male), not being male would likely decrease the probability of admission acceptance for an individual who is currently male.

3. Yes or no answer: Yes."
588,yes,"Step-by-step reasoning:
1. Calculate the probability of admission given non-male gender: 22% / 45%.
2. Calculate the probability of admission given male gender: 20% / 55%.
3. Compare these probabilities to determine if the chance of admission acceptance is smaller for male gender.

Given the actual numbers:
- Probability of admission given non-male gender = 22% / 45% ≈ 0.4889 or 48.89%.
- Probability of admission given male gender = 20% / 55% ≈ 0.3636 or 36.36%.

Since 36.36% (male) is less than 48.89% (non-male), the chance of admission acceptance is indeed smaller when observing male gender.

Yes or no answer: Yes."
589,yes,"Step-by-step reasoning:
1. Identify the goal: To understand how the husband affects the alarm clock.
2. Compare Method 1 (case-by-case analysis) and Method 2 (general correlation).
3. Recognize that Method 1 provides detailed, context-specific insights.
4. Acknowledge that Method 2 offers general trends but may lack specificity.
5. Determine that for nuanced understanding, considering variability is key.

Yes or no answer: Yes."
590,yes,"Step-by-Step Reasoning**:
   - Identify the need to understand the relationship between hospital costs and recovery.
   - Recognize the importance of individual factors like age in this relationship.
   - Evaluate Method 1 (case-by-case analysis considering age) versus Method 2 (general correlation without considering age).
   - Consider the potential for Method 2 to mask important variations related to age.
   - Conclude that a more detailed approach (Method 1) is necessary for an accurate understanding.

3. **Yes or No Answer**: Yes."
591,yes,"Step-by-step reasoning:
1. Calculate the probability of being a nonsmoker: 100% - 86% = 14%.
2. Calculate the weighted probability of college admission for smokers: 86% * 54% = 46.44%.
3. Calculate the weighted probability of college admission for nonsmokers: 14% * 63% = 8.82%.
4. Calculate the overall probability of college admission: 46.44% + 8.82% = 55.26%.
5. Compare the overall probability of college admission to the probability of college rejection to determine which is more likely.

Yes or no answer: No"
592,yes,"Step-by-Step Reasoning:
- The captain's order to execute leads to the prisoner's death.
- The order to execute triggers the corporal or private to shoot.
- If the captain orders to release instead, the trigger for the shooting is removed.
- Without the shooting, the prisoner would not die from this cause.

3. Yes or no answer: No"
593,yes,"Step-by-Step Reasoning**:
   - Identify the probabilities of increased price for both reduced and increased crop yield scenarios.
   - Compare these probabilities to understand the relationship between crop yield (and by extension, supply) and price.
   - Recognize that increased supply (more likely with increased crop yield) generally should decrease prices according to economic principles, but the given probabilities need to be examined for confirmation.
   - Note that the probability of increased price is higher for reduced crop yield (52%) than for increased crop yield (35%), suggesting that when supply is lower (reduced yield), prices are more likely to increase, and when supply is higher (increased yield), prices are less likely to increase.

3. **Yes or No Answer**: Yes"
594,yes,"Step-by-Step Reasoning:**
1. Identify given probabilities: 43% chance of manager signing, 16% chance of not signing and employee being fired, 28% chance of signing and employee being fired.
2. Calculate the probability of the employee being fired given the manager signs the letter: 28% / 43%.
3. Compare this to the overall probability of the employee being fired: 28% + 16% = 44%.
4. Determine if the conditional probability is higher than the overall probability of being fired.

**Yes or No Answer:** Yes"
595,yes,"Step-by-Step Reasoning:**
1. Compare the probabilities of healthy heart among different groups (medication use and blood pressure levels).
2. Analyze the effect of medication on blood pressure (reduction in high blood pressure probability).
3. Consider the potential direct and indirect effects of medication on heart health beyond blood pressure management.

**Yes or No Answer:** No"
596,yes,"Step-by-Step Reasoning:**
1. Compare infant mortality rates between smoking and nonsmoking mothers for both low and normal birth weights.
2. Consider the probabilities of normal birth weight among smoking and nonsmoking mothers with varying health statuses.
3. Assess the overall impact of maternal smoking on infant mortality, disregarding birth weight as a mediator.

**Yes or No Answer:** No."
597,yes,"Step-by-Step Reasoning**:
    - Calculate the probability of studying hard and not studying hard for both encouraged and not encouraged students.
    - Determine the overall probability of achieving a high exam score for each group by considering both scenarios (studying hard and not studying hard) and their respective probabilities.
    - Compare the overall probabilities of achieving a high exam score for encouraged versus not encouraged students to determine the effect of encouragement.

3. **Yes or No Answer**: No"
598,yes,"Step-by-Step Reasoning**:
- Calculate the probability of taking the stairs: 100% - 10% = 90%.
- Calculate the weighted probability of penguin death for stairs: 0.9 * 0.64 = 0.576 (57.6%).
- Calculate the weighted probability of penguin death for elevator: 0.1 * 0.25 = 0.025 (2.5%).
- Add the weighted probabilities to find the overall probability of penguin death: 57.6% + 2.5% = 60.1%.
- Compare the overall probability of penguin death (60.1%) to 50% to determine if penguin death is more likely.

3. **Yes or No Answer**: Yes."
599,yes,"Step-by-step reasoning:
1. Determine the probabilities of penguin happiness and sadness based on the mode of transportation.
2. Calculate the overall probability of penguin death for each mode of transportation by considering the probabilities of penguin death for happy and sad penguins.
3. Compare the overall probabilities of penguin death for each mode of transportation to determine the more negative effect.

Yes or no answer: Yes."
600,no,"step-by-step reasoning for this involves:
   - Understanding the given probabilities for nonsmokers (76%) and smokers (22%).
   - Recognizing the implication that being a nonsmoker is associated with a higher probability of college admission.
   - Considering the hypothetical scenario where a smoker becomes a nonsmoker and how this change might affect their probability of college admission based on the given data.
   - Inferring that if being a nonsmoker increases the likelihood of college admission, then a smoker becoming a nonsmoker would likely see an increase in their probability of college admission, not a decrease.

3. No"
601,yes,"Step-by-step reasoning:
1. Identify the probabilities of lung cancer for both groups.
2. Compare these probabilities to determine if there's a difference.
3. If the probability is higher in the smoking genes group, it indicates an increased risk associated with smoking genes.

Yes or no answer: Yes."
602,yes,"Step-by-Step Reasoning:**
1. Calculate the probability of the dry season: 100% - 98% = 2%.
2. Calculate the overall probability of wet ground in the rainy season: 98% * 38%.
3. Calculate the overall probability of wet ground in the dry season: 2% * 41%.
4. Add the probabilities of wet ground from both seasons to get the overall probability of wet ground.
5. Compare the overall probability of wet ground to 50% to determine if it's more likely than dry ground.

**Yes or No Answer:** No"
603,yes,"Step-by-step reasoning:
1. Calculate the probability of a healthy heart for individuals not taking medication by weighting the probabilities of low and high blood pressure groups.
2. Calculate the probability of a healthy heart for individuals taking medication by weighting the probabilities of low and high blood pressure groups.
3. Compare the two overall probabilities to determine the effect of medication on heart condition.

Yes or no answer: No."
604,yes,"step-by-step reasoning:
1. Calculate the probability of receiving and not receiving treatment.
2. Calculate the probability of recovery given treatment and no treatment.
3. Calculate the overall probability of recovery.
4. Compare the overall probability of recovery to the overall probability of non-recovery.

Yes or no answer: No."
605,yes,"Step-by-Step Reasoning**:
- Calculate the probability of lung cancer for nonsmokers by considering the scenarios of high and no tar deposits.
- Calculate the probability of lung cancer for smokers using the same approach.
- Compare the calculated probabilities to determine if smoking decreases the chance of lung cancer.

3. **Yes or No Answer**: No"
606,yes,"Step-by-Step Reasoning:**
1. Identify given probabilities: P(B) = 0.10, P(not B and D) = 0.75, P(B and D) = 0.05.
2. Calculate P(D) by adding probabilities of dark room scenarios: P(D) = P(B and D) + P(not B and D).
3. Calculate P(D|B) using the formula for conditional probability: P(D|B) = P(B and D) / P(B).
4. Compare P(D|B) and P(D) to determine if the chance of a dark room is larger when observing blowing out the candle.

**Yes or No Answer:** No."
607,yes,"Step-by-step reasoning:
1. Calculate the overall probability of the employee being fired: 60% (manager signs and employee fired) + 4% (manager does not sign and employee fired) = 64%.
2. Calculate the conditional probability of the employee being fired given the manager signs the letter: 60% / 86% ≈ 69.8%.
3. Compare the conditional probability (69.8%) to the overall probability of being fired (64%) to determine if the chance increases when the manager signs the letter.

Yes or no answer: Yes."
608,yes,"Step-by-Step Reasoning:**
1. High poverty can lead to inadequate water treatment and sanitation.
2. Polluted water increases the risk of waterborne diseases.
3. The combination of high poverty and polluted water in the person's region increases the risk of cholera contraction.
4. Given the person's circumstances (served by a local water company in a high-poverty region with polluted water), the risk factors for cholera contraction are present.

**Yes or No Answer:** Yes"
609,yes,"Step-by-Step Reasoning**:
- Compare infant mortality probabilities across maternal smoking statuses and birth weights.
- Examine the probabilities of normal birth weight in relation to maternal smoking and infant health.
- Determine if maternal smoking improves birth weight outcomes and reduces infant mortality.
- Conclude based on the analysis whether maternal smoking positively affects infant mortality through birth weight.

3. **Yes or No Answer**: No"
610,yes,"Step-by-Step Reasoning:
1. Identify the probability of high salary without a college degree: 45%.
2. Identify the probability of high salary with a college degree or higher: 61%.
3. Compare the two probabilities to determine if there is an increase in the chance of high salary with a college degree.
4. Recognize that an increase from 45% to 61% indicates a higher likelihood of achieving a high salary with a college degree or higher.

Yes or No Answer: Yes"
611,yes,"Step-by-Step Reasoning**:
   - Identify given probabilities: clean water (25%), polluted water and cholera (34%), clean water and cholera (23%).
   - Recognize the question is about comparative risk, not absolute probability.
   - Understand that to directly compare, we'd ideally calculate the probability of cholera given clean water and given polluted water, but the question hints at a comparison based on given data.
   - The probability of cholera given clean water seems high (23% out of 25% total clean water probability), suggesting a significant portion of clean water instances are associated with cholera.

3. **Yes or No Answer**: Yes"
612,yes,"Step-by-Step Reasoning:
1. Identify the probability of admission acceptance for males and non-males.
2. Compare these probabilities to determine if being male increases or decreases the chance of admission acceptance.
3. Recognize that a lower probability for males indicates a decrease in the chance of admission acceptance compared to non-males.

Yes or No Answer: Yes"
613,no,"Step-by-step reasoning:
1. Consider the direct approach of Method 1, which looks at the general correlation between encouragement and exam scores.
2. Recognize the potential limitations of Method 1, including the omission of influential factors like studying habits.
3. Examine Method 2, which analyzes the correlation on a case-by-case basis, considering individual studying habits.
4. Acknowledge that Method 2 provides a more detailed and potentially accurate picture of how encouragement affects exam scores by accounting for variability in studying habits.

Given the above considerations, Method 2 offers a more comprehensive understanding by controlling for the influence of studying habits, which can significantly impact the relationship between encouragement and exam performance.

The answer is: No."
614,yes,"Step-by-step reasoning:**
1. Observe the inverse relationship between crop yield and the probability of increased price.
2. Analyze the probabilities of increased supply for reduced and increased crop yield scenarios.
3. Apply the economic principle that increased supply tends to decrease prices.
4. Conclude that increased supply decreases the chance of increased price based on economic principles and observed relationships.

**Yes or no answer:** Yes"
615,yes,"Step-by-step reasoning:
1. Identify the goal: Understand how respiratory issues affect broken bones.
2. Compare Method 1 (general correlation) and Method 2 (case-by-case analysis according to hospitalization status).
3. Recognize that Method 2 provides more detailed insights by considering specific circumstances like hospitalization status.
4. Determine that a more detailed analysis (Method 2) is likely more beneficial for understanding complex relationships between health conditions.

Yes or no answer: No."
616,yes,"Step-by-step reasoning:
1. Understand the given probabilities: 52% overall chance of receiving treatment, 30% chance of no treatment and recovery, and 15% chance of treatment and recovery.
2. Calculate the implied probability of receiving no treatment: 100% - 52% = 48%.
3. Recognize that to compare recovery chances, we need the recovery rates within each group (treatment and no treatment), not just the overall probabilities given.
4. Since the probability of recovery with treatment (15%) is less than the probability of recovery without treatment (30%), it suggests that, based on the given numbers, the chance of recovery might seem larger without treatment when looking at these specific percentages.

Yes or no answer: No."
617,yes,"Step-by-step reasoning:
1. Understand the given probabilities for high and low hospital bills and their respective recovery rates.
2. Calculate the probability of a low hospital bill as the complement of the probability of a high hospital bill.
3. Compute the overall probability of recovery by considering both scenarios (low and high bills) and their respective probabilities of recovery.
4. Compare the calculated overall probability of recovery to 50% to determine if recovery is more or less likely than non-recovery.

Yes or no answer: No."
618,yes,"Step-by-Step Reasoning**:
- Identify recovery rates for small kidney stones with and without treatment.
- Identify recovery rates for large kidney stones with and without treatment.
- Consider the overall probability of large kidney stones.
- Compare recovery rates with and without treatment for both stone sizes.
- Determine if the majority scenario (large kidney stones) influences the overall likelihood of recovery with versus without treatment.

3. **Yes or No Answer**: Yes"
619,yes,"Step-by-Step Reasoning:**
1. Calculate the overall probability of the alarm ringing by adding the probabilities of all scenarios where the alarm rings.
2. Calculate the conditional probability of the alarm ringing given that the husband sets the alarm.
3. Compare the conditional probability to the overall probability of the alarm ringing to determine if setting the alarm by the husband increases or decreases the chance of it ringing.

**Yes or No Answer:** No"
620,no,"Step-by-Step Reasoning:**
1. Method 1 looks at the general correlation between maternal smoking and infant mortality.
2. Method 2 examines this correlation based on the infant's birth weight, which is a significant factor in infant mortality.
3. Considering the opposite scenario highlights the importance of controlling for birth weight to understand the true impact of maternal smoking on infant mortality.
4. Method 2 provides a more nuanced understanding by accounting for the effect of birth weight.

**Answer: No**"
621,yes,"Step-by-Step Reasoning:**
1. Calculate the probability of patients not taking any drugs: 100% - 48% = 52%.
2. Calculate the probability of low cholesterol in patients not taking drugs: 89% of 52%.
3. Calculate the probability of low cholesterol in patients taking all drugs: 64% of 48%.
4. Add the probabilities of low cholesterol in both groups to find the overall probability of low cholesterol.
5. Compare the overall probability of low cholesterol with the implied probability of high cholesterol (100% - overall probability of low cholesterol).

**Yes or No Answer:** No"
622,yes,"Step-by-Step Reasoning**:
- Identify the probability of college degree or higher: 42%.
- Identify the probability of both college degree or higher and high salary: 22%.
- Compare the proportion of individuals with a college degree or higher who have a high salary (22% out of 42%) to infer the relationship between education level and salary.
- Consider the opposite scenario to understand the implications of a smaller chance of high salary with a college degree or higher.

3. **Yes or No Answer**: No"
623,yes,"Step-by-step reasoning:**
1. Calculate the probability of having a nonsmoking gene: 100% - 88% = 12%.
2. Calculate the overall probability of lung cancer by considering both groups (smoking and nonsmoking genes) and their respective probabilities of lung cancer.
3. Add the contributions from both groups to find the overall probability of lung cancer.
4. Compare the overall probability of lung cancer to 50% to determine if lung cancer is less likely than its absence.

**Yes or no answer:** Yes"
624,yes,"Step-by-step reasoning:
   - Identify the probability of high salary for males: 33%.
   - Identify the probability of high salary for non-males: 25%.
   - Compare the probabilities: 33% (males) > 25% (non-males).
   - Determine the outcome if a male were not male: They would have a 25% chance of high salary.
   - Conclusion: Being not male results in a lower probability of high salary compared to being male.

3. Yes."
625,yes,"Step-by-Step Reasoning**:
   - Identify the relevant groups: hospitalized individuals with and without respiratory issues.
   - Compare the probability of broken bones in each group: 72% for those without respiratory issues and 76% for those with respiratory issues.
   - Determine if having respiratory issues increases the probability of broken bones by comparing the two percentages.

3. **Yes or No Answer**: Yes"
626,yes,"Step-by-step reasoning:
1. Method 1 analyzes gender and salary correlations within specific occupations.
2. Method 2 looks at the general correlation between gender and salary across all occupations.
3. Occupation-specific factors significantly influence salary and gender disparities.
4. Method 1 accounts for these nuances, while Method 2 does not.
5. Therefore, Method 1 is more appropriate for understanding the impact of gender on salary.

Yes."
627,yes,"Step-by-step reasoning:
1. Identify the given probabilities: 27% for no treatment and recovery, 18% for treatment and recovery.
2. Recognize that these percentages are parts of the whole and directly compare the recovery rates under the conditions of receiving treatment versus not receiving treatment.
3. Since the probability of recovery without treatment (27%) is higher than with treatment (18%), it suggests that, based on the given data, the chance of recovery appears smaller when observing receiving treatment.

Yes or no answer: Yes"
628,yes,"Step-by-step reasoning:
1. Calculate the probability of recovery given a high hospital bill: 36% / 51% ≈ 70.6%.
2. Consider the overall probability of recovery: 52% (16% + 36%).
3. Since the question asks if the chance of recovery is smaller when observing a high hospital bill, compare the calculated probability of recovery given a high hospital bill to the overall context.

Yes or no answer: No."
629,yes,"Step-by-Step Reasoning**:
    - The probabilities given are conditional on both gender and occupation.
    - We are asked to disregard the mediation effect through occupation.
    - Without direct overall probabilities of high salary by gender, we must interpret the given conditional probabilities.
    - For non-male individuals, the probability of high salary is higher in blue-collar jobs (70%) than in white-collar jobs (48%).
    - For male individuals, the probability of high salary is higher in blue-collar jobs (44%) than in white-collar jobs (17%).
    - However, to assess the impact of gender, we need a comparison that isolates gender as the variable, which the given data does not directly allow without additional context on the distribution of occupations among genders.

3. **Yes or No Answer**: No"
630,yes,"Step-by-step reasoning:
1. Identify given probabilities: College degree or higher = 36%, High school or lower and high salary = 43%, College degree or higher and high salary = 10%.
2. Recognize the need for conditional probability to directly compare chances of high salary based on education level.
3. Infer from given data that the chance of high salary seems lower for those with college degrees or higher compared to those with high school or lower, based on the provided probabilities.

Yes or no answer: No."
631,yes,"Step-by-Step Reasoning:**
1. Identify the probability of recovery without treatment: 21%.
2. Identify the probability of recovery with treatment: 38%.
3. Compare the two probabilities to determine if recovery is more likely with treatment.

**Yes or No Answer:** Yes"
632,yes,"Step-by-Step Reasoning**:
    - Identify given probabilities: 2% vaccinated, 28% not vaccinated and survive smallpox, 1% vaccinated and survive smallpox.
    - Calculate the probability of not being vaccinated: 100% - 2% = 98%.
    - Calculate the probability of survival among the non-vaccinated: 28% / 98%.
    - Calculate the probability of survival among the vaccinated: 1% / 2%.
    - Compare the calculated probabilities to determine if survival is smaller when observing vaccination.

3. **Yes or No Answer**: No."
633,yes,"Step-by-step reasoning:
1. Method 1 analyzes medication effects on heart condition case by case, considering blood pressure.
2. Method 2 analyzes the general correlation without considering specific physiological factors like blood pressure.
3. For a detailed understanding of medication effects, considering individual variability (like blood pressure) is important.
4. Therefore, Method 1 provides a more detailed and potentially more accurate understanding of how medication affects heart condition.

Yes."
634,yes,"Step-by-step reasoning:
1. Calculate the probability of the husband not setting the alarm: 100% - 77% = 23%.
2. Calculate the probability of the alarm ringing in both scenarios (set and not set).
3. Add the probabilities of the alarm ringing in both scenarios to find the overall probability of the alarm ringing.
4. Compare the overall probability of the alarm ringing to the probability of the alarm not ringing.

Yes or no answer: No."
635,yes,"Step-by-Step Reasoning**:
- Identify acceptance rates by gender and department type.
- Consider the effect of gender within each department type.
- Recognize the need to integrate probabilities across department types and residency status to assess overall gender effect.
- Note that direct calculation of overall effect from given data is complex due to missing direct links between gender, residency, and admission acceptance rates outside of department competitiveness.

3. **Yes or No Answer**: No"
636,yes,"Step-by-step reasoning:
1. Identify the probability of taking medication and not taking medication.
2. Recognize that the probability of a healthy heart is the same for both groups.
3. Infer that the overall likelihood of a healthy heart versus heart problems does not directly depend on medication use.
4. Compare the probability of a healthy heart (37%) to the implied probability of heart problems (63%).
5. Conclude that since 63% is greater than 37%, heart problems are more likely than a healthy heart overall.

Yes or no answer: Yes."
637,yes,"Step-by-Step Reasoning:**
1. Identify the probabilities of admission acceptance by gender and department type.
2. Consider the impact of residency on department type for each gender.
3. Assess the overall probability of admission for each gender, disregarding department competitiveness.
4. Compare the probabilities to determine if gender has a negative effect on admission status.

**Yes or No Answer:** No"
638,yes,"Step-by-Step Reasoning:**
1. Identify the given probabilities: 45% overall male gender, 45% non-male gender and admission acceptance, 34% male gender and admission acceptance.
2. Understand the context of each probability: The probability of admission acceptance is given separately for males and non-males.
3. Compare the probabilities of admission acceptance for males and non-males: 34% for males vs. 45% for non-males.
4. Conclude based on the comparison that the chance of admission acceptance is smaller for males.

**Yes or No Answer:** Yes."
639,yes,"Step-by-step reasoning:
   - Identify the given probabilities: 77% for not setting the alarm and 25% for setting the alarm.
   - Understand the question is about comparing the likelihood of the alarm ringing between two scenarios.
   - Recognize that we are considering the perspective of husbands who do set the alarm but are being asked to compare this to the scenario where they don't.
   - Compare the probabilities to determine which scenario has a higher likelihood of the alarm ringing.

3. Yes"
640,no,"step-by-step reasoning involves:
   - Understanding the given probabilities for each action: 27% chance of death upon release and 63% upon execution.
   - Comparing these probabilities to determine which action leads to a higher likelihood of death.
   - Considering the hypothetical scenario where the action is changed from execution to release and determining if this change increases or decreases the likelihood of the prisoner's death based on the given probabilities.

3. No."
641,yes,"Step-by-step reasoning:
   - Identify the given probabilities of lung cancer for smokers and nonsmokers.
   - Compare these probabilities to determine if there's a correlation between smoking and lung cancer incidence.
   - Consider the opposite scenario: if smoking had no negative effect or a positive effect on lung cancer.
   - Analyze how the actual probabilities (smokers having a higher risk) support the notion that smoking negatively affects lung health.

3. Yes."
642,yes,"Step-by-step reasoning:
1. **Understanding the goal**: The aim is to understand how treatment affects recovery from kidney stones.
2. **Considering variables**: Recognizing that kidney stone size is a significant variable that can affect both treatment choice and recovery.
3. **Evaluating methods**: Method 1 provides a general overview, while Method 2 offers a detailed analysis considering stone size.
4. **Conclusion**: Method 2 is more appropriate for understanding the nuanced effects of treatment on recovery because it accounts for the critical variable of stone size.

Yes or no answer: No."
643,yes,"Step-by-Step Reasoning**:
- Calculate the weighted average of college admission probabilities for nonsmokers and smokers.
- Consider the probabilities of being hard-working or lazy for each group.
- Compare the overall probabilities to determine the effect of smoking.

3. **Yes or No Answer**: 
No"
644,yes,"Step-by-Step Reasoning:
1. Identify the probability of lung cancer for nonsmokers: 40%.
2. Identify the probability of lung cancer for smokers: 52%.
3. Compare the probabilities to determine the effect of smoking on lung cancer risk.
4. Consider the hypothetical scenario of a smoker being a nonsmoker and how it affects their lung cancer risk.
5. Conclude that if a smoker had been a nonsmoker, their lung cancer risk would be lower (40% instead of 52%).

Yes or No Answer: No"
645,yes,"Step-by-Step Reasoning**:
   - The correlation coefficient is -0.07, which is close to 0.
   - A correlation close to 0 indicates a very weak relationship between the variables.
   - Considering the opposite (a strong correlation) highlights the weakness of the actual relationship.
   - The weak correlation suggests that kindness does not significantly affect attractive appearance.

3. **Yes or No Answer**: No"
646,yes,"Step-by-step reasoning:**
1. Calculate the probability of waking up on time: 100% - 5% = 95%.
2. Calculate the probability of arriving on time when waking up on time and when waking up late.
3. Calculate the overall probability of arriving on time by adding the probabilities of the two scenarios.
4. Compare the overall probability of arriving on time with 50% to determine if it's more or less likely than arriving late.

**Yes or no answer:** No"
647,yes,"Step-by-step reasoning:
   - Identify the probability of admission for males: 64%.
   - Identify the probability of admission for non-males: 67%.
   - Compare the two probabilities to determine if being male or not affects the likelihood of admission acceptance.
   - Since 67% (non-male) is greater than 64% (male), being male results in a lower probability of admission acceptance compared to not being male.

3. Yes."
648,yes,"Step-by-step reasoning:
1. Calculate the probability of nonsmoking: 100% - 8% = 92%.
2. Calculate the probability of college admission given nonsmoking: 40% / 92% ≈ 43.48%.
3. Calculate the probability of college admission given smoking: 5% / 8% = 62.5%.
4. Compare the conditional probabilities to determine the relationship between smoking and college admission chances.

Yes or no answer: No."
649,yes,"Step-by-step reasoning:
1. **Understand Given Probabilities**: Clarify the given probabilities and their implications.
2. **Identify Missing Information**: Recognize that the direct comparison requires conditional probabilities (probability of lung cancer given smoking and given nonsmoking).
3. **Assess Implications**: Consider that if the probability of smoking and lung cancer (7%) is higher than what would be expected if smoking had no effect on lung cancer rates, then smoking could be associated with an increased risk.
4. **Consider Opposite Perspective**: If the opposite were true (smoking does not increase the risk of lung cancer), we would expect the probability of lung cancer in smokers to be similar to or lower than in nonsmokers, which does not seem to align with typical medical understanding.

Yes or no answer: Yes"
650,yes,"Step-by-step reasoning:
1. Understand the given correlation (-0.08) and its implications (very weak negative relationship).
2. Consider the opposite scenario (a strong positive correlation) to understand the potential impact of attractive appearance on talent.
3. Recognize that correlation does not imply causation and other factors might influence the relationship.

Yes or no answer: No."
651,yes,"Step-by-step reasoning:
1. Calculate the probability of lung cancer among smokers: 99% * 57% = 56.43%.
2. Calculate the probability of lung cancer among nonsmokers: 1% * 27% = 0.27%.
3. Sum the probabilities to find the overall probability of lung cancer: 56.43% + 0.27% = 56.7%.
4. Compare the overall probability of lung cancer to 50% to determine if lung cancer or its absence is more likely.

Yes or no answer: No."
652,yes,"Step-by-Step Reasoning:
1. Identify the given probabilities: 46% for non-male individuals and 67% for male individuals.
2. Understand the question is asking about changing the gender status of a male individual to not male and its effect on admission probability.
3. Compare the probabilities: 46% (not male) is less than 67% (male).
4. Determine if switching from male to not male would increase the probability of admission acceptance.

Yes or No Answer: No"
653,yes,"Step-by-Step Reasoning:**
1. Identify the goal: Understand how eating citrus affects scurvy.
2. Consider Method 1: Analyzes the correlation on a case-by-case basis, focusing on vitamin C's role.
3. Consider Method 2: Examines the general correlation between citrus consumption and scurvy.
4. Evaluate the precision and relevance of each method to the goal.
5. Choose the method that directly addresses the known causal link between vitamin C and scurvy.

**Yes or No Answer:** Yes"
654,no,"Step-by-step reasoning:
1. Calculate the probability of being a nonsmoker: 100% - 5% = 95%.
2. Calculate the probability of lung cancer among smokers: 5% * 83% = 4.15%.
3. Calculate the probability of lung cancer among nonsmokers: 95% * 41% = 38.95%.
4. Calculate the overall probability of lung cancer: 4.15% + 38.95% = 43.1%.
5. Compare the overall probability of lung cancer (43.1%) to the probability of not having lung cancer (56.9%).

Answer: No."
655,yes,"step by step.

First, the correlation between talent and being hard-working among students accepted to elite institutions is given as -0.07. Correlation coefficients range from -1 to 1, where -1 indicates a perfect negative correlation, 0 indicates no correlation, and 1 indicates a perfect positive correlation. A correlation of -0.07 is very close to 0, suggesting a negligible or very weak negative correlation between talent and being hard-working among these students.

Considering the context of elite institutions, it's reasonable to assume that all students accepted have demonstrated a high level of both talent and hard work to achieve such a prestigious acceptance. The weak negative correlation could suggest that within this specific population, there might be a slight tendency for those who are more talented to rely less on hard work or vice versa, but this effect is very small.

However, the question of whether talent affects being hard-working is more about causation than correlation. Correlation does not imply causation. The presence of a correlation (even a weak one) does not necessarily mean that one factor causes the other. There could be other factors at play that influence both talent and hard work, such as environment, access to resources, personal motivation, or even the perception of what constitutes ""hard work"" versus ""talent.""

Given the weak correlation and considering the complexities of measuring and defining ""talent"" and ""hard work,"" it's challenging to conclude definitively that talent directly affects being hard-working based solely on the information provided.

**Step-by-Step Reasoning:**
1. Understand the given correlation coefficient (-0.07) and its implications.
2. Recognize the context of students accepted to elite institutions, where both talent and hard work are likely prevalent.
3. Distinguish between correlation and causation, noting that a weak correlation does not imply a causal relationship.
4. Consider potential confounding factors that could influence both talent and hard work.

**Yes or No Answer:** No"
656,yes,"Step-by-step reasoning:
1. Calculate the probability of unintelligent parents: 100% - 14% = 86%.
2. Calculate the probability of an intelligent child from intelligent parents: 14% * 35% = 4.9%.
3. Calculate the probability of an intelligent child from unintelligent parents: 86% * 52% = 44.72%.
4. Add the probabilities of intelligent children from both scenarios to get the overall probability: 4.9% + 44.72% = 49.62%.
5. Determine if this overall probability is greater than 50%, indicating intelligent children are more likely.

Yes or no answer: Yes."
657,yes,"Step-by-Step Reasoning**:
   - **Step 1**: Identify the purpose of the analysis (general trends vs. nuanced, gender-specific insights).
   - **Step 2**: Consider the benefits of a broad, population-level analysis (Method 1) for general risk assessment.
   - **Step 3**: Recognize the value of gender-disaggregated data (Method 2) for understanding specific risk factors and tailoring interventions.
   - **Step 4**: Determine that both methods are complementary rather than mutually exclusive, with Method 2 offering a more detailed perspective that can enhance the general findings of Method 1.

3. **Yes or No Answer**: No"
658,yes,"Step-by-Step Reasoning**:
- Calculate the probability of lung cancer for nonsmokers: (Probability of high tar deposit * Probability of lung cancer with high tar deposit) + (Probability of no tar deposit * Probability of lung cancer with no tar deposit).
- Calculate the probability of lung cancer for smokers using the same method.
- Compare the calculated probabilities to determine if smoking increases the chance of lung cancer.

3. **Yes or No Answer**: Yes."
659,yes,"Step-by-Step Reasoning:**
1. Calculate the probability of waking up on time: 100% - 5% = 95%.
2. Calculate the probability of arriving on time when waking up on time and when waking up late.
3. Calculate the overall probability of arriving on time by adding the probabilities of arriving on time in both scenarios.
4. Compare the overall probability of arriving on time with the probability of arriving late to determine which is less likely.

**Yes or No Answer:** No"
660,yes,"Step-by-Step Reasoning:
1. Understand the given probabilities: 38% chance of forest fire without lighting a match, and 80% with a match.
2. Compare the probabilities to determine the effect of lighting a match.
3. Consider the opposite scenario for perspective: If lighting a match were to decrease the chance of a forest fire, the probability with a match should be lower than without.

Yes or No Answer: No"
661,yes,"Step-by-Step Reasoning:**
1. Calculate the probability of having polluted water: 100% - 33% (probability of clean water) = 67%.
2. Determine the probability of cholera contraction and prevention for both scenarios.
3. Calculate the weighted average of cholera contraction for both clean and polluted water scenarios.
4. Sum the weighted averages to find the overall probability of cholera contraction.
5. Compare the overall probability of cholera contraction to 50% to determine if contraction is more likely than prevention.

**Yes or No Answer:** Yes"
662,no,"step-by-step reasoning is as follows:
   - Identify the probabilities of admission acceptance for males and non-males.
   - Compare these probabilities to determine the relationship between gender and admission acceptance chance.
   - Recognize that a higher probability indicates a greater chance of admission acceptance.
   - Conclude based on the comparison that being male, with a higher probability, does not decrease but rather increases the chance of admission acceptance.

3. No"
663,yes,"Step-by-Step Reasoning:**
1. Identify the goal: Understand how encouragement affects exam scores.
2. Evaluate Method 1: Looks at the general correlation between encouragement and exam scores.
3. Evaluate Method 2: Examines the correlation on a case-by-case basis, considering studying habits.
4. Consider the importance of controlling for variables like studying habits.
5. Determine that Method 2 provides a more nuanced and potentially accurate analysis.

**Yes or No Answer:** No"
664,yes,"Step-by-step reasoning:
1. Calculate the probability of a high exam score given encouragement using the formula for conditional probability.
2. Compare this conditional probability with the overall probability of a high exam score to determine if observing encouragement increases the chance of a high exam score.
3. Recognize that the calculation of the conditional probability of a high score given encouragement (approximately 45.05%) is slightly less than the overall probability of a high score (46%), but this comparison isn't directly answering the question about the increase in chance due to encouragement.

Yes or no answer: Yes"
665,yes,"step by step.

1. **Full Response**: The probability of having a high hospital bill is 38%, which includes both recovery and non-recovery cases. The probability of having a low hospital bill and recovering is 23%, and the probability of having a high hospital bill and recovering is also 23%. To determine if the chance of recovery is smaller when observing a high hospital bill, we need to calculate the probability of recovery given a high hospital bill and compare it with the overall probability of recovery.

Given:
- Probability of high hospital bill = 38%
- Probability of low hospital bill and recovery = 23%
- Probability of high hospital bill and recovery = 23%

The overall probability of recovery can be found by adding the probabilities of recovery in both the low and high hospital bill scenarios: 23% (low bill and recovery) + 23% (high bill and recovery) = 46%.

The probability of recovery given a high hospital bill can be calculated as the probability of high hospital bill and recovery divided by the probability of high hospital bill: (23% / 38%) * 100%.

2. **Step-by-Step Reasoning**:
   - Calculate the overall probability of recovery.
   - Calculate the probability of recovery given a high hospital bill.
   - Compare the probability of recovery given a high hospital bill with the overall probability of recovery to determine if recovery is less likely with a high hospital bill.

3. **Yes or No Answer**: No."
666,yes,"step-by-step reasoning:
1. Evaluate Method 1 for its general trend analysis.
2. Evaluate Method 2 for its detailed, skill-specific analysis.
3. Determine that Method 2 provides more nuanced insights into the education-salary correlation.

Yes or no answer: No."
667,yes,"Step-by-step reasoning:**
1. **Identify the goal**: Understand how respiratory issues affect broken bones.
2. **Consider Method 1**: General correlation between respiratory issues and broken bones.
3. **Consider Method 2**: Case-by-case analysis according to hospitalization status.
4. **Evaluate the depth of insight needed**: Detailed understanding of the impact of respiratory issues on broken bones, considering individual circumstances.
5. **Choose the method that best fits the goal**: Method 2 provides more detailed insights into the effect of respiratory issues on broken bones, especially when considering hospitalization status.

**Yes or no answer**: No."
668,yes,"step by step.

1. **Full Response**: The question presents us with two scenarios regarding the probability of a child being intelligent based on the intelligence of their parents. For children with unintelligent parents, there's a 58% probability that the child will be intelligent. In contrast, for children with intelligent parents, the probability of the child being intelligent drops to 33%. At first glance, this seems counterintuitive since one might expect that intelligent parents would have a higher likelihood of having intelligent children due to genetic and environmental factors. However, the data provided suggests the opposite. To understand whether intelligent parents decrease the chance of having an intelligent child, we need to compare these probabilities directly. The probability of an intelligent child is significantly higher (58%) when the parents are unintelligent compared to when they are intelligent (33%). This comparison implies that, based on the given data, having intelligent parents is associated with a lower probability of having an intelligent child.

2. **Step-by-Step Reasoning**:
    - Identify the probabilities given: 58% for unintelligent parents, 33% for intelligent parents.
    - Compare these probabilities to determine the relationship between parental intelligence and the likelihood of having an intelligent child.
    - Recognize that a higher percentage indicates a greater likelihood of the outcome (in this case, having an intelligent child).
    - Conclude that, according to the provided probabilities, intelligent parents are associated with a lower chance of having an intelligent child compared to unintelligent parents.

3. **Yes or No Answer**: Yes"
669,yes,"Step-by-Step Reasoning:**
1. Calculate the probability of not receiving treatment: 100% - 54% = 46%.
2. Calculate the probability of recovery without treatment: 46% * 62% = 28.52%.
3. Calculate the probability of recovery with treatment: 54% * 36% = 19.44%.
4. Calculate the overall probability of recovery: 28.52% + 19.44% = 47.96%.
5. Calculate the overall probability of non-recovery: 100% - 47.96% = 52.04%.
6. Compare the probabilities to determine if recovery is less likely than non-recovery.

**Yes or No Answer:** Yes."
670,yes,"Step-by-Step Reasoning:**
1. Analyze given probabilities for infant mortality based on maternal smoking status and infant birth weight.
2. Compare probabilities of high infant mortality between smoking and nonsmoking mothers for both low and normal birth weights.
3. Consider the distribution of normal birth weight among smoking and nonsmoking mothers and the overall probability of good health.
4. Recognize the need to calculate weighted averages of mortality rates based on birth weight distributions for a precise answer.
5. Interpret the direct comparison of probabilities as suggesting a potential association, while noting the counterintuitive nature of this interpretation.

**Yes or No Answer:** Yes"
671,yes,"Step-by-Step Reasoning**:
   - Method 1 analyzes the correlation between maternal smoking and infant mortality by birth weight.
   - Method 2 looks at the general correlation without considering birth weight.
   - Birth weight is a known risk factor for infant mortality.
   - Ignoring birth weight (as in Method 2) could oversimplify the relationship between maternal smoking and infant mortality.
   - Therefore, considering birth weight (Method 1) provides a more nuanced understanding.

3. **Yes or No Answer**: Yes"
672,yes,"Step-by-Step Reasoning:**
1. High skill level contributes to having a white-collar job.
2. White-collar job, high skill level, or being male can lead to a high salary.
3. Given the person has a high skill level, they are likely in a white-collar job.
4. The high skill level and white-collar job (as a result of the high skill level) are primary factors for a high salary, not the gender.

**Yes or No Answer:** No"
673,yes,"Step-by-step reasoning:
1. Identify the overall probability of respiratory issues: 89%.
2. Recognize the probability of broken bones is consistent (85%) for both those with and without respiratory issues.
3. Understand that a probability greater than 50% means an event is more likely to happen than not.
4. Since 85% is greater than 50%, broken bones are more likely than no broken bones.

Yes."
674,yes,"Step-by-Step Reasoning:**
1. Identify given probabilities: Manager signs = 19%, Manager does not sign and employee is fired = 21%, Manager signs and employee is fired = 12%.
2. Calculate overall probability of employee being fired: 21% (not signed and fired) + 12% (signed and fired) = 33%.
3. Calculate conditional probability of employee being fired given manager signs: (12% / 19%) ≈ 63.16%.
4. Compare conditional probability to overall probability of being fired to determine if signing increases the chance of being fired.

**Yes or No Answer:** Yes"
675,yes,"step-by-step reasoning:
1. Compare the probability of high salary for males and non-males.
2. Identify which group has a higher probability.
3. Determine if being male increases or decreases the chance of high salary based on the comparison.

Yes."
676,yes,"Step-by-Step Reasoning:**
1. Calculate the overall probability of tanned skin: 8% (without treatment) + 26% (with treatment) = 34%.
2. Calculate the probability of tanned skin given tanning salon treatment: 26%/88% ≈ 29.55%.
3. Compare the probabilities: 29.55% (tanned skin given treatment) < 34% (overall probability of tanned skin).

**Yes or No Answer:** Yes."
677,yes,"Step-by-Step Reasoning:**
1. Calculate the probability of recovery for patients with a high hospital bill considering age.
2. Calculate the probability of recovery if these patients had a low hospital bill, considering age.
3. Compare the two probabilities to determine the likelihood of recovery.

**Yes or No Answer:** No"
678,yes,"Step-by-Step Reasoning**:
- Identify the given probabilities for normal infant birth weight and smoking mothers in areas with low and high cigarette taxes.
- Recognize the apparent paradox where areas with higher smoking rates (high tax areas) have better birth weight outcomes.
- Consider potential confounding factors and the known negative effects of smoking on pregnancy outcomes.
- Acknowledge that population-level data may not directly indicate individual-level causal relationships.

3. **Yes or No Answer**: Yes."
679,yes,"Step-by-Step Reasoning:**
1. Calculate the probability of survival for vaccinated individuals: 0.77 * 0.62.
2. Calculate the probability of survival for unvaccinated individuals: 0.23 * 0.51.
3. Sum these probabilities to find the overall probability of survival.
4. Compare this overall probability to 50% to determine if survival is more or less likely than death.

**Yes or No Answer:** No"
680,yes,"Step-by-step reasoning:
   - The captain's decision to release a prisoner results in a 40% chance of the prisoner's death.
   - The captain's decision to execute a prisoner results in an 83% chance of the prisoner's death.
   - The question about the captain's negative effect through the corporal and the private is not directly addressed by the given probabilities.
   - Since the information about the corporal and the private is not provided, we must focus on the captain's actions and their direct outcomes.

3. Yes or no answer: No"
681,yes,"Step-by-Step Reasoning:**
1. Calculate the probability of low and high blood pressure for individuals not taking medication and those taking medication.
2. Determine the probability of a healthy heart for each blood pressure category within both medication groups.
3. Calculate the overall probability of a healthy heart for individuals not taking medication by combining the probabilities for low and high blood pressure groups.
4. Calculate the overall probability of a healthy heart for individuals taking medication by combining the probabilities for low and high blood pressure groups.
5. Compare the overall probabilities to determine the effect of medication on heart condition when disregarding blood pressure mediation.

**Yes or No Answer:** No."
682,yes,"Step-by-step reasoning:
1. Calculate the probability of scurvy for patients not consuming citrus: 6% * 68%.
2. Calculate the probability of scurvy for patients consuming citrus: 94% * 51%.
3. Sum these probabilities to find the overall probability of scurvy.
4. Compare this overall probability to 50% to determine if scurvy is less likely than no scurvy.

Yes or no answer: No."
683,yes,"Step-by-Step Reasoning:**
1. Consider the goal of understanding treatment effects on recovery.
2. Evaluate Method 1, which analyzes treatment and recovery correlations case by case according to gender.
3. Evaluate Method 2, which looks at these correlations in general, without considering gender.
4. Consider the implications of each method, including the potential for gender-specific treatment responses.
5. Determine that accounting for gender differences (Method 1) is more informative for tailored treatment plans.

**Yes or No Answer:** Yes"
684,yes,"step-by-step reasoning:
- Intelligent parents contribute to high parental social status and an intelligent child.
- An active confounder also contributes to high parental social status and, in conjunction with intelligent parents, to an intelligent child.
- Observing the confounder as active but changing the parents to unintelligent removes a crucial factor for the child's intelligence.
- Without intelligent parents, despite the active confounder, the pathway to the child being intelligent is compromised.

3. Yes."
685,yes,"Step-by-step reasoning:**
1. Consider the complexity of the issue, recognizing that salary is influenced by multiple factors including occupation.
2. Evaluate Method 1, which analyzes gender and salary correlation case by case according to occupation, allowing for a nuanced understanding of gender's impact within specific contexts.
3. Compare with Method 2, which looks at the general correlation without considering occupation, providing a broad but potentially misleading overview.
4. Reflect on the implications of assuming Method 2 is more correct, which would downplay the role of occupation in salary determination.
5. Conclude that Method 1 offers a more detailed and accurate understanding of how gender affects salary.

**Yes or no answer:** Yes"
686,yes,"Step-by-Step Reasoning:
- The person does not go to the beach, eliminating one source of UV exposure.
- Without tanning salon treatment, the second source of UV exposure for tanning is also eliminated.
- Assuming no other significant UV exposure, the lack of both primary sources of UV radiation means the person would not get tanned skin from these activities.

3. Yes or No Answer: No"
687,yes,"Step-by-Step Reasoning**:
   - Identify given probabilities: 
     - Probability of tanning salon treatment = 1%
     - Probability of no tanning salon treatment and tanned skin = 16%
     - Probability of tanning salon treatment and tanned skin = 1%
   - Calculate the probability of tanned skin given tanning salon treatment: Already given as 1%.
   - Recognize that to directly answer the question, we compare the conditional probability of tanned skin given tanning salon treatment to the probability of tanned skin without tanning salon treatment, considering the base rates.

3. **Yes or No Answer**: No."
688,yes,"Step-by-step reasoning:
1. Identify the given probabilities: 64% for nonsmoking genes and 77% for smoking genes.
2. Consider what the opposite scenario implies: Having a smoking gene decreases the chance of lung cancer.
3. Compare the probabilities: Smoking genes have a higher probability of lung cancer (77%) than nonsmoking genes (64%).
4. Conclusion: Having a smoking gene is associated with an increased, not decreased, risk of lung cancer.

Yes or no answer: No."
689,yes,"Step-by-Step Reasoning**:
1. Understand the given probabilities.
2. Identify the specific probabilities related to smoking mothers and normal infant birth weight, and nonsmoking mothers and normal infant birth weight.
3. Compare these probabilities to assess the relationship between a mother's smoking status and the likelihood of her infant having a normal birth weight.
4. Recognize that a direct comparison requires considering the conditional probabilities or the proportion of each group (smoking vs. nonsmoking mothers) with normal birth weight infants.

**Yes or No Answer**: No"
690,yes,"Step-by-Step Reasoning:
1. Identify the probability of high infant mortality for infants with nonsmoking mothers: 54%.
2. Identify the probability of high infant mortality for infants with smoking mothers: 58%.
3. Compare the two probabilities to determine if there is an increase in the chance of high infant mortality when the mother smokes.
4. Since 58% is greater than 54%, it indicates an increase in the probability of high infant mortality for infants with smoking mothers.

Yes or No Answer: Yes"
691,yes,"Step-by-step reasoning:
   - Compare the probabilities of long lifespan for normal weight and obese individuals.
   - Identify if there's a difference in the probabilities.
   - Determine the direction of the difference (whether it's an increase or a decrease for obese individuals compared to normal weight individuals).

3. Yes."
692,yes,"Step-by-Step Reasoning:**
1. Calculate the overall probability of having a high salary by adding the probabilities of high salary across different education levels.
2. Determine the probability of having a high salary given a college degree or higher by dividing the joint probability by the probability of having a college degree or higher.
3. Compare this conditional probability with the overall probability of having a high salary to assess the impact of having a college degree or higher on the chance of a high salary.

**Yes or No Answer:** No"
693,yes,"Step-by-Step Reasoning:
1. Identify the probabilities of admission acceptance for males and non-males.
2. Compare these probabilities to determine which group has a higher likelihood of admission acceptance.
3. Consider the implication of these probabilities for an individual who is male, in terms of how their likelihood of admission acceptance would change if they were not male.
4. Determine if the change from being male to not being male would increase the likelihood of admission acceptance based on the given probabilities.

Yes or No Answer: Yes"
694,yes,"Step-by-step reasoning:
1. Calculate the probability of being a nonsmoker: 100% - 86% = 14%.
2. Calculate the probability of a smoker having lung cancer: 0.86 * 0.53.
3. Calculate the probability of a nonsmoker having lung cancer: 0.14 * 0.37.
4. Sum these probabilities to find the overall probability of lung cancer: 0.4558 + 0.0518 = 0.5076.
5. Compare this probability to 50% to determine if lung cancer is more or less likely than its absence.

Yes or no answer: No."
695,no,"Step-by-step reasoning:
1. Calculate the probability of reduced supply: 100% - 53% = 47%.
2. Calculate the probability of increased price given reduced supply: 47% * 85% = 39.95%.
3. Calculate the probability of increased price given increased supply: 53% * 42% = 22.26%.
4. Sum the probabilities of increased price from both scenarios: 39.95% + 22.26% = 62.21%.
5. Compare the total probability of increased price (62.21%) to 50% to determine if it's more likely than reduced price.

Answer: No."
696,yes,"Step-by-Step Reasoning**:
    - Identify the probabilities of normal infant birth weight and smoking mothers in both low and high cigarette tax areas.
    - Recognize the apparent paradox where areas with more smoking mothers have higher rates of normal birth weight.
    - Consider potential confounding factors influenced by the high cigarette tax, such as public health initiatives or socioeconomic status.
    - Understand that the data provided does not directly address the question of whether smoking increases the chance of normal infant birth weight without considering these confounding factors.

3. **Yes or No Answer**: No"
697,no,"Step-by-Step Reasoning:**
1. **Understand Method 1**: It involves a general correlation analysis between maternal smoking and infant mortality.
2. **Understand Method 2**: It involves analyzing the correlation based on infant's birth weight, providing a more nuanced view.
3. **Compare the Methods**: Method 2 offers more detailed insights by accounting for birth weight, potentially leading to more targeted and effective interventions.
4. **Conclusion**: Method 2 is more appropriate for understanding the specific impacts of maternal smoking on infant mortality.

**Answer: No**"
698,yes,"Step-by-Step Reasoning**
1. Identify the causes of wet ground: rain and sprinkler on.
2. Determine the effect of rainy season: causes rain and sprinkler off.
3. Consider the opposite scenario: dry season, which likely means no rain.
4. Analyze the potential for the sprinkler to be on during dry season, which could still cause the ground to be wet.
5. Conclude based on the given information and the opposite scenario.

**Yes or No Answer**
Yes"
699,yes,"Step-by-step reasoning:
1. Identify the probabilities of lung cancer based on smoking status and tar deposit presence.
2. Note the influence of tar deposits on lung cancer probability, which seems counterintuitive (high tar deposits are associated with lower lung cancer risk in the given scenario).
3. Consider the overall probability of smoking and its impact on the population's lung cancer risk.
4. Analyze how the low probability of high tar deposits among smokers affects their lung cancer risk.

Given the information and focusing strictly on the question of whether smoking decreases the chance of lung cancer, we see that the provided probabilities do not directly support the conclusion that smoking decreases the chance of lung cancer based on the traditional understanding of these factors. However, the question's framing and the given probabilities suggest a nuanced scenario where the direct relationship between smoking and lung cancer risk is obscured by the tar deposit factor.

The answer to whether smoking decreases the chance of lung cancer, based on the unique probabilities given, is not straightforward due to the unusual relationship presented between tar deposits and lung cancer risk. However, if we interpret the question in the context of whether the act of smoking, as defined by the given probabilities, leads to a lower chance of lung cancer, we must consider the specific probabilities and their implications.

Yes or no answer: No."
700,yes,"Step-by-step reasoning:
1. Calculate the probability of not being talented: 100% - 82% = 18%.
2. Calculate the probability of being hard-working for both talented and not talented students.
3. Combine these probabilities to find the overall probability of being hard-working.
4. Calculate the probability of being lazy by subtracting the probability of being hard-working from 100%.
5. Compare the probabilities to determine if being hard-working is less likely than being lazy.

Yes or no answer: No."
701,yes,"Step-by-Step Reasoning**:
   - The probability of taking the elevator and penguin death is 0%.
   - This means that taking the elevator does not contribute to penguin death.
   - Observing someone taking the elevator gives us no information that would increase the chance of penguin death because the action of taking the elevator is not associated with penguin death.
   - Therefore, the chance of penguin death when observing taking the elevator is not larger; it's actually nonexistent based on the given probabilities.

3. **Yes or No Answer**: No"
702,yes,"Step-by-step reasoning:
1. Calculate the probability of being a nonsmoker: 100% - 12% = 88%.
2. Calculate the weighted probability of lung cancer for nonsmokers: 52% * 88%.
3. Calculate the weighted probability of lung cancer for smokers: 90% * 12%.
4. Add the weighted probabilities to find the overall probability of lung cancer.
5. Compare the overall probability of lung cancer to 50% to determine if lung cancer is more likely than its absence.

Yes or no answer: Yes."
703,yes,"Step-by-Step Reasoning:**
1. Living close to a college is associated with obtaining a college degree or higher.
2. Being confounder active, in combination with having a college degree or higher, leads to a high salary.
3. The person lives close to a college and is confounder active.
4. If the person has a college degree or higher, the conditions for achieving a high salary (as per the given relationships) are met.

**Yes or No Answer:** Yes"
704,no,"Step-by-step reasoning:
   - Identify the probability of long lifespan for normal weight people: 53%.
   - Identify the probability of long lifespan for obese people: 74%.
   - Compare the probabilities to determine the effect of obesity on the chance of a long lifespan.
   - Since 74% is greater than 53%, obesity appears to increase, rather than decrease, the chance of a long lifespan.

3. No."
705,yes,"Step-by-Step Reasoning**:
   - Education enhances skill set and knowledge.
   - Skills acquired through education are valuable in the job market.
   - There's a noticeable difference in the probability of high salary between those with and without a college degree.
   - This difference suggests education positively impacts salary through the acquisition of skills.

3. **Yes or No Answer**: Yes"
706,yes,"Step-by-Step Reasoning**:
- Identify the probabilities of the wife setting the alarm based on the husband's actions.
- Analyze how the husband's action affects the wife's decision to set the alarm.
- Evaluate the impact of both spouses' actions on the probability of the alarm ringing.
- Determine if the husband's influence on the wife to set the alarm increases the overall likelihood of the alarm ringing.

3. **Yes or No Answer**: No"
707,yes,"Step-by-step reasoning:
1. Identify the probabilities of scurvy with and without citrus consumption.
2. Compare these probabilities to determine the relationship between citrus intake and scurvy incidence.
3. Consider the opposite scenario to validate the observed relationship.
4. Conclude based on the comparison and the known effects of citrus (vitamin C) on scurvy.

Yes."
708,yes,"Step-by-Step Reasoning**:
   - Identify the probabilities of college admission for nonsmokers and smokers.
   - Compare these probabilities to determine which group has a higher chance of admission.
   - Consider the implications if the opposite were true (i.e., smoking increases the chance of college admission).
   - Conclude based on the comparison and the given data.

3. **Yes or No Answer**: No"
709,yes,"To approach this question, we first need to understand the given probabilities and how they relate to the question of whether a smoker would be less likely to see lung cancer if they had been a nonsmoker.

1. **Full Response**: 
The question essentially asks us to compare the likelihood of lung cancer in smokers versus nonsmokers, taking into account the presence of tar deposits. Given data shows that for smokers, the probability of lung cancer varies depending on the presence of tar deposits (42% with no tar deposit and 69% with high tar deposit). For nonsmokers, the probabilities are 34% with no tar deposit and 59% with high tar deposit. Additionally, we know the probabilities of having high tar deposits are different for smokers (78%) and nonsmokers (25%). 

However, to directly answer the question, we need to consider the overall probability of lung cancer for smokers versus nonsmokers, regardless of tar deposit status. This involves calculating the weighted average of lung cancer probabilities for each group based on the probability of having high tar deposits.

For nonsmokers: The probability of lung cancer = (Probability of no tar deposit * Probability of lung cancer with no tar deposit) + (Probability of high tar deposit * Probability of lung cancer with high tar deposit)
= (0.75 * 0.34) + (0.25 * 0.59)
= 0.255 + 0.1475
= 0.4025 or 40.25%

For smokers: The probability of lung cancer = (Probability of no tar deposit * Probability of lung cancer with no tar deposit) + (Probability of high tar deposit * Probability of lung cancer with high tar deposit)
= (0.22 * 0.42) + (0.78 * 0.69)
= 0.0924 + 0.5382
= 0.6306 or 63.06%

Given these calculations, it's clear that smokers have a higher overall probability of lung cancer than nonsmokers.

2. **Summary of Full Response**:
- Calculate the overall probability of lung cancer for nonsmokers and smokers by considering the probabilities of having high tar deposits and the associated lung cancer risks.
- Compare these overall probabilities to determine if lung cancer is less likely in nonsmokers.

3. **Yes or No Answer**: Yes"
710,no,"step-by-step reasoning can be broken down as follows:
   - Identify the given probabilities: 64% for nonsmokers and 80% for smokers.
   - Recognize that the question pertains to individuals who are smokers.
   - Understand that the question asks for a comparison between the smoker's current state and a hypothetical nonsmoking state regarding the likelihood of lung cancer.
   - Acknowledge that the smoker's risk (80%) is higher than the nonsmoker's risk (64%).
   - Conclude that considering the opposite scenario (being a nonsmoker) does not apply to the current situation of the individual being a smoker.

3. No"
711,yes,"Step-by-step reasoning:
1. Calculate the probability of survival for vaccinated individuals: 0.78 * 0.52
2. Calculate the probability of survival for unvaccinated individuals: 0.22 * 0.57
3. Add both probabilities to find the overall probability of smallpox survival
4. Compare the overall survival probability with 50% to determine if survival is less likely than death

Yes or no answer: Yes"
712,yes,"Step-by-Step Reasoning:**
1. Identify the probabilities of high exam scores for each group based on encouragement and studying habits.
2. Compare the probabilities within each encouragement group to assess the impact of studying hard.
3. Analyze the relationship between encouragement, studying habits, and exam scores.
4. Determine if encouragement negatively affects exam scores through the pathway of studying habits based on the given probabilities.

**Yes or No Answer:** Yes"
713,yes,"Step-by-Step Reasoning**
1. Identify the probability of college admission for nonsmokers: 53%.
2. Identify the probability of college admission for smokers: 27%.
3. Compare the two probabilities to determine the relationship between smoking and college admission chances.
4. Consider the opposite scenario (smoking increasing or having no effect on college admission chances) and evaluate if it aligns with the provided data.
5. Conclude based on the comparison and the opposite scenario consideration.

**Yes or No Answer**
Yes"
714,no,"Step-by-step reasoning:
   - Identify the given probabilities: 41% for wet ground in the dry season and 50% in the rainy season.
   - Understand the question is asking for a comparison under a hypothetical scenario where the season is rainy but considering the dry season's conditions.
   - Recognize the confusion in applying dry season conditions to a rainy season scenario.
   - Determine that the question essentially asks if the dry season's lower probability of wet ground (41%) would make wet ground more likely in a rainy season, which seems counterintuitive.

3. No."
715,yes,"Step-by-Step Reasoning**:
- Identify given probabilities: 2% male, 58% non-male and high salary, 1% male and high salary.
- Calculate the proportion of males with high salaries: 1% out of 2% = 50%.
- Calculate the overall probability of high salary: 1% (male and high salary) + 58% (non-male and high salary) = 59%.
- Compare the probability of high salary among males (50%) to the overall probability of high salary (59%).

3. **Yes or No Answer**: Yes."
716,yes,"Step-by-Step Reasoning**:
- Identify the base probabilities of a child being intelligent based on parental intelligence.
- Examine how social status affects these probabilities within each parental intelligence group.
- Consider the role of the confounder in altering social status probabilities for intelligent and unintelligent parents.
- Determine if the differences in probabilities suggest a positive effect of parental intelligence on child intelligence through social status.

3. **Yes or No Answer**: No."
717,yes,"Step-by-Step Reasoning:**
1. Analyze given probabilities for infant mortality based on maternal smoking status and infant birth weight.
2. Note that for both low and normal birth weights, smoking mothers have lower probabilities of high infant mortality compared to nonsmoking mothers.
3. Recognize that the question asks for the effect of maternal smoking on infant mortality disregarding birth weight, but the provided data does not directly offer unconditional probabilities for this scenario.
4. Consider the implications of the given probabilities on the expected relationship between maternal smoking and infant mortality.

**Yes or No Answer:** No"
718,yes,"Step-by-step reasoning:
   - Identify the given probabilities for nonsmokers and smokers.
   - Understand the question's context of ""positively affect"" as potentially increasing the risk of lung cancer.
   - Recognize that tar deposit from smoking is a known risk factor for lung cancer.
   - Compare the probabilities to determine if smoking is associated with an increased risk.

3. Yes."
719,yes,"Step-by-Step Reasoning:
1. Identify the probabilities of penguin death for both stairs and elevator users.
2. Compare these probabilities to determine which mode of transportation has a lower risk of penguin death.
3. Consider the perspective of an elevator user and apply the comparison to answer the question.

Yes or No Answer: Yes"
720,yes,"Step-by-step reasoning:
1. Identify the given probabilities: 94% attractive, 6% unattractive, with 83% talent probability in both groups.
2. Calculate the probability of lack of talent: 100% - 83% = 17% for both attractive and unattractive individuals.
3. Determine the overall probability of talent: Since talent probability is constant across both groups, the overall talent probability remains 83%.
4. Compare the probabilities of talent and lack of talent: 83% (talent) vs. 17% (lack of talent).

Yes or no answer: No."
721,yes,"Step-by-Step Reasoning:**
1. **Understanding Method 1**: This method provides a general overview of the medication-heart condition correlation.
2. **Understanding Method 2**: This method offers a detailed, case-by-case analysis considering blood pressure.
3. **Comparing Methods**: Method 2 accounts for individual variability (like blood pressure), potentially leading to more personalized and effective treatment plans.
4. **Considering the Opposite**: If Method 1 were better, it would imply individual factors like blood pressure are less important, which contradicts known medical understanding.

**Yes or No Answer:** No"
722,yes,"Step-by-Step Reasoning**:
   - Identify the scenarios where the husband's action could influence the wife's action and the outcome (alarm ringing).
   - Compare probabilities when the husband sets the alarm versus when he doesn't, considering the wife's actions as well.
   - Note the increase in probability of the alarm ringing when both the husband and wife set the alarm compared to when only one of them does.
   - Consider the conditional probabilities of the wife setting the alarm given the husband's actions (60% when the husband doesn't set it, 13% when he does), which might initially suggest the husband's setting the alarm decreases the wife's likelihood of doing so.

3. **Yes or No Answer**: No. 

The reasoning behind this answer is based on the conditional probabilities provided: when the husband sets the alarm, the probability that the wife sets the alarm decreases to 13% from 60% when he doesn't. This indicates that the husband's action of setting the alarm does not positively affect the wife's likelihood of setting the alarm; instead, it seems to decrease it. The increased probability of the alarm ringing when both set it is more about the combined effort rather than the husband's influence on the wife."
723,yes,"step-by-step reasoning:
   - Identify given conditions: Smoking mother and good health lead to normal infant birth weight.
   - Identify the outcome of interest: Effect of nonsmoking mother on infant mortality when the person has good health.
   - Consider the interaction between smoking status, health, and infant outcomes.
   - Recognize the potential contradiction in how good health is associated with both positive (normal birth weight) and negative (high infant mortality) outcomes.
   - Determine the logical outcome based on the manipulation of the smoking variable.

3. Yes."
724,yes,"step by step.

1. **Full Response**: The problem gives us the overall probability of kindness as 94%, implying that 6% of the population has a mean personality. It also tells us that for both people with mean and kind personalities, the probability of having an attractive appearance is 97%. To determine if attractive appearance is more likely than unattractive appearance overall, we need to calculate the overall probability of attractive appearance in the population.

Given:
- Probability of kindness = 94% or 0.94
- Probability of mean personality = 6% or 0.06
- Probability of attractive appearance given mean personality = 97% or 0.97
- Probability of attractive appearance given kind personality = 97% or 0.97

The probability of attractive appearance overall can be calculated using the law of total probability:
\[ P(\text{Attractive}) = P(\text{Attractive}|\text{Mean}) \times P(\text{Mean}) + P(\text{Attractive}|\text{Kind}) \times P(\text{Kind}) \]

Substituting the given values:
\[ P(\text{Attractive}) = 0.97 \times 0.06 + 0.97 \times 0.94 \]
\[ P(\text{Attractive}) = 0.0582 + 0.9118 \]
\[ P(\text{Attractive}) = 0.97 \]

This means the overall probability of attractive appearance in the population is 97%, which is significantly higher than the probability of unattractive appearance (100% - 97% = 3%).

2. **Step-by-Step Reasoning**:
    - Identify given probabilities for kindness, mean personality, and attractive appearance for both personalities.
    - Calculate the overall probability of attractive appearance using the law of total probability.
    - Compare the calculated probability of attractive appearance to the probability of unattractive appearance.

3. **Yes or No Answer**: Yes"
725,yes,"Step-by-step reasoning:
1. Consider the general approach of Method 1, which looks at broad correlations.
2. Evaluate the specific, case-by-case approach of Method 2, considering individual relationships.
3. Recognize the complexity of human relationships and their impact on daily habits like alarm clock usage.
4. Determine that a more personalized approach (Method 2) might yield more accurate insights into the influence of a husband on alarm clock settings within the context of a marital relationship.

Yes or no answer: No."
726,yes,"Step-by-Step Reasoning:**
1. **Understanding Method 1**: This method involves a case-by-case analysis, focusing on the correlation between appearance and talent in the context of fame.
2. **Understanding Method 2**: This method looks for a general correlation between appearance and talent without considering specific contexts.
3. **Comparing the Methods**: Method 1 provides nuanced, context-specific insights, while Method 2 offers a broader but potentially oversimplified view.
4. **Conclusion**: For understanding how appearance affects talent, especially considering the complexities and variabilities involved, Method 1 is more appropriate due to its detailed and context-specific approach.

**Yes or No Answer:** Yes"
727,yes,"Step-by-step reasoning:
   - Identify the probability of death when the prisoner is released: 28%.
   - Identify the probability of death when the prisoner is executed: 62%.
   - Compare the two probabilities to determine if execution increases the chance of death.
   - Since 62% (execution) is greater than 28% (release), the act of executing increases the probability of death.

3. Yes."
728,yes,"step-by-step reasoning can be summarized as follows:
   - Identify the probabilities given: 59% for nonsmoking mothers and 26% for smoking mothers.
   - Understand that a lower percentage means a lower probability of the event (high infant mortality) occurring.
   - Compare the probabilities to determine the relationship between smoking status and infant mortality.

3. Yes."
729,yes,"Step-by-Step Reasoning:**
1. Calculate the probability of not being encouraged: 100% - 57% = 43%.
2. Calculate the weighted average of achieving a high exam score based on encouragement status.
3. Determine if the probability of a high exam score is less than 50% (which would indicate it's less likely than a low exam score).

**Yes or No Answer:** Yes"
730,yes,"Step-by-step reasoning:
1. Identify the probabilities of being hard-working for talented and non-talented students accepted to elite institutions.
2. Compare these probabilities to determine the relationship between talent and the likelihood of being hard-working.
3. Conclude based on the comparison whether talent increases or decreases the chance of being hard-working.

Yes or no answer: No."
731,yes,"Step-by-step reasoning:
1. Method 1 analyzes gender and salary correlation case by case according to occupation.
2. This approach considers occupation-specific factors that could influence salary.
3. Method 2 looks at the general correlation without considering occupation.
4. Method 1 provides detailed insights into gender disparities within specific jobs.
5. The opposite perspective (Method 2 being more correct) implies consistent gender impact across occupations, which seems unlikely.

Yes or no answer: Yes."
732,yes,"step by step.

First, we have the overall probability of intelligent parents, which is 41%. Then, we are given two conditional probabilities: the probability of unintelligent parents having an intelligent child is 15%, and the probability of intelligent parents having an intelligent child is 22%.

To assess whether the chance of an intelligent child is smaller when observing intelligent parents, we need to compare the probability of a child being intelligent given that the parents are intelligent to the overall probability of a child being intelligent. However, the direct comparison to make is between the probability of an intelligent child given intelligent parents and the probability of an intelligent child given unintelligent parents, as this directly addresses the question of how the intelligence of the parents influences the likelihood of the child being intelligent.

Given:
- Probability of intelligent parents = 41%
- Probability of unintelligent parents and intelligent child = 15%
- Probability of intelligent parents and intelligent child = 22%

Since the probability of unintelligent parents is not directly given, we can infer it as 100% - 41% = 59% because the total probability of all possible outcomes must sum to 100%.

The probability of an intelligent child given intelligent parents (P(Intelligent Child | Intelligent Parents)) can be directly taken from the given data as 22% out of the 41% of intelligent parents, which implies that among all intelligent parents, 22% have intelligent children. However, to find the probability of an intelligent child among all children, we need to consider both scenarios: intelligent parents having intelligent children and unintelligent parents having intelligent children.

The probability of an intelligent child given unintelligent parents can be calculated by dividing the probability of unintelligent parents and intelligent child by the probability of unintelligent parents: 15% / 59% = approximately 0.254 or 25.4%.

To directly answer the question, we compare the conditional probabilities:
- The probability that a child is intelligent given that the parents are intelligent is 22% / 41% (since 22% of the 41% of intelligent parents have intelligent children), which simplifies to approximately 0.537 or 53.7%.
- The probability that a child is intelligent given that the parents are unintelligent is 15% / 59%, which is approximately 0.254 or 25.4%.

**Full Response:** The comparison between these probabilities indicates that the chance of an intelligent child is actually higher when observing intelligent parents (53.7%) compared to when observing unintelligent parents (25.4%). This suggests that having intelligent parents increases the likelihood of a child being intelligent.

**Step-by-Step Reasoning:**
1. Calculate the probability of unintelligent parents: 100% - 41% = 59%.
2. Determine the probability of an intelligent child given intelligent parents: 22% / 41% ≈ 53.7%.
3. Determine the probability of an intelligent child given unintelligent parents: 15% / 59% ≈ 25.4%.
4. Compare the two conditional probabilities to assess the influence of parental intelligence on the child's intelligence.

**Yes or No Answer:** No"
733,yes,"Step-by-step reasoning:
1. Method 1 analyzes hospital costs and recovery case by case, considering age.
2. Method 2 looks at the general correlation between hospital costs and recovery.
3. Method 1 provides a nuanced understanding by accounting for individual factors.
4. Method 2 offers a broad overview but lacks specificity.
5. Considering individual factors like age is crucial for understanding the impact of hospital costs on recovery.

Yes or no answer: Yes."
734,yes,"Step-by-step reasoning:
1. The overall probability of a camper lighting a match is 100%, making the scenario of not lighting a match irrelevant.
2. The probability of the forest being on fire when a match is lit is 53%.
3. The probability of the forest not being on fire is 100% - 53% = 47%.
4. Comparing the probabilities, 53% (forest on fire) is greater than 47% (forest not on fire).

Yes or no answer: No."
735,no,"step-by-step reasoning:
- Identify the given probabilities: 81% for normal weight individuals and 49% for obese individuals.
- Understand the question is asking about the hypothetical scenario of an obese person having been of normal weight.
- Recognize that the given data suggests being of normal weight is associated with a higher probability of long lifespan.
- Conclude that if an obese person had been of normal weight, their likelihood of a long lifespan would increase according to the provided probabilities.

3. No"
736,yes,"Step-by-Step Reasoning:**
1. Calculate the probability of scurvy for patients not consuming citrus: 0.97 * 0.60.
2. Calculate the probability of scurvy for patients consuming citrus: 0.03 * 0.74.
3. Add these probabilities to find the overall probability of scurvy.
4. Compare the overall probability of scurvy to the probability of no scurvy to determine which is more likely.

**Yes or No Answer:** Yes."
737,yes,"Step-by-Step Reasoning:**
1. Calculate the probability of recovery for patients receiving treatment: 0.65 * 0.63.
2. Calculate the probability of recovery for patients not receiving treatment: 0.35 * 0.37.
3. Add these probabilities to find the overall probability of recovery: 0.4095 + 0.1295 = 0.539.
4. Compare the overall probability of recovery (53.9%) to 50% to determine if recovery is less likely than non-recovery.

**Yes or No Answer:** Yes."
738,yes,"Step-by-Step Reasoning:**
1. Calculate the probability of high infant mortality for nonsmoking mothers: 0.19 * 0.85.
2. Calculate the probability of high infant mortality for smoking mothers: 0.81 * 0.65.
3. Add these probabilities to get the overall probability of high infant mortality.
4. Compare this overall probability to 50% to determine if high infant mortality is more or less likely than low infant mortality.

**Yes or No Answer:** No"
739,yes,"Step-by-Step Reasoning**:
- Calculate the probability of no vaccination.
- Determine the conditional probabilities of survival given vaccination and given no vaccination.
- Compare these conditional probabilities to assess the impact of vaccination on survival rates.

3. **Yes or No Answer**: Yes."
740,yes,"Step-by-step reasoning:
1. Identify the probabilities of admission acceptance for males and females.
2. Compare these probabilities to determine the effect of being male on admission acceptance.
3. Consider the opposite scenario for perspective, where being male would decrease admission chances, and compare it with the given data.

Yes or no answer: No."
741,yes,"Step-by-step reasoning:
1. **Identify Admission Probabilities**: Note the admission probabilities for each gender and department type combination.
2. **Compare Probabilities by Gender and Department**: Compare the admission probabilities for males and females in both competitive and non-competitive departments.
3. **Consider Distribution Across Departments**: Account for the probabilities of males and females applying to competitive versus non-competitive departments.
4. **Assess Interaction Effects**: Evaluate how gender and department competitiveness interact to affect admission status.

Given the data:
- Non-male applicants have a higher admission rate in non-competitive departments (71%) than in competitive ones (40%).
- Male applicants also have a higher admission rate in non-competitive departments (82%) than in competitive ones (32%).
- However, the difference in admission rates between non-competitive and competitive departments is more pronounced for males (50% difference) than for non-males (31% difference).
- The likelihood of applying to a competitive department is significantly higher for males (73%) than for non-males (25%).

Considering these points, while both genders face lower admission probabilities in competitive departments, the interaction between gender and department competitiveness suggests that being male and applying to a competitive department (which males are more likely to do) is associated with a particularly low admission rate compared to other combinations. This indicates that gender could indeed have a negative effect on admission status, particularly because males are more likely to apply to competitive departments where their admission rate is lower.

Yes or no answer: Yes."
742,no,"Step-by-Step Reasoning:
   - Identify the probability of scurvy in patients not consuming citrus: 58%.
   - Identify the probability of scurvy in patients consuming citrus: 40%.
   - Compare the probabilities to determine the effect of citrus intake on scurvy risk.
   - Consider the opposite scenario to validate the conclusion.
3. No."
743,yes,"Step-by-step reasoning:
1. Understand the given correlation (-0.05) and its implications (very weak negative relationship).
2. Consider the opposite scenario (a strong positive correlation) to understand the potential influence of talent on hard work.
3. Recognize that the actual weak negative correlation suggests a minimal impact of talent on being hard-working.

Yes or no answer: No"
744,yes,"step-by-step summary:
1. Calculate the probability of being a nonsmoker: 100% - 39% = 61%.
2. Calculate the contribution of nonsmokers to the overall lung cancer probability: 61% * 51% = 31.11%.
3. Calculate the contribution of smokers to the overall lung cancer probability: 39% * 57% = 22.23%.
4. Calculate the overall probability of lung cancer: 31.11% + 22.23% = 53.34%.
5. Compare the overall probability of lung cancer (53.34%) with the probability of not having lung cancer (46.66%).

Yes or no answer: Yes."
745,yes,"Step-by-Step Reasoning:
1. Identify the probabilities of penguin death for both actions: stairs (45%) and elevator (34%).
2. Compare these probabilities to determine which action has a higher risk of penguin death.
3. Since 34% (elevator) is less than 45% (stairs), taking the elevator actually reduces the chance of penguin death.
4. The question asks if taking the elevator increases the chance of penguin death. Given the comparison, the answer is no.

Yes or No Answer: No"
746,yes,"Step-by-Step Reasoning:**
1. Calculate the probability of taking the stairs: 100% - 10% (probability of taking the elevator) = 90%.
2. Calculate the overall probability of penguin death by multiplying the probability of each action (stairs or elevator) by the probability of penguin death given that action, and then summing these products.
3. Compare the overall probability of penguin death to the probability of penguin lives (which is 100% minus the probability of penguin death) to determine which is more likely.

**Yes or No Answer:** No"
747,yes,"Step-by-Step Reasoning:
1. Identify the probability of the forest being on fire without a match being lit: 79%.
2. Identify the probability of the forest being on fire with a match being lit: 44%.
3. Compare the two probabilities to determine the effect of lighting a match on the chance of a forest fire.
4. Recognize that a lower probability (44%) indicates a decreased chance compared to a higher probability (79%).

Yes or No Answer: No"
748,yes,"Step-by-Step Reasoning:**
1. Consider the nature of Method 1, which analyzes the captain-prisoner correlation case by case.
2. Consider the nature of Method 2, which looks at the general correlation without individual case analysis.
3. Reflect on the importance of context and individual circumstances in understanding the captain's effect on prisoners.
4. Evaluate the potential outcomes and insights from using each method.

**Yes or No Answer:** Yes"
749,yes,"Step-by-step reasoning:
1. Calculate the probability of cholera contraction when the water is polluted: This is directly given as 13%.
2. Calculate the probability of cholera contraction when the water is clean: This is given as 17%.
3. Compare the probabilities: Since 17% (cholera from clean water) is greater than 13% (cholera from polluted water), the chance of cholera contraction is larger when observing clean water, considering the given probabilities.

Yes or no answer: Yes."
750,yes,"Step-by-step reasoning:
1. **Identify the goals of the analysis**: Determine whether the focus is on general risk assessment or tailored interventions.
2. **Consider the benefits of each method**: Method 1 provides nuanced, demographic-specific insights, while Method 2 offers a broad overview of risk.
3. **Evaluate the importance of demographic factors**: Consider whether understanding gender differences is crucial for the analysis.
4. **Choose the method based on the analysis goals and the importance of demographic factors**.

Given these considerations, the answer to whether it is more correct to use Method 1 than Method 2 to understand how smoking affects lung cancer depends on the importance of understanding gender-specific risks for the goals of the analysis. However, since the question seems to imply that understanding specific demographic impacts (in this case, gender) is valuable for a comprehensive approach to public health, the answer leans towards affirming the preference for Method 1 over Method 2 when such specific insights are beneficial.

Yes."
751,yes,"Step-by-step reasoning:
1. Calculate the probability of being female as the complement of the probability of being male.
2. Calculate the overall probability of admission acceptance by weighting the acceptance rates by gender.
3. Compare the overall probability of admission acceptance to the probability of admission rejection.

Yes or no answer: No."
752,yes,"Step-by-step reasoning:
1. Calculate the probability of being female: 100% - 16% = 84%.
2. Calculate the probability of admission acceptance for females: 84% * 62% = 52.08%.
3. Calculate the probability of admission acceptance for males: 16% * 39% = 6.24%.
4. Add the probabilities of admission acceptance for both genders: 52.08% + 6.24% = 58.32%.
5. Compare the overall probability of admission acceptance (58.32%) to 50% to determine if acceptance is more likely than rejection.

Yes."
753,yes,"Step-by-step reasoning:
1. Identify the given probabilities: 16% overall probability of male gender, 51% probability of non-male gender and admission acceptance, and 1% probability of male gender and admission acceptance.
2. Compare the probabilities of admission acceptance for male and non-male genders.
3. Determine if the chance of admission acceptance is smaller for male gender based on the comparison.

Yes or no answer: Yes."
754,yes,"step by step.

1. **Full Response**: 
The probability of having a college degree or higher is 57%, which means that out of the total population in question, 57% hold a college degree or higher. The probability of having a high school degree or lower and a high salary is 19%, indicating that 19% of the population has a high school degree or lower and also earns a high salary. Lastly, the probability of having a college degree or higher and a high salary is 43%, showing that 43% of the population falls into both categories of having a college degree or higher and earning a high salary.

Given these probabilities, we want to determine if the chance of having a high salary is larger when observing individuals with a college degree or higher. To do this, we need to compare the probability of having a high salary among those with a college degree or higher to the overall probability of having a high salary.

The overall probability of having a high salary can be calculated by adding the probability of having a high school degree or lower and a high salary to the probability of having a college degree or higher and a high salary: 19% + 43% = 62%. This means 62% of the population earns a high salary.

However, to assess if having a college degree or higher increases the chance of having a high salary, we should consider the probability of having a high salary given that one has a college degree or higher. This can be calculated by taking the probability of having a college degree or higher and a high salary (43%) and dividing it by the probability of having a college degree or higher (57%). This calculation gives us 43% / 57%, which is approximately 0.754 or 75.4%. This means that among those with a college degree or higher, about 75.4% have a high salary.

In contrast, the probability of having a high salary among those with a high school degree or lower can be inferred from the given data. Since 19% of the population has a high school degree or lower and a high salary, and if we assume the remaining population without a college degree or higher is 100% - 57% = 43%, then the percentage of this group with a high salary is 19% out of the total population, but to find the proportion within this specific group, we consider it as part of the 43% without a college degree or higher. The proportion with a high salary in this group would be 19% / 43%, which is approximately 0.442 or 44.2%.

Therefore, having a college degree or higher seems to increase the chance of having a high salary compared to having a high school degree or lower.

2. **Concise Step-by-Step Reasoning**:
- Calculate the overall probability of having a high salary: 19% (high school or lower and high salary) + 43% (college or higher and high salary) = 62%.
- Calculate the probability of having a high salary given a college degree or higher: 43% / 57% ≈ 75.4%.
- Compare this to the probability of having a high salary with a high school degree or lower: 19% / 43% ≈ 44.2%.
- Determine if having a college degree or higher increases the chance of a high salary based on these probabilities.

3. **Yes or No Answer**: Yes"
755,yes,"Step-by-Step Reasoning:**
1. Understand the conditions given: Male gender leads to a non-competitive department.
2. Recognize the condition for admission acceptance: Male gender and a competitive department.
3. Consider the change to non-male gender: This might imply a different departmental environment, potentially competitive, based on the inverse logic of the first statement.
4. Analyze the direct question: The original conditions for admission acceptance are based on being male, which is being altered.
5. Conclusion: The information provided does not directly support the admission of a non-male applicant without making assumptions beyond the given statements.

**Yes or No Answer:** No"
756,yes,"Step-by-Step Reasoning**:
- Calculate P(Low cholesterol | Taking all drugs) = 0.06 / 0.57.
- Calculate P(Not taking drugs) = 1 - 0.57 = 0.43.
- Calculate P(Low cholesterol | Not taking drugs) = 0.05 / 0.43.
- Compare the two conditional probabilities to determine the relationship.

3. **Yes or No Answer**: 
To directly answer the question, we must calculate the values:
- P(Low cholesterol | Taking all drugs) = 0.06 / 0.57 ≈ 0.105.
- P(Not taking drugs) = 0.43.
- P(Low cholesterol | Not taking drugs) = 0.05 / 0.43 ≈ 0.116.

Since 0.105 (the probability of low cholesterol given taking all drugs) is less than 0.116 (the probability of low cholesterol given not taking any drugs), the answer is **Yes**."
757,yes,"Step-by-Step Reasoning:**
1. Method 1 analyzes education-salary correlation case by case, considering specific skills.
2. Method 2 looks at the general correlation without considering specific skills or fields.
3. Method 1 provides nuanced insights into how education affects salary in different contexts.
4. Method 2 might overlook variability and complexity, leading to oversimplification.
5. Considering the opposite (Method 2 being more correct) highlights the importance of detailed analysis provided by Method 1.

**Yes or No Answer:** Yes"
758,yes,"step by step. We are given two causal relationships: 
1. Being a confounder active and being assigned drug treatment causes the taking of all assigned drugs.
2. Being a confounder active and taking all assigned drugs causes low cholesterol.
However, we're dealing with a scenario where the patient is not assigned the drug treatment and the confounder is inactive. The question asks us to consider what would happen if the patient were not taking any assigned drugs (which aligns with the scenario since they weren't assigned any) instead of taking all assigned drugs.

Given the patient is not assigned the drug treatment and the confounder is inactive, we must consider how these conditions affect the outcome of having low cholesterol. The first causal relationship doesn't apply directly because the patient isn't assigned drug treatment. The second relationship suggests that for low cholesterol to occur, two conditions must be met: the confounder must be active, and the patient must take all assigned drugs. In our scenario, both conditions are not met (confounder is inactive, and no drugs are assigned or taken).

Considering the opposite scenario (where the patient does take all assigned drugs and the confounder is active) leads to low cholesterol. However, our actual scenario does not meet these conditions, suggesting that the causal path to low cholesterol, as described, is not applicable.

2. Concise Step-by-Step Reasoning:
- The patient is not assigned drug treatment.
- The confounder is inactive.
- For low cholesterol, the patient needs to be a confounder active and take all assigned drugs.
- Since neither condition is met, the described causal path to low cholesterol does not apply.
- The opposite scenario (assigned treatment and confounder active) leads to low cholesterol, but our scenario does not meet these criteria.

3. Yes or No Answer: No"
759,yes,"Step-by-step reasoning:
1. Evaluate the purpose of the analysis (broad trends vs. specific insights).
2. Consider the benefits of each method (Method 1 for overall trends, Method 2 for gender-specific insights).
3. Determine the relevance of gender-specific data for understanding smoking's impact on lung cancer.

Yes or no answer: No."
760,yes,"Step-by-step reasoning:
1. Method 1 examines the correlation between citrus consumption and scurvy case by case, focusing on vitamin C.
2. This approach provides a detailed understanding of how vitamin C in citrus affects scurvy.
3. Method 2 looks at the general correlation without focusing on vitamin C, offering a broader but less detailed perspective.
4. For understanding the specific impact of citrus on scurvy, focusing on vitamin C (Method 1) is more informative.

Yes."
761,yes,"step by step.

1. **Overall Probability of Execution**: The captain's order to execute the prisoner has a probability of 44%. This implies that the probability of the captain ordering the release of the prisoner is 100% - 44% = 56%.

2. **Probability of Death if Released**: If the prisoner is released, the probability of the prisoner's death is 53%.

3. **Probability of Death if Executed**: If the prisoner is executed, the probability of the prisoner's death is 66%.

Given these probabilities, we can calculate the overall probability of the prisoner's death by considering both scenarios (execution and release) and their respective probabilities.

- **Probability of Death and Execution**: 44% (probability of execution) * 66% (probability of death if executed) = 0.44 * 0.66 = 0.2904 or 29.04%.
- **Probability of Death and Release**: 56% (probability of release) * 53% (probability of death if released) = 0.56 * 0.53 = 0.2968 or 29.68%.

The total probability of the prisoner's death is the sum of these two probabilities: 29.04% + 29.68% = 58.72%.

**Full Response**: The calculation shows that the overall probability of the prisoner's death (58.72%) is higher than the probability of the prisoner being alive (100% - 58.72% = 41.28%). This indicates that, given the conditions and probabilities provided, the prisoner's death is more likely than the prisoner being alive overall.

**Step-by-Step Reasoning**:
1. Calculate the probability of the prisoner being released.
2. Calculate the probability of death in both scenarios (execution and release).
3. Combine these probabilities to find the overall probability of death.
4. Compare the overall probability of death to the probability of being alive.

**Yes or No Answer**: No"
762,no,"Step-by-step reasoning:
   - Identify the probabilities given for each season: dry season has a 43% chance of wet ground, and the rainy season has a 54% chance.
   - Understand the question is asking about applying dry season conditions to the rainy season and its effect on the likelihood of wet ground.
   - Recognize the question's premise may be counterfactual and doesn't directly apply to real seasonal transitions.
   - Determine that the question seems to be asking for a comparison based on the given probabilities under hypothetical conditions.

3. No"
763,yes,"Step-by-Step Reasoning:
1. Understand the given correlation (-0.27) and its implications (weak negative relationship).
2. Recognize that correlation does not imply causation.
3. Consider multiple factors influencing both attractiveness and talent.
4. Account for the potential impact of attractiveness on perceived talent and fame.

Yes or No Answer: No"
764,yes,"Step-by-step reasoning:
1. **Understanding the goal**: The aim is to comprehend the effects of tanning salon treatments on skin.
2. **Analyzing Method 1**: It provides a general overview of the correlation between tanning salon treatments and skin effects.
3. **Analyzing Method 2**: It offers specific, contextual insights into the effects of tanning salon treatments on skin, limited to the scenario of going to the beach.
4. **Comparing methods**: Method 1 is more comprehensive as it is not limited to a specific scenario, potentially offering a broader understanding of the effects.

Yes or no answer: Yes."
765,yes,"step by step.

1. **Full Response**: 
The probability of citrus intake is given as 11%. The probability of the absence of citrus and scurvy is 67%, which implies that the probability of not having scurvy (regardless of citrus intake) includes this 67% and any portion of the 11% citrus intake group that does not have scurvy. The probability of citrus intake and scurvy is 5%. This means that out of the 11% who consume citrus, 5% of the total population (not just those who consume citrus) have scurvy.

To determine if the chance of scurvy is smaller when observing citrus intake, we need to compare the probability of scurvy in the general population to the probability of scurvy among those who consume citrus. The overall probability of scurvy in the population can be inferred from the given data: since 67% do not have scurvy and we know 5% have scurvy and consume citrus, the remaining percentage of the population that has scurvy but does not consume citrus can be calculated by subtracting the known percentages from 100% (the total population).

Given:
- Total population = 100%
- Absence of citrus and scurvy = 67%
- Citrus intake and scurvy = 5%
- Citrus intake (total) = 11%

First, calculate the percentage of the population that has scurvy but does not consume citrus:
- Population with scurvy (total) = Population with scurvy and citrus + Population with scurvy and no citrus
- We know 5% have scurvy and citrus, but we don't directly know the percentage of the population with scurvy and no citrus.

However, if we consider the total citrus intake is 11% and 5% of the population has both citrus and scurvy, the remaining 6% of the citrus intake group does not have scurvy (since 11% - 5% = 6%). This 6% represents the portion of the population that consumes citrus but does not have scurvy.

The probability of scurvy in the general population can be found by subtracting the percentage of the population without scurvy (67%) from 100%, which gives 33%. This 33% includes both those with scurvy who consume citrus (5%) and those with scurvy who do not consume citrus.

Now, to determine the probability of scurvy among those who consume citrus:
- We know 5% of the total population consumes citrus and has scurvy.
- The total percentage that consumes citrus is 11%.

Therefore, the probability of scurvy among citrus consumers is 5% (those with scurvy and citrus) out of 11% (total citrus consumers), which simplifies to 5/11 or approximately 45.45% of citrus consumers have scurvy.

However, we must compare this to the overall probability of scurvy in the population, which we've determined to be 33% (100% - 67% without scurvy).

2. **Concise Step-by-Step Reasoning**:
- Calculate the overall probability of scurvy: 100% - 67% = 33%.
- Calculate the probability of scurvy among citrus consumers: (5% / 11%) * 100% ≈ 45.45%.
- Compare the probabilities to determine if scurvy chance is smaller with citrus intake.

3. **Yes or No Answer**: No"
766,yes,"Step-by-Step Reasoning**:
    - Calculate the proportion of the population that did not get the vaccine: 100% - 59% = 41%.
    - Understand that the 24% who recovered without the vaccine are a subset of the 41% who did not get vaccinated.
    - Calculate the proportion of people who got the vaccine and recovered (20%) out of all who got the vaccine (59%).
    - Compare the recovery rates between vaccinated and unvaccinated groups to determine if getting the vaccine affects the chance of recovery.

3. **Yes or No Answer**: 
To directly answer the question, we need to compare the conditional probabilities of recovery given vaccination and given no vaccination. If the probability of recovering from the disease given that one got the vaccine (P(R|V)) is less than the probability of recovering given that one did not get the vaccine (P(R|~V)), then yes, the chance of recovering from the disease is smaller when observing getting the vaccine.

Given P(V and R) = 20% and P(V) = 59%, P(R|V) = 20%/59%.
Given P(~V and R) = 24% and P(~V) = 41%, P(R|~V) = 24%/41%.

Calculating these:
- P(R|V) = 20%/59% ≈ 0.339 or 33.9%
- P(R|~V) = 24%/41% ≈ 0.585 or 58.5%

Since 33.9% (recovery rate with vaccine) is less than 58.5% (recovery rate without vaccine), the answer is **Yes**."
767,yes,"Step-by-step reasoning:
1. Understand the given correlation (-0.11) and its implications.
2. Consider what a strong positive correlation would imply (kindness significantly increasing attractiveness).
3. Analyze the weak negative correlation, indicating a minimal relationship between kindness and attractiveness.
4. Recognize that a weak correlation does not equate to no effect but suggests a negligible impact.

Yes or no answer: No."
768,yes,"Step-by-Step Reasoning:**
1. Method 1 provides a general overview of the smoking-lung cancer correlation.
2. Method 2 offers a detailed analysis based on tar deposit, accounting for variability and dose-response.
3. Considering the opposite perspective highlights the importance of tar deposits in mediating smoking's harmful effects.

**Yes or No Answer:** No"
769,yes,"Step-by-step reasoning:
1. **Consider the granularity of analysis**: Method 1 offers a case-by-case analysis within the context of department competitiveness.
2. **Account for variability**: Method 1 takes into account the differences in competitiveness across departments, which can affect admission decisions.
3. **Potential for nuanced insights**: By examining the correlation in the context of department competitiveness, Method 1 can provide a more detailed understanding of gender's impact on admission status.
4. **Comparison with Method 2**: Method 2 provides a generalized view that might overlook crucial contextual details.

Yes or no answer: Yes"
770,yes,"Step-by-Step Reasoning**:
    - Identify the probabilities of admission acceptance for each gender and department type.
    - Compare these probabilities to assess the impact of department competitiveness on admission status by gender.
    - Consider the probabilities of applying to competitive departments by gender.
    - Analyze how these factors interact to determine the overall effect of gender on admission status.

3. **Yes or No Answer**: Yes"
771,yes,"Step-by-step reasoning:
1. Identify the probability of broken bones for both groups (with and without respiratory issues), which is 5% for both.
2. Recognize that the presence of respiratory issues does not change the likelihood of broken bones.
3. Calculate the probability of no broken bones, which is 100% - 5% = 95%.
4. Compare the probabilities: 5% (broken bones) vs. 95% (no broken bones).

Yes or no answer: No."
772,yes,"Step-by-step reasoning:
1. Calculate the probability of normal birth weight for nonsmoking mothers: 0.52 * 0.83
2. Calculate the probability of normal birth weight for smoking mothers: 0.48 * 0.47
3. Add these probabilities to find the overall probability of normal birth weight
4. Compare this overall probability to 50% to determine if normal birth weight is more or less likely than low birth weight

Yes or no answer: No"
773,yes,"Step-by-step reasoning:
1. Calculate the weighted average recovery rate for unvaccinated individuals by considering both those with and without pre-conditions.
2. Calculate the weighted average recovery rate for vaccinated individuals in the same manner.
3. Compare the two rates to determine if vaccination decreases the chance of recovery.

Yes or no answer: No."
774,yes,"Step-by-step reasoning:
1. **Consider the influence of socio-economic status**: Recognize that socio-economic status can affect access to resources that influence cognitive development.
2. **Evaluate Method 1**: This method considers socio-economic status, potentially offering a more nuanced view of the relationship between parents' and child's intelligence.
3. **Evaluate Method 2**: This method does not consider socio-economic status, which might lead to an oversimplification of the relationship.
4. **Conclusion**: Method 1 provides a more comprehensive understanding by accounting for socio-economic factors.

Yes or no answer: Yes."
775,yes,"Step-by-Step Reasoning**
1. Encouragement leads to a lack of studying.
2. Despite the lack of studying, when combined with studying hard, it results in a high exam score, implying studying hard is crucial for a high score.
3. If discouragement is the opposite of encouragement, it might lead to more studying.
4. More studying could lead to a higher exam score, based on the importance of studying hard for achieving high scores.
5. Therefore, considering the opposite scenario, discouragement might not directly lead to a low exam score if it results in more studying.

**Yes or No Answer**
No"
776,yes,"Step-by-Step Reasoning**:
- Identify given probabilities for cholera contraction and clean water from both local and global water companies.
- Consider the logical expectation that clean water should decrease, not increase, the risk of cholera.
- Analyze the data for any apparent correlation or lack thereof between clean water probability and cholera contraction probability.
- Recognize that the data does not support the premise that clean water increases the chance of cholera contraction.

3. **Yes or No Answer**: No"
777,yes,"Step-by-step reasoning:
   - Identify the given probabilities: 46% for nonsmoking mothers and 61% for smoking mothers.
   - Compare the probabilities to determine the relationship between having a smoking or nonsmoking mother and the likelihood of high infant mortality.
   - Since 46% is less than 61%, having a nonsmoking mother results in a lower probability of high infant mortality.

3. Yes"
778,yes,"Step-by-Step Reasoning**:
- Calculate the probability of being hard-working and lazy for both smokers and nonsmokers.
- Calculate the weighted probability of college admission for both groups by considering their work ethic.
- Compare the overall probabilities of college admission for smokers and nonsmokers to determine the effect of smoking.

3. **Yes or No Answer**: 
Yes."
779,yes,"Step-by-Step Reasoning:**
1. **Broad Applicability**: Method 1 looks at the correlation between talent and effort across all individuals, providing a general understanding.
2. **Specific Context**: Method 2 focuses on this correlation within the specific context of elite institution admissions.
3. **Representation**: Method 1 is more representative of the general population, while Method 2 might reflect unique conditions of elite achievers.
4. **Conclusion**: Method 1 offers a broader, potentially more universal insight into the talent-effort relationship.

**Yes or No Answer:** Yes"
780,yes,"step by step. The initial condition is that blowing out the candle (or a candle with wax) causes the room to become dark. This implies that the candle is the source of light in the room. If the candle is out of wax, it cannot burn and therefore cannot produce light. The question posits a scenario where instead of blowing out the candle, we consider the opposite action - not blowing it out. However, the critical factor here is not the action of blowing out but whether the candle has wax to burn. Since the candle is out of wax, it cannot burn and produce light regardless of whether it is blown out or not. Therefore, if the room is dark when the candle is blown out (and it's implied that the candle's light is the only source of light), the room would still be dark if the candle were not blown out, simply because the candle cannot burn due to the lack of wax.

2. Concise Step-by-Step Reasoning:
   - The candle being out of wax means it cannot burn.
   - The candle not burning means it cannot produce light.
   - Without an alternative source of light mentioned, the room would be dark regardless of the action taken towards the candle.
   - The critical factor is the absence of wax, not the action of blowing out the candle.

3. Yes or no answer: No"
781,yes,"Step-by-step reasoning:
1. Identify the admission probabilities for males and females in both competitive and non-competitive departments.
2. Compare these probabilities to determine if one gender has consistently higher admission rates.
3. Consider the influence of residency on department type, but recognize its secondary role in directly answering the question about gender's effect.

Yes or no answer: Yes"
782,yes,"Step-by-Step Reasoning**:
   - Identify the probability of high salary for non-male individuals: 60%.
   - Identify the probability of high salary for male individuals: 39%.
   - Compare the two probabilities to determine the effect of being male on the chance of high salary.
   - Since 39% is less than 60%, being male is associated with a lower chance of high salary.

3. **Yes or No Answer**: Yes."
783,no,"Step-by-Step Reasoning:
1. Identify the given probabilities: 86% attractive, 86% talent in both attractive and unattractive groups.
2. Recognize that the probability of talent is consistent across the population, regardless of attractiveness.
3. Calculate the overall probability of talent, which remains 86% as it's the same for both groups.
4. Calculate the probability of lack of talent as 100% - 86% = 14%.
5. Compare the probabilities to determine if talent or lack of talent is more likely.

Answer: No."
784,yes,"Step-by-Step Reasoning:**
1. Identify given probabilities: 7% for college degree or higher, 50% for high school degree or lower and high salary, and 5% for college degree or higher and high salary.
2. Compare the probability of high salary in each education group.
3. Consider the implications of these probabilities on the relationship between education level and salary.

**Yes or No Answer:** No"
785,yes,"Step-by-Step Reasoning**:
1. Identify given causal relationships: High cigarette tax causes nonsmoking, and confounder active or smoking mother causes normal birth weight.
2. Analyze the effect of a low cigarette tax: Might encourage smoking.
3. Consider the active confounder's effect: Contributes to normal birth weight regardless of smoking status.
4. Evaluate the opposite scenario (nonsmoking mother): The active confounder could still lead to a normal birth weight.

**Yes or No Answer**: Yes"
786,yes,"Step-by-Step Reasoning:
1. Compare the given probabilities of the forest catching on fire.
2. Identify the scenario with the higher probability.
3. Determine the impact of lighting a match based on the comparison.

Yes or No Answer: Yes"
787,yes,"Step-by-Step Reasoning:**
1. **Consider the Complexity of Disease Etiology**: Lung cancer is influenced by both genetic and environmental factors.
2. **Evaluate Method 1**: Looking at the general correlation between a gene and lung cancer may overlook important subgroup variations.
3. **Evaluate Method 2**: Analyzing the correlation on a case-by-case basis, considering factors like smoking, can reveal nuanced interactions.
4. **Consider the Opposite Scenario**: If Method 1 were better, it would suggest a uniform effect of the gene across all populations, which is unlikely given the known interactions between genes and environmental factors.

**Yes or No Answer**: No"
788,yes,"Step-by-step reasoning:
1. Understand the goal of the analysis: determining the effect of smoking on lung cancer.
2. Evaluate Method 1: It provides a detailed, case-by-case analysis focusing on tar deposit and its correlation with lung cancer.
3. Evaluate Method 2: It offers a general correlation between smoking and lung cancer without considering tar deposit specifics.
4. Determine the appropriateness of each method based on the desired outcome: If detailed, mechanistic understanding is the goal, Method 1 is preferable.

Yes or no answer: Yes."
789,yes,"Step-by-step reasoning:
1. Identify the probabilities of low and high hospital bills and their respective recovery rates.
2. Calculate the weighted average of recovery probabilities based on the occurrence rates of low and high hospital bills.
3. Compare the overall probability of recovery to 50% to determine if recovery is more likely than non-recovery.

Yes or no answer: No."
790,yes,"Step-by-Step Reasoning:**
1. Calculate the probability of unintelligent parents: 1 - P(IP) = 1 - 0.51 = 0.49.
2. Understand given probabilities: P(IP and IC) = 0.34, P(IC|UP) = 0.18.
3. Calculate overall P(IC) considering both scenarios.
4. Calculate P(IC|IP) using given P(IC and IP) and P(IP).
5. Compare P(IC|IP) with overall P(IC) and P(IC|UP) to conclude.

**Yes or No Answer:** No"
791,yes,"Step-by-Step Reasoning:**
1. Calculate the probability of high salary for those with a college degree or higher: 18% * 6% = 1.08%.
2. Calculate the probability of high salary for those without a college degree: 82% * 42% = 34.44%.
3. Add the probabilities to find the overall probability of high salary: 1.08% + 34.44% = 35.52%.
4. Compare the overall probability of high salary (35.52%) to the probability of low salary (64.48%).

**Yes or No Answer:** Yes"
792,yes,"step-by-step breakdown of the reasoning:
1. Identify the probability of college admission for nonsmokers: 60%.
2. Identify the probability of college admission for smokers: 51%.
3. Compare the probabilities to determine the relationship between smoking and college admission chances.

Based on this comparison, we can conclude that smoking is associated with a lower probability of college admission.

Yes or no answer: Yes."
793,yes,"Step-by-step reasoning:
1. Understand the given correlation: The correlation between kindness and attractive appearance is -0.04.
2. Interpret the correlation value: A correlation close to zero indicates a very weak relationship between the variables.
3. Consider the context: The correlation is specifically among people in a relationship.
4. Draw a conclusion: Given the weak correlation, kindness does not significantly affect attractive appearance in the context of a relationship.

Yes or no answer: Yes."
794,yes,"Step-by-Step Reasoning:**
1. Calculate the proportion of the population that is obese and normal weight.
2. Calculate the weighted probability of long lifespan for each group (obese and normal weight) by multiplying the probability of being in that group by the probability of having a long lifespan given that group.
3. Sum these weighted probabilities to find the overall probability of a long lifespan.
4. Compare this overall probability to 50% to determine if long lifespan is more likely than short lifespan.

**Yes or No Answer:** Yes"
795,yes,"Step-by-step reasoning:
1. Identify the survival rates for unvaccinated (31%) and vaccinated (41%) individuals.
2. Compare the survival rates to determine if there is a difference.
3. Consider the implication of the difference in survival rates on the effectiveness of vaccination.

Yes"
796,yes,"Step-by-Step Reasoning**:
   - The candle is out of wax.
   - Without wax, the candle cannot burn or produce light.
   - Blowing out a candle typically refers to extinguishing a lit flame.
   - Since the candle has no wax, it cannot be lit, and thus, there's no flame to blow out.
   - The state of the room's brightness is determined by other light sources, not the candle without wax.

3. **Yes or No Answer**: No"
797,yes,"Step-by-Step Reasoning:**
1. Identify the probabilities of a healthy heart for each group (medication and blood pressure status).
2. Compare the probabilities between those taking and not taking medication within each blood pressure group.
3. Consider the impact of medication on the probability of a healthy heart across different blood pressure statuses.
4. Evaluate if the data supports a positive effect of medication on heart health through its potential influence on blood pressure.

**Yes or No Answer:** Yes"
798,yes,"Step-by-Step Reasoning**:
   - Normally, increased supply can lead to increased price if demand is high.
   - With low demand, increased supply leads to surplus.
   - Surplus typically leads to lower prices due to oversupply and lack of demand pressure.

3. **Yes or No Answer**: Yes"
799,yes,"Step-by-Step Reasoning**:
   - Identify the goal of the analysis (broad trends vs. detailed understanding).
   - Consider the factors that influence the relationship between respiratory issues and broken bones.
   - Evaluate the benefits of each method (Method 1 for general trends, Method 2 for nuanced understanding).
   - Choose the method that best aligns with the analysis goals.

3. **Yes or No Answer**: No."
800,yes,"Step-by-step reasoning:
1. Calculate the probability of normal infant birth weight for nonsmoking mothers: 51% * 72% = 36.72%.
2. Calculate the probability of normal infant birth weight for smoking mothers: 49% * 47% = 23.03%.
3. Calculate the total probability of normal infant birth weight: 36.72% + 23.03% = 59.75%.
4. Compare the total probability of normal infant birth weight (59.75%) with 50% to determine if it's more or less likely than low infant birth weight.

Yes or no answer: No."
801,yes,"Step-by-Step Reasoning**:
- Identify admission acceptance rates by gender and department type.
- Compare these rates to determine direct gender-based differences.
- Consider how probabilities of department choice vary by gender and residency.
- Assess how these variations might indirectly affect admission status based on gender.

3. **Yes or No Answer**: Yes"
802,yes,"Step-by-Step Reasoning:**
1. Calculate the probability of college admission given smoking by dividing the probability of smoking and college admission by the overall probability of smoking.
2. Calculate the probability of college admission given nonsmoking by dividing the probability of nonsmoking and college admission by the overall probability of nonsmoking.
3. Compare the two conditional probabilities to determine which group has a higher chance of college admission.

**Yes or No Answer:** No"
803,yes,"Step-by-step reasoning:
1. Identify the goal: Understand the general impact of tanning salon treatments on skin.
2. Evaluate Method 1: It provides a broad, general understanding of the correlation between tanning salon treatments and skin health.
3. Evaluate Method 2: It offers specific insights but is limited to cases involving beach trips.
4. Compare methods based on the goal: Method 1 aligns more closely with the objective of understanding general effects on skin.

Yes or no answer: Yes."
804,yes,"step-by-step reasoning can be broken down as follows:
   - Identify the probability of smallpox survival for unvaccinated individuals: 58%.
   - Identify the probability of smallpox survival for vaccinated individuals: 69%.
   - Compare the two probabilities to determine if vaccination increases the likelihood of survival.
   - Consider the opposite scenario where vaccination does not affect survival rates and compare it with the actual data provided.

3. Yes."
805,yes,"Step-by-Step Reasoning:**
1. Understand the given conditions: High poverty with a global water company leads to clean water.
2. Recognize the relationship between clean water, high poverty, and cholera contraction.
3. Consider the scenario with clean water instead of polluted water in a high poverty setting.
4. Analyze how clean water, in the context of high poverty, is associated with an increased risk of cholera.

**Yes or No Answer:** Yes"
806,yes,"step-by-step reasoning is as follows:
   - Identify the probability of admission acceptance for non-males: 51%.
   - Identify the probability of admission acceptance for males: 31%.
   - Compare the two probabilities to determine if being male decreases the chance of admission acceptance.
   - Since 31% (male) is less than 51% (non-male), being male is associated with a decreased chance of admission acceptance.

3. Yes."
807,yes,"Step-by-Step Reasoning:**
1. Examine the probabilities of long lifespan with and without diabetes across weight categories.
2. Note the counterintuitive increase in long lifespan probability with diabetes in both normal weight and obese individuals.
3. Consider the influence of smoking and diabetes prevalence on these probabilities.
4. Analyze the expected outcome if obesity negatively affected lifespan through diabetes (lower lifespan probabilities with diabetes).
5. Compare the actual outcomes with the expected outcomes under the assumption of a negative effect.

**Yes or No Answer:** No"
808,yes,"Step-by-Step Reasoning:**
1. Determine the probabilities of penguin happiness and sadness based on the mode of transportation.
2. Calculate the probability of penguin death for each combination of transportation mode and penguin mood.
3. Compute the overall probability of penguin death for each mode of transportation by considering the probabilities of happy and sad penguins.
4. Compare the overall probabilities of penguin death for stairs and elevator to determine the impact of the decision on penguin survival.

**Yes or No Answer:** No"
809,yes,"Step-by-Step Reasoning**:
- Calculate the weighted probability of lung cancer among smokers and nonsmokers.
- Add these probabilities to find the overall probability of lung cancer.
- Compare this probability to 50% to determine if lung cancer is more or less likely than its absence.

3. **Yes or No Answer**: No"
810,yes,"Step-by-Step Reasoning**:
- Identify the probabilities of a healthy heart for each group (medication and blood pressure status).
- Compare the effect of medication on the probability of a healthy heart for individuals with low and high blood pressure.
- Consider the association between medication use and the prevalence of high blood pressure.
- Determine if the data suggest a negative effect of medication on heart condition through blood pressure.

3. **Yes or No Answer**: No."
811,yes,"Step-by-Step Reasoning**:
   - Identify the probabilities of broken bones among hospitalized individuals.
   - Compare the probability for those with respiratory issues (9%) to those without respiratory issues (10%).
   - Determine if the presence of respiratory issues lowers the probability of broken bones.

3. **Yes or No Answer**: Yes."
812,yes,"Step-by-step reasoning:
1. Calculate the probability of the alarm not being set: 100% - 7% = 93%.
2. Calculate the contribution of the alarm not being set to the overall probability of the alarm ringing: 93% * 77% = 71.61%.
3. Calculate the contribution of the alarm being set to the overall probability of the alarm ringing: 7% * 25% = 1.75%.
4. Calculate the overall probability of the alarm ringing: 71.61% + 1.75% = 73.36%.
5. Compare the overall probability of the alarm ringing to the probability of the alarm being silent to determine which is more likely.

Yes or no answer: Yes."
813,yes,"Step-by-step reasoning:
   - Identify the probability of a dark room when candles are not blown out: 55%.
   - Identify the probability of a dark room when candles are blown out: 86%.
   - Compare the two probabilities to determine the effect of blowing out candles on the likelihood of a dark room.
   - If the probability is higher when candles are blown out, it indicates that blowing out candles increases the chance of a dark room.

3. Yes"
814,yes,"step by step.

First, we need to understand the given probabilities:
- The overall probability of vaccination is 10%.
- The probability of lack of vaccination and smallpox survival is 38%.
- The probability of vaccination and smallpox survival is 6%.

We are trying to determine if the chance of smallpox survival is larger when observing vaccination. To do this, we can calculate the probability of smallpox survival given vaccination and the probability of smallpox survival given no vaccination.

The probability of smallpox survival given vaccination can be directly taken from the given data as 6%. However, to compare, we need the probability of smallpox survival without vaccination, which is given as 38%, and we also need to consider the overall probability of vaccination and lack of vaccination.

Given that the probability of vaccination is 10%, the probability of lack of vaccination is 100% - 10% = 90%.

The probability of smallpox survival without vaccination (given lack of vaccination) can be calculated by dividing the probability of lack of vaccination and smallpox survival by the probability of lack of vaccination. So, it's 38% / 90% = 0.4222 or approximately 42.22%.

The probability of smallpox survival with vaccination (given vaccination) can similarly be calculated by dividing the probability of vaccination and smallpox survival by the probability of vaccination. So, it's 6% / 10% = 0.6 or 60%.

Now, comparing these probabilities:
- The probability of smallpox survival given vaccination is 60%.
- The probability of smallpox survival given no vaccination is approximately 42.22%.

This indicates that the chance of smallpox survival is indeed larger when observing vaccination.

**Step-by-Step Reasoning:**
1. Calculate the probability of lack of vaccination: 100% - 10% = 90%.
2. Calculate the probability of smallpox survival without vaccination: 38% / 90% ≈ 42.22%.
3. Calculate the probability of smallpox survival with vaccination: 6% / 10% = 60%.
4. Compare the probabilities to determine if vaccination increases the chance of smallpox survival.

**Yes or No Answer:** Yes"
815,yes,"Step-by-Step Reasoning:**
1. Calculate the probability of a low hospital bill: 100% - 56% = 44%.
2. Calculate the overall probability of recovery by considering both low and high hospital bill groups.
3. For low bills: 44% * 67% = 29.48%.
4. For high bills: 56% * 32% = 17.92%.
5. Add both to get the overall recovery probability: 29.48% + 17.92% = 47.4%.
6. Compare the overall recovery probability (47.4%) to the probability of non-recovery (52.6%) to conclude.

**Yes or No Answer:** Yes."
816,yes,"Step-by-step reasoning:**
1. Understand the given probabilities: 91% of the population is obese, 7% are of normal weight and live long, and 58% of obese individuals live long.
2. Recognize the question asks for a comparison of the chance of long lifespan between obese and non-obese populations.
3. Acknowledge the data suggests a significant portion of obese individuals live long lives but does not directly provide the probability of long lifespan in non-obese individuals for a clear comparison.
4. Consider the implications of the high prevalence of obesity and its overlap with long lifespan.

**Yes or No answer:** No"
817,yes,"Step-by-step reasoning:
1. Calculate the probability of college admission given smoking using the formula P(CA|S) = P(S and CA) / P(S).
2. Calculate the overall probability of college admission by summing the probabilities of college admission among smokers and nonsmokers.
3. Compare P(CA|S) with the overall P(CA) to determine if the chance of college admission is larger when observing smoking.

Yes or no answer: No."
818,yes,"Step-by-Step Reasoning**:
    - Identify the probabilities of the alarm ringing in different scenarios.
    - Analyze the influence of the husband's action on the wife's action.
    - Determine if the husband's action increases the probability of the alarm ringing through the wife's action.

3. **Yes or No Answer**: No."
819,yes,"step by step.

1. **Full Response**: The probability of a student being talented is 15%, which means the probability of a student not being talented is 100% - 15% = 85%. For both talented and non-talented students, the probability of being hard-working is the same, at 9%. This implies that the effort or tendency to be hard-working is independent of talent. To determine if being hard-working is less likely than being lazy overall, we need to calculate the overall probability of being hard-working and compare it with the probability of being lazy.

Given:
- Probability of being talented = 15% or 0.15
- Probability of not being talented = 85% or 0.85
- Probability of being hard-working if talented = 9% or 0.09
- Probability of being hard-working if not talented = 9% or 0.09

The overall probability of being hard-working can be calculated by adding the probability of being hard-working and talented to the probability of being hard-working and not talented:
\[ P(\text{hard-working}) = P(\text{talented and hard-working}) + P(\text{not talented and hard-working}) \]
\[ P(\text{hard-working}) = (0.15 \times 0.09) + (0.85 \times 0.09) \]
\[ P(\text{hard-working}) = 0.0135 + 0.0765 \]
\[ P(\text{hard-working}) = 0.09 \]

This means the overall probability of being hard-working is 9%. Since the probability of being lazy is the complement of being hard-working (100% - probability of being hard-working), we can calculate it as follows:
\[ P(\text{lazy}) = 1 - P(\text{hard-working}) \]
\[ P(\text{lazy}) = 1 - 0.09 \]
\[ P(\text{lazy}) = 0.91 \]

Therefore, being hard-working (9% chance) is less likely than being lazy (91% chance) overall.

2. **Concise Step-by-Step Reasoning**:
- Calculate the probability of not being talented.
- Determine the overall probability of being hard-working by considering both talented and non-talented students.
- Calculate the probability of being lazy as the complement of being hard-working.
- Compare the probabilities to conclude which is more likely.

3. **Yes or No Answer**: Yes."
820,yes,"Step-by-step reasoning:
1. Consider the factors that influence recovery from kidney stones, such as stone size.
2. Evaluate Method 1, which looks at the general correlation between treatment and recovery without accounting for specific factors like stone size.
3. Evaluate Method 2, which considers the correlation on a case-by-case basis, taking into account the size of the kidney stone.
4. Recognize that the effectiveness of treatment can vary based on the size of the kidney stone, suggesting that a more tailored approach (Method 2) could provide more accurate insights into how treatment affects recovery.

Yes or no answer: No."
821,yes,"Full Response:
When examining the relationship between maternal smoking status and infant birth weight, it's crucial to consider the role of unobserved confounders. Unobserved confounders are variables that can affect the outcome (in this case, infant birth weight) and are related to the exposure (maternal smoking status) but are not accounted for in the analysis. Method 1 looks at the general correlation between maternal smoking and infant birth weight without considering these confounders, which could lead to biased estimates if there are significant unobserved factors at play. For instance, socioeconomic status, access to prenatal care, and nutritional habits can all influence both the likelihood of a mother smoking and the birth weight of her infant. Method 2, on the other hand, attempts to account for these unobserved confounders on a case-by-case basis, potentially offering a more nuanced and accurate understanding of the relationship between maternal smoking and infant birth weight.

Summary of the Full Response:
1. Method 1 examines the general correlation without considering unobserved confounders.
2. Unobserved confounders can significantly bias the results if not accounted for.
3. Method 2 attempts to account for these confounders case by case, potentially providing a more accurate relationship between maternal smoking and infant birth weight.

Yes or No Answer: No"
822,yes,"step-by-step reasoning for the answer:
1. Calculate the probability of not receiving treatment: 100% - 52% = 48%.
2. Calculate the probability of recovery given treatment: 0.73 * 0.52.
3. Calculate the probability of recovery given no treatment: 0.45 * 0.48.
4. Calculate the overall probability of recovery: (0.73 * 0.52) + (0.45 * 0.48) = 0.5956 or 59.56%.
5. Compare the overall probability of recovery to the probability of non-recovery to determine which is more likely.

Yes."
823,yes,"Step-by-Step Reasoning:**
1. Examine the probabilities of high salary by gender and occupation type.
2. Consider how skill level affects the likelihood of having a white-collar job by gender.
3. Assess the overall impact of gender on salary through occupation, considering the intersections of skill level and occupational opportunities.

**Yes or No Answer:** No"
824,yes,"Step-by-step reasoning:
1. **Understanding Method 1**: It analyzes the correlation between parents' and child's intelligence on a case-by-case basis, considering parents' social status.
2. **Understanding Method 2**: It examines the general correlation between parents' and child's intelligence without accounting for social status.
3. **Comparing the methods**: Method 1 provides a nuanced view by considering socio-economic factors, while Method 2 offers a broader but potentially less detailed perspective.
4. **Conclusion**: Method 1 is more correct for understanding the nuanced impact of parents' intelligence on child's intelligence due to its consideration of socio-economic factors.

Yes or no answer: Yes."
825,yes,"Step-by-Step Reasoning:**
1. Calculate the weighted average probability of penguin death for those taking the stairs by considering the probabilities of penguin death when penguins are sad and happy.
2. Calculate the weighted average probability of penguin death for those taking the elevator by considering the probabilities of penguin death when penguins are sad and happy.
3. Compare the two probabilities to determine which option has a higher probability of penguin death.

**Yes or No Answer:** Yes"
826,yes,"Step-by-step reasoning:
1. Determine the probability of mean personalities: 100% - 5% (kind) = 95%.
2. Calculate the contribution of kind personalities to the overall attractive appearance probability: 0.05 * 0.88.
3. Calculate the contribution of mean personalities to the overall attractive appearance probability: 0.95 * 0.88.
4. Add the contributions to find the overall probability of attractive appearance: 0.044 + 0.836 = 0.88.
5. Compare the overall probability of attractive appearance to 50% to determine if it's more likely than unattractive appearance.

Yes or no answer: Yes."
827,yes,"Step-by-Step Reasoning**:
- Compare admission acceptance rates by gender within each department type.
- Examine the probabilities of choosing a competitive department based on gender and residency.
- Assess how these probabilities interact with the overall residency status to understand any potential gender-based advantage in admission.

3. **Yes or No Answer**: No."
828,yes,"Step-by-step reasoning:
   - Identify the probabilities of wet ground in both seasons: 46% in the dry season and 47% in the rainy season.
   - Understand the question is asking about a hypothetical scenario where the season is rainy but considering the outcome if it were dry.
   - Recognize that moving from a rainy season to a dry season would decrease the probability of wet ground, given the percentages provided.

3. Yes."
829,yes,"Step-by-Step Reasoning:**
1. Calculate the probability of the alarm being set and ringing: 77% * 80%.
2. Calculate the probability of the alarm not being set but still ringing: 23% * 40%.
3. Sum these probabilities to find the total probability of the alarm ringing.
4. Compare the total probability of the alarm ringing to the probability of the alarm not ringing to determine which is more likely.

**Yes or No Answer:** No"
830,yes,"Step-by-Step Reasoning:**
1. Method 1 provides a general overview of gender correlation with admission status.
2. Method 2 offers a detailed analysis considering departmental differences.
3. Method 2's detailed approach can uncover specific disparities that Method 1 might miss.
4. Ignoring departmental variability (as in Method 1) could lead to an incomplete understanding.
5. Therefore, considering department competitiveness (Method 2) is crucial for accuracy.

**Yes or No Answer:** No."
831,yes,"Step-by-Step Reasoning:
- The forest catches fire if either the camper or the chain-smoker lights a match.
- The chain-smoker lights a match.
- The camper's action (lighting or not lighting a match) does not affect the chain-smoker's match being lit.
- The forest will burn if the chain-smoker's lit match is the cause, regardless of the camper's action.

3. Yes or No Answer: Yes"
832,yes,"Step-by-step reasoning:
1. Calculate the probability of not being male: 100% - 84% = 16%.
2. Calculate the contribution of non-males to the overall acceptance rate: 16% * 74% = 11.84%.
3. Calculate the contribution of males to the overall acceptance rate: 84% * 42% = 35.28%.
4. Calculate the overall probability of admission acceptance: 11.84% + 35.28% = 47.12%.
5. Determine if admission acceptance is more likely than rejection by comparing the overall acceptance rate to 50%.

Yes or no answer: No."
833,no,"Step-by-step reasoning:
   - Understand the given probabilities for wet ground in both seasons.
   - Recognize what a negative effect would imply (lower probability in the rainy season).
   - Compare the probabilities to determine if there's a significant difference.
   - Conclude based on the comparison whether the season negatively affects the ground.

3. No."
834,yes,"Step-by-Step Reasoning**:
- Identify the probabilities of high tar deposit in nonsmokers and smokers.
- Examine how the presence of tar deposits affects the probability of lung cancer in both groups.
- Consider the overall impact of smoking on lung cancer through tar deposits, acknowledging the unusual nature of the provided data.
- Recognize the discrepancy between the given data and real-world understanding of smoking, tar, and lung cancer relationships.

3. **Yes or No Answer**: No"
835,yes,"Step-by-Step Reasoning**:
   - Identify the probabilities of high exam scores for encouraged and not encouraged students.
   - Compare these probabilities to determine the effect of encouragement.
   - Recognize that a higher probability for encouraged students indicates a positive effect of encouragement.

3. **Yes or No Answer**: No"
836,yes,"Step-by-step reasoning:
1. Identify the recovery probabilities for each age and billing group.
2. Compare the recovery probabilities for low versus high hospital bills within each age group.
3. Recognize that in both age groups, lower hospital bills are associated with higher recovery probabilities.

Yes or no answer: Yes."
837,yes,"Step-by-Step Reasoning**:
- Identify probabilities of employee being fired based on manager and director actions.
- Calculate weighted average probabilities for scenarios where the manager signs and does not sign the termination letter, considering the director's action probabilities.
- Compare these weighted averages to determine if signing the termination letter increases the likelihood of the employee being fired.

3. **Yes or No Answer**: Yes."
838,yes,"Step-by-Step Reasoning:**
1. Understand the given relationships: Old age is associated with high hospital bills, and both are linked to recovery.
2. Introduce the opposite scenario: Consider a low hospital bill instead of a high one.
3. Account for the patient's age: The patient is young, which might independently affect recovery.
4. Analyze the potential impact of a low hospital bill on a young patient's recovery, considering age as a separate factor.

**Yes or No Answer:** No"
839,yes,"Step-by-Step Reasoning**
1. Encouragement leads to studying hard.
2. Studying hard can lead to high exam scores.
3. The presence of encouragement or studying hard contributes to high exam scores.
4. If discouragement (opposite of encouragement) is present, it likely negatively affects studying habits.
5. Negative studying habits (not studying hard) could lead to lower exam scores.
6. Therefore, if a student receives discouragement instead of encouragement, it could lead to a low exam score due to the potential decrease in studying effort.

**Yes or No Answer**
Yes"
840,yes,"Step-by-step reasoning:
1. **Understanding Method 1**: It involves a general analysis of the correlation between smoking and college admission.
2. **Understanding Method 2**: It involves a case-by-case analysis considering individual effort.
3. **Comparing Methods**: Method 1 provides general trends but lacks depth in individual variations, while Method 2 offers nuanced insights by considering effort.
4. **Considering the Opposite**: If Method 2 is more accurate, individual effort significantly impacts the relationship between smoking and college admission.
5. **Conclusion**: For a nuanced understanding that considers individual factors like effort, Method 2 is preferable, but the question asks if Method 1 is more correct than Method 2 for a general understanding.

Yes or no answer: No."
841,yes,"step-by-step reasoning:
- Identify the factors that contribute to lung cancer: smoking gene, high pollution, and smoking.
- Recognize that high pollution is a constant factor in this scenario.
- Consider how a smoking gene might influence behavior (increased likelihood of smoking) and thus affect lung cancer risk.
- Evaluate if the presence of a smoking gene, as opposed to a nonsmoking gene, in a high-pollution environment would increase the risk of lung cancer due to potential increased smoking behavior.

3. Yes."
842,yes,"Step-by-Step Reasoning**
1. Old age leads to high hospital bills.
2. Old age or high hospital bills can lead to recovery.
3. The patient is old, which could lead to recovery directly due to age or indirectly through the high hospital bills associated with older age.
4. Considering the scenario where the patient has a high hospital bill instead of a low one, we must determine if this would impact recovery.
5. Since high hospital bills are already posited as a potential pathway to recovery, having a high hospital bill, in theory, should not hinder but rather support the possibility of recovery, based on the given premises.

**Yes or No Answer**
Yes"
843,yes,"Step-by-step reasoning:
1. Understand the given probabilities: 89% for not blowing out candles and 58% for blowing out candles.
2. Recognize the scenario in question involves a person who has already blown out candles.
3. Acknowledge that the act of blowing out candles affects the room's lighting state.
4. Compare the probabilities in the context of the question: the relevant probability for someone who has blown out candles is 58%, which is the direct outcome of their action.

Yes or no answer: Yes."
844,yes,"Step-by-Step Reasoning:**
1. **Understanding the Goal**: The objective is to comprehend the impact of respiratory issues on broken bones.
2. **Analyzing Method 1**: This method provides a detailed, case-by-case analysis focusing on hospitalization, which can reveal specific clinical correlations and complications.
3. **Analyzing Method 2**: This method offers a broader perspective, looking at the general population to identify overall trends between respiratory issues and broken bones.
4. **Comparing Methods**: Method 1 is more tailored to understanding clinical correlations and management within a hospital setting, while Method 2 provides a general understanding of the relationship across the population.
5. **Conclusion**: For understanding how respiratory issues affect broken bones specifically in the context of hospital care and management, Method 1 could be considered more appropriate due to its focus on individual cases and hospitalization status.

**Yes or No Answer**: Yes"
845,yes,"Step-by-Step Reasoning:**
1. Calculate the probability of not having a college degree: 100% - 51% = 49%.
2. Calculate the probability of high salary among those without a college degree: 0.32 * 0.49.
3. Calculate the probability of high salary among those with a college degree or higher: 0.64 * 0.51.
4. Add the probabilities of high salary from both groups to find the overall probability of high salary.
5. Compare the overall probability of high salary to 50% to determine if high salary is more likely than low salary.

**Yes or No Answer:** No"
846,yes,"Step-by-Step Reasoning**:
   - Identify the relevant groups: hospitalized individuals with and without respiratory issues.
   - Note the probability of broken bones for each group: 29% for those without respiratory issues and 30% for those with respiratory issues.
   - Compare these probabilities to determine if having respiratory issues increases the chance of broken bones.

3. **Yes or No Answer**: Yes."
847,yes,"Step-by-step reasoning:
1. Identify given probabilities: Smoking = 12%, Nonsmoking and lung cancer = 12%, Smoking and lung cancer = 4%.
2. Recognize that direct comparison requires normalization by the population size of smokers and nonsmokers.
3. Consider that without explicit population sizes, direct comparison might be misleading.

Yes or no answer: Yes."
848,yes,"Step-by-Step Reasoning**:
- Calculate the overall recovery rate without the vaccine using weighted averages based on the prevalence of pre-conditions.
- Calculate the overall recovery rate with the vaccine using the same method.
- Compare the two overall recovery rates to determine the impact of the vaccine on the chance of recovering from the disease.

3. **Yes or No Answer**: Yes."
849,yes,"Step-by-step reasoning:
1. **Understand Method 1**: It looks at the general correlation between gender and salary across all occupations.
2. **Understand Method 2**: It examines the correlation between gender and salary on a case-by-case basis according to occupation.
3. **Consider the limitations of Method 1**: It may not account for occupational variations that significantly influence salary.
4. **Consider the benefits of Method 2**: It provides a nuanced view by considering the specific conditions of each occupation.
5. **Evaluate the opposite perspective**: Assuming Method 1 is more correct overlooks the importance of occupational context.

Yes or no answer: No."
850,yes,"Step-by-step reasoning:
1. Calculate the probability of having no tar deposit for both nonsmokers and smokers.
2. Calculate the weighted probability of lung cancer for nonsmokers and smokers based on their tar deposit status.
3. Compare the overall probabilities of lung cancer for nonsmokers and smokers.

Given the calculations, the overall probability of lung cancer for nonsmokers (51.58%) is higher than for smokers (33.64%). This means that, based on the given probabilities, it would actually be less likely for a smoker to see lung cancer compared to if they had been a nonsmoker, according to the provided data.

Yes or no answer: No"
851,yes,"Step-by-Step Reasoning**
1. Tanning salon treatments cause tanned skin.
2. The person does not go to the beach, which is another cause of tanned skin.
3. Without beach exposure, the only considered factor for tanned skin in this scenario is tanning salon treatment.
4. If the person undergoes tanning salon treatment, they are exposed to a known cause of tanned skin.
5. Therefore, it is reasonable to conclude that with tanning salon treatment, the person would likely have tanned skin.

**Yes or No Answer**
Yes"
852,yes,"Step-by-Step Reasoning**:
   - Identify the probability of high infant mortality for infants with nonsmoking mothers: 80%.
   - Identify the probability of high infant mortality for infants with smoking mothers: 61%.
   - Compare the two probabilities to determine the effect of smoking on infant mortality rates.
   - If the probability is lower for smoking mothers, conclude that smoking decreases the chance of high infant mortality based on the given data.

3. **Yes or No Answer**: Yes"
853,yes,"Step-by-step reasoning:
1. Calculate the weighted average of admission probabilities for females considering the distribution between competitive and non-competitive departments.
2. Calculate the weighted average of admission probabilities for males considering the distribution between competitive and non-competitive departments.
3. Compare the overall admission probabilities for females and males to determine if gender has a positive effect on admission status.

Yes or no answer: No."
854,yes,"Step-by-Step Reasoning**:
   - Identify the probability of death when a prisoner is released: 24%.
   - Identify the probability of death when a prisoner is executed: 71%.
   - Compare these probabilities to determine the effect of the captain's order to execute on the chance of the prisoner's death.
   - Since 71% (execute) is greater than 24% (release), executing increases the chance of death, not decreases it.

3. **Yes or No Answer**: No"
855,yes,"Step-by-step reasoning:
1. Identify the relevant probabilities for students accepted to elite institutions.
2. Compare the probability of being hard-working for talented students (53%) to that of non-talented students (82%) within this group.
3. Determine if there is a decrease in the chance of being hard-working when considering talent among students accepted to elite institutions.

Yes or no answer: Yes."
856,yes,"Step-by-Step Reasoning**:
- Compare probabilities of high infant mortality based on maternal smoking status and infant birth weight.
- Examine the relationship between maternal smoking, infant health, and birth weight.
- Consider the interaction effects and how they influence infant mortality.
- Assess if the data supports a negative effect of maternal smoking on infant mortality through birth weight.

3. **Yes or No Answer**: No."
857,yes,"Step-by-step reasoning:
1. Calculate the overall probability of college admission for nonsmokers by considering their work ethic.
2. Calculate the overall probability of college admission for smokers by considering their work ethic.
3. Compare the overall probabilities to determine if smoking negatively affects college admission.

Yes or no answer: Yes."
858,no,"Step-by-step reasoning:
1. Identify the probabilities of cholera contraction and clean water for both local and global water companies.
2. Compare these probabilities to determine if there's an inverse relationship between clean water access and cholera contraction risk.
3. Analyze the implications of the data: If clean water increased the risk of cholera, the global water company's customers should have a higher cholera contraction rate due to their higher clean water probability, which is not observed.

No."
859,yes,"Step-by-step reasoning:
1. Calculate the probability of the prisoner's death if the captain orders execution: 55% * 53% = 29.15%.
2. Calculate the probability of the prisoner's death if the captain does not order execution: 45% * 20% = 9%.
3. Add both probabilities to find the overall probability of the prisoner's death: 29.15% + 9% = 38.15%.
4. Compare the overall probability of death (38.15%) to the probability of being alive (100% - 38.15% = 61.85%): since 38.15% is less than 50%, the prisoner is more likely to be alive.

Yes or no answer: No."
860,yes,"Step-by-Step Reasoning**:
- Identify the probability of smoking: 11%.
- Compare the probability of nonsmoking and college admission (76%) with the probability of smoking and college admission (3%).
- Recognize that a lower percentage of smokers are admitted to college compared to nonsmokers.
- Infer that smoking is associated with a lower likelihood of college admission based on the given probabilities.

3. **Yes or No Answer**: Yes"
861,yes,"Step-by-step reasoning:
1. Identify the probabilities of high infant mortality for each group.
2. Compare these probabilities between smoking and nonsmoking mothers for both low and normal birth weights.
3. Consider the implications of these comparisons on the overall effect of maternal smoking on infant mortality, disregarding birth weight.
4. Realize that lower percentages of high infant mortality among smoking mothers in the provided scenarios suggest a potential positive effect when not considering birth weight, contrary to typical expectations.

Yes or no answer: Yes."
862,yes,"Step-by-Step Reasoning**:
- Calculate P(Tanned Skin | Tanning Salon) = P(Tanning Salon and Tanned Skin) / P(Tanning Salon)
- Calculate P(Tanned Skin | No Tanning Salon) = P(No Tanning Salon and Tanned Skin) / P(No Tanning Salon)
- Compare these two probabilities to determine if the chance of tanned skin is smaller with tanning salon treatment.

3. **Yes or No Answer**: 
To calculate:
- P(Tanned Skin | Tanning Salon) = 0.27 / 0.91 ≈ 0.297
- P(Tanned Skin | No Tanning Salon) = 0.06 / 0.09 ≈ 0.667

Given that 0.297 (probability of tanned skin given tanning salon treatment) is less than 0.667 (probability of tanned skin given no tanning salon treatment), the answer to whether the chance of tanned skin is smaller when observing tanning salon treatment is: **Yes**."
863,yes,"Step-by-Step Reasoning:**
1. Identify the probabilities of recovery for small and large kidney stones with and without treatment.
2. Calculate the overall probability of recovery without treatment using the probabilities of small and large kidney stones.
3. Calculate the overall probability of recovery with treatment using the same method.
4. Compare the overall probabilities of recovery with and without treatment to determine which scenario is more likely to result in recovery.

**Yes or No Answer:** Yes"
864,yes,"Step-by-Step Reasoning:
1. Identify the probability of the forest on fire without a match being lit: 71%.
2. Identify the probability of the forest on fire with a match being lit: 57%.
3. Compare the two probabilities to determine the effect of lighting a match on the risk of the forest fire.
4. Since 57% is less than 71%, conclude that lighting a match is associated with a decreased probability of the forest catching fire.

Yes or No Answer: No"
865,yes,"Step-by-step reasoning:
1. Method 1 provides a general overview of the correlation between vaccination and disease.
2. Method 2 offers a detailed, case-by-case analysis considering various pre-conditions.
3. The effectiveness of vaccination can vary based on several factors, including disease type, vaccine type, and population health status.
4. A more personalized approach (Method 2) can better account for these variations.

Yes or no answer: No."
866,yes,"Step-by-Step Reasoning:**
1. Identify the probabilities of parents being intelligent and unintelligent.
2. Calculate the probability of a child being intelligent given both scenarios of parental intelligence.
3. Use the formula for conditional probability to calculate the overall probability of a child being intelligent.
4. Compare the calculated probability with the probability of a child being unintelligent to determine which is more likely.

**Yes or No Answer:** Yes"
867,yes,"Step-by-step reasoning:
1. **Identify the goal**: Understand how seasons affect ground conditions.
2. **Analyze Method 1**: General correlation between seasons and ground conditions without specific variables.
3. **Analyze Method 2**: Correlation analyzed case by case, specifically considering sprinkler systems.
4. **Compare methods**: Method 1 provides a broader, more generalizable understanding, while Method 2 offers detailed insights under specific conditions.
5. **Conclusion**: For a general understanding of seasonal effects on ground, Method 1 is more appropriate.

Yes."
868,yes,"Step-by-step reasoning:
1. Understand the given probabilities: 72% for taking the elevator, 14% for taking the stairs and penguin death, and 30% for taking the elevator and penguin death.
2. Recognize that to compare the chance of penguin death, we ideally need conditional probabilities (penguin death given the action).
3. Since direct calculation isn't provided, consider the proportions and implications of the given probabilities.

Yes or no answer: Yes."
869,yes,"Step-by-step reasoning:
1. Compare the probability of a healthy heart for those taking medication (31%) to those not taking medication (45%).
2. Determine if taking medication increases the probability by checking if the percentage is higher for those taking medication.
3. Since 31% (taking medication) is less than 45% (not taking medication), conclude that taking medication does not increase the chance of a healthy heart based on the given probabilities.

Yes or no answer: No."
870,yes,"Step-by-step reasoning:
1. **Understanding Method 1**: Analyzing treatment and recovery correlations case by case, considering gender.
2. **Understanding Method 2**: Analyzing treatment and recovery correlations in general, without considering gender.
3. **Comparing Methods**: Method 1 provides gender-specific insights, while Method 2 offers a generalized view.
4. **Considering the Opposite**: If Method 2 were better, gender would have no impact on treatment outcomes, but this seems unlikely given potential biological and response differences.
5. **Conclusion**: Given the potential for gender to influence treatment outcomes, a method that accounts for gender (Method 1) is more nuanced and likely more correct for understanding how treatment affects recovery.

Yes or no answer: Yes."
871,yes,"Step-by-Step Reasoning:
1. Identify the given probabilities: 90% for alarm ringing when not set by the husband, and 25% when set by the husband.
2. Understand the implication: Setting the alarm is associated with a lower likelihood of the alarm ringing.
3. Consider the opposite scenario: If the husband does not set the alarm, the probability of the alarm ringing increases to 90%.
4. Compare the probabilities: 90% (not setting) vs. 25% (setting) indicates not setting the alarm is associated with a higher chance of the alarm ringing.

Yes or No Answer: No"
872,yes,"Step-by-Step Reasoning**:
- Identify the probabilities of normal infant birth weight and smoking mothers in both low and high cigarette tax areas.
- Recognize the apparent paradox where areas with a higher probability of smoking mothers have a higher probability of normal infant birth weight.
- Consider that the relationship might not be directly causal but could be influenced by other variables related to socioeconomic status, healthcare access, and public health efforts.
- Understand that correlation does not imply causation, and the data provided does not directly answer whether smoking increases the chance of normal infant birth weight.

3. **Yes or No Answer**: No"
873,no,"Step-by-Step Reasoning**:
- Identify given probabilities: P(S) = 0.85, P(NS & LC) = 0.09, P(S & LC) = 0.44.
- Calculate P(LC|S) using the conditional probability formula: P(LC|S) = P(S & LC) / P(S).
- Compare P(LC|S) with the overall probability of lung cancer to determine if smoking decreases the chance of lung cancer.

3. **Yes or No Answer**: 
To directly answer the question, we must calculate P(LC|S) and consider its implications:
P(LC|S) = 0.44 / 0.85 ≈ 0.518 or 51.8%.

Given that the probability of lung cancer among smokers (51.8%) is higher than the probability of nonsmoking and lung cancer (9%), and considering the context of the question which asks if the chance of lung cancer is smaller when observing smoking, the answer would reflect the comparison between these probabilities and the overall risk context.

**No**"
874,no,"step-by-step reasoning for this involves:
   - Understanding the given probabilities: 73% for children of unintelligent parents being intelligent, and 46% for children of intelligent parents being intelligent.
   - Recognizing the question is about comparative likelihoods based on parental intelligence.
   - Realizing the question essentially asks whether having unintelligent parents (hypothetically, for a child who actually has intelligent parents) would decrease the likelihood of the child being intelligent compared to the actual scenario of having intelligent parents.

3. No."
875,no,"Step-by-step reasoning:
   - Identify the probability of admission acceptance for males: 38%.
   - Identify the probability of admission acceptance for non-males: 68%.
   - Consider the scenario where a male individual is not male, thus applying the non-male probability.
   - Compare the probabilities to determine the likelihood of admission acceptance.

3. No"
876,yes,"Step-by-Step Reasoning**:
   - Method 1 analyzes the correlation on a case-by-case basis, including the impact of traffic.
   - Method 2 looks at the general correlation without considering specific factors like traffic.
   - Considering the opposite scenario highlights the importance of including variable factors like traffic.
   - Method 1 provides a more detailed analysis by accounting for specific conditions.

3. **Yes or No Answer**: Yes."
877,yes,"Step-by-Step Reasoning:**
1. Calculate the probability of tanned skin among tanning salon users: 85% * 35%.
2. Calculate the probability of tanned skin among non-users: 15% * 75%.
3. Add these probabilities to find the overall probability of tanned skin.
4. Determine if this overall probability is greater than 50% to decide if tanned skin is more likely than pale skin.

**Yes or No Answer:** No"
878,yes,"Step-by-step reasoning:
1. Consider the nature of the relationship between the man and the room.
2. Evaluate the benefits of a general (Method 1) versus a specific, conditional approach (Method 2).
3. Recognize that a case-by-case analysis (Method 2) can provide deeper insights into complex relationships.

Yes or no answer: No."
879,yes,"Step-by-step reasoning:
1. Identify the given probabilities: P(elevator) = 77%, P(stairs and penguin death) = 10%, P(elevator and penguin death) = 38%.
2. Recognize that the probability of penguin death given that the elevator is taken (conditional probability) is what we are trying to compare.
3. Since the direct conditional probability is not given, consider the implications of the provided probabilities on the relationship between taking the elevator and penguin death.
4. Compare the probabilities to determine the association between taking the elevator and penguin death.

Yes or no answer: Yes"
880,yes,"Step-by-Step Reasoning:
- Waking up late typically causes delays in getting ready for school.
- The absence of traffic reduces travel time to school but doesn't affect the time needed to get ready.
- Waking up late still causes an initial delay, regardless of traffic conditions.

3. Yes or no answer: Yes."
881,yes,"Step-by-step reasoning:
1. Calculate the probability of being normal weight: 100% - 19% = 81%.
2. Calculate the weighted probability of long lifespan for normal weight individuals: 81% * 78% = 63.18%.
3. Calculate the weighted probability of long lifespan for obese individuals: 19% * 47% = 8.93%.
4. Add the weighted probabilities to get the overall probability of long lifespan: 63.18% + 8.93% = 72.11%.
5. Compare the overall probability of long lifespan (72.11%) to 50% to determine if long lifespan is more likely.

Yes."
882,yes,"Step-by-step reasoning:
   - The captain's order to execute leads to the corporal and private shooting.
   - The shootings cause the prisoner's death.
   - If the captain orders the prisoner's release instead, the shootings do not occur.
   - Without the shootings, the prisoner does not die from these actions.

3. Yes."
883,yes,"Step-by-Step Reasoning:**
1. Identify the probabilities given for each scenario.
2. Attempt to reconcile or average inconsistent probabilities for a clearer comparison.
3. Compare the scenarios to determine if signing affects the outcome.
4. Recognize the question's focus is on the influence of the manager's action on the CEO's decision.

**Yes or No Answer:** No"
884,yes,"Step-by-step reasoning:
1. Calculate the probability of lung cancer for nonsmokers by considering the probabilities of high and no tar deposits and their respective lung cancer rates.
2. Calculate the probability of lung cancer for smokers using the same method.
3. Compare the overall probabilities of lung cancer for smokers and nonsmokers to determine if smoking decreases the chance of lung cancer.

Yes or no answer: No."
885,yes,"Step-by-step reasoning:
1. Understand the given correlation (-0.04) and its implications (very weak negative relationship).
2. Consider what a strong positive correlation would imply (kindness significantly impacting attractiveness).
3. Recognize that a weak correlation does not support the idea that kindness affects attractive appearance substantially.

Yes or no answer: No"
886,yes,"Step-by-Step Reasoning**:
   - Identify the research question: Understanding how water quality affects cholera.
   - Consider the role of poverty as a confounding variable.
   - Method 1 accounts for poverty, offering a nuanced view of the relationship in impoverished areas.
   - Method 2 provides a general overview without considering socioeconomic factors.
   - Determine which method better addresses the complexity of the issue, including the impact of poverty.

3. **Yes or No Answer**: Yes."
887,yes,"Step-by-step reasoning:
1. Calculate the probability of tanned skin given tanning salon treatment, P(S|T), using the formula P(S|T) = P(T ∩ S) / P(T).
2. Calculate the overall probability of tanned skin, P(S), by adding the probabilities of tanned skin with and without tanning salon treatment.
3. Compare P(S|T) to P(S) to determine if the chance of tanned skin is smaller when observing tanning salon treatment.

Yes or no answer: Yes."
888,yes,"Step-by-step reasoning:
1. Calculate the probability of a camper not lighting a match: 100% - 93% = 7%.
2. Calculate the probability of the forest being on fire when a camper does not light a match: 79% * 7% = 5.53%.
3. Calculate the probability of the forest being on fire when a camper lights a match: 65% * 93% = 60.45%.
4. Calculate the total probability of the forest being on fire: 5.53% + 60.45% = 65.98%.
5. Compare the probability of the forest being on fire (65.98%) to the probability of the forest not being on fire (34.02%).

Yes or no answer: No."
889,yes,"step-by-step reasoning:
1. Method 1 provides a general overview of the correlation between vaccination and disease.
2. Method 2 offers a detailed, case-by-case analysis considering pre-conditions.
3. Method 2's approach is more comprehensive due to its consideration of individual factors.

Yes or no answer: No."
890,yes,"Step-by-Step Reasoning**:
- Identify given probabilities: College degree or higher = 50%, High school degree or lower and high salary = 34%, College degree or higher and high salary = 16%.
- Calculate the probability of a high salary given a college degree or higher: 16% / 50% = 32%.
- Compare this calculated probability with the implication of the given data to assess if a college degree or higher increases the chance of a high salary.

3. **Yes or No Answer**: No."
891,yes,"Step-by-Step Reasoning:**
1. Calculate the probability of small kidney stones: 100% - 54% = 46%.
2. Calculate the overall probability of recovery without treatment using weighted averages based on stone size and treatment status.
3. Calculate the overall probability of recovery with treatment similarly.
4. Compare the two overall probabilities to determine if treatment increases the chance of recovery.

**Yes or No Answer:** No"
892,yes,"Step-by-Step Reasoning**:
   - Identify the factors that cause lateness to school: waking up late and heavy traffic.
   - Note the absence of one factor (heavy traffic).
   - Consider the impact of waking up on time on the ability to arrive at school on time without traffic.
   - Conclude that without traffic and by waking up on time, the conditions for arriving on time are met.

3. **Yes or No Answer**: Yes"
893,no,"Step-by-Step Reasoning**:
   - Identify the given probabilities: P(Intelligent Parents) = 19%, P(Unintelligent Parents & Intelligent Child) = 42%, P(Intelligent Parents & Intelligent Child) = 5%.
   - Recognize that the probability of an intelligent child given intelligent parents (conditional probability) is what we are trying to compare.
   - Understand that without the explicit probability of unintelligent parents, we cannot directly calculate the conditional probability using the formula P(Intelligent Child | Intelligent Parents) = P(Intelligent Parents & Intelligent Child) / P(Intelligent Parents). However, we can infer based on the given data and the principle of conditional probability.

3. **Yes or No Answer**: Yes. 

The reasoning behind this answer is based on understanding that the given probabilities, although not directly providing a comparison, suggest a relationship where the occurrence of intelligent children is noted in both scenarios of parent intelligence. The key is recognizing that the probability of intelligent parents having an intelligent child (5%) is a specific instance and does not directly compare to the 42% without considering the base rates of intelligent and unintelligent parents and how these probabilities are distributed. The actual calculation of conditional probability would require more specific information about the overall population of intelligent and unintelligent individuals and their offspring. However, the question seems to guide towards understanding that observing intelligent parents could imply a different (potentially higher, given the context) chance of an intelligent child compared to the general population, based on the information provided."
894,yes,"Step-by-Step Reasoning:
- Intelligent parents contribute to high parental social status.
- High parental social status, along with intelligent parents, contributes to the child being intelligent.
- The confounder is inactive, which we are controlling for.
- If parents are unintelligent, they likely do not contribute to high parental social status through their intelligence.
- Without the factor of intelligent parents, the pathway to the child being intelligent is disrupted.

3. Yes or No Answer: No"
895,yes,"Step-by-step reasoning:
1. **Understanding the given probabilities**: The probability of being a nonsmoker and having lung cancer (42%) and the probability of being a smoker and having lung cancer (41%) are close but do not directly answer the question without knowing the total population or the distribution of smokers and nonsmokers with lung cancer.
2. **Comparing probabilities**: The probability of smoking and lung cancer (41%) is less than the probability of nonsmoking and lung cancer (42%), which might initially suggest that the chance of lung cancer could be higher in nonsmokers. However, this comparison is not normalized by the prevalence of smoking and nonsmoking in the population.
3. **Considering the population distribution**: Since the overall probability of smoking is 45%, this means 55% are nonsmokers. The fact that 42% of the population are nonsmokers with lung cancer and 41% are smokers with lung cancer does not directly inform us about the relative risk without considering these base rates.

Given the information and typical interpretations of such data, the comparison of the risk of lung cancer between smokers and nonsmokers isn't straightforward without calculating or being given the conditional probabilities of lung cancer given smoking or nonsmoking status. However, the question seems to imply a comparison that might not require such calculations, focusing instead on the direct probabilities provided.

Yes or no answer: No"
896,yes,"Step-by-Step Reasoning:**
1. Consider the specifics that Method 1 accounts for, such as kidney stone size.
2. Evaluate how these specifics can influence treatment effectiveness and recovery.
3. Recognize that Method 2 may overlook critical factors like stone size.
4. Determine that a more personalized approach (Method 1) is likely more effective for understanding treatment impacts.

**Yes or No Answer:** Yes"
897,no,"step-by-step reasoning:
- Intelligent parents and an active confounder can lead to high parental social status.
- High parental social status, intelligent parents, or an active confounder can cause a child to be intelligent.
- The confounder is inactive.
- Switching to unintelligent parents removes one potential cause of the child's intelligence.
- High parental social status could still influence the child's intelligence regardless of parental intelligence.
- The child's intelligence could be influenced by factors other than parental intelligence, such as high parental social status.

3. No"
898,yes,"Step-by-Step Reasoning**:
- Identify given probabilities: 
  - Probability of taking the elevator: 16%
  - Probability of taking the stairs and penguin death: 76%
  - Probability of taking the elevator and penguin death: 9%
- Recognize that a direct comparison between taking the elevator and taking the stairs regarding penguin death is not straightforward due to different conditions.
- Consider that the question implies a comparison of conditional probabilities, but the necessary information for a complete analysis (like the overall probability of penguin death or the probability of penguin death given one takes the stairs) is not provided.

3. **Yes or No Answer**: No"
899,yes,"Step-by-step reasoning:
1. Understand the general approach of Method 1, which looks at seasonal correlations with ground conditions broadly.
2. Consider the tailored approach of Method 2, analyzing correlations case by case based on sprinkler systems.
3. Recognize that Method 2 accounts for specific conditions like soil type, climate, and sprinkler system specifics.
4. Determine that a more detailed, localized approach (Method 2) is likely more accurate for understanding seasonal effects on the ground than a broad, generalized one (Method 1).

Yes or no answer: No."
900,yes,"Step-by-step reasoning:**
1. Method 1 analyzes supply and price correlation case by case, considering specific demand conditions.
2. Method 2 looks at the general correlation between supply and price, ignoring specific demand conditions.
3. The relationship between supply and price varies with demand conditions, making Method 1 more suitable for understanding this dynamic.
4. If Method 2 were preferred, it would incorrectly suggest a uniform relationship between supply and price across all demand conditions.

**Yes or no answer:** Yes"
901,yes,"Step-by-Step Reasoning**:
   - Identify the probabilities of high exam scores for encouraged and not encouraged students.
   - Compare these probabilities to determine if there's a significant difference.
   - Consider the implications of the opposite scenario (encouragement having no effect) on the expected probabilities.
   - Conclude based on the comparison and the implications of the opposite scenario.

3. **Yes or No Answer**: Yes"
902,yes,"Step-by-step reasoning:
1. Understand the given probabilities: 1% overall probability of male gender, 80% probability of non-male gender and admission acceptance, and 1% probability of male gender and admission acceptance.
2. Recognize that the probability of admission acceptance given male gender (conditional probability) is what we're trying to compare, not the joint probabilities given.
3. Since the 1% probability of male gender and admission acceptance is a subset of the 1% male population, and the 80% probability of non-male gender and admission acceptance is a subset of the 99% non-male population, we can infer comparative conditional probabilities.

Yes or no answer: No"
903,yes,"Step-by-Step Reasoning**:
- Calculate the probability of survival given vaccination: \(P(S|V) = \frac{P(S \cap V)}{P(V)}\).
- Calculate the probability of survival given no vaccination: \(P(S|\text{Not }V) = \frac{P(S \cap \text{Not }V)}{P(\text{Not }V)}\).
- Compare \(P(S|V)\) and \(P(S|\text{Not }V)\) to determine if the chance of smallpox survival is larger when observing vaccination.

3. **Yes or No Answer**: Yes."
904,yes,"Step-by-Step Reasoning:**
1. Identify the goal: Understand how Alice waking up affects her arrival at school.
2. Evaluate Method 1: General correlation without considering specific factors.
3. Evaluate Method 2: Correlation analyzed with consideration of a key factor (traffic).
4. Compare Methods: Method 2 provides a more nuanced understanding by accounting for traffic.
5. Conclusion: Method 2 is more accurate for understanding the effect of waking up on arrival time due to its consideration of impactful variables.

**Yes or No Answer:** No"
905,yes,"Step-by-step reasoning:
1. Calculate the probability of not taking medication: 100% - 5% = 95%.
2. Calculate the contribution to the overall probability of a healthy heart from those not taking medication: 0.95 * 0.69.
3. Calculate the contribution to the overall probability of a healthy heart from those taking medication: 0.05 * 0.51.
4. Add the contributions to find the overall probability of a healthy heart: (0.95 * 0.69) + (0.05 * 0.51) = 0.681 or 68.1%.
5. Compare the overall probability of a healthy heart to 50% to determine if it's more likely than heart problems.

Yes or no answer: Yes."
906,yes,"Step-by-Step Reasoning**:
   - Identify the probabilities of high exam scores for both encouraged and not encouraged students.
   - Compare these probabilities to determine the effect of encouragement.
   - Consider the implication if the opposite were true (encouragement decreasing the chance of high exam scores).
   - Conclude based on the comparison and the logical implication of the opposite scenario.

3. **Yes or No Answer**: No"
907,yes,"Step-by-Step Reasoning:**
1. Calculate the probability of not having a college degree: 100% - 23% = 77%.
2. Calculate the contribution to the overall probability of high salary from those without a college degree: 77% * 79%.
3. Calculate the contribution to the overall probability of high salary from those with a college degree: 23% * 29%.
4. Sum the contributions from both groups to find the overall probability of high salary.
5. Compare the overall probability of high salary to 50% to determine if high salary is more or less likely than low salary.

**Yes or No Answer:** No"
908,yes,"Step-by-Step Reasoning:**
1. Identify the given probabilities for recovery with and without the vaccine, considering pre-conditions.
2. Calculate the overall probability of recovery without the vaccine by weighting the recovery rates by the probability of pre-conditions.
3. Calculate the overall probability of recovery with the vaccine using the same method.
4. Compare the overall recovery rates to determine if the vaccine increases the chance of recovery.

**Yes or No Answer:** Yes"
909,no,"Step-by-step reasoning:
1. Understand the given probabilities: 62% for children with intelligent parents and 31% for children with unintelligent parents.
2. Consider the opposite scenario: Intelligent parents decreasing the chance of an intelligent child would mean a lower probability for children with intelligent parents.
3. Compare the probabilities: The probability is higher for children with intelligent parents, indicating intelligent parents increase the chance.

Answer: No"
910,yes,"Step-by-Step Reasoning:
1. Identify the probability of a high salary without a college degree: 61%.
2. Identify the probability of a high salary with a college degree or higher: 81%.
3. Compare the probabilities to determine the effect of having a college degree on the chance of a high salary.
4. If the probability is higher with a college degree, then having a college degree does not decrease the chance of a high salary.

Yes or No Answer: No"
911,no,"Step-by-step reasoning:
   - Identify the probabilities of long lifespan for both normal weight and obese individuals.
   - Compare these probabilities to determine the relationship between obesity and the chance of long lifespan.
   - Recognize that a higher probability for obese individuals indicates an association between obesity and an increased chance of long lifespan, contrary to the statement in question.

3. No"
912,yes,"Step-by-Step Reasoning**:
   - The correlation coefficient is -0.00.
   - This indicates no linear relationship between talent and hard work.
   - Lack of correlation does not imply lack of effect or causation.
   - Other factors could influence the relationship.
3. **Yes or No Answer**: No"
913,yes,"Step-by-Step Reasoning:**
1. Consider the nature of the relationship being studied (husband's effect on alarm clock).
2. Evaluate the benefits of a case-by-case analysis (Method 1) versus a general correlation approach (Method 2).
3. Recognize the value of specific, context-dependent observations for understanding complex interactions.
4. Determine that Method 1 offers a more nuanced understanding of the husband's impact on the alarm clock.

**Yes or No Answer:** Yes"
914,yes,"step-by-step reasoning:
1. Identify the probabilities of scurvy for both groups: patients consuming citrus and those not consuming citrus.
2. Compare the probabilities to determine the relationship between citrus intake and scurvy.
3. If the probability of scurvy is lower for patients consuming citrus, it suggests that citrus intake has a positive effect on reducing the chance of scurvy.

Yes."
915,yes,"Step-by-Step Reasoning:**
1. Identify the probabilities of low cholesterol among patients who take all assigned drugs and those who do not.
2. Recognize that taking all assigned drugs increases the likelihood of low cholesterol.
3. Calculate the weighted average of low cholesterol probability for the entire population based on the given probabilities.
4. Compare the calculated probability of low cholesterol to 50% to determine if it is less likely than high cholesterol.

**Yes or No Answer:** Yes"
916,yes,"Step-by-Step Reasoning**:
- Identify the impact of diabetes on lifespan for both normal weight and obese individuals.
- Note how obesity affects the probability of having diabetes.
- Consider how smoking influences these probabilities.
- Determine if there's a direct or indirect positive effect of obesity on lifespan through diabetes.

3. **Yes or No Answer**: No"
917,yes,"Step-by-step reasoning:
1. Calculate the probability of encouraged students achieving a high score: 0.98 * 0.46
2. Calculate the probability of not encouraged students achieving a high score: 0.02 * 0.72
3. Add these probabilities to find the overall probability of a high exam score
4. Compare this probability to 50% to determine if a high exam score is less likely than a low exam score

Yes or no answer: Yes"
918,yes,"step by step.

1. **Overall probability of smoking**: 62% of the population smokes.
2. **Probability of nonsmoking and lung cancer**: 19% of the population does not smoke and has lung cancer.
3. **Probability of smoking and lung cancer**: 41% of the population smokes and has lung cancer.

Given these probabilities, we need to understand that the probability of an event (in this case, lung cancer) can be influenced by another factor (smoking). To assess if smoking increases the chance of lung cancer, we should ideally compare the incidence of lung cancer among smokers to that among nonsmokers.

However, the direct question at hand is whether the chance of lung cancer is larger when observing smoking, which can be interpreted as asking if the presence of smoking is associated with a higher incidence of lung cancer compared to the overall population or nonsmokers.

To approach this, let's consider the opposite scenario: if smoking did not increase the risk of lung cancer, we would expect the incidence of lung cancer among smokers to be similar to or not significantly different from that in the general population or among nonsmokers.

**Step-by-Step Reasoning:**
1. Identify given probabilities: Smoking (62%), Nonsmoking and lung cancer (19%), Smoking and lung cancer (41%).
2. Understand the question: Determine if lung cancer chance is higher with smoking.
3. Analyze the implication of the opposite: If smoking didn't increase lung cancer risk, the incidence among smokers should be similar to the overall or nonsmoker incidence.
4. Compare given probabilities: The probability of smoking and lung cancer (41%) is higher than nonsmoking and lung cancer (19%), indicating a potential link between smoking and increased lung cancer incidence.

**Yes or No Answer:** Yes"
919,yes,"step-by-step reasoning can be broken down as follows:
- Identify the given probabilities: 47% for arriving on time when waking up on time, and 86% when waking up late.
- Understand the condition being questioned: Alice wakes up late.
- Compare the probabilities under the given condition (waking up late) to the alternative condition (waking up on time).
- Recognize that the question essentially asks if the higher probability of arriving on time when waking up late would be less if the condition were waking up on time instead.

3. Yes."
920,yes,"Step-by-step reasoning:
1. Identify the probability of a healthy heart for individuals not taking medication: 67%.
2. Identify the probability of a healthy heart for individuals taking medication: 44%.
3. Compare the two probabilities to determine the relationship between taking medication and the likelihood of having a healthy heart.
4. Since 44% (medication) is less than 67% (no medication), conclude that taking medication, according to the given data, does not increase the chance of having a healthy heart.

Yes or no answer: No"
921,yes,"Step-by-step reasoning:
1. Consider the broad approach of Method 1, which looks at the general correlation between gender and admission status.
2. Recognize the limitations of Method 1, including its potential to overlook department-specific trends.
3. Examine the detailed approach of Method 2, which analyzes the correlation case by case according to department competitiveness.
4. Evaluate the potential benefits of Method 2 in providing a more nuanced understanding of how gender affects admission status in different contexts.
5. Consider the implications of assuming the opposite - that Method 1 is not more correct, emphasizing the value of department-specific analysis.

Yes or no answer: No."
922,yes,"Step-by-Step Reasoning:**
1. Understand the given relationships: High cigarette tax and active confounder lead to a smoking mother.
2. Recognize the outcome of a smoking mother when the confounder is active: Normal infant birth weight.
3. Consider the given scenario: Low cigarette tax and active confounder.
4. Analyze the impact of having a smoking mother instead of a nonsmoking mother on infant birth weight under the condition of an active confounder.

**Yes or No Answer:** No"
923,yes,"Step-by-Step Reasoning:**
1. Consider the impact of smoking on lung cancer.
2. Recognize that Method 1 accounts for smoking, allowing for the isolation of the gene's effect.
3. Understand that Method 2 does not account for smoking or other potential confounders.
4. Realize that gene-environment interactions (like with smoking) can significantly influence disease risk.
5. Conclude that accounting for such interactions (as in Method 1) provides a more nuanced understanding.

**Yes or No Answer:** Yes"
924,yes,"Step-by-Step Reasoning:**
1. Calculate the recovery rate for vaccinated individuals: 50% of the population * 68% recovery rate.
2. Calculate the recovery rate for unvaccinated individuals: 50% of the population * 30% recovery rate.
3. Add the recovery rates from both groups to find the overall recovery rate.
4. Compare the overall recovery rate to the rate of not recovering (100% - overall recovery rate) to determine if recovery is more likely.

**Yes or No Answer:** No."
925,yes,"Step-by-Step Reasoning:**
1. Examine the probability of long lifespan with and without diabetes in both normal weight and obese individuals.
2. Note that diabetes is associated with a higher probability of long lifespan in both weight groups, contrary to expectations.
3. Consider the probabilities of having diabetes among different groups, but recognize these do not directly address the lifespan impact.
4. Conclude based on the given probabilities that diabetes seems to increase the probability of long lifespan, regardless of weight, which does not support the notion that obesity negatively affects lifespan through diabetes.

**Yes or No Answer:** No"
926,yes,"Step-by-Step Reasoning:**
1. Determine the percentage of the population that smokes and doesn't smoke.
2. Calculate the weighted probability of lung cancer for nonsmokers and smokers separately.
3. Add these probabilities to find the overall probability of lung cancer.
4. Compare this probability to 50% to determine if lung cancer or its absence is more likely.

**Yes or No Answer:** No"
927,yes,"Step-by-Step Reasoning**:
- Identify given probabilities.
- Calculate the probability of having a healthy heart given that the person is taking medication and not taking medication.
- Compare these probabilities to determine if the chance of a healthy heart is larger when observing taking medication.

3. **Yes or No Answer**: No."
928,yes,"Step-by-Step Reasoning:**
1. Compare lung cancer probabilities for nonsmokers and smokers with and without tar deposits.
2. Analyze how tar deposit affects lung cancer risk in both groups.
3. Consider the effect of smoking on the probability of high tar deposit.
4. Determine if smoking's effect on lung cancer through tar deposit is negative (reduces risk) or positive (increases risk).

**Yes or No Answer:** No"
929,yes,"Step-by-Step Reasoning**:
- Identify the probabilities of high tar deposit among smokers and nonsmokers.
- Compare the lung cancer probabilities with and without tar deposits in both groups.
- Analyze the increase in lung cancer risk attributed to tar deposits in smokers versus nonsmokers.
- Consider the overall probability of smoking and its direct and indirect effects on lung cancer through tar deposit.

3. **Yes or No Answer**: No."
930,yes,"Step-by-Step Reasoning:**
1. Compare heart health probabilities between medication and no medication groups for both blood pressure levels.
2. Analyze the effect of medication on blood pressure (high blood pressure probability increases with medication).
3. Determine if the overall trend suggests a positive effect of medication on heart health through blood pressure management.

**Yes or No Answer: No**"
931,yes,"Step-by-Step Reasoning:**
1. Calculate the probability of a camper lighting a match and the forest being on fire: 0.99 * 0.45.
2. Calculate the probability of a camper not lighting a match and the forest being on fire: 0.01 * 0.78.
3. Add these probabilities to find the overall probability of the forest being on fire.
4. Compare this overall probability to 0.5 to determine if the forest is more likely to be on fire than not.

**Yes or No Answer:** No"
932,yes,"Step-by-step reasoning:
1. Identify the probabilities of scurvy for both groups: 54% for non-citrus consumers and 24% for citrus consumers.
2. Compare these probabilities to determine the relationship between citrus intake and scurvy risk.
3. Consider the opposite scenario where citrus intake increases scurvy risk, which would imply a higher probability of scurvy in citrus consumers.
4. Conclude that since the actual data shows a lower probability of scurvy in citrus consumers, citrus intake does not increase the chance of scurvy.

Yes or no answer: No"
933,yes,"Step-by-step reasoning:
1. **Understanding the Methods**: Method 1 looks at the general correlation between education and salary, while Method 2 examines this correlation case by case, considering unobserved confounders.
2. **Considering Unobserved Confounders**: The presence of unobserved confounders can significantly affect the observed relationship between education and salary.
3. **Evaluating Method Effectiveness**: Method 2, by accounting for these confounders, provides a more nuanced and potentially accurate understanding of the relationship compared to Method 1.

Yes or no answer: No."
934,yes,"Step-by-Step Reasoning**:
- Identify given probabilities: P(All Drugs) = 51%, P(No Drugs & Low Cholesterol) = 21%, P(All Drugs & Low Cholesterol) = 13%.
- Recognize the need to compare conditional probabilities of low cholesterol given all drugs versus no drugs.
- Acknowledge that without total population or specific probabilities of drug adherence and non-adherence, direct calculation of these conditional probabilities is not feasible.
- Infer from given data that taking all drugs might not increase the chance of low cholesterol, as the probability of low cholesterol and no drug adherence is higher than that of low cholesterol and all drug adherence.

3. **Yes or No Answer**: No"
935,yes,"Step-by-Step Reasoning:**
1. **Understanding Method 1**: Analyzing medication and heart condition correlation case by case, considering blood pressure.
2. **Understanding Method 2**: Analyzing the general correlation between medication and heart condition without specific variables.
3. **Comparing Methods**: Method 1 provides nuanced insights into how medications affect heart health across different blood pressure levels, while Method 2 offers a broader but potentially oversimplified view.
4. **Conclusion**: Method 1 is more detailed and accounts for individual variability, making it more correct for understanding the effects of medication on heart conditions.

**Yes or No Answer:** Yes"
936,yes,"Step-by-Step Reasoning**:
   - Old age is linked to high hospital bills.
   - High hospital bills, in combination with old age, are associated with recovery.
   - The patient is old, which typically leads to high hospital bills and, by extension, recovery.
   - If the hospital bill is low instead of high, we are altering one of the factors associated with recovery.
   - The question implies that recovery is contingent on both old age and high hospital bills, so altering one factor (high hospital bill) could potentially impact recovery.

3. **Yes or No Answer**: Yes"
937,yes,"Step-by-step reasoning:
1. **Understanding Method 1**: This method provides a broad overview of gender-based salary disparities.
2. **Understanding Method 2**: This method offers a detailed, occupation-specific analysis of gender-based salary disparities.
3. **Comparing the Methods**: Method 2 allows for a more nuanced understanding by accounting for variations within occupations, which can be masked by Method 1's general approach.
4. **Conclusion**: Given the importance of understanding specific contexts in which gender affects salary, Method 2 is more detailed and potentially more accurate for analyzing the impact of gender on salary.

Yes or no answer: No."
938,yes,"Step-by-step reasoning:**
1. Calculate the probability of high exam score for encouraged students: 25% of 92%.
2. Calculate the probability of high exam score for not encouraged students: 42% of 8%.
3. Add these probabilities to find the overall probability of a high exam score: 23% + 3.36% = 26.36%.
4. Determine the probability of a low exam score: 100% - 26.36% = 73.64%.
5. Compare the probabilities to conclude whether a high exam score is more likely than a low exam score.

**Yes or no answer:** No"
939,yes,"Step-by-Step Reasoning:
- The patient is not male.
- Being male or receiving treatment leads to recovery.
- Not being male does not inherently lead to recovery based on given premises.
- Without treatment, there's no stated mechanism for a non-male patient to recover.

3. Yes or no answer: No."
940,yes,"Step-by-step reasoning:
1. Identify the probability of recovery without treatment: 35%.
2. Identify the probability of recovery with treatment: 15%.
3. Compare these probabilities to determine which scenario has a higher chance of recovery.

Yes or no answer: No."
941,yes,"Step-by-step reasoning:
1. Method 1 accounts for unobserved confounders on a case-by-case basis.
2. Method 2 looks at the general correlation without considering individual differences or confounders.
3. Accounting for confounders (as in Method 1) typically provides a more accurate and nuanced understanding of complex health relationships.
4. The opposite perspective (Method 2 being more correct) would imply a consistent, unvarying relationship between smoking and birth weight, which is unlikely given the complexity of health factors.

Yes or no answer: Yes."
942,no,"Step-by-Step Reasoning:
1. Calculate the overall probability of arriving to school on time by adding the probabilities of waking up on time and arriving to school on time, and waking up late and arriving to school on time.
2. Calculate the conditional probability of arriving to school on time given that one wakes up late by dividing the probability of waking up late and arriving to school on time by the overall probability of waking up late.
3. Compare the conditional probability of arriving to school on time when waking up late to the overall probability of arriving to school on time to determine if it's larger.

Answer: No"
943,yes,"Step-by-Step Reasoning:**
1. Calculate the probability of increased price given reduced supply: 40% * 63%.
2. Calculate the probability of increased price given increased supply: 60% * 40%.
3. Add these probabilities to find the overall probability of increased price.
4. Compare this probability to 50% to determine if increased price is more likely than reduced price.

**Yes or No Answer:** No"
944,yes,"Step-by-Step Reasoning**:
   - **Step 1**: Recognize that occupations vary significantly in terms of gender representation, required skills, and pay scales.
   - **Step 2**: Understand that a general correlation (Method 1) might not capture the specific challenges and disparities within each occupation.
   - **Step 3**: Consider that Method 2, which looks at the correlation case by case according to occupation, can provide more detailed insights into where gender pay gaps are most significant.
   - **Step 4**: Realize that targeted strategies based on the specifics of each occupation can be more effective in addressing and reducing gender-based salary inequalities.

3. **Yes or No Answer**: No"
945,yes,"Step-by-step reasoning:
1. Calculate the probability of non-male gender.
2. Calculate the overall probability of recovery for patients receiving treatment, considering both male and non-male probabilities.
3. Calculate the overall probability of recovery for patients not receiving treatment, considering both male and non-male probabilities.
4. Compare the probabilities of recovery for patients receiving and not receiving treatment to determine which scenario is more likely to result in recovery.

Yes or no answer: Yes."
946,yes,"Step-by-step reasoning:
1. Consider the direct approach (Method 1) that looks at the general correlation between the gene and lung cancer.
2. Consider the alternative approach (Method 2) that controls for smoking status.
3. Recognize that smoking is a significant confounder in the relationship between genes and lung cancer risk.
4. Understand that controlling for smoking (Method 2) provides a clearer picture of the gene's independent effect on lung cancer.

Yes or no answer: No."
947,yes,"Step-by-Step Reasoning:
1. Identify the given probabilities: 90% for non-male individuals and 44% for male individuals.
2. Understand the question: It asks if a male individual would be less likely to see admission acceptance if they were not male.
3. Analyze the opposite scenario: Normally, being not male increases the likelihood of admission acceptance.
4. Apply the analysis to the question: If a male individual were not male, they would likely fall into the higher acceptance rate category.

Yes or No Answer: No"
948,yes,"Step-by-step reasoning:
1. Calculate the weighted average probability of admission for females considering department types.
2. Calculate the weighted average probability of admission for males considering department types.
3. Compare the weighted average probabilities to determine if gender has a positive effect on admission status.

Yes or no answer: Yes."
949,yes,"Step-by-Step Reasoning:**
1. Calculate the probability of being a nonsmoker: 100% - 42% = 58%.
2. Calculate the weighted probability of lung cancer for nonsmokers: 0.58 * 0.55.
3. Calculate the weighted probability of lung cancer for smokers: 0.42 * 0.64.
4. Add the weighted probabilities to find the overall probability of lung cancer.
5. Compare the overall probability of lung cancer to 50% to determine if lung cancer is less likely than its absence.

**Yes or No Answer:** No"
950,yes,"To answer this question, let's break it down into steps and analyze the given probabilities.

First, we need to understand what we're comparing. We have the overall probability of smoking, which is 82%, indicating that out of the total population in question, 82% are smokers. Then, we have two specific probabilities related to college admission: the probability of being a nonsmoker and getting admitted to college is 16%, and the probability of being a smoker and getting admitted to college is 39%.

To determine if the chance of college admission is larger when observing smoking, we need to compare the probability of college admission among smokers to the probability of college admission among nonsmokers.

Given:
- Probability of smoking = 82% (or 0.82)
- Probability of nonsmoking and college admission = 16% (or 0.16)
- Probability of smoking and college admission = 39% (or 0.39)

Since the probability of nonsmoking is not directly given, we can infer it as 100% - 82% = 18% (or 0.18), because the probability of smoking and nonsmoking must add up to 100%.

Now, to find the probability of college admission among nonsmokers and smokers separately:
- The probability of college admission among nonsmokers can be calculated by dividing the probability of nonsmoking and college admission by the probability of nonsmoking. So, 0.16 / 0.18.
- The probability of college admission among smokers can be calculated by dividing the probability of smoking and college admission by the probability of smoking. So, 0.39 / 0.82.

Calculating these values:
- Probability of college admission among nonsmokers = 0.16 / 0.18 ≈ 0.8889 or approximately 88.89%.
- Probability of college admission among smokers = 0.39 / 0.82 ≈ 0.4756 or approximately 47.56%.

From these calculations, it's clear that the probability of college admission is actually higher among nonsmokers than among smokers.

**Full Response Summary in Steps:**
1. Understand given probabilities.
2. Identify the need to compare college admission probabilities among smokers and nonsmokers.
3. Calculate the probability of college admission among nonsmokers and smokers separately.
4. Compare these probabilities to determine which group has a higher chance of college admission.

**Yes or No Answer:** No"
951,yes,"Step-by-Step Reasoning:
1. **Understanding the Goal**: The objective is to understand how personality affects appearance.
2. **Analyzing Method 1**: This method provides nuanced insights into personality and appearance correlations within the context of relationship status.
3. **Analyzing Method 2**: This method offers a broader understanding of personality and appearance correlations without the context of relationship status.
4. **Considering the Opposite Perspective**: If Method 2 were superior, it would prioritize general trends over context-specific insights.
5. **Conclusion**: Given the goal, Method 1 provides more targeted insights into how personality affects appearance, especially within the context of relationships.

Yes or No Answer: No."
952,yes,"Step-by-Step Reasoning**:
- Calculate the overall probability of recovery: 30% (low bill and recovery) + 10% (high bill and recovery) = 40%.
- Calculate the probability of recovery given a high hospital bill: 10% / 51% ≈ 19.6%.
- Calculate the probability of recovery given a low hospital bill: 30% / 49% ≈ 61.2%.
- Compare the conditional probabilities to determine if recovery is more likely with a high hospital bill.

3. **Yes or No Answer**: No"
953,yes,"Step-by-Step Reasoning:**
1. **Understanding Method 1**: Analyzes education level and salary correlation case by case, considering unobserved confounders for a nuanced view.
2. **Understanding Method 2**: Examines the general correlation without considering individual factors, potentially overlooking crucial nuances.
3. **Comparing the Methods**: Method 1 provides a more detailed and accurate view by controlling for confounders, making it preferable for understanding the education-salary relationship.

**Yes or No Answer:** Yes"
954,yes,"To answer this question, we must first understand the given probabilities and how they relate to the overall population. The probability of someone being attractive is 42%, which implies that the probability of someone being unattractive is 100% - 42% = 58%. We are also given that the probability of talent among attractive people and unattractive people is the same, at 14%.

Given this information, we can calculate the overall probability of talent in the population. To do this, we need to consider both the attractive and unattractive segments of the population.

For attractive people: 42% of the population * 14% probability of talent = 0.42 * 0.14 = 0.0588 or 5.88%
For unattractive people: 58% of the population * 14% probability of talent = 0.58 * 0.14 = 0.0812 or 8.12%

Adding these two probabilities together gives us the overall probability of talent in the population: 5.88% + 8.12% = 14%.

Since the probability of talent is 14%, the probability of lack of talent is 100% - 14% = 86%. 

Thus, talent is less likely than lack of talent overall because 14% (probability of talent) is less than 86% (probability of lack of talent).

Summary:
1. Calculate the probability of talent among attractive and unattractive people separately.
2. Add these probabilities to find the overall probability of talent.
3. Compare the overall probability of talent to the probability of lack of talent to determine which is more likely.

Yes or no answer: Yes"
955,yes,"step by step. We know that pre-conditions can cause vaccine refusal, which implies that individuals with certain health conditions may be less likely to get vaccinated. Additionally, we're told that having pre-conditions and getting the vaccine can lead to recovering from the disease. This suggests that the vaccine is effective in aiding recovery, especially for those with pre-existing conditions. However, the person in question has no pre-conditions. The key here is understanding the relationship between pre-conditions, vaccine efficacy, and disease recovery. If the person has no pre-conditions and thus does not refuse the vaccine, the factor of pre-conditions causing vaccine refusal is eliminated. The question then hinges on whether the vaccine alone, without the presence of pre-conditions, is sufficient for recovery from the disease.

**Step-by-Step Reasoning**
1. Pre-conditions can lead to vaccine refusal.
2. Pre-conditions plus getting the vaccine can lead to recovery from the disease.
3. The person has no pre-conditions, implying they are less likely to refuse the vaccine based on pre-conditions.
4. The question is whether getting the vaccine (without pre-conditions) would lead to recovery from the disease.
5. Since the vaccine's effectiveness in recovery is mentioned in the context of individuals with pre-conditions, its efficacy without pre-conditions is not explicitly stated but can be inferred to potentially aid in recovery given the vaccine's general purpose.

**Yes or No Answer**
Yes"
956,yes,"Step-by-Step Reasoning**:
- Identify the probabilities of long lifespan for normal weight and obese individuals without diabetes.
- Compare these probabilities to assess the direct impact of obesity on lifespan, disregarding diabetes.
- Consider if other factors (like smoking) could influence this comparison, but note the question's focus is on obesity's direct impact on lifespan.

3. **Yes or No Answer**: Yes."
957,yes,"Step-by-step reasoning:
1. **Understanding the Methods**: Method 1 provides a general overview of the correlation between hospital costs and recovery, while Method 2 offers a detailed analysis based on age.
2. **Considering Age Factor**: Recognizing that age significantly influences health conditions, recovery processes, and the impact of hospital costs on these processes.
3. **Analyzing the Opposite Scenario**: Assuming Method 1 is more correct implies age has a minimal impact on the cost-recovery correlation, which contradicts evidence that age affects health outcomes and cost effectiveness.
4. **Conclusion**: Given the importance of age in recovery and healthcare economics, a method that accounts for age (Method 2) is more appropriate for understanding the nuanced relationship between hospital costs and recovery.

Yes or no answer: No."
958,yes,"Step-by-step reasoning:
1. Identify the recovery probabilities for each age and bill payment group.
2. Compare the recovery rates for high and low hospital bills within each age group.
3. Determine if paying a low hospital bill would increase the recovery rate for those currently paying a high bill.
4. Conclude based on the comparison.

Yes or no answer: No."
959,yes,"Step-by-Step Reasoning:
1. Identify the probability of a dark room when candles are not blown out: 86%.
2. Identify the probability of a dark room when candles are blown out: 55%.
3. Compare the two probabilities to determine which scenario has a higher likelihood of resulting in a dark room.
4. If the probability of a dark room is higher when candles are not blown out, then it would be more likely to see a dark room if the person had not blown out the candle.

Yes or No Answer: Yes"
960,no,"Step-by-Step Reasoning:**
1. Calculate the probability of not receiving treatment: 100% - 42% = 58%.
2. Identify the probability of recovery without treatment: 21%.
3. Identify the probability of recovery with treatment: 22%.
4. Calculate the recovery rate among those treated: 22% / 42% ≈ 52.4%.
5. Calculate the recovery rate among those not treated: 21% / 58% ≈ 36.2%.
6. Compare the recovery rates to determine if recovery is smaller when observing receives treatment.

**Answer: No**"
961,yes,"Step-by-step reasoning:
- Calculate the overall probability of recovering from the disease, which includes both those who got the vaccine and recovered (36%) and those who refused the vaccine but recovered (18%). So, the overall probability of recovery is 36% + 18% = 54%.
- Since we are interested in the chance of recovering given that one observes getting the vaccine, we should consider the probability of recovery among those who got the vaccine. This is directly given as 36%.
- However, to understand if getting the vaccine increases the chance of recovery, we need to compare this to the probability of recovery without the condition of getting the vaccine, which is the overall recovery rate (54%).
- But for a proper comparison to assess if the vaccine increases the chance of recovery, we should consider the recovery rate among those who got the vaccine (36%) in the context of all who got the vaccine (49%), not directly comparing 36% to 54% without considering the base rates.

Given the information provided, to directly answer the question based on the probabilities given without additional context on the total population sizes or how these probabilities are conditioned on each other, we can see that:
- The probability of recovering given that one got the vaccine is 36% out of the 49% who got the vaccine, which simplifies to 36%/49%.
- The question essentially asks if this conditional probability is greater than the probability of recovery without the vaccine, which involves comparing the recovery rates in a way that considers the condition (getting the vaccine).

However, the critical insight here involves understanding conditional probabilities. The probability of recovering given that one got the vaccine is indeed 36% out of those who got the vaccine, but to say if it's larger than without the vaccine, we'd ideally compare it to the recovery rate among those who didn't get the vaccine, which is 18% out of the 51% who didn't get the vaccine (since 100% - 49% = 51%).

The calculation of the conditional probability of recovery given vaccination is 36%/49%, and for those not vaccinated, it's 18%/51%. To compare, we calculate these ratios:
- For those vaccinated: 36%/49% ≈ 0.735
- For those not vaccinated: 18%/51% ≈ 0.353

Thus, the chance of recovering, given that one observes getting the vaccine, appears to be larger compared to not getting the vaccine based on these conditional probabilities.

Yes or no answer: Yes"
962,yes,"step by step. The survival rates for unvaccinated and vaccinated individuals who contract smallpox are given as 31% and 41%, respectively. The question asks whether the vaccination status positively affects smallpox survival, taking into account both the contraction of smallpox and the reaction to the vaccination.

1. **Full Response**: When comparing the survival rates, a higher percentage indicates a better outcome. For unvaccinated individuals, the survival rate is 31%, meaning that out of 100 people who contract smallpox without being vaccinated, 31 are expected to survive. In contrast, vaccinated individuals have a survival rate of 41%, indicating that out of 100 people who contract smallpox after being vaccinated, 41 are expected to survive. The difference in survival rates (41% - 31% = 10%) suggests that vaccination provides a survival benefit. However, the question also mentions considering the vaccination reaction, which implies potential adverse effects from the vaccine itself. Despite this, the overall survival benefit from vaccination (in terms of surviving smallpox) is positive, as the increased survival rate among vaccinated individuals suggests that the benefits of vaccination in preventing severe smallpox outcomes outweigh the risks associated with vaccine reactions for the majority of the population.

2. **Concise Step-by-Step Reasoning**:
   - Identify the survival rates for unvaccinated and vaccinated individuals.
   - Compare these rates to determine if there's a difference.
   - Consider the implications of vaccination reactions.
   - Conclude whether vaccination status has a positive effect on survival based on the provided rates and considerations.

3. **Yes or No Answer**: Yes."
963,yes,"Step-by-Step Reasoning**
1. Identify the probability of admission acceptance for non-males: 68%.
2. Identify the probability of admission acceptance for males: 22%.
3. Compare the probabilities to determine the effect of male gender on admission acceptance.
4. Consider the implications if the opposite were true (male gender increasing the chance of admission acceptance).
5. Conclude based on the comparison and the given probabilities.

**Yes or No Answer**
No"
964,yes,"Step-by-Step Reasoning:
- Identify the probability of admission acceptance for males (28%) and non-males (57%).
- Consider the scenario if the individual were not male, which means they would be part of the non-male group.
- Compare the probabilities to determine if not being male would decrease or increase the likelihood of admission acceptance.

3. Yes or no answer: No"
965,yes,"Step-by-step reasoning:
1. Identify the probability of respiratory issues: 89% of the population.
2. Note the probability of broken bones is the same for both groups (with and without respiratory issues): 85%.
3. Since the probability of broken bones is consistent across the entire population, the overall probability of broken bones is 85%.
4. Compare the probability of broken bones (85%) to the probability of no broken bones (15%): Broken bones are more likely.

Yes or no answer: No"
966,yes,"step by step.

1. **Full Response**: 
The probability of having a college degree or higher is 47%, and the probability of having a high salary given a college degree or higher is what we're trying to understand in relation to the overall probability of having a high salary. The probability of having a high school degree or lower and a high salary is 18%, and the probability of having a college degree or higher and a high salary is 41%. 

If we consider the scenario where the opposite is true, we are essentially asking if having a college degree or higher decreases the chance of having a high salary. However, the given probabilities suggest that the majority of individuals with high salaries have a college degree or higher (41% out of the total population), which is a significant portion. This indicates a strong correlation between having a college degree or higher and earning a high salary.

To determine if the chance of a high salary is smaller when observing a college degree or higher, we need to compare the probability of having a high salary among those with a college degree or higher to the overall probability of having a high salary. Since the probability of a college degree or higher and a high salary (41%) is very close to the overall probability of a college degree or higher (47%), it suggests that a significant portion of those with a college degree or higher do indeed have a high salary.

However, to directly answer the question, we must consider the probability of having a high salary among those with a college degree or higher compared to the overall probability of having a high salary in the population. The probability of having a high salary in the population can be considered as the sum of the probability of having a high school degree or lower and a high salary (18%) and the probability of having a college degree or higher and a high salary (41%), which equals 59%. 

Given that 41% of the population has both a college degree or higher and a high salary, and considering the total probability of having a college degree or higher is 47%, the chance of having a high salary when observing a college degree or higher is actually 41% out of the 47% with a college degree or higher, which simplifies to approximately 87% (41/47) of those with a college degree or higher having a high salary.

2. **Concise Step-by-Step Reasoning**:
- Identify the probability of college degree or higher and high salary: 41%.
- Identify the overall probability of college degree or higher: 47%.
- Calculate the proportion of individuals with a college degree or higher who have a high salary: 41% / 47% ≈ 0.87 or 87%.
- Compare this proportion to the overall context to understand the relationship between college degree or higher and high salary.

3. **Yes or No Answer**: No."
967,yes,"Step-by-step reasoning:
1. Identify the given probabilities for being talented, and for being hard-working among both talented and non-talented students.
2. Recognize that the probability of being hard-working is consistent across both groups at 95%.
3. Calculate the probability of being lazy as the complement of being hard-working, which is 5% for both groups.
4. Compare the overall likelihood of being hard-working to being lazy, noting that being hard-working is more likely.

Yes or no answer: No"
968,yes,"Step-by-Step Reasoning:**
1. Living close to a college can lead to having a college degree or higher.
2. Having a college degree or higher leads to a high salary, independent of the confounder's activity.
3. The scenario involves a person living close to a college with the confounder inactive but posits them having a college degree or higher.
4. Given the direct link between having a college degree or higher and earning a high salary, the confounder's inactivity does not necessarily negate the potential for a high salary if the person has a college degree or higher.

**Yes or No Answer:** No"
969,yes,"Step-by-Step Reasoning:**
1. Calculate the probability of not being encouraged: 100% - 45% = 55%.
2. Calculate the probability of achieving a high score while encouraged: 45% * 87%.
3. Calculate the probability of achieving a high score while not encouraged: 55% * 21%.
4. Add the probabilities of high scores from both scenarios to find the overall probability of a high exam score.
5. Compare the overall probability of a high exam score to 50% to determine if high exam scores are less likely than low exam scores.

**Yes or No Answer:** No"
970,yes,"step-by-step reasoning involves:
   - Identifying the probability of admission acceptance for males (38%).
   - Identifying the probability of admission acceptance for non-males (68%).
   - Comparing these probabilities to determine if not being male would change the likelihood of admission acceptance for an individual who is currently male.
   - Since 68% (probability for non-males) is greater than 38% (probability for males), it indicates that not being male would result in a higher probability of admission acceptance.

3. Yes"
971,yes,"Step-by-step reasoning:
   - The confounder being inactive and the person living far from a college suggests a reduced influence on obtaining a college degree or higher.
   - Without a college degree or higher, the primary factor associated with a high salary (in the context provided) is diminished.
   - The relationship between having a college degree or higher and earning a high salary is influenced by the confounder's activity and proximity to a college, which are both absent in this scenario.
   - Considering the opposite scenario helps to understand that the presence of a college degree or higher, facilitated by an active confounder and proximity to a college, is a key pathway to a high salary.
   - In the absence of these factors and with a high school degree or lower, the pathway to a high salary is less clear and likely less direct.

3. Yes."
972,yes,"Step-by-Step Reasoning**:
- Identify given probabilities: Male gender = 7%, Non-male and high salary = 42%, Male and high salary = 2%.
- Calculate the proportion of males with high salaries: 2% / 7%.
- Calculate the proportion of non-males with high salaries: 42% / 93%.
- Compare these proportions to determine if the chance of high salary is smaller for males.

3. **Yes or No Answer**: Yes."
973,yes,"Step-by-Step Reasoning:**
1. Calculate the overall probability of recovery for patients with low hospital bills using the given age distribution and recovery rates.
2. Calculate the overall probability of recovery for patients with high hospital bills using the same method.
3. Compare the two overall probabilities to determine if a high hospital bill increases the chance of recovery.

**Yes or No Answer:** Yes"
974,yes,"Step-by-step reasoning:
1. Understand the given correlation coefficient (-0.02) and its implications for the relationship between respiratory issues and broken bones.
2. Recognize that a weak correlation does not necessarily imply a lack of effect, but rather a minimal or nuanced relationship.
3. Consider the context of hospitalized individuals, where multiple factors could influence both respiratory issues and broken bones.

Yes or no answer: No."
975,yes,"Step-by-Step Reasoning:**
1. Consider the general correlation approach (Method 1) and its potential to overlook age-related differences.
2. Examine the case-by-case approach based on age (Method 2) and its ability to account for age-related variations in recovery.
3. Evaluate the likelihood that age significantly influences the relationship between hospital costs and recovery outcomes.

**Yes or No Answer:** No"
976,yes,"Step-by-step reasoning:
1. Calculate the probability of being a nonsmoker: 100% - 5% = 95%.
2. Calculate the probability of college admission for nonsmokers: 95% * 78% = 74.1%.
3. Calculate the probability of college admission for smokers: 5% * 46% = 2.3%.
4. Calculate the overall probability of college admission: 74.1% + 2.3% = 76.4%.
5. Compare the overall probability of college admission to the probability of college rejection.

Yes or no answer: No."
977,yes,"Step-by-step reasoning:
1. Calculate the probability of lung cancer among smokers: 63% * 53%.
2. Calculate the probability of lung cancer among nonsmokers: 37% * 57%.
3. Add the probabilities of lung cancer among smokers and nonsmokers to find the overall probability.
4. Compare the overall probability of lung cancer to 50% to determine if lung cancer is more likely than its absence.

Yes or no answer: Yes."
978,yes,"Step-by-step reasoning:
1. Understand the direct relationship between water quality and cholera (Method 1).
2. Consider how poverty influences access to clean water and healthcare.
3. Recognize that poverty can modify the relationship between water quality and cholera incidence.
4. Evaluate the benefits of analyzing the correlation case by case according to poverty levels (Method 2) for a more nuanced understanding.

Yes or no answer: No."
979,no,"Step-by-step reasoning:
   - Identify the probability of admission acceptance for males (18%).
   - Identify the probability of admission acceptance for non-males (37%).
   - Compare the two probabilities to determine the outcome if the individual were not male.
   - Recognize that not being male is associated with a higher probability of admission acceptance.

3. No"
980,yes,"Step-by-step reasoning:
1. Identify admission rates for males and females in competitive and non-competitive departments.
2. Consider the impact of residency status on department competitiveness.
3. Recognize the high in-state residency rate (94%) implies most applicants are in non-competitive departments.
4. Compare admission rates for males and females, focusing on non-competitive departments due to the high in-state residency rate.

Yes or no answer: Yes."
981,yes,"Step-by-step reasoning:
1. Calculate the probability of penguin sadness for each transportation choice.
2. Calculate the weighted average probability of penguin death for each choice, considering both happy and sad penguins.
3. Compare the overall probabilities of penguin death for taking the stairs versus the elevator.

Yes or no answer: No."
982,yes,"Step-by-Step Reasoning:
1. Encouragement leads to a lack of studying.
2. Lack of studying typically results in lower exam scores.
3. The combination of encouragement and studying hard leads to high exam scores, emphasizing the importance of studying hard.
4. If encouragement does not lead to studying hard, the student is likely to have a low exam score due to insufficient preparation.

Yes or No Answer: Yes"
983,yes,"Step-by-Step Reasoning**:
   - The given correlation is -0.14, which is very weak.
   - Correlation does not imply causation.
   - A weak correlation suggests other factors may influence the relationship between talent and hard work.
   - The relationship could be due to how talent and hard work are measured or other underlying variables.

3. **Yes or No Answer**: No"
984,yes,"Step-by-Step Reasoning:**
1. Identify the goal: Understand the effect of maternal smoking on infant birth weight.
2. Consider Method 1: Accounts for unobserved confounders on a case-by-case basis.
3. Consider Method 2: Examines general correlation without accounting for unobserved confounders.
4. Analyze the implication of assuming Method 2 is correct: It would imply other factors have a negligible impact.
5. Conclusion: Method 1 is more accurate due to its consideration of confounding variables.

**Yes or No Answer:** Yes"
985,yes,"Step-by-Step Reasoning:**
1. Identify the relationship between genes, smoking, and lung cancer risk.
2. Determine how genes influence smoking behavior.
3. Assess how smoking affects lung cancer risk in the context of genetic predisposition.
4. Evaluate if the data supports a negative effect (reduction in risk) of genes on lung cancer through smoking behavior.

**Yes or No Answer:** No."
986,yes,"Step-by-Step Reasoning:
1. Identify the probability of the alarm ringing when the husband sets the alarm: 27%.
2. Identify the probability of the alarm ringing when the husband does not set the alarm: 83%.
3. Compare the probabilities to determine if not setting the alarm would result in a lower likelihood of the alarm ringing.
4. Since 83% (not setting the alarm) is greater than 27% (setting the alarm), not setting the alarm actually increases the likelihood of the alarm ringing, not decreases it.

Yes or No Answer: No"
987,yes,"Step-by-Step Reasoning**:
- Calculate the probability of reduced supply: 100% - 93% = 7%.
- Determine the probability of increased price in reduced supply situations: 50% * 7% = 3.5%.
- Determine the probability of increased price in increased supply situations: 84% * 93% = 78.12%.
- Calculate the overall probability of increased price: 3.5% + 78.12% = 81.62%.
- Compare the overall probability of increased price to 50% to determine if it's more likely than reduced price.

3. **Yes or No Answer**: Yes."
988,yes,"Step-by-step reasoning:
1. Method 1 analyzes supply and price correlation case by case, considering specific demand.
2. Method 2 analyzes the general correlation between supply and price, disregarding specific demand conditions.
3. Economic principles indicate that demand significantly affects how supply influences price.
4. Ignoring demand (Method 2) could lead to less accurate conclusions about supply's impact on price.
5. Therefore, considering demand (Method 1) is likely more correct for understanding how supply affects price.

Yes or no answer: Yes."
989,yes,"step by step.

1. **Understanding the Given Probabilities**:
   - The probability of taking all assigned drugs is 53%.
   - The probability of not taking any assigned drugs and having low cholesterol is 11%.
   - The probability of taking all assigned drugs and having low cholesterol is 19%.

2. **Calculating the Probability of Low Cholesterol Without Taking Drugs**:
   - We know that the probability of not taking any assigned drugs and having low cholesterol is 11%. However, to find the total probability of low cholesterol, we need to consider both scenarios: taking all assigned drugs and not taking any assigned drugs.

3. **Calculating the Probability of Low Cholesterol**:
   - The probability of low cholesterol when taking all assigned drugs is given as 19%.
   - To compare, we need the probability of low cholesterol in general or when not taking drugs. However, the direct probability of low cholesterol without any condition (taking or not taking drugs) is not provided. We can infer, though, by considering the relationship between these probabilities.

4. **Comparing Probabilities**:
   - If the probability of taking all assigned drugs and having low cholesterol (19%) is greater than the probability of not taking any assigned drugs and having low cholesterol (11%), it suggests that the presence of taking all assigned drugs is associated with a higher likelihood of low cholesterol compared to not taking any drugs.

5. **Conclusion**:
   - Given the information, it appears that the chance of low cholesterol is indeed larger when observing the taking of all assigned drugs because the probability of having low cholesterol is higher in this group (19%) compared to those not taking any assigned drugs (11%).

**Step-by-Step Reasoning**:
1. Identify given probabilities.
2. Recognize the need to compare low cholesterol probabilities with and without taking all assigned drugs.
3. Note that the probability of low cholesterol with all drugs (19%) is higher than without any drugs (11%).
4. Conclude that taking all assigned drugs is associated with a higher probability of low cholesterol.

**Yes or No Answer**: Yes"
990,yes,"Step-by-Step Reasoning:
1. Identify the probability of a dark room when candles are blown out: 50%.
2. Identify the probability of a dark room when candles are not blown out: 84%.
3. Consider the scenario from the perspective of someone who blew out candles.
4. Determine the effect of not blowing out candles on the probability of a dark room, given that the person did blow out the candles.
5. Conclude that not blowing out the candle would increase, not decrease, the likelihood of a dark room compared to the scenario where the candle was blown out.

Yes or No Answer: No."
991,yes,"Step-by-step reasoning:
1. Calculate the probability of a student being encouraged and not encouraged.
2. Calculate the probability of achieving a high exam score for both encouraged and not encouraged students.
3. Combine these probabilities to find the overall probability of a high exam score.
4. Compare the probability of a high exam score to the probability of a low exam score.

Yes or no answer: No."
992,yes,"step by step.

First, we know that the overall probability of having a college degree or higher is 90%. This means that 10% of the population does not have a college degree. 

For people without a college degree, the probability of having a high salary is 19%. Since 10% of the population does not have a college degree, the percentage of the total population without a college degree but with a high salary would be 10% * 19% = 1.9%.

For people with a college degree or higher, the probability of having a high salary is 69%. Given that 90% of the population has a college degree or higher, the percentage of the total population with a college degree and a high salary would be 90% * 69% = 62.1%.

Adding these two groups together gives us the total percentage of the population with a high salary: 1.9% (without a college degree but with a high salary) + 62.1% (with a college degree and a high salary) = 64%.

Since 64% of the population has a high salary, this implies that 36% of the population has a low salary (100% - 64% = 36%).

Therefore, high salary is not less likely than low salary overall because 64% is greater than 36%.

**Step-by-Step Reasoning:**
1. Calculate the percentage of the population without a college degree but with a high salary.
2. Calculate the percentage of the population with a college degree and a high salary.
3. Sum these percentages to find the total percentage of the population with a high salary.
4. Compare this percentage to the percentage with a low salary to determine which is more likely.

**Yes or No Answer:** No"
993,yes,"Step-by-Step Reasoning**:
- Compare infant mortality probabilities for low and normal birth weight infants based on maternal smoking status.
- Analyze the effect of maternal smoking on the probability of achieving normal birth weight.
- Determine if the association between maternal smoking and lower infant mortality holds when considering birth weight as a mediator.

3. **Yes or No Answer**: No"
994,yes,"Step-by-step reasoning:
1. Understand the given probabilities: 35% chance of rainy season, 31% chance of dry season and wet ground, and 21% chance of rainy season and wet ground.
2. Calculate the conditional probability of wet ground given rainy season: P(wet ground | rainy season) = 21% / 35%.
3. Compare this with the overall implications of the given probabilities to assess if wet ground is more likely during rainy season.

Yes or no answer: Yes."
995,yes,"Step-by-step reasoning:
1. Understand the given probabilities: 49% chance of receiving treatment, 20% chance of no treatment and recovery, and 33% chance of treatment and recovery.
2. Recognize that the probability of recovery given treatment (33%) is directly comparable to the probability of recovery without treatment (20%).
3. Compare the recovery rates: 33% recovery rate with treatment vs. 20% recovery rate without treatment.
4. Determine if receiving treatment increases the chance of recovery based on the comparison.

Yes or no answer: Yes."
996,yes,"Step-by-step reasoning:
1. Calculate the probability of admission for non-males by considering both competitive and non-competitive departments.
2. Calculate the probability of admission for males by considering both competitive and non-competitive departments.
3. Compare the overall probabilities of admission for males and non-males to determine if gender positively affects admission status.

Yes or no answer: No"
997,yes,"Step-by-Step Reasoning:**
1. Calculate the probability of being a nonsmoker: 100% - 17% = 83%.
2. Calculate the weighted probability of lung cancer among nonsmokers: 0.83 * 0.27.
3. Calculate the weighted probability of lung cancer among smokers: 0.17 * 0.41.
4. Add the weighted probabilities to find the overall probability of lung cancer.
5. Compare the overall probability of lung cancer to 50% to determine if lung cancer is more likely than its absence.

**Yes or No Answer:** No"
998,yes,"Step-by-Step Reasoning**:
- Identify the probabilities of talent for famous individuals based on attractiveness.
- Compare the probability of talent for attractive famous individuals (5%) with that for unattractive famous individuals (9%).
- Determine if the probability of talent increases with attractiveness among famous individuals based on the comparison.

3. **Yes or No Answer**: No"
999,no,"Step-by-step reasoning:
   - Analyze the given probabilities for increased price and supply based on crop yield.
   - Understand the economic principle that increased supply typically leads to decreased prices.
   - Consider that the question asks about the chance of increased price given increased supply, not the direct effect of supply on price.
   - Recognize that the provided probabilities do not directly answer the question but hint at the relationship between yield, supply, and price.

3. No."
