Unnamed: 0,answers,concise_reasoning
0,yes,"Step-by-step reasoning:
1. Calculate the probability of the camper lighting a match and the forest being on fire: 3% * 69% = 2.07%.
2. Calculate the probability of the camper not lighting a match and the forest being on fire: 97% * 26% = 25.22%.
3. Calculate the overall probability of the forest being on fire: 2.07% + 25.22% = 27.29%.
4. Compare the probability of the forest being on fire to the implied probability of it not being on fire to determine the likelihood.

Yes or no answer: No"
1,yes,"Step-by-Step Reasoning**:
1. Identify the direct probabilities of a child being intelligent based on parents' intelligence.
2. Compare these probabilities to assess the relationship between parents' intelligence and child's intelligence.
3. Disregard the mediation effects of social status and the confounder as per the question.
4. Conclude based on the direct relationship observed.

**Yes or No Answer**: Yes"
2,yes,"Step-by-step reasoning:
1. Calculate the probability of not using tanning salon treatments: 100% - 3% = 97%.
2. Calculate the probability of tanned skin for non-users and users of tanning salons separately.
3. Combine these probabilities to find the overall probability of tanned skin.
4. Compare this probability to the implied probability of pale skin (or the remaining percentage) to determine if tanned skin is more likely.

Yes or no answer: No"
3,yes,"Step-by-step reasoning:
1. Consider the nature of the interaction between the captain and the prisoner.
2. Evaluate the importance of context in understanding this interaction.
3. Compare the detail and potential for accuracy in Method 1 (case-by-case analysis) versus Method 2 (general correlation).
4. Determine which method provides a more comprehensive understanding of the captain's impact on the prisoner.

Yes or no answer: Yes."
4,yes,"Step-by-Step Reasoning:**
1. **Broad Applicability**: Method 1 examines the talent-effort correlation broadly, applicable to various domains and levels of achievement.
2. **Specific Context**: Method 2 focuses on elite institution admission, offering insights into high-achieving individuals but potentially missing broader patterns.
3. **Comprehensive Understanding**: For a general understanding of how talent affects effort, a broader approach is more suitable.

**Yes or No Answer:** Yes"
5,no,"## Step 1: Define the probabilities given in the problem.
The probability of a student being talented is 87%, or 0.87. The probability of a student being hard-working if they are not talented is 86%, or 0.86. The probability of a student being hard-working if they are talented is also 86%, or 0.86.

## Step 2: Calculate the probability of a student being not talented.
Since the probability of being talented is 0.87, the probability of not being talented is 1 - 0.87 = 0.13.

## Step 3: Calculate the overall probability of being hard-working.
This can be found by adding the probability of being hard-working and talented to the probability of being hard-working and not talented. The probability of being hard-working and talented is 0.87 * 0.86. The probability of being hard-working and not talented is 0.13 * 0.86.

## Step 4: Perform the calculations for the overall probability of being hard-working.
Probability of being hard-working and talented = 0.87 * 0.86 = 0.7482.
Probability of being hard-working and not talented = 0.13 * 0.86 = 0.1118.
Overall probability of being hard-working = 0.7482 + 0.1118 = 0.86.

## Step 5: Determine if being hard-working is less likely than being lazy overall.
Being lazy is the complement of being hard-working. If the probability of being hard-working is 0.86, then the probability of being lazy is 1 - 0.86 = 0.14.

## Step 6: Compare the probabilities of being hard-working and being lazy.
Since 0.86 (probability of being hard-working) is greater than 0.14 (probability of being lazy), being hard-working is more likely than being lazy.

The final answer is: $\boxed{No}$"
6,no,"## Step 1: Determine the probability of recovery for patients with small kidney stones with and without treatment.
The probability of recovery for patients with small kidney stones and not receiving treatment is 83%, while for those receiving treatment, it is 75%.

## Step 2: Determine the probability of recovery for patients with large kidney stones with and without treatment.
The probability of recovery for patients with large kidney stones and not receiving treatment is 15%, while for those receiving treatment, it is 5%.

## Step 3: Calculate the overall probability of recovery without treatment.
To find the overall probability of recovery without treatment, we need to consider the probabilities of having small or large kidney stones and their respective recovery rates without treatment. Let's denote the probability of having small kidney stones as (1 - 0.47) = 0.53 (since the probability of large kidney stones is 47%). The overall probability of recovery without treatment is (0.53 * 0.83) + (0.47 * 0.15).

## Step 4: Calculate the overall probability of recovery with treatment.
Similarly, to find the overall probability of recovery with treatment, we consider the probabilities of having small or large kidney stones and their respective recovery rates with treatment. The overall probability of recovery with treatment is (0.53 * 0.75) + (0.47 * 0.05).

## Step 5: Compare the overall probabilities of recovery with and without treatment.
We calculate both overall probabilities to determine if treatment increases the chance of recovery.

- Overall probability without treatment = (0.53 * 0.83) + (0.47 * 0.15) = 0.4399 + 0.0705 = 0.5104 or 51.04%.
- Overall probability with treatment = (0.53 * 0.75) + (0.47 * 0.05) = 0.3975 + 0.0235 = 0.421 or 42.1%.

## Step 6: Conclusion based on calculations.
Since the overall probability of recovery without treatment (51.04%) is higher than with treatment (42.1%), treatment does not increase the chance of recovery in this scenario.

The final answer is: $\boxed{No}$"
7,yes,"Step-by-Step Reasoning:**
1. Identify the probability of tanned skin for those who had tanning salon treatments (72%).
2. Identify the probability of tanned skin for the general population not using tanning salon treatments (21%).
3. Consider the effect of not having the treatment on the probability of tanned skin for those who went to tanning salons.
4. Reason that without the treatment, the probability would likely decrease from 72%, moving closer to or potentially remaining above the general population's probability due to other factors like intent to tan or initial skin condition.
5. Conclude that the probability of tanned skin would indeed be less likely (lower) if the person had not had a tanning salon treatment compared to if they had received the treatment.

**Yes or No Answer:** Yes"
8,no,"## Step 1: Define the probabilities given in the problem
The probability of a camper lighting a match is 99%, or 0.99. The probability of the forest being on fire given that a camper does not light a match is 78%, or 0.78. The probability of the forest being on fire given that a camper lights a match is 45%, or 0.45.

## Step 2: Calculate the probability of the forest being on fire when a camper lights a match
To find the overall probability of the forest being on fire when a match is lit, we multiply the probability of a camper lighting a match by the probability of the forest being on fire given that a match is lit: 0.99 * 0.45.

## Step 3: Calculate the probability of the forest being on fire when a camper does not light a match
First, find the probability of a camper not lighting a match, which is 1 - 0.99 = 0.01. Then, multiply this by the probability of the forest being on fire given that no match is lit: 0.01 * 0.78.

## Step 4: Calculate the overall probability of the forest being on fire
Add the probabilities of the forest being on fire in both scenarios (match lit and match not lit) to find the overall probability: (0.99 * 0.45) + (0.01 * 0.78).

## Step 5: Compare the overall probability of the forest being on fire to the probability of the forest not being on fire
If the overall probability of the forest being on fire is greater than 0.5, then the forest is more likely to be on fire than not.

## Step 6: Perform the calculations
Overall probability of the forest being on fire = (0.99 * 0.45) + (0.01 * 0.78) = 0.4455 + 0.0078 = 0.4533.

## Step 7: Determine if the forest is more likely to be on fire than not
Since 0.4533 is less than 0.5, the forest is not more likely to be on fire than not.

The final answer is: $\boxed{No}$"
9,yes,"Step-by-step reasoning:
   - Identify the probabilities of wet ground in both seasons: 36% in the dry season and 55% in the rainy season.
   - Compare these probabilities to determine the impact of the season on ground wetness.
   - Recognize that a lower probability in the dry season indicates the season could negatively affect ground wetness, as it is less likely for the ground to be wet.

3. Yes."
10,yes,"Step-by-Step Reasoning:**
1. Identify given probabilities for cholera contraction and clean water for both water companies.
2. Recognize the need for conditional probabilities or a clear cause-and-effect relationship to directly answer the question.
3. Consider the logical inference that clean water should reduce the risk of waterborne diseases like cholera.
4. Note that the provided data does not directly support a statistical calculation to confirm the inference without additional assumptions.

**Yes or No Answer:** Yes"
11,yes,"Step-by-Step Reasoning:**
1. Identify the probabilities of lung cancer for both groups: nonsmoking genes (49%) and smoking genes (53%).
2. Compare the two probabilities to determine if there's a difference.
3. If the probability for smoking genes is higher, it implies the smoking gene increases the chance of lung cancer.

**Yes or No Answer:** Yes"
12,yes,"Step-by-step reasoning:
1. **Identify Probabilities**: Note the given probabilities for each scenario.
2. **Assess Direct Influence**: Consider if there's a direct way to compare intelligent vs. unintelligent parents' influence on child intelligence without social status.
3. **Consider Confounder**: Recognize the confounder's role in potentially biasing the observed relationships.
4. **Evaluate Overall Trend**: Determine if, despite the complexity, there's an apparent positive trend between parental intelligence and child intelligence.

Yes or no answer: Yes."
13,yes,"Step-by-Step Reasoning:**
1. Understand the meaning of the correlation coefficient (-0.05) and its implications for the relationship between attractive appearance and talent.
2. Recognize that a correlation coefficient close to zero does not necessarily imply no relationship or no effect.
3. Consider that correlation does not equal causation, and other factors could influence the observed relationship.
4. Note that a small correlation coefficient could be due to chance, especially with a small sample size.
5. Conclude that the given information does not provide sufficient evidence to determine the effect of attractive appearance on talent.

**Yes or No Answer:** No"
14,yes,"Step-by-Step Reasoning:
1. Method 1 considers individual variations in blood pressure when analyzing the correlation between medication and heart condition.
2. Method 2 looks at the general correlation without considering specific factors like blood pressure.
3. Method 1 can capture nuanced patterns and correlations that may not be apparent with Method 2.
4. Considering individual variations is crucial for understanding the impact of medication on heart health.

Yes or No Answer: Yes"
15,yes,"Step-by-step reasoning:
   - The captain has two options: release the prisoner or execute the prisoner.
   - The probability of death if released is 20%.
   - The probability of death if executed is 60%.
   - The question implies a comparison between these probabilities to determine if the captain's action (potentially through others) negatively affects the prisoner.
   - Since ""negatively affect"" can be interpreted as increasing the likelihood of death, we compare the given probabilities.

3. Yes."
16,yes,"Step-by-Step Reasoning:**
1. Identify the high skill level prevalence (90%).
2. Note the probabilities of white-collar jobs for high-skilled males and females.
3. Recognize the higher probabilities of high salary for females in both blue-collar and white-collar jobs compared to males.
4. Consider the implications of these probabilities on the overall salary potential by gender.

**Yes or No Answer:** Yes"
17,yes,"Step-by-Step Reasoning:**
1. Identify the risk factors for cholera contraction: high poverty and contaminated water.
2. Recognize the role of clean water: typically prevents cholera, but the statement suggests a possible complex relationship.
3. Consider the impact of the local water company providing clean water in a high-poverty region.
4. Determine that clean water reduces the risk of cholera contraction by removing the risk of contaminated water.

**Yes or No Answer:** Yes"
18,yes,"Step-by-Step Reasoning:**
1. Identify the probability of high salary for non-males: 39%.
2. Identify the probability of high salary for males: 55%.
3. Compare the two probabilities to determine if there's a difference.
4. If the probability for males is higher than for non-males, conclude that male gender increases the chance of high salary.

**Yes or No Answer:** Yes"
19,yes,"Step-by-step reasoning:
1. Calculate the probability of a nonsmoking mother.
2. Calculate the weighted probability of high infant mortality for smoking mothers.
3. Calculate the weighted probability of high infant mortality for nonsmoking mothers.
4. Add the weighted probabilities together to find the overall probability of high infant mortality.
5. Compare this probability to 50% to determine if high infant mortality is more likely than low infant mortality.

Yes or no answer: No."
20,yes,"Step-by-Step Reasoning**:
   - Identify probabilities of normal infant birth weight and smoking mothers in low and high cigarette tax areas.
   - Recognize the overall trend that higher cigarette taxes are associated with higher probabilities of normal birth weight and lower probabilities of smoking mothers.
   - Consider the known negative effects of smoking during pregnancy on birth weight.
   - Conclude that smoking does not increase the chance of normal infant birth weight based on general knowledge and the provided trends.
3. **Yes or No Answer**: No"
21,yes,"Step-by-step reasoning:
1. Calculate the probability of not having a college degree: 100% - 92% = 8%.
2. Calculate the probability of having a high salary with a college degree or higher: 92% * 41% = 37.72%.
3. Calculate the probability of having a high salary without a college degree: 8% * 27% = 2.16%.
4. Calculate the overall probability of having a high salary: 37.72% + 2.16% = 39.88%.
5. Compare the overall probability of having a high salary to 50% to determine if it's more likely than having a low salary.

Yes or no answer: No."
22,yes,"Step-by-Step Reasoning:**
1. **Understanding Method 1:** It involves a broad examination of the correlation between appearance and talent.
2. **Understanding Method 2:** It involves a specific examination of the correlation in famous cases.
3. **Comparing Methods:** Method 1 provides a broader, less biased perspective, while Method 2 is narrower and potentially biased towards factors contributing to fame.
4. **Conclusion:** Method 1 is more correct for understanding the general correlation between appearance and talent due to its comprehensive and less biased approach.

**Yes or No Answer:** Yes"
23,yes,"Step-by-Step Reasoning:**
1. Calculate the probability of having a small kidney stone.
2. Calculate the overall probability of recovery without treatment by considering both small and large kidney stones.
3. Calculate the overall probability of recovery with treatment by considering both small and large kidney stones.
4. Compare the probabilities of recovery with and without treatment to determine which scenario is more likely to result in recovery.

**Yes or No Answer:** Yes"
24,no,"step-by-step reasoning:
1. Identify the probabilities for both groups.
2. Compare these probabilities to understand the impact of encouragement.
3. Deduce logically that encouragement increases the likelihood of a high exam score.
4. Conclude that it's less likely for an encouraged student to achieve a high score without encouragement.

The final answer is: $\boxed{No}$"
25,yes,"Step-by-step reasoning:
1. Calculate the probability of no tanning salon treatment: 1 - P(T) = 1 - 0.05 = 0.95.
2. Calculate the probability of tanned skin given tanning salon treatment: P(TS|T) = P(TS and T) / P(T) = 0.03 / 0.05 = 0.6.
3. Calculate the probability of tanned skin given no tanning salon treatment: P(TS|N) = P(TS and N) / P(N) = 0.13 / 0.95 = 0.1368.
4. Compare P(TS|T) and P(TS|N) to determine if the chance of tanned skin is smaller with tanning salon treatment.

Yes or no answer: No."
26,yes,"Step-by-step reasoning:
1. Consider the goal of the analysis: Understanding how managers affect employees.
2. Evaluate Method 1: Provides a general correlation, useful for broad trends.
3. Evaluate Method 2: Offers a nuanced, case-by-case analysis, considering specific contexts.
4. Determine which method better achieves the goal: Method 2 allows for a more detailed understanding of the specific impacts of managers on employees, considering the variability introduced by different directors.

Yes or no answer: No"
27,yes,"Step-by-Step Reasoning**:
- Identify the probabilities of increased price and supply for both reduced and increased crop yield scenarios.
- Recognize that economic principles generally suggest increased supply leads to decreased prices, ceteris paribus.
- Note that the provided probabilities do not directly address the causal relationship between supply and price but rather offer conditional probabilities based on yield.
- Determine if the increase in supply (associated with increased yield) correlates with a higher probability of increased price based on the given data.

3. **Yes or No Answer**: No"
28,yes,"## Step 1: Understand the given probabilities
The probability of a long lifespan for normal weight people is 64%, and for obese people, it is 52%. This implies that being obese reduces the likelihood of a long lifespan compared to being of normal weight.

## Step 2: Analyze the comparison
The question asks if it would be less likely to see a long lifespan for an obese person if they had been of normal weight. This essentially compares the outcome (long lifespan) between two states (obese vs. normal weight) for the same group of people (those who are currently obese).

## Step 3: Apply logical reasoning
Given that the probability of a long lifespan is higher for normal weight individuals (64%) than for obese individuals (52%), it logically follows that if an obese person had been of normal weight, their likelihood of achieving a long lifespan would be higher than it is as an obese person.

## Step 4: Conclusion based on the analysis
Therefore, for an obese person, it would indeed be less likely to see a long lifespan compared to if they had been of normal weight, simply because the probability of a long lifespan is lower for obese individuals than for those of normal weight.

The final answer is: $\boxed{Yes}$"
29,yes,"Step-by-step reasoning:
1. Identify the goal: Understand how Alice waking up affects her arrival at school.
2. Evaluate Method 1: General correlation without considering specific factors like traffic.
3. Evaluate Method 2: Correlation analyzed case by case, including the impact of traffic.
4. Consider the variability of commute factors, especially traffic.
5. Determine that accounting for traffic (Method 2) provides a more detailed insight into the correlation.

Yes or no answer: No."
30,yes,"## Step 1: Understanding the given probabilities
The probability of a long lifespan for normal weight people is 49%, and for obese people, it is 60%. This means that out of 100 normal weight individuals, 49 can expect a long lifespan, and out of 100 obese individuals, 60 can expect a long lifespan.

## Step 2: Comparing probabilities
To determine if it would be less likely for an obese person to see a long lifespan if they had been normal weight, we compare the probabilities. The probability of a long lifespan for an obese person (60%) is higher than for a normal weight person (49%).

## Step 3: Drawing a conclusion based on the comparison
Given that the probability of a long lifespan is higher for obese individuals (60%) compared to normal weight individuals (49%), it indicates that if an obese person had been normal weight, they would indeed have a lower probability of achieving a long lifespan based on the given statistics.

The final answer is: $\boxed{Yes}$"
31,no,"step-by-step reasoning:
1. Understand the given probabilities for dry and rainy seasons.
2. Recognize the question is about conditional probability in a rainy season that had been dry.
3. Acknowledge the rainy season's inherent conditions increase the likelihood of wet ground.
4. Deduce that knowing the season had been dry doesn't directly decrease the probability of wet ground in a rainy season.
5. Conclude the probability remains at or above 51% due to rainy season conditions.

The final answer is: $\boxed{No}$"
32,yes,"Step-by-step reasoning:
1. Understand the given probabilities of death based on the captain's actions.
2. Compare these probabilities to determine the captain's impact on the prisoner's survival.
3. Consider the unspecified roles of the corporal and the private, acknowledging the lack of information.
4. Assume the captain's decision is the primary factor influencing the prisoner's survival probability.
5. Conclude based on the available data and the assumption that the captain's action to release positively affects the prisoner's survival chances.

Yes or no answer: Yes"
33,yes,"Step-by-Step Reasoning:**
1. Identify the probabilities of increased price and supply for both reduced and increased crop yield scenarios.
2. Compare these probabilities to understand the relationship between supply and price.
3. Apply the economic principle that increased supply tends to decrease price.
4. Conclude based on the comparison and economic principle that increased supply is associated with a decreased chance of increased price.

**Yes or No Answer:** Yes"
34,yes,"Step-by-Step Reasoning:
- Identify the probability of tanned skin among non-tanning salon users: 31%.
- Identify the probability of tanned skin among tanning salon users: 95%.
- Recognize the question is asking about the likelihood of tanned skin among those who went to tanning salons but did not have a treatment, which is not directly answered by the given probabilities.
- Realize the given probabilities do not support the notion that it would be more likely to see tanned skin among tanning salon goers if they hadn't had a treatment, as the context implies those going to salons are more likely to have tanned skin due to the treatment.

3. Yes or No Answer: No"
35,yes,"Step-by-Step Reasoning**:
1. Calculate the probability of a nonsmoking mother.
2. Use given probabilities to find the conditional probabilities of a normal infant birth weight for both smoking and nonsmoking mothers.
3. Compare these conditional probabilities to determine which scenario has a higher chance of a normal infant birth weight.

**Yes or No Answer**: Yes."
36,yes,"Step-by-Step Reasoning:**
1. Good health contributes to normal infant birth weight.
2. Smoking mother, good health, and normal infant birth weight lead to high infant mortality.
3. Given good health, the presence of a smoking mother is the factor that leads to high infant mortality.
4. Removing the smoking factor (nonsmoking mother) while keeping good health should improve the outcome.
5. Therefore, with good health and a nonsmoking mother, the conditions for high infant mortality are not met, suggesting a lower infant mortality rate.

**Yes or No Answer:** Yes"
37,yes,"## Step 1: Understand the given probabilities
The overall probability of kindness is 11%, which means that 89% of people are not kind. The probability of attractive appearance is 11% for both kind and unkind personalities.

## Step 2: Analyze the relationship between kindness and attractiveness
Since the probability of attractive appearance is the same (11%) for both kind and unkind personalities, attractiveness does not seem to be influenced by kindness.

## Step 3: Consider the overall probability of attractive appearance
Given that the probability of attractive appearance is 11% regardless of personality type, and this probability applies to both kind (11% of the population) and unkind (89% of the population) individuals, we can calculate the overall probability of attractive appearance. However, the key here is to understand that the attractiveness is equally likely in both groups, but the groups themselves are not equal in size.

## Step 4: Calculate the weighted average of attractive appearance
To find if attractive appearance is less likely than unattractive overall, we need to consider the distribution of kindness and unkindness. Since 11% of people are kind and 89% are unkind, and both have an 11% chance of being attractive, the overall probability of being attractive doesn't change based on personality. Thus, the calculation of a weighted average isn't necessary for determining if attractive is less likely than unattractive, as the probability of being attractive remains constant across both groups.

## Step 5: Determine if attractive appearance is less likely than unattractive appearance
Given that the probability of attractive appearance is 11% across the board, this means that the probability of unattractive appearance is 100% - 11% = 89%. Therefore, attractive appearance is indeed less likely than unattractive appearance overall.

The final answer is: $\boxed{Yes}$"
38,yes,"Step-by-step reasoning:
- Calculate the percentage of the population without respiratory issues and with broken bones: 0.95 * 0.06 = 0.057 or 5.7%.
- Calculate the percentage of the population with respiratory issues and with broken bones: 0.95 * 0.94 = 0.893 or 89.3%.
- Sum these percentages to find the total percentage of the population with broken bones: 5.7% + 89.3% = 95%.
- Determine the probability of not having broken bones: 100% - 95% = 5%.
- Compare the probabilities to conclude if broken bones are less likely than no broken bones.

Yes or no answer: Yes."
39,yes,"Step-by-Step Reasoning:**
1. Identify given probabilities for blowing out the candle and associated dark room probabilities.
2. Calculate the probability of not blowing out the candle.
3. Compute the overall probability of a dark room by considering both scenarios (candle blown out and not blown out).
4. Add the probabilities of the two scenarios to get the overall probability of a dark room.
5. Compare the overall probability of a dark room to 50% to determine if it's more likely than a bright room.

**Yes or No Answer:** Yes"
40,yes,"Step-by-Step Reasoning**
1. Old age is associated with high hospital bills.
2. The combination of old age and high hospital bills is associated with recovery.
3. The patient is observed to be old.
4. The question inquires about the effect of a high hospital bill (instead of a low one) on recovery, given the patient's age.
5. Based on the given associations, a high hospital bill (indicating possibly more comprehensive care) in an old patient should be associated with recovery, not the lack of it.

**Yes or No Answer**
No"
41,yes,"Step-by-Step Reasoning:**
1. Calculate the probability of penguin happiness and sadness for each transportation option.
2. Calculate the weighted probability of penguin death for each option by considering both happiness and sadness scenarios.
3. Compare the overall probabilities of penguin death between taking the stairs and the elevator.

**Yes or No Answer:** No"
42,no,"## Step 1: Define the problem and the given probabilities
We are given three probabilities: the overall probability of getting the vaccine (P(V)) is 41%, the probability of vaccine refusal and recovering from the disease (P(not V and R)) is 39%, and the probability of getting the vaccine and recovering from the disease (P(V and R)) is 15%. We need to determine if the chance of recovering from the disease is larger when observing getting the vaccine.

## Step 2: Apply the principles of conditional probability
To assess if the chance of recovering from the disease is larger when getting the vaccine, we need to calculate the conditional probability of recovering given that one has gotten the vaccine (P(R|V)) and compare it with the probability of recovering without considering vaccination status, or specifically, the probability of recovering without getting the vaccine (P(R|not V)).

## Step 3: Calculate P(R|V)
The probability of recovering given that one has gotten the vaccine, P(R|V), can be calculated using the formula P(R|V) = P(V and R) / P(V). Given that P(V and R) = 15% and P(V) = 41%, we can substitute these values into the formula.

## Step 4: Calculate P(R|not V)
To find P(R|not V), we first need P(not V), which can be derived from P(V) since P(not V) = 1 - P(V). Then, knowing P(not V and R) = 39%, we use the formula P(R|not V) = P(not V and R) / P(not V).

## Step 5: Compare P(R|V) and P(R|not V)
After calculating both conditional probabilities, we compare them to determine if the chance of recovering is larger when one gets the vaccine.

## Step 6: Execute calculations for P(R|V)
P(R|V) = 15% / 41% = 0.3659 or approximately 36.59%.

## Step 7: Execute calculations for P(not V)
P(not V) = 1 - 0.41 = 0.59 or 59%.

## Step 8: Execute calculations for P(R|not V)
P(R|not V) = 39% / 59% = 0.661 or approximately 66.1%.

## Step 9: Compare the calculated probabilities
Comparing P(R|V) and P(R|not V), we see that P(R|not V) > P(R|V), indicating that the chance of recovering from the disease is actually larger without getting the vaccine based on the given probabilities.

The final answer is: $\boxed{No}$"
43,no,"## Step 1: Define the problem and identify given probabilities
We are given the overall probability of a high hospital bill as 51%, the probability of a low hospital bill and recovery as 30%, and the probability of a high hospital bill and recovery as 10%. We need to determine if the chance of recovery is larger when observing a high hospital bill.

## Step 2: Apply Bayes' theorem to calculate conditional probabilities
To find the probability of recovery given a high hospital bill, we can use Bayes' theorem. However, we first need to find the probability of recovery and the probability of a high hospital bill without recovery to apply the theorem correctly.

## Step 3: Calculate the probability of a high hospital bill without recovery
The probability of a high hospital bill and recovery is given as 10%. The overall probability of a high hospital bill is 51%. Therefore, the probability of a high hospital bill without recovery is 51% - 10% = 41%.

## Step 4: Determine the probability of recovery given a high hospital bill
The probability of recovery given a high hospital bill can be calculated as the probability of a high hospital bill and recovery divided by the overall probability of a high hospital bill. So, P(Recovery|High Bill) = P(High Bill and Recovery) / P(High Bill) = 10% / 51%.

## Step 5: Calculate the probability of recovery
To compare, we also need the overall probability of recovery, which is the sum of the probability of low hospital bill and recovery and the probability of high hospital bill and recovery. P(Recovery) = P(Low Bill and Recovery) + P(High Bill and Recovery) = 30% + 10% = 40%.

## Step 6: Determine if the chance of recovery is larger with a high hospital bill
To find if the chance of recovery is larger when observing a high hospital bill, we compare the probability of recovery given a high hospital bill to the overall probability of recovery.

## Step 7: Calculate P(Recovery|High Bill)
P(Recovery|High Bill) = 10% / 51% = 0.19607843137254902 or approximately 19.6%.

## Step 8: Compare probabilities
The overall probability of recovery is 40%, and the probability of recovery given a high hospital bill is approximately 19.6%. Since 19.6% is less than 40%, the chance of recovery is not larger when observing a high hospital bill.

The final answer is: $\boxed{No}$"
44,yes,"Step-by-Step Reasoning:
- Identify the probability of lung cancer for people with nonsmoking genes: 52%.
- Identify the probability of lung cancer for people with smoking genes: 58%.
- Recognize the question is about the likelihood of lung cancer in individuals with smoking genes who also have a nonsmoking gene, but note that specific probabilities for this combination are not provided.
- Conclude that based on the given data, having a smoking gene alone increases the risk of lung cancer compared to having a nonsmoking gene alone.

3. Yes or No Answer: No"
45,yes,"## Step 1: Define the probabilities given in the problem.
The probability of receiving treatment is 54%, which can be denoted as P(T) = 0.54. The probability of receiving no treatment and recovery is 29%, denoted as P(NT ∩ R) = 0.29. The probability of receiving treatment and recovery is 20%, denoted as P(T ∩ R) = 0.20.

## Step 2: Determine the probability of recovery without considering treatment.
To assess if the chance of recovery is smaller when observing treatment, we first need to understand the overall probability of recovery, which isn't directly given. However, we can infer it from the information provided. The probability of recovery without considering treatment, P(R), is the sum of the probability of recovery with treatment and the probability of recovery without treatment. Thus, P(R) = P(T ∩ R) + P(NT ∩ R).

## Step 3: Calculate the probability of recovery without considering treatment.
Given P(T ∩ R) = 0.20 and P(NT ∩ R) = 0.29, we calculate P(R) = 0.20 + 0.29 = 0.49.

## Step 4: Calculate the probability of recovery given treatment.
The probability of recovery given that treatment was received, P(R|T), can be found using the formula P(R|T) = P(T ∩ R) / P(T). Substituting the given values, we get P(R|T) = 0.20 / 0.54.

## Step 5: Calculate P(R|T).
Performing the division, P(R|T) = 0.20 / 0.54 ≈ 0.37.

## Step 6: Compare the probability of recovery given treatment to the overall probability of recovery.
To determine if the chance of recovery is smaller when observing treatment, we compare P(R|T) to P(R). If P(R|T) < P(R), then the chance of recovery is smaller when observing treatment.

## Step 7: Make the comparison.
Given P(R|T) ≈ 0.37 and P(R) = 0.49, we see that P(R|T) < P(R).

The final answer is: $\boxed{Yes}$"
46,yes,"Step-by-Step Reasoning:**
1. Calculate the probability of polluted water: \(100\% - 19\% = 81\%\).
2. Calculate \(P(C|\text{Clean})\): \(\frac{11\%}{19\%}\).
3. Calculate \(P(C|\text{Polluted})\): \(\frac{30\%}{81\%}\).
4. Compare \(P(C|\text{Clean})\) and \(P(C|\text{Polluted})\) to determine if cholera contraction chance is smaller with clean water.

**Yes or No Answer:** No"
47,yes,"## Step 1: Understanding the Problem
The problem presents two probabilities of scurvy: one for patients not consuming citrus (83%) and another for patients consuming citrus (56%). We need to determine if it would be more likely to see scurvy in patients consuming citrus if they had not consumed citrus.

## Step 2: Analyzing the Probabilities
The probability of scurvy for patients not consuming citrus is 83%, which is higher than the 56% probability for patients consuming citrus. This indicates that not consuming citrus is associated with a higher risk of scurvy.

## Step 3: Comparing Outcomes
If a patient is consuming citrus and we consider the hypothetical scenario where they had not consumed citrus, we would expect their risk of scurvy to increase based on the given probabilities. This is because the probability of scurvy is higher (83%) for those not consuming citrus compared to those who are (56%).

## Step 4: Conclusion
Given the information, if a patient consuming citrus had not consumed citrus, it would indeed be more likely for them to have scurvy due to the higher probability associated with not consuming citrus.

The final answer is: $\boxed{Yes}$"
48,yes,"Step-by-Step Reasoning**:
- Calculate the overall probability of the alarm ringing when the husband doesn't set the alarm, considering both scenarios of the wife setting or not setting the alarm.
- Calculate the overall probability of the alarm ringing when the husband sets the alarm, considering both scenarios of the wife setting or not setting the alarm.
- Compare these probabilities to determine if the husband setting the alarm has a negative effect on the alarm ringing.

Let's calculate:
- When the husband doesn't set the alarm, the probability of the alarm ringing is a weighted average based on the wife's action: (P(W-) * P(Ring | H-, W-)) + (P(W+) * P(Ring | H-, W+)). Given P(W- | H-) = 1 - P(W+ | H-), P(W- | H-) = 1 - 0.36 = 0.64, so (0.64 * 0.98) + (0.36 * 0.51).
- When the husband sets the alarm, similarly, we consider both scenarios for the wife: (P(W-) * P(Ring | H+, W-)) + (P(W+) * P(Ring | H+, W+)). Given P(W- | H+) = 1 - P(W+ | H+), P(W- | H+) = 1 - 0.93 = 0.07, so (0.07 * 0.63) + (0.93 * 0.17).

3. **Yes or No Answer**:
After performing the calculations:
- For the husband not setting the alarm: (0.64 * 0.98) + (0.36 * 0.51) = 0.6272 + 0.1836 = 0.8108 or 81.08%
- For the husband setting the alarm: (0.07 * 0.63) + (0.93 * 0.17) = 0.0441 + 0.1581 = 0.2022 or 20.22%

Since the probability of the alarm ringing is significantly lower when the husband sets the alarm compared to when he doesn't, disregarding the mediation effect through the wife, the answer is: **Yes**."
49,yes,"Step-by-step reasoning:
1. Calculate the probability of reduced supply: 100% - 75% = 25%.
2. Apply the law of total probability to find the overall probability of increased price.
3. Calculate the probability of increased price: 0.77 * 0.75 + 0.48 * 0.25 = 0.6975 or 69.75%.
4. Determine the probability of reduced price as the complement of increased price: 100% - 69.75% = 30.25%.
5. Compare the probabilities to answer the question.

Yes or no answer: No."
50,yes,"## Step 1: Calculate the overall probability of penguin death for those who take the stairs
To find the overall probability of penguin death for those who take the stairs, we need to consider both the probability of penguin death for sad and happy penguins. The probability of a penguin being happy and taking the stairs is 64%, and the probability of death for a happy penguin taking the stairs is 63%. The probability of a penguin being sad and taking the stairs is 36% (100% - 64%), and the probability of death for a sad penguin taking the stairs is 15%. So, the overall probability of penguin death for those taking the stairs is (0.64 * 0.63) + (0.36 * 0.15).

## Step 2: Perform the calculation for the overall probability of penguin death for those who take the stairs
(0.64 * 0.63) + (0.36 * 0.15) = 0.4032 + 0.054 = 0.4572 or 45.72%.

## Step 3: Calculate the overall probability of penguin death for those who take the elevator
Similarly, for those who take the elevator, the probability of a penguin being happy is 40%, and the probability of death for a happy penguin taking the elevator is 77%. The probability of a penguin being sad and taking the elevator is 60% (100% - 40%), and the probability of death for a sad penguin taking the elevator is 29%. So, the overall probability of penguin death for those taking the elevator is (0.40 * 0.77) + (0.60 * 0.29).

## Step 4: Perform the calculation for the overall probability of penguin death for those who take the elevator
(0.40 * 0.77) + (0.60 * 0.29) = 0.308 + 0.174 = 0.482 or 48.2%.

## Step 5: Compare the probabilities to determine if the decision negatively affects penguin survival through penguin mood
If the overall probability of penguin death is higher for those who take the elevator compared to those who take the stairs, then the decision to take the elevator negatively affects penguin survival through penguin mood.

## Step 6: Conclusion based on calculations
Given that 48.2% (elevator) is greater than 45.72% (stairs), the decision to take the elevator results in a higher probability of penguin death, indicating that the decision does negatively affect penguin survival through penguin mood.

The final answer is: $\boxed{Yes}$"
51,yes,"Step-by-Step Reasoning:**
1. Calculate the probability of the manager not signing the termination letter.
2. Calculate the probability of the employee being fired in both scenarios (manager signs and manager does not sign).
3. Multiply the probabilities of each scenario to find the combined probability of the employee being fired.
4. Add the probabilities of the two scenarios together to find the overall probability of the employee being fired.
5. Compare this probability to 50% to determine if being fired is more likely than not.

**Yes or No Answer:** No"
52,yes,"Step-by-Step Reasoning:**
1. Identify the variables involved: encouragement level, exam score, and studying habit.
2. Recognize that studying habit could be a confounding variable affecting both encouragement and exam score.
3. Understand that controlling for confounding variables (like studying habit) provides a clearer picture of the relationship between encouragement and exam score.
4. Method 1 controls for studying habit, offering a more detailed analysis.
5. Method 2 does not account for studying habit, potentially leading to oversimplification and misleading conclusions.

**Yes or No Answer:** Yes"
53,yes,"Step-by-Step Reasoning:**
1. Calculate the weighted probability of recovery without the vaccine for both individuals with and without pre-conditions.
2. Calculate the weighted probability of recovery with the vaccine for both individuals with and without pre-conditions.
3. Compare the overall probabilities of recovery with and without the vaccine to determine if the vaccine decreases the chance of recovery.

**Yes or No Answer:** Yes"
54,no,"## Step 1: Define the problem and the goal
The problem presents various probabilities related to the intelligence of children based on their parents' intelligence and social status, as well as the influence of a confounder. The goal is to determine if, disregarding the mediation effect through parents' social status, there is a positive effect of parents' intelligence on child's intelligence.

## Step 2: Calculate the overall probability of a child being intelligent when parents are unintelligent
To do this, we need to consider both scenarios of high and low parental social status and their respective probabilities. For unintelligent parents, the probability of a child being intelligent is 53% if the social status is low and 22% if the social status is high.

## Step 3: Calculate the weighted average probability for unintelligent parents
Given that the probability of high social status for unintelligent parents with the confounder inactive is 40% and with the confounder active is 31%, and knowing the overall probability of the confounder being active is 41%, we calculate the weighted average probability of high social status for unintelligent parents. However, to simplify, we first need to find the overall probability of a child being intelligent with unintelligent parents, considering the social status probabilities.

## Step 4: Calculate the overall probability of a child being intelligent when parents are intelligent
Similar to step 2, for intelligent parents, the probability of a child being intelligent is 75% if the social status is low and 49% if the social status is high.

## Step 5: Calculate the weighted average probability for intelligent parents
Considering the probabilities of high social status for intelligent parents (70% with the confounder inactive and 76% with the confounder active) and the overall probability of the confounder being active (41%), we calculate the weighted average probability of high social status for intelligent parents. Then, use this to find the overall probability of a child being intelligent with intelligent parents.

## Step 6: Compare the overall probabilities
Compare the overall probability of a child being intelligent with unintelligent parents to that with intelligent parents to determine if there's a positive effect of parents' intelligence on child's intelligence, disregarding the mediation effect through parents' social status.

## Step 7: Execute the calculations for unintelligent parents
For unintelligent parents, the probability of low social status is (100% - probability of high social status). However, since we don't have a direct weighted average of social status probabilities without considering the confounder's influence, we'll simplify by directly comparing the given intelligence probabilities.

## Step 8: Execute the calculations for intelligent parents
Similarly, for intelligent parents, we consider the given probabilities of a child being intelligent.

## Step 9: Simplify the comparison
Given the complexity of calculating weighted averages without explicit probabilities for all scenarios, we focus on the direct probabilities provided for intelligent and unintelligent parents and their respective child intelligence probabilities.

## Step 10: Determine the effect
If the overall probability of a child being intelligent is higher when parents are intelligent compared to when they are unintelligent, then parents' intelligence positively affects child's intelligence.

The final answer is: $\boxed{No}$"
55,yes,"Step-by-Step Reasoning**
1. Identify the probability of high salary without a college degree: 40%.
2. Identify the probability of high salary with a college degree or higher: 61%.
3. Compare the two probabilities to determine the effect of having a college degree on the chance of high salary.
4. If the probability with a college degree is higher than without, then a college degree increases the chance of high salary. If it's lower, then it decreases the chance.

**Yes or No Answer**
No"
56,yes,"step-by-step reasoning:
1. Identify the probabilities of college admission for nonsmokers and smokers.
2. Compare these probabilities to determine the relationship between smoking and college admission chances.
3. Calculate the difference in probabilities to quantify the effect.
4. Conclude based on the comparison whether smoking decreases the chance of college admission.

The final answer is: $\boxed{Yes}$"
57,yes,"Step-by-Step Reasoning:**
1. Calculate the probability of unattractive appearance: 100% - 47% = 53%.
2. Calculate the probability of being attractive and talented: 47% * 19%.
3. Calculate the probability of being unattractive and talented: 53% * 19%.
4. Add the probabilities of being attractive and talented and being unattractive and talented to find the overall probability of talent.
5. Calculate the probability of lack of talent: 100% - overall probability of talent.
6. Compare the overall probability of talent to the probability of lack of talent to determine if talent is less likely.

**Yes or No Answer:** Yes"
58,yes,"Step-by-Step Reasoning**:
1. Calculate the overall probability of low cholesterol (\(P(B)\)) by adding the probabilities of low cholesterol with and without taking all assigned drugs.
2. Calculate the conditional probability of low cholesterol given all assigned drugs are taken (\(P(B|A)\)) using the formula for conditional probability.
3. Compare \(P(B|A)\) with \(P(B)\) to determine if the chance of low cholesterol increases with the taking of all assigned drugs.

**Yes or No Answer**: Yes"
59,yes,"Step-by-Step Reasoning:**
1. Identify the purpose of the analysis: to understand how education level affects salary.
2. Consider Method 1: general correlation between education and salary.
3. Consider Method 2: case-by-case analysis according to skill.
4. Evaluate the strengths and limitations of each method.
5. Determine the need for a detailed, context-specific understanding.
6. Choose the method that best aligns with the desired depth of analysis.

**Yes or No Answer:** No"
60,yes,"Step-by-Step Reasoning:**
1. Identify the key variables: treatment, recovery, and kidney stone size.
2. Recognize that kidney stone size can influence treatment effectiveness and recovery.
3. Method 1 analyzes treatment and recovery on a case-by-case basis, considering stone size.
4. Method 2 analyzes treatment and recovery without considering stone size.
5. Considering stone size (Method 1) provides a more nuanced understanding of treatment effects.

**Yes or No Answer:** Yes"
61,yes,"Step-by-Step Reasoning:**
1. Identify the probabilities of a child being intelligent based on parents' intelligence and social status.
2. Observe the effect of high social status on child intelligence for both unintelligent and intelligent parents.
3. Analyze how parents' intelligence influences the probability of high social status, considering the confounder.
4. Determine if the pathway from parents' intelligence to child's intelligence through social status indicates a negative effect.

**Yes or No Answer:** Yes."
62,no,"## Step 1: Understanding the given probabilities
The problem states that the overall probability of kindness is 1%. This implies that the probability of a mean personality is 100% - 1% = 99%. It also gives us the probability of attractive appearance for both kind and mean personalities, which is 84% in both cases.

## Step 2: Calculating the probability of attractive appearance for mean personalities
To find the probability that a person has a mean personality and an attractive appearance, we multiply the probability of having a mean personality by the probability of having an attractive appearance given a mean personality. This is 99% * 84% = 0.99 * 0.84 = 0.8316.

## Step 3: Calculating the probability of attractive appearance for kind personalities
Similarly, to find the probability that a person has a kind personality and an attractive appearance, we multiply the probability of having a kind personality by the probability of having an attractive appearance given a kind personality. This is 1% * 84% = 0.01 * 0.84 = 0.0084.

## Step 4: Finding the overall probability of attractive appearance
The overall probability of attractive appearance is the sum of the probabilities of attractive appearance for mean and kind personalities. This is 0.8316 + 0.0084 = 0.84.

## Step 5: Comparing the probability of attractive appearance to unattractive appearance
Since the overall probability of attractive appearance is 0.84 (or 84%), the probability of unattractive appearance is 100% - 84% = 16%. Thus, attractive appearance is more likely than unattractive appearance overall.

## Step 6: Conclusion
Attractive appearance is not less likely than unattractive appearance; it is actually more likely.

The final answer is: $\boxed{No}$"
63,yes,"## Step 1: Define the given probabilities
The probability of the alarm being set by the husband is 10%, or P(H) = 0.10. The probability of the alarm not being set by the husband but ringing is 73%, or P(R|~H) = 0.73, where ~H denotes the alarm not being set by the husband. The probability of the alarm being set by the husband and ringing is 2%, or P(R and H) = 0.02.

## Step 2: Determine the probability of the alarm ringing when set by the husband
To find the probability of the alarm ringing when it is set by the husband, we need to calculate P(R|H). However, we are given P(R and H) and P(H), so we can use the formula P(R|H) = P(R and H) / P(H).

## Step 3: Calculate P(R|H)
P(R|H) = P(R and H) / P(H) = 0.02 / 0.10 = 0.20. This means the probability of the alarm ringing when it is set by the husband is 20%.

## Step 4: Calculate the overall probability of the alarm ringing
To compare, we also need the overall probability of the alarm ringing, P(R). Given P(R|~H) = 0.73 and assuming the rest of the cases where the alarm rings are covered by P(R and H), we can infer the probability of the alarm not being set by the husband is P(~H) = 1 - P(H) = 0.90, because P(H) = 0.10.

## Step 5: Calculate the overall probability of the alarm ringing using the law of total probability
P(R) = P(R|H)P(H) + P(R|~H)P(~H). We already have P(R|H)P(H) = 0.02 (since P(R and H) = 0.02), and P(R|~H)P(~H) = 0.73 * 0.90. However, the correct approach to find P(R) should directly consider the given probabilities without assuming P(R|~H) applies to the entire remaining probability space for alarm ringing.

## Step 6: Correct the understanding of P(R|~H)
P(R|~H) = 0.73 is the probability of the alarm ringing given it was not set by the husband, but to use it in calculating the overall probability of the alarm ringing, we should consider it as part of the total probability space. The given P(R and H) = 0.02 directly contributes to P(R), and the rest of P(R) comes from cases where the alarm rings without being set by the husband.

## Step 7: Re-evaluate the question's focus
The question asks if the chance of the alarm ringing is larger when observing the alarm set by the husband. This requires comparing the probability of the alarm ringing given it's set by the husband, P(R|H), to the overall probability of the alarm ringing, P(R), or more accurately, to the probability of the alarm ringing when not set by the husband, P(R|~H), to understand the conditional probability context.

## Step 8: Compare probabilities
Given P(R|H) = 0.20 from Step 3, and recognizing the need to compare it to the probability of the alarm ringing in other conditions, we must note that P(R|~H) is given but not directly comparable without the context of its contribution to the overall P(R). The key comparison is whether setting the alarm by the husband increases the likelihood of it ringing.

## Step 9: Final comparison and conclusion
The probability of the alarm ringing when set by the husband, P(R|H), is 0.20. To assess if this is larger, we need a basis for comparison. The question essentially asks if the act of the husband setting the alarm increases the chance of it ringing compared to when he doesn't set it. However, the given P(R|~H) = 0.73 seems to be a conditional probability that doesn't directly apply to the comparison without calculating the overall probability of the alarm ringing.

## Step 10: Clarify the comparison basis
The real question is whether P(R|H) > P(R|~H). However, P(R|~H) given as 0.73 seems to be misinterpreted in the context of calculating overall probabilities. The critical insight is recognizing that the given probabilities already provide a basis for understanding the conditional likelihoods without needing to calculate an overall P(R) for comparison.

The final answer is: $\boxed{Yes}$"
64,yes,"Step-by-Step Reasoning**:
    - Identify given probabilities: P(S) = 0.15, P(S ∩ LC) = 0.13.
    - Recognize the need to compare P(LC|S) with P(LC) or P(LC|NS) to answer the question.
    - Since direct comparison values are not provided, infer based on given data that the rate of lung cancer among smokers seems disproportionately high given their smaller population size.
    - Consider that if 13% of the total population has both smoking and lung cancer, and only 15% of the population smokes, the concentration of lung cancer cases among smokers is significantly higher than among the general population.

3. **Yes or No Answer**: Yes"
65,yes,"## Step 1: Understanding the given probabilities
The probability of having a high salary without a college degree is 26%, and with a college degree or higher, it is 58%. This indicates a difference in the likelihood of achieving a high salary based on education level.

## Step 2: Comparing the probabilities
To determine if education level positively affects salary through skill, we compare the two probabilities. A higher probability of high salary for individuals with a college degree or higher suggests a positive correlation between education level and salary.

## Step 3: Inferring the relationship between education and salary
The significant difference in probabilities (58% vs. 26%) implies that having a college degree or higher is associated with a substantially higher likelihood of earning a high salary. This association can be attributed to the skills and knowledge acquired through higher education, which are often valued by employers and can lead to better job opportunities and higher pay.

## Step 4: Conclusion
Given the higher probability of achieving a high salary with a college degree or higher, it is reasonable to conclude that education level has a positive effect on salary, likely due to the acquisition of skills and knowledge that are in demand in the job market.

The final answer is: $\boxed{Yes}$"
66,yes,"Step-by-Step Reasoning:**
1. Identify the goal: Understanding how respiratory issues affect broken bones.
2. Evaluate Method 1: Offers detailed, case-by-case analysis within a clinical context, allowing for the consideration of specific factors such as severity and treatment outcomes.
3. Evaluate Method 2: Provides a broad, general analysis of the correlation between respiratory issues and broken bones across the population.
4. Determine the most appropriate method based on the goal: Method 1 is more suited for understanding specific, clinically relevant correlations and outcomes.

**Yes or No Answer:** Yes"
67,no,"## Step 1: Understanding the Problem
The problem presents two probabilities of developing lung cancer based on genetic predisposition related to smoking: 47% for those with nonsmoking genes and 53% for those with smoking genes.

## Step 2: Analyzing the Probabilities
To determine if having a smoking gene decreases the chance of lung cancer, we need to compare the two given probabilities. The probability for those with nonsmoking genes is 47%, and for those with smoking genes, it is 53%.

## Step 3: Comparing the Probabilities
A decrease in the chance of lung cancer would mean that the probability for those with smoking genes is lower than for those with nonsmoking genes. However, the given probabilities show the opposite: 53% is higher than 47%.

## Step 4: Conclusion
Based on the comparison, having a smoking gene, as defined in this context, actually increases the probability of lung cancer rather than decreasing it.

The final answer is: $\boxed{No}$"
68,no,"step-by-step reasoning:
1. Identify the probabilities for males and non-males.
2. Compare these probabilities to assess the impact of gender on admission acceptance.
3. Consider the hypothetical scenario of a male individual not being male, thus falling into the non-male category.
4. Conclude based on the comparison of probabilities.

The final answer is: $\boxed{No}$"
69,yes,"Step-by-step reasoning:
1. Compare the probabilities of long lifespan between normal weight and obese individuals with and without diabetes.
2. Analyze the increase in probability of long lifespan due to diabetes for both weight groups.
3. Consider the impact of obesity on lifespan through the pathway of diabetes, accounting for the overall higher probabilities of long lifespan in obese individuals regardless of diabetes status.

Yes or no answer: No."
70,yes,"Step-by-Step Reasoning:**
1. Identify the probability of smallpox survival for unvaccinated individuals: 56%.
2. Identify the probability of smallpox survival for vaccinated individuals: 49%.
3. Compare the two probabilities to determine the effect of vaccination on survival rates.
4. Recognize that a lower percentage indicates a decreased chance of survival in this context.

**Yes or No Answer:** Yes"
71,yes,"Step-by-step reasoning:
1. Calculate the probability of recovery given a high hospital bill using the formula for conditional probability.
2. Determine the overall probability of recovery by summing the probabilities of recovery with both high and low hospital bills.
3. Compare the conditional probability of recovery given a high hospital bill with the overall probability of recovery.

Yes or no answer: No."
72,yes,"Step-by-step reasoning:
1. Consider the impact of department competitiveness on admission decisions.
2. Recognize that gender disparities might vary across departments due to differences in competitiveness.
3. Method 1 accounts for departmental variations, potentially revealing nuanced patterns or biases.
4. Method 2 provides a general overview but might overlook department-specific disparities.
5. Therefore, Method 1 offers a more detailed and accurate analysis of the relationship between gender and admission status.

Yes."
73,yes,"## Step 1: Determine the probability of an individual being male and the probability of an individual not being male.
The probability of an individual being male is given as 19%, or 0.19. Therefore, the probability of an individual not being male (female) is 100% - 19% = 81%, or 0.81.

## Step 2: Calculate the probability of admission acceptance for males and females separately.
For males, the probability of admission acceptance is given as 65%, or 0.65. For females, the probability of admission acceptance is also given as 65%, or 0.65.

## Step 3: Calculate the overall probability of admission acceptance.
To find the overall probability of admission acceptance, we need to consider both males and females. This can be calculated by adding the product of the probability of being male and the probability of acceptance given male to the product of the probability of being female and the probability of acceptance given female.
Overall probability of admission acceptance = (Probability of being male * Probability of acceptance given male) + (Probability of being female * Probability of acceptance given female)
Overall probability of admission acceptance = (0.19 * 0.65) + (0.81 * 0.65)

## Step 4: Perform the calculation for the overall probability of admission acceptance.
Overall probability of admission acceptance = (0.19 * 0.65) + (0.81 * 0.65) = 0.1235 + 0.5265 = 0.65

## Step 5: Compare the overall probability of admission acceptance to the probability of admission rejection to determine if acceptance is more likely.
The probability of admission rejection is 1 - probability of admission acceptance. Since the overall probability of admission acceptance is 0.65, the probability of admission rejection is 1 - 0.65 = 0.35. If the probability of admission acceptance is greater than the probability of admission rejection, then admission acceptance is more likely.

## Step 6: Determine if admission acceptance is more likely than admission rejection based on the calculated probabilities.
Since 0.65 (probability of admission acceptance) is greater than 0.35 (probability of admission rejection), admission acceptance is more likely than admission rejection.

The final answer is: $\boxed{Yes}$"
74,yes,"## Step 1: Define the given probabilities
The overall probability of increased supply is 56%, the probability of reduced supply and increased price is 32%, and the probability of increased supply and increased price is 23%.

## Step 2: Determine the probability of increased price given increased supply
To find if the chance of increased price is larger when observing increased supply, we need to calculate the probability of increased price given increased supply. This can be done using the formula for conditional probability: P(Increased Price | Increased Supply) = P(Increased Supply and Increased Price) / P(Increased Supply).

## Step 3: Calculate the probability of increased price given increased supply
Given that the probability of increased supply and increased price is 23% and the overall probability of increased supply is 56%, we can calculate the conditional probability: P(Increased Price | Increased Supply) = 23% / 56%.

## Step 4: Compare the calculated probability with the overall probability of increased price
However, to determine if the chance of increased price is larger when observing increased supply, we should compare the calculated conditional probability with the overall probability of increased price. The overall probability of increased price can be found by adding the probabilities of increased price with both increased and reduced supply: P(Increased Price) = P(Reduced Supply and Increased Price) + P(Increased Supply and Increased Price).

## Step 5: Calculate the overall probability of increased price
Using the given probabilities: P(Increased Price) = 32% + 23% = 55%.

## Step 6: Calculate the conditional probability of increased price given increased supply
P(Increased Price | Increased Supply) = 23% / 56% = 0.411 or approximately 41.1%.

## Step 7: Compare the conditional probability with the overall probability of increased price
The conditional probability of increased price given increased supply (approximately 41.1%) is greater than the overall probability of increased price (55% is the total probability of increased price, but we need to compare the conditional probability to the probability of increased price without the condition of supply, which isn't directly given but can be inferred as less relevant for this specific comparison since we are focusing on the relationship between increased supply and increased price).

## Step 8: Conclusion
Given the calculations and comparisons, we can conclude that the chance of increased price is indeed larger when observing increased supply because the conditional probability of increased price given increased supply is approximately 41.1%, indicating a significant portion of increased supply scenarios result in increased price, but to directly answer the question, we must consider if this comparison is properly framed. The critical insight is recognizing that without the direct probability of increased price to compare, we assess the relationship based on given data.

The final answer is: $\boxed{Yes}$"
75,yes,"## Step 1: Define the problem and the given probabilities
We are given the overall probability of a high hospital bill as 55%, the probability of a low hospital bill and recovery as 17%, and the probability of a high hospital bill and recovery as 40%. We need to determine if the chance of recovery is larger when observing a high hospital bill.

## Step 2: Calculate the probability of recovery given a high hospital bill
To find the probability of recovery given a high hospital bill, we can use the formula for conditional probability: P(Recovery|High Bill) = P(High Bill and Recovery) / P(High Bill). Given that P(High Bill and Recovery) = 40% and P(High Bill) = 55%, we can calculate P(Recovery|High Bill) = 40% / 55%.

## Step 3: Calculate the probability of recovery given a low hospital bill
Similarly, to find the probability of recovery given a low hospital bill, we use the formula P(Recovery|Low Bill) = P(Low Bill and Recovery) / P(Low Bill). Given P(Low Bill and Recovery) = 17%, and knowing that the total probability of recovery is the sum of the probabilities of recovery with high and low bills, we first need to find P(Low Bill). Since the total probability of high hospital bills is 55%, the probability of low hospital bills is 100% - 55% = 45%. Therefore, P(Recovery|Low Bill) = 17% / 45%.

## Step 4: Compare the probabilities of recovery
To determine if the chance of recovery is larger when observing a high hospital bill, we compare P(Recovery|High Bill) with P(Recovery|Low Bill).

## Step 5: Perform the calculations
P(Recovery|High Bill) = 40% / 55% = 0.7273 or approximately 72.73%. P(Recovery|Low Bill) = 17% / 45% = 0.3778 or approximately 37.78%.

## Step 6: Conclusion
Since 72.73% (probability of recovery given a high hospital bill) is greater than 37.78% (probability of recovery given a low hospital bill), the chance of recovery is indeed larger when observing a high hospital bill.

The final answer is: $\boxed{Yes}$"
76,no,"## Step 1: Define the problem and the given probabilities
We are given the following probabilities:
- The overall probability of a smoking mother is 97% (P(Smoking Mother) = 0.97).
- The probability of a nonsmoking mother and high infant mortality is 2% (P(Nonsmoking Mother and High Infant Mortality) = 0.02).
- The probability of a smoking mother and high infant mortality is 38% (P(Smoking Mother and High Infant Mortality) = 0.38).
We need to determine if the chance of high infant mortality is larger when observing a smoking mother.

## Step 2: Calculate the probability of a nonsmoking mother
To find the probability of a nonsmoking mother, we subtract the probability of a smoking mother from 1, since these events are complementary.
P(Nonsmoking Mother) = 1 - P(Smoking Mother) = 1 - 0.97 = 0.03.

## Step 3: Calculate the probability of high infant mortality given a smoking mother
To determine if the chance of high infant mortality is larger when observing a smoking mother, we need to calculate the conditional probability of high infant mortality given a smoking mother, which is P(High Infant Mortality | Smoking Mother).
Given that P(Smoking Mother and High Infant Mortality) = 0.38, we can use the formula for conditional probability:
P(High Infant Mortality | Smoking Mother) = P(Smoking Mother and High Infant Mortality) / P(Smoking Mother) = 0.38 / 0.97.

## Step 4: Calculate the probability of high infant mortality given a nonsmoking mother
Similarly, to compare, we calculate the conditional probability of high infant mortality given a nonsmoking mother, P(High Infant Mortality | Nonsmoking Mother).
Given P(Nonsmoking Mother and High Infant Mortality) = 0.02, and knowing P(Nonsmoking Mother) = 0.03, we use the conditional probability formula:
P(High Infant Mortality | Nonsmoking Mother) = P(Nonsmoking Mother and High Infant Mortality) / P(Nonsmoking Mother) = 0.02 / 0.03.

## Step 5: Compare the probabilities
To conclude, we compare P(High Infant Mortality | Smoking Mother) with P(High Infant Mortality | Nonsmoking Mother) to determine if the chance of high infant mortality is larger when observing a smoking mother.

## Step 6: Perform the calculations for Step 3 and Step 4
P(High Infant Mortality | Smoking Mother) = 0.38 / 0.97 ≈ 0.392.
P(High Infant Mortality | Nonsmoking Mother) = 0.02 / 0.03 ≈ 0.667.

## Step 7: Conclusion based on calculations
Given the calculations, P(High Infant Mortality | Nonsmoking Mother) ≈ 0.667 is actually larger than P(High Infant Mortality | Smoking Mother) ≈ 0.392, indicating the chance of high infant mortality is not larger when observing a smoking mother compared to a nonsmoking mother based on the provided probabilities and calculations.

The final answer is: $\boxed{No}$"
77,yes,"Step-by-Step Reasoning**:
   - Identify the probability of the alarm ringing when the husband does not set it: 38%.
   - Identify the probability of the alarm ringing when the husband does set it: 60%.
   - Calculate the difference in probabilities to determine the increase: 60% - 38% = 22%.
   - If the difference is positive, it means setting the alarm increases the chance of it ringing.

3. **Yes or No Answer**: Yes"
78,yes,"Step-by-step reasoning:
1. Calculate the probability of normal infant birth weight for nonsmoking mothers by multiplying the probability of a nonsmoking mother by the probability of normal birth weight given a nonsmoking mother.
2. Calculate the probability of normal infant birth weight for smoking mothers by multiplying the probability of a smoking mother by the probability of normal birth weight given a smoking mother.
3. Add the probabilities from steps 1 and 2 to find the overall probability of normal infant birth weight.
4. Compare the overall probability of normal infant birth weight to 50% to determine if it is more likely than low infant birth weight.

Yes or no answer: Yes."
79,no,"step-by-step reasoning:
1. Intelligent parents contribute to high parental social status and directly to the child's intelligence.
2. The confounder's inactivity disrupts but does not completely eliminate the pathways to the child's intelligence.
3. Intelligent parents still have a direct influence on the child's intelligence.

The final answer is: $\boxed{No}$"
80,yes,"Step-by-step reasoning:
1. Identify the research goal: Understanding the general relationship between obesity and lifespan or the specific impact in cases like diabetes.
2. Evaluate Method 1 for general trends and patterns across a broad population.
3. Consider Method 2 for detailed insights into specific conditions like diabetes.
4. Choose the method based on whether a general overview or specific case analysis is needed.

Given the context of understanding how obesity affects lifespan in a general sense, Method 1 seems more aligned with this objective as it provides a broad perspective on the correlation between obesity and lifespan without narrowing down to specific conditions.

Yes."
81,yes,"Step-by-step reasoning:
1. Identify the goal: Understand how maternal smoking affects infant mortality.
2. Consider Method 1: Analyzes the correlation based on infant's birth weight, allowing for a nuanced view that accounts for birth weight as a variable.
3. Consider Method 2: Looks at the general correlation without considering birth weight, providing a broad view but potentially overlooking the impact of birth weight.
4. Evaluate the importance of controlling for birth weight: Birth weight is a significant factor in infant mortality and is associated with maternal smoking, making it a crucial variable to consider for accurate analysis.
5. Conclusion: Method 1 offers a more detailed and potentially more accurate understanding of the effect of maternal smoking on infant mortality by accounting for birth weight.

Yes."
82,yes,"Step-by-Step Reasoning:
- H → W (Husband's alarm sets wife's alarm)
- (H ∧ W) → R (Both alarms set causes ringing)
- If ¬H (Husband doesn't set alarm), then W is also false because H → W
- Since both H and W are needed for R, and H is false, the alarm won't ring

3. Yes or no answer: Yes"
83,yes,"Step-by-Step Reasoning:**
1. Identify the given probabilities for both water companies regarding cholera contraction and clean water.
2. Recognize that direct calculation of conditional probabilities is not possible with the given data.
3. Apply logical reasoning to compare the probabilities and their implications.
4. Observe that the area with a higher probability of clean water has a lower probability of cholera contraction.
5. Conclude based on the observation that clean water does not increase the chance of cholera contraction.

**Yes or No Answer:** No"
84,no,"## Step 1: Understand the given probabilities
The probability of a dark room for people not blowing out candles is 30%, and for people who blow out candles, the probability is 61%.

## Step 2: Compare the probabilities
To determine if it would be more likely to see a dark room if the person in the room had not blown out the candle, we need to compare the two probabilities. The probability of a dark room is higher (61%) when the person blows out the candles compared to when they don't (30%).

## Step 3: Apply logical reasoning
Given that the act of blowing out candles increases the probability of the room being dark (from 30% to 61%), it implies that not blowing out the candles would result in a lower probability of the room being dark.

## Step 4: Conclusion
Therefore, for people who blow out candles, it would be less likely to see a dark room if the person in the room had not blown out the candle, based on the given probabilities.

The final answer is: $\boxed{No}$"
85,yes,"## Step 1: Define the problem and the given probabilities
We are given the probabilities of normal infant birth weight and smoking mothers in areas with low and high cigarette taxes. The goal is to determine if having a smoking mother decreases the chance of normal infant birth weight.

## Step 2: Calculate the probability of normal infant birth weight given a smoking mother for low cigarette tax areas
To assess the impact of a smoking mother on the probability of normal infant birth weight, we first look at areas with low cigarette tax. The probability of normal infant birth weight is 7%, and the probability of a smoking mother is 6%.

## Step 3: Calculate the probability of normal infant birth weight given a smoking mother for high cigarette tax areas
In areas with high cigarette tax, the probability of normal infant birth weight is 22%, and the probability of a smoking mother is 49%. This step involves understanding the relationship between smoking mothers and infant birth weight in the context of higher cigarette taxes.

## Step 4: Apply Bayes' theorem or logical reasoning to determine the effect of a smoking mother on normal infant birth weight
To determine if a smoking mother decreases the chance of normal infant birth weight, we need to compare the probability of normal infant birth weight when the mother smokes to the overall probability of normal infant birth weight in each area. However, the direct calculation of conditional probabilities (e.g., P(normal birth weight | smoking mother)) requires additional information or assumptions about the joint distribution of these events.

## Step 5: Analyze the given probabilities for logical inference
Given the lack of direct conditional probabilities, we can make a logical inference based on the provided information. In areas with low cigarette tax, the probability of normal infant birth weight is lower (7%) compared to areas with high cigarette tax (22%). Meanwhile, the probability of a smoking mother is significantly higher in high cigarette tax areas (49%) than in low cigarette tax areas (6%). This suggests an inverse relationship between the prevalence of smoking mothers and the probability of normal infant birth weight across these two scenarios.

## Step 6: Draw a conclusion based on the logical analysis
Considering the information provided and the logical analysis, it appears that having a higher prevalence of smoking mothers (as seen in high cigarette tax areas) is associated with a higher probability of normal infant birth weight, which might seem counterintuitive. However, this observation does not directly address the question of whether a smoking mother decreases the chance of normal infant birth weight. The key insight is recognizing that the comparison across different areas does not directly answer the question about the effect of a smoking mother on infant birth weight within those areas.

## Step 7: Reconsider the question in the context of conditional probability
The question essentially asks for a comparison of the probability of normal infant birth weight given that the mother smokes versus the overall probability of normal infant birth weight. Without explicit conditional probabilities or more detailed data, we must recognize the limitations of our analysis based solely on the provided probabilities.

## Step 8: Final logical deduction
Given the information and typical understanding of the risks associated with smoking during pregnancy, it is generally accepted that smoking can negatively impact infant health, including birth weight. However, our analysis based on the provided probabilities does not directly demonstrate this effect due to the lack of conditional probability data.

The final answer is: $\boxed{Yes}$"
86,yes,"Step-by-step reasoning:
1. Calculate the probability of recovery for patients receiving treatment by considering the probabilities of male and non-male patients.
2. Calculate the probability of recovery for patients not receiving treatment by considering the probabilities of male and non-male patients.
3. Compare the probabilities of recovery with and without treatment to determine which scenario is more likely to result in recovery.

Yes or no answer: Yes."
87,yes,"Step-by-Step Reasoning**
1. Taking medication causes low blood pressure.
2. Taking medication and having high blood pressure leads to a healthy heart.
3. Not taking medication does not meet the condition of taking medication required for the combination that leads to a healthy heart.
4. Therefore, based on the given information, not taking medication does not guarantee a healthy heart under the specified conditions.

**Yes or No Answer**
No"
88,no,"Step-by-step reasoning:
   - Identify the given probabilities for high salary based on education level.
   - Compare the probabilities to assess the relationship between education and salary.
   - Calculate the difference in probabilities to quantify the impact of education.
   - Interpret the findings in the context of how education affects skill acquisition and salary.

3. No"
89,yes,"Step-by-step reasoning:**
1. Calculate the overall probability of a dark room, P(D), by adding the probabilities of a dark room with and without the candle blown out.
2. Calculate the probability of a dark room given the candle is blown out, P(D|B), using the definition of conditional probability.
3. Compare P(D|B) with the probability of a dark room given the candle is not blown out, P(D|not B), to assess the impact of blowing out the candle on the probability of a dark room.

**Yes or no answer:** No"
90,yes,"## Step 1: Define the given probabilities
The probability of waking up late is 6%, or P(L) = 0.06. The probability of waking up on time and arriving to school on time is 44%, or P(OT ∩ AT) = 0.44, where OT represents waking up on time and AT represents arriving to school on time. The probability of waking up late and arriving to school on time is 5%, or P(L ∩ AT) = 0.05.

## Step 2: Calculate the probability of waking up on time
Since the probability of waking up late is 6%, the probability of waking up on time is 100% - 6% = 94%, or P(OT) = 0.94.

## Step 3: Calculate the probability of arriving to school on time given waking up late
This is a conditional probability problem. We need to calculate P(AT|L), which is the probability of arriving to school on time given that one woke up late. The formula for conditional probability is P(A|B) = P(A ∩ B) / P(B). Applying this to our scenario, P(AT|L) = P(L ∩ AT) / P(L) = 0.05 / 0.06.

## Step 4: Calculate the probability of arriving to school on time given waking up on time
Similarly, we calculate P(AT|OT) using the formula P(A|B) = P(A ∩ B) / P(B). Here, P(AT|OT) = P(OT ∩ AT) / P(OT) = 0.44 / 0.94.

## Step 5: Compare the probabilities of arriving to school on time given waking up late and waking up on time
We compare P(AT|L) and P(AT|OT) to determine if the chance of arriving to school on time is larger when observing waking up late.

## Step 6: Perform calculations for P(AT|L) and P(AT|OT)
P(AT|L) = 0.05 / 0.06 = 5/6 ≈ 0.8333. P(AT|OT) = 0.44 / 0.94 ≈ 0.4681.

## Step 7: Conclusion
Since P(AT|L) > P(AT|OT), the chance of arriving to school on time is larger when observing waking up late.

The final answer is: $\boxed{Yes}$"
91,no,"Step-by-step reasoning:
1. Identify the probabilities of scurvy for both groups.
2. Compare these probabilities to determine the effect of citrus intake on scurvy.
3. If the probability is higher for the citrus-consuming group, then citrus increases the chance of scurvy. If it's lower, then citrus decreases the chance.

Answer: No"
92,yes,"Step-by-step reasoning:
1. Identify the goal: Understand how season affects ground condition.
2. Consider Method 1: Analyzing season vs. ground condition with the variable of sprinkler usage.
3. Consider Method 2: Analyzing season vs. ground condition without specific variables like sprinkler usage.
4. Evaluate the need for specificity (Method 1) vs. generality (Method 2) in understanding the relationship.

Given the goal of accurately understanding how season affects ground, considering specific conditions (like sprinkler usage) can provide a more detailed and potentially more accurate picture of the relationship, especially in contexts where such factors significantly influence ground conditions.

Yes."
93,yes,"Step-by-step reasoning:
1. Identify the cause of scurvy: Lack of vitamin C.
2. Recognize the role of citrus in providing vitamin C.
3. Consider Method 1, which examines the case-by-case relationship between citrus consumption and scurvy through the lens of vitamin C content.
4. Consider Method 2, which looks at the general correlation without focusing on vitamin C.
5. Determine that understanding the mechanism (vitamin C provision) is crucial for a comprehensive analysis.
6. Choose Method 1 as it provides a more detailed and mechanistically informed approach.

Yes or no answer: Yes."
94,yes,"## Step 1: Understanding the Problem
The problem presents two scenarios: a dry season with a 50% probability of wet ground and a rainy season with a 51% probability of wet ground. We are asked to determine if it would be less likely to see wet ground in the rainy season if the season had been dry.

## Step 2: Analyzing the Probabilities
Given that the probability of wet ground in the dry season is 50% and in the rainy season is 51%, we can see that the rainy season has a slightly higher probability of wet ground.

## Step 3: Considering the Impact of a Dry Season
If the season had been dry, the probability of wet ground would be 50%, which is lower than the 51% probability during the rainy season.

## Step 4: Drawing a Conclusion
Since the probability of wet ground is higher in the rainy season (51%) compared to the dry season (50%), it would indeed be less likely to see wet ground if the season had been dry, as the condition (dry season) has a lower probability of wet ground.

The final answer is: $\boxed{Yes}$"
95,yes,"Step-by-Step Reasoning**:
- Calculate the probability of blowing out the candle and having a dark room: 18% * 54% = 9.72%.
- Calculate the probability of not blowing out the candle: 100% - 18% = 82%.
- Calculate the probability of not blowing out the candle and having a dark room: 82% * 87% = 71.34%.
- Calculate the overall probability of having a dark room: 9.72% + 71.34% = 81.06%.
- Compare the overall probability of a dark room to 50% to determine if it's more likely than a bright room.

3. **Yes or No Answer**: Yes."
96,yes,"Step-by-step reasoning:
1. Calculate the weighted probability of high salary for people with a college degree or higher: 0.92 * 0.38.
2. Calculate the weighted probability of high salary for people without a college degree: 0.08 * 0.18.
3. Add these probabilities to find the overall probability of high salary: 0.3496 + 0.0144 = 0.364.
4. Compare this probability to the probability of not having a high salary to determine if high salary is less likely.

Yes or no answer: Yes."
97,yes,"Step-by-step reasoning:**
1. Consider the scope of Method 1, which analyzes the talent-effort correlation broadly.
2. Consider the scope of Method 2, which focuses on the correlation within the context of elite institution admissions.
3. Evaluate the generalizability of each method, with Method 1 being broader and Method 2 being more specific.
4. Recognize the potential for Method 1 to offer a more comprehensive understanding due to its broader scope.

**Yes or no answer:** Yes"
98,yes,"## Step 1: Understand the given probabilities
The probability of a prisoner's death if released is 29%, and the probability of a prisoner's death if executed is 81%.

## Step 2: Compare the probabilities
To determine if the captain's order to execute the prisoner increases the chance of the prisoner's death, we need to compare the two probabilities. The probability of death when executed (81%) is greater than the probability of death when released (29%).

## Step 3: Conclusion based on comparison
Since 81% is greater than 29%, executing the prisoner indeed increases the chance of the prisoner's death compared to releasing the prisoner.

## Step 4: Logical deduction
The increase in probability from 29% to 81% upon execution indicates a direct relationship between the captain's order to execute and the likelihood of the prisoner's death.

The final answer is: $\boxed{Yes}$"
99,yes,"Step-by-Step Reasoning:**
1. Identify the relationship between smoking and tar deposit: Smoking causes an absence of tar deposit.
2. Understand the relationship between tar deposit and lung cancer: High tar deposit causes lung cancer.
3. Apply the given relationships to the question: If smoking leads to low tar deposit and high tar deposit causes lung cancer, then smoking might reduce the risk of lung cancer based on tar deposit levels alone.

**Yes or No Answer:** Yes"
100,no,"## Step 1: Understand the given correlation coefficient
The correlation coefficient between talent and being hard-working is given as -0.05. This value indicates a very weak negative correlation between the two variables.

## Step 2: Interpret the meaning of the correlation coefficient
A correlation coefficient close to 0 (between -0.1 and 0.1) typically suggests that there is no significant linear relationship between the two variables. In this case, the correlation coefficient of -0.05 is very close to 0, indicating that talent and being hard-working are essentially unrelated in the context of students accepted to elite institutions.

## Step 3: Consider the context of the question
The question asks if talent affects being hard-working among students accepted to elite institutions. The presence of a correlation does not necessarily imply causation. However, given the very weak correlation, it suggests that there is no significant evidence to support the idea that talent directly affects being hard-working in this specific population.

## Step 4: Draw a conclusion based on the correlation coefficient and context
Given the weak correlation and understanding that correlation does not imply causation, especially with a coefficient as low as -0.05, it's reasonable to conclude that talent does not have a significant impact on being hard-working among students accepted to elite institutions.

The final answer is: $\boxed{No}$"
101,yes,"step-by-step reasoning:
1. Identify the probability of death for released prisoners: 31%.
2. Identify the probability of death for executed prisoners: 75%.
3. Compare the probabilities to determine the likelihood of death based on the captain's action.
4. Conclude that releasing a prisoner results in a lower probability of death compared to executing a prisoner.

The final answer is: $\boxed{Yes}$"
102,yes,"Step-by-Step Reasoning:**
1. Identify the given factors: Male gender contributes to competitive department, and both male gender and competitive department contribute to admission acceptance.
2. Analyze the impact of changing one factor (male gender to non-male gender).
3. Consider that the absence of ""male gender"" might affect the applicant's chances but recognize that the information does not explicitly state non-male gender leads to rejection.
4. Acknowledge that other, unspecified factors could influence admission decisions for non-male applicants.

**Yes or No Answer:** No"
103,no,"## Step 1: Define the given probabilities
The probability of intelligent parents is 51%, the probability of unintelligent parents and intelligent child is 18%, and the probability of intelligent parents and intelligent child is 34%.

## Step 2: Determine the probability of an intelligent child
To find the probability of an intelligent child, we need to consider both scenarios where the parents are intelligent and where they are not. The probability of an intelligent child when parents are intelligent is given as 34%, and the probability of an intelligent child when parents are unintelligent is 18%. However, to assess if the chance of an intelligent child is smaller when observing intelligent parents, we need to calculate the probability of an intelligent child in the general population and compare it with the conditional probability given intelligent parents.

## Step 3: Calculate the probability of an intelligent child in the general population
The probability of an intelligent child in the general population can be found by adding the probabilities of all scenarios leading to an intelligent child. This includes the scenario of intelligent parents having an intelligent child (34%) and unintelligent parents having an intelligent child (18%). However, since the probability of unintelligent parents is not directly given, we must infer it from the given information. The probability of unintelligent parents can be calculated as 100% - probability of intelligent parents = 100% - 51% = 49%.

## Step 4: Calculate the probability of an intelligent child given intelligent parents
This is directly given as 34%.

## Step 5: Compare the probabilities
To determine if the chance of an intelligent child is smaller when observing intelligent parents, we compare the conditional probability of an intelligent child given intelligent parents (34%) with the overall probability of an intelligent child. However, the direct comparison requires calculating the overall probability of an intelligent child, which involves considering the weighted average based on the probabilities of intelligent and unintelligent parents.

## Step 6: Calculate the weighted average of having an intelligent child
Given that 51% of parents are intelligent and 49% are not, and knowing the probabilities of having an intelligent child in both cases (34% for intelligent parents and 18% for unintelligent parents), the overall probability of having an intelligent child can be calculated as: (0.51 * 0.34) + (0.49 * 0.18).

## Step 7: Perform the calculation
Overall probability of an intelligent child = (0.51 * 0.34) + (0.49 * 0.18) = 0.1734 + 0.0882 = 0.2616 or 26.16%.

## Step 8: Compare the calculated overall probability with the given conditional probability
The probability of an intelligent child given intelligent parents (34%) is higher than the overall probability of an intelligent child (26.16%).

## Step 9: Conclusion
The chance of an intelligent child is not smaller when observing intelligent parents; it is actually higher.

The final answer is: $\boxed{No}$"
104,no,"Step-by-Step Reasoning**:
- Identify given probabilities.
- Calculate the probability of an intelligent child given intelligent parents by dividing the probability of both by the probability of intelligent parents.
- Compare this with the overall probability of an intelligent child to answer the question.

3. **Yes or No Answer**: 
To calculate: Probability of intelligent child given intelligent parents = 0.43 / 0.6 = 0.7167 or approximately 71.67%. The overall probability of an intelligent child is 63%. Since 71.67% (probability of intelligent child given intelligent parents) is greater than 63% (overall probability of an intelligent child), the chance of an intelligent child is actually larger when observing intelligent parents, not smaller. 

No."
105,no,"## Step 1: Define the problem and the goal
The goal is to determine if smoking positively affects college admission through effort, given various probabilities related to smoking, work ethic, and college admission.

## Step 2: Identify the relevant probabilities
- Nonsmokers and lazy: 98% chance of college admission
- Nonsmokers and hard-working: 62% chance of college admission
- Smokers and lazy: 85% chance of college admission
- Smokers and hard-working: 59% chance of college admission
- Nonsmokers who are hard-working: 28%
- Smokers who are hard-working: 69%

## Step 3: Calculate the overall probability of college admission for nonsmokers and smokers
To assess the impact of smoking on college admission through effort, we need to calculate the weighted average of college admission probabilities for both nonsmokers and smokers, considering their work ethic.

## Step 4: Calculate the weighted average for nonsmokers
For nonsmokers:
- Probability of being lazy: 100% - 28% = 72%
- Probability of being hard-working: 28%
- Weighted average = (0.72 * 0.98) + (0.28 * 0.62)

## Step 5: Perform the calculation for nonsmokers
Weighted average for nonsmokers = (0.72 * 0.98) + (0.28 * 0.62) = 0.7056 + 0.1736 = 0.8792 or 87.92%

## Step 6: Calculate the weighted average for smokers
For smokers:
- Probability of being lazy: 100% - 69% = 31%
- Probability of being hard-working: 69%
- Weighted average = (0.31 * 0.85) + (0.69 * 0.59)

## Step 7: Perform the calculation for smokers
Weighted average for smokers = (0.31 * 0.85) + (0.69 * 0.59) = 0.2635 + 0.4071 = 0.6706 or 67.06%

## Step 8: Compare the weighted averages
Since the weighted average for nonsmokers (87.92%) is higher than for smokers (67.06%), smoking does not positively affect college admission through effort.

## Step 9: Conclusion
Based on the calculations, smoking negatively affects the probability of college admission when considering effort.

The final answer is: $\boxed{No}$"
106,yes,"Step-by-Step Reasoning:**
1. Identify the given conditions: The person has pre-conditions.
2. Understand the causal relationships: Pre-conditions can lead to vaccine refusal, and pre-conditions + vaccine can lead to recovery.
3. Analyze the outcomes: Vaccine refusal may lead to a higher risk of not recovering, while getting the vaccine increases the chances of recovery.
4. Apply logical reasoning: Given the person's pre-conditions, refusing the vaccine would likely increase their risk of not recovering, which could lead to death from the disease.

**Yes or No Answer:** Yes"
107,yes,"step by step. We are told that the presence of a smoking gene combined with high pollution leads to smoking. Furthermore, when smoking is added to the combination of a smoking gene and high pollution, it results in lung cancer. The person in question lives in an area with high pollution. We need to determine if having a smoking gene instead of a nonsmoking gene would mean the person does not have lung cancer.

Given that the person lives in a polluted area, if they have a smoking gene, according to the information provided, they would be likely to smoke. Since smoking, combined with a smoking gene and high pollution, leads to lung cancer, having a smoking gene in this context does not inherently prevent lung cancer; rather, it's part of the combination that leads to it.

However, the question seems to be asking if the absence of lung cancer could be attributed to having a smoking gene instead of a nonsmoking gene, which introduces a bit of confusion because the direct implication of having a smoking gene, in the context provided, is an increased likelihood of smoking and subsequently lung cancer when combined with high pollution and the act of smoking.

The critical point here is understanding that the question essentially asks us to consider the impact of the smoking gene in isolation from the act of smoking itself on the development of lung cancer. Since we are given that smoking (the act) is a necessary component for lung cancer to develop from the combination of a smoking gene and high pollution, the question's phrasing suggests a misunderstanding of the conditions leading to lung cancer as described.

**Step-by-Step Reasoning:**
1. Smoking gene + High pollution = Smoking
2. Smoking + Smoking gene + High pollution = Lung cancer
3. Person lives in high pollution area.
4. If the person has a smoking gene, they are likely to smoke, which, combined with high pollution, could lead to lung cancer.
5. The question implies considering the smoking gene's role without the act of smoking, which seems to be a mix-up since the act of smoking is necessary for lung cancer in this context.

**Yes or No Answer:** No"
108,yes,"## Step 1: Understand the given probabilities
The probability of wet ground in the dry season is 56%, and in the rainy season, it is 43%. This seems counterintuitive since one might expect the rainy season to have a higher probability of wet ground.

## Step 2: Compare the probabilities
To determine if it would be less likely to see wet ground in the rainy season if the season had been dry, we need to compare the given probabilities. The probability of wet ground in the dry season (56%) is higher than in the rainy season (43%).

## Step 3: Apply logical reasoning
Given that the probability of wet ground is higher in the dry season than in the rainy season, it implies that the condition of the season (dry or rainy) does not directly influence the likelihood of wet ground as one might intuitively expect. However, the question asks us to consider the scenario where the season had been dry and compare it to the actual condition of being in the rainy season.

## Step 4: Consider the implication of the question
The question essentially asks us to compare the likelihood of wet ground between two scenarios: the actual rainy season and a hypothetical scenario where the season had been dry. Given the probabilities, if the season had been dry, the probability of wet ground would be 56%, which is higher than the 43% probability during the actual rainy season.

## Step 5: Conclusion
Based on the given probabilities and logical reasoning, if the season had been dry, it would actually be more likely to see wet ground compared to the current rainy season. However, the question asks if it would be ""less likely"" to see wet ground in the rainy season if the season had been dry. Since the probability of wet ground is higher in the dry season, the answer to the question as phrased is affirmative because the premise of the question seems to misunderstand the relationship between the seasons and wet ground probability.

The final answer is: $\boxed{Yes}$"
109,no,"## Step 1: Understanding the given probabilities
The problem provides various probabilities related to gender, job type (blue-collar vs. white-collar), skill level (high vs. low), and salary (high vs. not high). We need to analyze these probabilities to determine if there's a positive effect of gender on salary through occupation.

## Step 2: Identifying relevant probabilities for analysis
To assess the impact of gender on salary through occupation, we should compare the probabilities of high salary for males and females in both blue-collar and white-collar jobs, as well as consider the probabilities of having a white-collar job based on gender and skill level.

## Step 3: Analyzing the effect of gender on salary in blue-collar jobs
For blue-collar workers, the probability of high salary is 43% for males and 51% for non-males. This suggests that, in blue-collar jobs, being non-male might have a slightly positive effect on salary.

## Step 4: Analyzing the effect of gender on salary in white-collar jobs
For white-collar workers, the probability of high salary is 20% for males and 35% for non-males. This indicates that, in white-collar jobs, being non-male also seems to have a positive effect on salary.

## Step 5: Considering the impact of skill level and gender on occupation
The probabilities of having a white-collar job vary significantly by gender and skill level. Non-males with low skill levels have a 50% chance of being in a white-collar job, while those with high skill levels have only a 5% chance. Males with low skill levels have a 61% chance, and those with high skill levels have a 29% chance. Given the overall high probability of having a high skill level (87%), the distribution of males and non-males into white-collar jobs based on skill level could influence the perceived effect of gender on salary.

## Step 6: Evaluating the overall effect of gender on salary through occupation
To conclude whether gender positively affects salary through occupation, we must consider the interplay between gender, job type, skill level, and the given probabilities of high salary. The direct comparison of high salary probabilities by gender within job types suggests a potential positive effect of being non-male on salary in both blue-collar and white-collar jobs.

## Step 7: Conclusion based on logical analysis
Given the provided probabilities, it appears that being non-male is associated with higher probabilities of high salary in both blue-collar and white-collar jobs. However, the influence of skill level on job type and the overall high skill level in the population add complexity. The question asks if gender positively affects salary through occupation, implying an examination of whether being male has a beneficial effect on salary via occupational channels.

The final answer is: $\boxed{No}$"
110,yes,"Step-by-Step Reasoning:
- Identify the given causal relationships: IP or C causes PSS, and IP, C, and PSS cause IC.
- Consider the observed condition: C is active.
- Evaluate the effect of IP vs. UP on IC when C is active, considering that C itself can influence IC.
- Recognize that the active C might overshadow the effect of parental intelligence on the child's intelligence.

3. Yes or No Answer:
No."
111,yes,"Step-by-step reasoning:**
1. Calculate the percentage of the population with no respiratory issues and broken bones.
2. Calculate the percentage of the population with respiratory issues and broken bones.
3. Add these two percentages to find the overall probability of broken bones.
4. Compare this probability to the probability of not having broken bones (100% - probability of broken bones).

**Yes or no answer:** Yes"
112,yes,"Step-by-Step Reasoning:**
1. Identify the relationships: Living close to a college increases the likelihood of a college degree or higher.
2. Consider the effect of the confounder: The confounder, when active, affects both college degree attainment and high salary, but it is inactive in this scenario.
3. Analyze the given condition: The person lives close to a college but has a high school degree or lower, and the confounder is inactive.
4. Determine the impact on salary: Without the confounder's influence and lacking a college degree or higher, the typical pathway to a high salary is not present.

**Yes or No Answer:** No"
113,yes,"Step-by-Step Reasoning:**
1. Calculate the probability of the alarm being set and not set.
2. Determine the probability of the alarm ringing in both scenarios.
3. Calculate the overall probability of the alarm ringing by adding the probabilities from both scenarios.
4. Compare the overall probability of the alarm ringing to the probability of the alarm not ringing to determine which is more likely.

**Yes or No Answer:** No"
114,yes,"Step-by-Step Reasoning:**
1. **Understanding Method 1**: Analyzing vaccination and disease correlation case by case, including pre-conditions.
2. **Understanding Method 2**: Examining the general correlation between vaccination and disease without pre-conditions.
3. **Comparing Methods**: Method 1 provides detailed, nuanced insights considering individual factors, while Method 2 offers a broad, potentially oversimplified view.
4. **Conclusion**: Method 1 is more accurate for understanding the complex relationship between vaccination and disease due to its consideration of individual pre-conditions.

**Yes or No Answer:** Yes"
115,yes,"Step-by-Step Reasoning:
1. **Understand the Problem**: The question asks whether examining the relationship between a man in a room and the room itself on a case-by-case basis (Method 1) is more correct than looking at the relationship in general (Method 2).
2. **Analyze Method 1**: This method involves a detailed examination based on specific conditions (e.g., the state of the candle).
3. **Analyze Method 2**: This method involves a generalized examination without considering specific conditions.
4. **Compare Methods**: Method 1 accounts for variables and specific conditions, potentially offering a more nuanced understanding.
5. **Conclusion**: Given the importance of context, Method 1 is more appropriate for understanding the complex interactions between the man and the room.

Yes or No Answer: Yes."
116,yes,"Step-by-Step Reasoning:**
1. Understand the given correlation coefficient (-0.04) and its implications.
2. Recognize that a low correlation coefficient indicates a weak linear relationship between the variables.
3. Recall that correlation does not imply causation, meaning that even a strong correlation would not necessarily indicate that one variable affects the other.
4. Consider that the relationship between kindness and attractive appearance could be influenced by other factors.

**Yes or No Answer:** No"
117,yes,"step-by-step reasoning:
1. Identify the probabilities of admission acceptance for males and non-males.
2. Compare these probabilities to determine the likelihood of admission acceptance.
3. Conclude based on the comparison whether being male affects the likelihood of admission acceptance.

The final answer is: $\boxed{Yes}$"
118,yes,"Step-by-step reasoning:
1. Calculate the probability of not being male.
2. Calculate the weighted probability of recovery without treatment for both males and non-males.
3. Calculate the weighted probability of recovery with treatment for both males and non-males.
4. Compare the probabilities of recovery with and without treatment to determine the effect of treatment.

Yes or no answer: Yes."
119,yes,"Step-by-Step Reasoning:**
1. Identify given causal relationships: Close to college + active confounder → College degree or higher; College degree or higher + active confounder → High salary.
2. Note the condition: Confounder is inactive.
3. Analyze the effect of the inactive confounder on the outcome: Without an active confounder, the link to a high salary is broken.
4. Consider the scenario: Living close to a college with an inactive confounder and having a college degree or higher.
5. Conclusion: The absence of the active confounder disrupts the causal chain leading to a high salary, even with a college degree or higher.

**Yes or No Answer:** Yes"
120,yes,"Step-by-Step Reasoning:**
1. Identify the probabilities of taking all drugs and not taking drugs.
2. Identify the conditional probabilities of low cholesterol given all drugs are taken and given no drugs are taken.
3. Use the law of total probability to calculate the overall probability of low cholesterol.
4. Compare the calculated probability to 0.5 to determine if low cholesterol is less likely than high cholesterol.

**Yes or No Answer:** No"
121,yes,"Step-by-step reasoning:**
1. Calculate the probability of lung cancer among nonsmokers: 55% of population * 75% chance of lung cancer.
2. Calculate the probability of lung cancer among smokers: 45% of population * 92% chance of lung cancer.
3. Add the probabilities of lung cancer among nonsmokers and smokers to find the total probability of lung cancer.
4. Compare the total probability of lung cancer to the probability of not having lung cancer.

**Yes or no answer:** Yes"
122,yes,"Step-by-step reasoning:
1. Calculate the overall probability of having a high salary, P(H), by summing the probabilities of having a high salary with and without a college degree.
2. Calculate the probability of having a high salary given a college degree or higher, P(H|C), using the formula for conditional probability.
3. Compare P(H|C) with the overall probability of a high salary, P(H), to determine if the chance of a high salary is larger when observing a college degree or higher.

Yes or no answer: No."
123,yes,"Step-by-step reasoning:
1. Identify the probability of scurvy for patients not consuming citrus: 86%.
2. Identify the probability of scurvy for patients consuming citrus: 59%.
3. Compare the two probabilities to determine the effect of citrus intake on scurvy.

Yes or no answer: Yes."
124,yes,"Step-by-Step Reasoning:**
1. Identify the given probabilities for tanning salon treatment and tanned skin among users and non-users.
2. Calculate the contribution of each group (tanning salon users and non-users) to the overall probability of tanned skin.
3. Add the contributions together to find the overall probability of tanned skin.
4. Compare the overall probability of tanned skin to 50% to determine if tanned skin is more likely than pale skin.

**Yes or No Answer:** Yes"
125,yes,"Step-by-Step Reasoning:
- Identify the probability of a dark room when candles are not blown out: 37%.
- Identify the probability of a dark room when candles are blown out: 70%.
- Compare the two probabilities to determine the effect of blowing out candles on the chance of a dark room.
- Since 70% (blowing out candles) is greater than 37% (not blowing out candles), blowing out candles increases the probability of a dark room.

3. Yes or No Answer: No"
126,yes,"Step-by-Step Reasoning:**
1. Calculate the probability of not receiving treatment: 100% - 51% = 49%.
2. Calculate the probability of recovery without treatment: 49% * 38%.
3. Calculate the probability of recovery with treatment: 51% * 59%.
4. Sum the probabilities of recovery with and without treatment to find the overall probability of recovery.
5. Compare the overall probability of recovery with the probability of non-recovery to determine which is more likely.

**Yes or No Answer:** Yes."
127,yes,"step-by-step reasoning:
- Identify the probabilities of high salary for both groups (19% for those without a college degree and 69% for those with a college degree or higher).
- Compare the probabilities to determine if there's a correlation between education level and high salary.
- Recognize that the significant increase in probability with higher education suggests a positive relationship.
- Infer that this relationship could be due to the acquisition of skills and knowledge through education.

3. Yes."
128,yes,"Step-by-step reasoning:
1. Identify the goal: Understand how water quality affects cholera.
2. Consider Method 1: Analyzes the correlation with the added context of poverty.
3. Consider Method 2: Looks directly at the correlation without additional variables.
4. Determine the value of each method: Method 1 provides nuanced insights, especially regarding socioeconomic factors, while Method 2 offers a straightforward correlation.
5. Decide based on the goal: For a detailed understanding, especially in poverty-affected areas, Method 1 is preferable.

Yes or no answer: Yes."
129,yes,"Step-by-Step Reasoning**:
- Identify given probabilities.
- Calculate the probability of taking the stairs.
- Understand that the direct comparison of penguin death risk between elevator and stairs users requires considering conditional probabilities.
- Recognize that the question essentially asks if the elevator scenario has a higher associated risk of penguin death than the alternative (stairs).

3. **Yes or No Answer**: 
Yes."
130,yes,"Step-by-Step Reasoning:**
1. Calculate the probability of being of normal weight: 100% - 20% = 80%.
2. Calculate the weighted probability of a long lifespan for the entire population using the probabilities of being normal weight or obese and their respective probabilities of long lifespan.
3. Compare the calculated probability of a long lifespan to 50% to determine if it is more or less likely than a short lifespan.

**Yes or No Answer:** No"
131,yes,"Step-by-Step Reasoning:**
1. Identify the constant factor: Good health.
2. Identify the variable factor: Mother's smoking status.
3. Analyze the given outcomes based on the presence of smoking and good health.
4. Deduce that smoking is a risk factor for high infant mortality when combined with good health and normal infant birth weight.
5. Remove the risk factor (smoking) and infer the likely outcome (lower infant mortality) with a nonsmoking mother.

**Yes or No Answer:** Yes"
132,yes,"Step-by-Step Reasoning:**
1. Identify the probability of a healthy heart for people not taking medication: 62%.
2. Identify the probability of a healthy heart for people taking medication: 35%.
3. Compare the two probabilities to determine if there's a decrease in the chance of a healthy heart when taking medication.
4. Recognize that the lower probability for those taking medication could be influenced by factors other than the medication itself, such as pre-existing health conditions.
5. Conclude based on the direct comparison of probabilities, without considering external factors.

**Yes or No Answer:** Yes"
133,yes,"## Step 1: Define the problem and identify the given probabilities
The problem requires determining if a patient who pays a high hospital bill would have a higher likelihood of recovery if they had paid a low hospital bill instead. The given probabilities are: 95% recovery for young patients with low bills, 74% for young patients with high bills, 23% for old patients with low bills, and 2% for old patients with high bills. The overall probability of being old is 48%.

## Step 2: Calculate the probability of a patient being young
Since the probability of being old is 48%, the probability of being young is 100% - 48% = 52%.

## Step 3: Calculate the weighted average probability of recovery for patients who pay a high hospital bill
To find this, we need to calculate the probability of recovery for a patient who pays a high bill, considering both age groups. This involves weighting the recovery probabilities by the probability of being in each age group. For high bills, the recovery probability for young patients is 74% and for old patients is 2%. The weighted average probability of recovery for high bills = (0.52 * 0.74) + (0.48 * 0.02).

## Step 4: Perform the calculation for the weighted average probability of recovery for high bills
Weighted average for high bills = (0.52 * 0.74) + (0.48 * 0.02) = 0.3848 + 0.0096 = 0.3944 or 39.44%.

## Step 5: Calculate the weighted average probability of recovery for patients who pay a low hospital bill
Similarly, for low bills, the recovery probability for young patients is 95% and for old patients is 23%. The weighted average probability of recovery for low bills = (0.52 * 0.95) + (0.48 * 0.23).

## Step 6: Perform the calculation for the weighted average probability of recovery for low bills
Weighted average for low bills = (0.52 * 0.95) + (0.48 * 0.23) = 0.494 + 0.1104 = 0.6044 or 60.44%.

## Step 7: Compare the probabilities of recovery for high and low hospital bills
The probability of recovery if the patient had paid a low hospital bill (60.44%) is higher than if they paid a high hospital bill (39.44%).

## Step 8: Determine if it would be more likely to see recovery if the patient had paid a low hospital bill
Yes, it would be more likely to see recovery if the patient had paid a low hospital bill, based on the calculated probabilities.

The final answer is: $\boxed{Yes}$"
134,yes,"## Step 1: Define the given probabilities
The overall probability of increased supply is 52%, the probability of reduced supply and increased price is 31%, and the probability of increased supply and increased price is 23%.

## Step 2: Determine the probability of increased price
To find the probability of increased price, we need to consider both scenarios where the price increases: with reduced supply and with increased supply. The probability of increased price with reduced supply is 31%, and with increased supply is 23%.

## Step 3: Calculate the total probability of increased price
Since these are mutually exclusive events (supply can't be both reduced and increased at the same time), we add the probabilities of increased price with reduced supply and increased supply. However, to assess if the chance of increased price is smaller when observing increased supply, we need to compare the probability of increased price given increased supply to the overall probability of increased price.

## Step 4: Calculate the probability of increased price given increased supply
The probability of increased price given increased supply can be found by dividing the probability of increased supply and increased price by the probability of increased supply. So, it's 23% / 52%.

## Step 5: Compare the probabilities
To determine if the chance of increased price is smaller when observing increased supply, we compare the calculated probability of increased price given increased supply to the overall probability of increased price without the condition of supply.

## Step 6: Calculate the overall probability of increased price
The overall probability of increased price is the sum of the probability of increased price with reduced supply and the probability of increased price with increased supply, which is 31% + 23% = 54%.

## Step 7: Calculate the conditional probability
The probability of increased price given increased supply is 23% / 52% = 0.4423 or approximately 44.23%.

## Step 8: Comparison
Compare the conditional probability of increased price given increased supply (approximately 44.23%) to the overall probability of increased price (54%). If the conditional probability is less than the overall probability, then the chance of increased price is smaller when observing increased supply.

The final answer is: $\boxed{Yes}$"
135,yes,"Step-by-Step Reasoning:**
1. Identify given probabilities for normal infant birth weight and smoking mothers in areas with low and high cigarette taxes.
2. Recognize that the increase in probability of normal infant birth weight in high-tax areas despite higher smoking rates among mothers does not directly imply smoking causes better birth outcomes.
3. Consider general knowledge that smoking during pregnancy is associated with adverse outcomes, including low birth weight.
4. Conclude that the relationship between smoking mothers and normal infant birth weight cannot be directly determined from the given data but infer based on known health impacts of smoking.

**Yes or No Answer:** No"
136,yes,"Step-by-Step Reasoning:**
1. Calculate the probability of citrus intake without scurvy.
2. Determine the total probability of no scurvy.
3. Calculate the overall probability of scurvy.
4. Calculate the probability of scurvy given citrus intake.
5. Compare the probability of scurvy given citrus intake to the overall probability of scurvy.

**Yes or No Answer:** No"
137,yes,"Step-by-Step Reasoning:
1. Identify admission probabilities by gender and department type.
2. Compare these probabilities to find any disparities.
3. Examine the probabilities of being in a competitive department by gender and residency.
4. Assess how these probabilities might influence overall admission outcomes based on gender.
5. Determine if there's a negative effect of gender on admission status through department competitiveness.

Yes or No Answer: Yes."
138,yes,"Step-by-Step Reasoning**:
    - Understand the meaning of the correlation coefficient (-0.04).
    - Recognize that a correlation close to 0 indicates a very weak relationship between variables.
    - Acknowledge that correlation does not equal causation.
    - Consider that the absence of a strong correlation does not negate potential non-linear or indirect effects.

3. **Yes or No Answer**: No"
139,yes,"Step-by-Step Reasoning:
- Identify the probability of lung cancer for nonsmokers: 64%.
- Identify the probability of lung cancer for smokers: 89%.
- Compare the probabilities to determine if being a nonsmoker reduces the likelihood of lung cancer compared to being a smoker.
- Since 64% is less than 89%, being a nonsmoker indeed reduces the likelihood.

3. Yes or No Answer: Yes"
140,no,"step-by-step reasoning:
1. The problem provides probabilities for treatment and recovery outcomes.
2. Calculate the proportion of each group (treated and not treated) that recovers.
3. Compare these proportions to determine if recovery is more likely with treatment.

The final answer is: $\boxed{No}$"
141,yes,"## Step 1: Define the problem and the information given
We are given the overall probability of using tanning salon treatments as 89%, the probability of tanned skin among those not using tanning salon treatments as 54%, and the probability of tanned skin among those who used tanning salon treatments as 16%. We need to determine if tanned skin is less likely than pale skin overall.

## Step 2: Calculate the probability of not using tanning salon treatments
Since the probability of using tanning salon treatments is 89%, the probability of not using tanning salon treatments is 100% - 89% = 11%.

## Step 3: Calculate the overall probability of tanned skin
To find the overall probability of tanned skin, we need to consider both groups: those who use tanning salon treatments and those who do not. The probability of tanned skin among those who use tanning salon treatments is 16%, and this applies to 89% of the population. The probability of tanned skin among those who do not use tanning salon treatments is 54%, and this applies to 11% of the population.

## Step 4: Calculate the weighted probability of tanned skin for both groups
For tanning salon users: 89% * 16% = 0.89 * 0.16 = 0.1424 or 14.24%
For non-tanning salon users: 11% * 54% = 0.11 * 0.54 = 0.0594 or 5.94%

## Step 5: Calculate the total probability of tanned skin
Adding the probabilities of tanned skin from both groups gives us the overall probability of tanned skin: 14.24% + 5.94% = 20.18%.

## Step 6: Determine if tanned skin is less likely than pale skin
Since the probability of tanned skin is 20.18%, the probability of pale skin (or not tanned skin) is 100% - 20.18% = 79.82%. Therefore, tanned skin is less likely than pale skin overall.

## Step 7: Conclusion
Based on the calculations, tanned skin is indeed less likely than pale skin overall because the probability of tanned skin (20.18%) is less than the probability of pale skin (79.82%).

The final answer is: $\boxed{Yes}$"
142,yes,"Step-by-Step Reasoning**
1. Understand that supply and demand are fundamental factors in determining market prices.
2. Recognize that demand can vary significantly across different markets or scenarios.
3. Acknowledge that Method 1 (general correlation) might not account for these variations in demand.
4. Method 2 (case-by-case analysis) incorporates demand conditions, allowing for a more precise understanding of supply's impact on price.
5. Conclude that considering demand (Method 2) provides a more accurate analysis than a general approach (Method 1).

**Yes or No Answer**
No"
143,yes,"Step-by-Step Reasoning:**
1. Calculate the probability of being female: 100% - 17% = 83%.
2. Calculate the probability of a non-male having a high salary: 36% of 83%.
3. Calculate the probability of a male having a high salary: 31% of 17%.
4. Find the overall probability of having a high salary by adding the probabilities from steps 2 and 3.
5. Calculate the probability of having a low salary by subtracting the overall probability of high salary from 100%.

**Yes or No Answer:** Yes"
144,yes,"step-by-step reasoning:
1. Identify the probabilities of the prisoner's death for each action: 11% for release and 55% for execution.
2. Compare these probabilities to determine which action leads to a higher likelihood of the prisoner's death.
3. Since 55% (execution) is greater than 11% (release), execution leads to a higher likelihood of death.
4. The question asks if it would be more likely to see the prisoner's death if the captain had ordered the release, given that the captain executes prisoners. Based on the comparison, the answer is no, because the likelihood of death is higher with execution than with release.

Yes or no answer: No"
145,yes,"Step-by-Step Reasoning:**
1. Calculate the probability of survival among vaccinated individuals by multiplying the probability of vaccination by the survival rate among vaccinated.
2. Calculate the probability of survival among unvaccinated individuals by multiplying the probability of being unvaccinated by the survival rate among unvaccinated.
3. Add the probabilities of survival from both groups to find the overall probability of smallpox survival.
4. Compare the overall probability of survival to 50% to determine if survival is more or less likely than death.

**Yes or No Answer:** No"
146,yes,"## Step 1: Understand the given probabilities
We are given three probabilities: the overall probability of blowing out the candle (16%), the probability of not blowing out the candle and having a dark room (74%), and the probability of blowing out the candle and having a dark room (9%).

## Step 2: Determine the probability of a dark room
To find the probability of a dark room, we need to consider both scenarios: blowing out the candle and not blowing out the candle. The probability of a dark room can be found by adding the probability of blowing out the candle and having a dark room to the probability of not blowing out the candle and having a dark room.

## Step 3: Calculate the total probability of a dark room
The total probability of a dark room is the sum of the probability of blowing out the candle and having a dark room (9%) and the probability of not blowing out the candle and having a dark room (74%). However, to assess the impact of blowing out the candle on the probability of a dark room, we need to consider the conditional probability.

## Step 4: Calculate the probability of a dark room given that the candle is blown out
The probability of a dark room given that the candle is blown out can be calculated by dividing the probability of blowing out the candle and having a dark room (9%) by the overall probability of blowing out the candle (16%). This gives us 9% / 16% = 56.25%.

## Step 5: Calculate the probability of a dark room given that the candle is not blown out
The probability of a dark room given that the candle is not blown out can be calculated by dividing the probability of not blowing out the candle and having a dark room (74%) by the probability of not blowing out the candle (100% - 16% = 84%). This gives us 74% / 84% = 88.1%.

## Step 6: Compare the probabilities
Comparing the probability of a dark room when the candle is blown out (56.25%) to the probability when the candle is not blown out (88.1%) indicates that the chance of a dark room is smaller when observing blowing out the candle.

The final answer is: $\boxed{Yes}$"
147,yes,"Step-by-Step Reasoning:**
1. Calculate the probability of having small kidney stones.
2. Use the law of total probability to calculate the overall probability of recovery with treatment.
3. Use the law of total probability to calculate the overall probability of recovery without treatment.
4. Compare the probabilities of recovery with and without treatment to determine which scenario is more likely to result in recovery.

**Yes or No Answer:** No"
148,yes,"## Step 1: Determine the overall probability of penguin death for those who take the stairs.
To find this, we need to calculate the weighted average of the probabilities of penguin death for sad and happy penguins who take the stairs. The probability of a penguin being happy and taking the stairs is 12%, and the probability of a penguin being sad and taking the stairs is 100% - 12% = 88%. So, the overall probability of penguin death for those who take the stairs is (0.56 * 0.88) + (0.64 * 0.12).

## Step 2: Calculate the overall probability of penguin death for those who take the stairs.
Using the numbers from step 1, the calculation is (0.56 * 0.88) + (0.64 * 0.12) = 0.4928 + 0.0768 = 0.5696, or 56.96%.

## Step 3: Determine the overall probability of penguin death for those who take the elevator.
Similar to step 1, we calculate the weighted average of the probabilities of penguin death for sad and happy penguins who take the elevator. The probability of a penguin being happy and taking the elevator is 99%, and the probability of a penguin being sad and taking the elevator is 100% - 99% = 1%. So, the overall probability of penguin death for those who take the elevator is (0.26 * 0.01) + (0.17 * 0.99).

## Step 4: Calculate the overall probability of penguin death for those who take the elevator.
Using the numbers from step 3, the calculation is (0.26 * 0.01) + (0.17 * 0.99) = 0.0026 + 0.1683 = 0.1709, or 17.09%.

## Step 5: Compare the overall probabilities of penguin death for those who take the stairs and those who take the elevator to determine if the decision to take the stairs would negatively affect penguin survival.
If the probability of penguin death is higher for those who take the stairs compared to those who take the elevator, then the decision to take the stairs would negatively affect penguin survival.

## Step 6: Conclusion
Since 56.96% (the probability of penguin death for those who take the stairs) is greater than 17.09% (the probability of penguin death for those who take the elevator), the decision to take the stairs would negatively affect penguin survival.

The final answer is: $\boxed{Yes}$"
149,yes,"Step-by-step reasoning:
1. Identify the relevant probabilities for hospitalized individuals: 29% for those without respiratory issues and 30% for those with respiratory issues.
2. Compare the probabilities to determine the relationship between respiratory issues and the chance of broken bones in hospitalized individuals.
3. Since 30% is greater than 29%, conclude that the presence of respiratory issues is associated with an increased chance of broken bones in hospitalized individuals.

Yes."
150,yes,"Step-by-step reasoning:
   - Identify the probabilities of wet ground for both seasons: 61% for dry season, 70% for rainy season.
   - Compare the probabilities to determine the effect of the season.
   - Recognize that a higher probability in the rainy season indicates a positive effect on the ground being wet due to weather.
   - Acknowledge that while sprinklers could influence ground wetness, the provided data emphasizes seasonal weather patterns.

3. Yes"
151,yes,"Step-by-Step Reasoning:**
1. Identify the given probabilities: 71% for no medication and 43% for taking medication.
2. Recognize that these probabilities might not directly compare the effect of medication on heart health due to potential underlying conditions.
3. Consider that people taking medication may have pre-existing health issues affecting their heart health, not necessarily the medication itself.
4. Conclude that the comparison as presented does not directly answer whether medication increases or decreases the chance of a healthy heart without considering the health status of individuals before medication.

**Yes or No Answer:** No"
152,yes,"Step-by-Step Reasoning:**
1. Consider the general approach (Method 1) for understanding the smoking-lung cancer correlation.
2. Evaluate the benefits of a more nuanced approach (Method 2) that accounts for gender differences.
3. Recognize the potential for gender-specific factors to influence the smoking-lung cancer relationship.
4. Acknowledge the limitations and potential biases of each method.
5. Determine that a comprehensive approach would ideally incorporate elements of both methods for a fuller understanding.

**Yes or No Answer:** No"
153,yes,"Step-by-Step Reasoning:**
1. Determine the probability of smoking and nonsmoking.
2. Calculate the probability of college admission for both smokers and nonsmokers separately.
3. Combine these probabilities to find the overall probability of college admission.
4. Compare this probability to 50% to determine if admission is more likely than rejection.

**Yes or No Answer:** Yes"
154,yes,"Step-by-step reasoning:
1. Calculate the probability of cholera contraction for people with clean water: 55% * 40% = 22%.
2. Calculate the probability of cholera contraction for people with polluted water: 45% * 80% = 36%.
3. Add the probabilities of cholera contraction for both scenarios to find the overall probability: 22% + 36% = 58%.
4. Determine the probability of cholera prevention: 100% - 58% = 42%.
5. Compare the probabilities to determine if cholera contraction is less likely than cholera prevention.

Yes or no answer: No."
155,yes,"Step-by-Step Reasoning:**
1. High poverty can cause clean water.
2. The person lives in a region with high poverty and is served by a local water company.
3. High poverty and clean water can cause cholera contraction.
4. If the person has clean water instead of polluted water, the conditions for cholera contraction are met.

**Yes or No Answer:** Yes"
156,yes,"## Step 1: Understanding the probabilities given
The problem states that for individuals who are not male, the probability of admission acceptance is 52%, and for individuals who are male, the probability of admission acceptance is 51%. This implies a comparison between two groups based on gender.

## Step 2: Comparing the probabilities
To determine if male gender decreases the chance of admission acceptance, we need to compare the probability of admission for males (51%) with the probability for non-males (52%). A decrease in chance would mean that the probability for males is lower than for non-males.

## Step 3: Logical conclusion based on comparison
Since 51% (the probability for males) is less than 52% (the probability for non-males), logically, being male would decrease the chance of admission acceptance compared to being non-male.

The final answer is: $\boxed{Yes}$"
157,yes,"## Step 1: Understand the given probabilities
The problem states that for people with nonsmoking genes, the probability of lung cancer is 39%, and for people with smoking genes, the probability of lung cancer is 48%.

## Step 2: Compare the probabilities
To determine if having a smoking gene increases the chance of lung cancer, we need to compare the two given probabilities. If the probability of lung cancer is higher for people with smoking genes than for those with nonsmoking genes, it indicates that having a smoking gene increases the risk.

## Step 3: Apply logical reasoning
Given that 48% (the probability for people with smoking genes) is greater than 39% (the probability for people with nonsmoking genes), it logically follows that having a smoking gene is associated with a higher risk of lung cancer.

## Step 4: Conclusion
Based on the comparison of the probabilities, having a smoking gene does increase the chance of lung cancer.

The final answer is: $\boxed{Yes}$"
158,yes,"Step-by-Step Reasoning**:
- Identify given probabilities.
- Calculate the probability of smallpox survival given vaccination (1% / 3%).
- Calculate the probability of smallpox survival given no vaccination (39% / 97%).
- Compare these probabilities to determine if survival chance is higher with vaccination.

3. **Yes or No Answer**: No."
159,yes,"Step-by-Step Reasoning:
1. Understand the goal of the analysis: Determine if it's to find a general correlation or to inform specific interventions.
2. Consider the factors influencing the relationship: Recognize that poverty affects both water quality and health outcomes.
3. Evaluate Method 1: General correlation analysis across different populations.
4. Evaluate Method 2: Case-by-case analysis considering poverty.
5. Determine the appropriateness of each method based on the analysis goals and required level of detail.

Yes or No Answer: No"
160,yes,"Step-by-Step Reasoning:**
1. Identify the probabilities of healthy heart conditions based on medication intake and blood pressure levels.
2. Calculate the probability of low blood pressure for both groups (not taking and taking medication).
3. Compute the overall probability of a healthy heart for each group by considering the probabilities of low and high blood pressure and their respective healthy heart probabilities.
4. Compare the overall probabilities of healthy hearts between the two groups to determine the effect of medication.

**Yes or No Answer:** Yes"
161,yes,"Step-by-step reasoning:
1. **Understanding the Goal**: The objective is to comprehend the impact of personality on appearance.
2. **Analyzing Method 1**: This method considers the correlation within the context of relationships, which may introduce biases.
3. **Analyzing Method 2**: This method examines the correlation in general, without the context of relationships, potentially offering a clearer picture.
4. **Comparison**: Method 2 is more direct and less influenced by external factors related to relationships.
5. **Conclusion**: For understanding the general effect of personality on appearance, Method 2 is more appropriate.

Yes or no answer: No."
162,yes,"Step-by-Step Reasoning**:
   - Identify given probabilities: P(Smoking Gene) = 15%, P(Nonsmoking Gene and Lung Cancer) = 30%, P(Smoking Gene and Lung Cancer) = 6%.
   - Calculate the probability of lung cancer given the smoking gene: P(LC|SG) = P(SG and LC) / P(SG) = 6% / 15% = 40%.
   - Compare the calculated probability with the given probability for nonsmokers to assess the risk.

3. **Yes or No Answer**: No."
163,yes,"Step-by-Step Reasoning**:
- Determine the probabilities of low and high hospital bills.
- Calculate the overall probability of recovery using the law of total probability.
- Compare the overall probability of recovery to the probability of non-recovery.

3. **Yes or No Answer**: Yes"
164,yes,"Step-by-step reasoning:
1. Calculate the probability of being unattractive: 100% - 52% = 48%.
2. Identify the probability of talent given attractiveness and unattractiveness, both are 16%.
3. Calculate the overall probability of talent using the law of total probability.
4. Compare the overall probability of talent with the probability of lack of talent.

Yes or no answer: Yes."
165,yes,"Step-by-Step Reasoning**:
   - Identify the probabilities given: 87% for not lighting a match and 53% for lighting a match.
   - Understand these probabilities are conditional on the camper's action.
   - Recognize the question is asking for a comparison based on a hypothetical reversal of the camper's action (not lighting a match after having lit one).
   - The given probabilities do not directly allow us to infer the outcome of not lighting a match after having lit one, as they are based on the initial action, not the reversal of that action.
   - The comparison is about the likelihood of the forest being on fire in two different initial conditions, not about the causal effect of lighting a match on the forest fire probability.

3. **Yes or No Answer**: No"
166,yes,"Step-by-step reasoning:
1. Calculate the probability of recovery for patients receiving treatment: 0.57 * 0.61
2. Calculate the probability of recovery for patients not receiving treatment: 0.43 * 0.46
3. Add both probabilities to find the overall probability of recovery: 0.3477 + 0.1978 = 0.5455
4. Compare the overall probability of recovery to the probability of non-recovery to determine which is more likely.

Yes or no answer: No"
167,yes,"Step-by-Step Reasoning:**
1. Identify the lung cancer probabilities for smokers and nonsmokers in both genetic groups.
2. Calculate the increase in lung cancer risk due to smoking in each genetic group.
3. Compare the increases to determine if the genetic factor modifies the effect of smoking on lung cancer risk.
4. Conclude based on the comparison whether the gene positively affects lung cancer through smoking.

**Yes or No Answer:** No"
168,yes,"Step-by-step reasoning:
1. Consider the complexity of the relationship between education and salary.
2. Evaluate Method 1, which analyzes the correlation case by case according to skill, allowing for a detailed and nuanced understanding.
3. Evaluate Method 2, which looks at the general correlation without considering specific skills or job requirements, potentially overlooking critical factors.
4. Determine that Method 1 provides a more accurate assessment due to its consideration of specific skills and job contexts.

Yes or no answer: Yes."
169,yes,"Step-by-Step Reasoning:**
1. Identify the goal: Understand how Alice waking up affects her arrival at school.
2. Evaluate Method 1: General correlation without considering specific factors.
3. Evaluate Method 2: Case-by-case analysis including factors like traffic.
4. Determine that accuracy and detail are crucial for understanding the correlation.
5. Choose Method 2 for its comprehensive approach to the situation.

**Yes or No Answer:** No"
170,yes,"## Step 1: Define the probabilities given in the problem
The probability of having the smoking gene is 88%, or P(smoking) = 0.88. The probability of having the nonsmoking gene and lung cancer is 7%, or P(nonsmoking and lung cancer) = 0.07. The probability of having the smoking gene and lung cancer is 35%, or P(smoking and lung cancer) = 0.35.

## Step 2: Calculate the probability of nonsmoking gene
Since the probability of smoking gene is 88%, the probability of nonsmoking gene is 100% - 88% = 12%, or P(nonsmoking) = 0.12.

## Step 3: Calculate the probability of lung cancer given nonsmoking gene
We already have P(nonsmoking and lung cancer) = 0.07 and P(nonsmoking) = 0.12. To find the probability of lung cancer given the nonsmoking gene, we use the formula P(lung cancer | nonsmoking) = P(nonsmoking and lung cancer) / P(nonsmoking) = 0.07 / 0.12.

## Step 4: Calculate the probability of lung cancer given smoking gene
Similarly, to find the probability of lung cancer given the smoking gene, we use P(lung cancer | smoking) = P(smoking and lung cancer) / P(smoking) = 0.35 / 0.88.

## Step 5: Compare the probabilities of lung cancer given smoking and nonsmoking genes
We compare P(lung cancer | smoking) to P(lung cancer | nonsmoking) to determine if the chance of lung cancer is larger when observing the smoking gene.

## Step 6: Perform calculations for step 3 and step 4
P(lung cancer | nonsmoking) = 0.07 / 0.12 = 0.5833. P(lung cancer | smoking) = 0.35 / 0.88 = 0.3977.

## Step 7: Compare the results from step 6
Since 0.3977 is less than 0.5833, the probability of lung cancer given the nonsmoking gene is actually higher than given the smoking gene based on the calculations provided, but this interpretation seems to contradict the initial setup. Let's correct the understanding: The comparison should focus on the direct relationship between smoking and the increased risk of lung cancer, considering the initial probabilities given might have been misinterpreted in the calculation process.

## Step 8: Re-evaluate the interpretation of the given probabilities
Given P(smoking and lung cancer) = 35% and P(nonsmoking and lung cancer) = 7%, it directly implies that the probability of lung cancer is higher in individuals with the smoking gene than in those with the nonsmoking gene, as the probability of both conditions co-occurring (smoking and lung cancer) is higher than the probability of nonsmoking and lung cancer co-occurring.

The final answer is: $\boxed{Yes}$"
171,yes,"## Step 1: Understand the given probabilities
We are given three probabilities:
- The overall probability of blowing out the candle is 16% (P(B)).
- The probability of not blowing out the candle and a dark room is 74% (P(not B and D)).
- The probability of blowing out the candle and a dark room is 9% (P(B and D)).

## Step 2: Calculate the probability of a dark room when the candle is blown out
To determine if the chance of a dark room is larger when observing blowing out the candle, we need to calculate the conditional probability of a dark room given that the candle is blown out, P(D|B). This can be calculated using the formula P(D|B) = P(B and D) / P(B).

## Step 3: Apply the formula for conditional probability
Given P(B and D) = 9% and P(B) = 16%, we can substitute these values into the formula to find P(D|B) = 9% / 16%.

## Step 4: Calculate P(D|B)
P(D|B) = 9% / 16% = 0.5625 or 56.25%.

## Step 5: Compare with the probability of a dark room when the candle is not blown out
To assess if the chance of a dark room is larger when the candle is blown out, we should also consider the probability of a dark room when the candle is not blown out. However, the direct comparison requires the overall probability of a dark room or the probability of a dark room given the candle is not blown out. Since we're focused on whether blowing out the candle increases the likelihood of a dark room, we'll proceed with the understanding that the presence of a dark room is more likely when the candle (a source of light) is blown out, based on the calculated conditional probability.

## Step 6: Determine if the chance of a dark room is larger when observing blowing out the candle
Given that P(D|B) is 56.25%, this indicates a significant probability of a dark room when the candle is blown out. However, to conclude if it's larger, we need a basis for comparison, such as the overall probability of a dark room or the probability of a dark room without the candle being blown out. The question hints at comparing the scenario of blowing out the candle to an implied alternative, but without a direct comparison to the probability of a dark room in other conditions, we focus on the calculated conditional probability as an indicator of the relationship between blowing out the candle and the occurrence of a dark room.

## Step 7: Conclusion based on given data
Since we've calculated the probability of a dark room given that the candle is blown out and found it to be 56.25%, and considering the context that blowing out a candle (a light source) would logically increase the likelihood of a room being dark, we can reason about the impact of blowing out the candle on the darkness of the room.

The final answer is: $\boxed{Yes}$"
172,yes,"Step-by-Step Reasoning**:
   - Identify the goal: Understand the effect of treatment on recovery.
   - Recognize the variable: Kidney stone size affects treatment outcomes.
   - Evaluate Method 1: General correlation between treatment and recovery, potentially overlooking variables like stone size.
   - Evaluate Method 2: Case-by-case analysis considering stone size, offering a nuanced view of treatment efficacy.
   - Conclusion: Method 2 is more accurate for understanding treatment effects when variables like stone size are crucial.

3. **Yes or No Answer**: No."
173,yes,"Step-by-step reasoning:
1. Identify the two methods for analyzing the correlation between education level and salary.
2. Examine Method 1, which looks at the correlation case by case according to skill, allowing for a detailed analysis of how different skills impact earnings.
3. Examine Method 2, which looks at the general correlation without considering specific skills or fields, providing a broad overview but potentially overlooking nuances.
4. Compare the two methods to determine which offers a more accurate understanding of the relationship between education and salary.
5. Conclude that Method 1 provides a more detailed and nuanced understanding due to its consideration of specific skills and fields.

Yes or no answer: Yes."
174,no,"## Step 1: Define the given probabilities
The probability of receiving treatment is 50%, or P(T) = 0.5. The probability of receiving no treatment and recovery is 16%, or P(NT ∩ R) = 0.16. The probability of receiving treatment and recovery is 40%, or P(T ∩ R) = 0.4.

## Step 2: Determine the probability of recovery without treatment
To find the probability of recovery without treatment, we need to understand that the probability of receiving no treatment is the complement of receiving treatment, which is 1 - P(T) = 1 - 0.5 = 0.5. However, we are directly given the probability of no treatment and recovery, which is 0.16.

## Step 3: Calculate the overall probability of recovery
The overall probability of recovery can be found by adding the probability of recovery with treatment and the probability of recovery without treatment. We have P(T ∩ R) = 0.4, and P(NT ∩ R) = 0.16. Thus, the overall probability of recovery, P(R), is P(R) = P(T ∩ R) + P(NT ∩ R) = 0.4 + 0.16 = 0.56.

## Step 4: Calculate the probability of recovery given treatment
To find if the chance of recovery is smaller when observing receiving treatment, we need to calculate the probability of recovery given treatment, which is P(R|T). This can be calculated using the formula P(R|T) = P(T ∩ R) / P(T) = 0.4 / 0.5 = 0.8.

## Step 5: Calculate the probability of recovery given no treatment
Similarly, to compare, we calculate the probability of recovery given no treatment, P(R|NT). Given P(NT ∩ R) = 0.16 and P(NT) = 0.5, P(R|NT) = P(NT ∩ R) / P(NT) = 0.16 / 0.5 = 0.32.

## Step 6: Compare the probabilities of recovery
Now, comparing P(R|T) = 0.8 and P(R|NT) = 0.32, we see that the probability of recovery is actually higher when receiving treatment than when not receiving treatment.

The final answer is: $\boxed{No}$"
175,yes,"step-by-step reasoning:
1. The problem states the probabilities of wet ground in two seasons.
2. The rainy season has a higher probability of wet ground (58%) than the dry season (52%).
3. This increase suggests a positive effect of the season on wet ground through natural weather patterns.

The final answer is: $\boxed{Yes}$"
176,yes,"step-by-step reasoning:
1. Identify the probabilities: 67% for non-males and 61% for males.
2. Compare the probabilities: 61% is less than 67%.
3. Conclude the effect: Being male decreases the chance of admission acceptance.

The final answer is: $\boxed{Yes}$"
177,no,"Step-by-step reasoning:
   - Identify the probability of death when a prisoner is released: 34%.
   - Identify the probability of death when a prisoner is executed: 80%.
   - Compare the two probabilities to determine the impact of the captain's order.
   - Since 80% (execution) is greater than 34% (release), execution increases the chance of death.

3. No."
178,yes,"Step-by-Step Reasoning**:
- Calculate probabilities of intelligent child given parental intelligence and social status.
- Compare these probabilities to identify any patterns or relationships.
- Consider the role of the confounder in parental social status and its impact on child intelligence.
- Analyze how parental intelligence affects social status and, in turn, child intelligence.

3. **Yes or No Answer**: No"
179,yes,"Step-by-step reasoning:**
1. Identify the given probabilities for the captain's actions and their outcomes.
2. Calculate the probability of the captain releasing the prisoner.
3. Apply the law of total probability to calculate the overall probability of the prisoner's death.
4. Compare the calculated probability of death to 50% to determine if death is more likely than being alive.

**Yes or no answer:** Yes"
180,yes,"## Step 1: Define the given probabilities
The probability of the alarm being set by the husband is 77%, or P(H) = 0.77. The probability of the alarm not being set by the husband and ringing is 6%, or P(~H ∩ R) = 0.06. The probability of the alarm being set by the husband and ringing is 34%, or P(H ∩ R) = 0.34.

## Step 2: Determine the probability of the alarm ringing when set by the husband
To find if the chance of the alarm ringing is larger when observing it being set by the husband, we need to calculate the conditional probability of the alarm ringing given that it is set by the husband, P(R|H). This can be found using the formula P(R|H) = P(H ∩ R) / P(H).

## Step 3: Calculate P(R|H)
Using the given probabilities, P(R|H) = 0.34 / 0.77.

## Step 4: Calculate the probability of the alarm ringing
To compare, we also need the overall probability of the alarm ringing, P(R). This can be calculated by adding the probability of the alarm ringing when set by the husband to the probability of the alarm ringing when not set by the husband: P(R) = P(H ∩ R) + P(~H ∩ R) = 0.34 + 0.06.

## Step 5: Compare probabilities
Calculate P(R|H) and P(R) to determine if the chance of the alarm ringing is larger when the alarm is set by the husband.

## Step 6: Perform calculations for P(R|H) and P(R)
P(R|H) = 0.34 / 0.77 = 0.4416 (or approximately 44.16%). P(R) = 0.34 + 0.06 = 0.40 (or 40%).

## Step 7: Conclusion
Since P(R|H) > P(R), the probability of the alarm ringing is indeed larger when it is set by the husband.

The final answer is: $\boxed{Yes}$"
181,yes,"Step-by-Step Reasoning:
1. **Understanding the Goal**: The objective is to understand how personality affects appearance.
2. **Analyzing Method 1**: This method considers the impact of relationship status on the personality-appearance correlation, potentially introducing specific context-dependent variables.
3. **Analyzing Method 2**: This method provides a general overview of the personality-appearance correlation without the influence of specific contexts like relationship status.
4. **Comparing Methods**: Method 2 offers a more straightforward approach to understanding the general relationship between personality and appearance without the potential confounders of specific contexts.

Yes or No Answer: No."
182,yes,"Step-by-Step Reasoning:**
1. Calculate the probability of not having a college degree.
2. Calculate the probability of having a high salary for both groups (with and without a college degree).
3. Combine these probabilities to find the overall probability of having a high salary.
4. Calculate the probability of having a low salary by subtracting the probability of having a high salary from 100%.
5. Compare the probabilities to determine if a high salary is less likely than a low salary.

**Yes or No Answer:** Yes"
183,yes,"Step-by-Step Reasoning**:
   - Identify given probabilities: 56% for increased supply, 24% for reduced supply and increased price, and 8% for increased supply and increased price.
   - Calculate the overall probability of increased price: 24% (reduced supply and increased price) + 8% (increased supply and increased price) = 32%.
   - Calculate the conditional probability of increased price given increased supply: (Probability of increased supply and increased price) / (Probability of increased supply) = 8% / 56%.
   - Compare this conditional probability with the overall probability of increased price to assess if increased price is more likely with increased supply.

3. **Yes or No Answer**: No."
184,yes,"## Step 1: Determine the probabilities of high salary for each gender and occupation combination.
We are given the probabilities of high salary for each combination of gender and occupation: non-male blue-collar (19%), non-male white-collar (43%), male blue-collar (44%), and male white-collar (71%).

## Step 2: Determine the probabilities of white-collar job for each gender and skill level combination.
We are also given the probabilities of white-collar job for each combination of gender and skill level: non-male low skill (51%), non-male high skill (33%), male low skill (77%), and male high skill (83%).

## Step 3: Calculate the overall probability of high salary for each gender, disregarding occupation.
To determine if gender positively affects salary, we need to calculate the overall probability of high salary for each gender. However, we cannot directly calculate this from the given data without considering the mediation effect through occupation and skill level. We need to apply the law of total probability, which requires knowledge of the probability distributions of occupation and skill level for each gender.

## Step 4: Consider the probability of high skill level.
The overall probability of high skill level is given as 14%. This information is crucial because it influences the probability of having a white-collar job and, by extension, the probability of a high salary.

## Step 5: Analyze the impact of gender on salary without mediation through occupation.
Given the complexities and the lack of direct information on the distribution of males and non-males across different occupations and skill levels, a precise calculation requires additional data or assumptions about these distributions. However, we can infer that if males have a higher probability of white-collar jobs (which are associated with higher salaries) across all skill levels, and if the probability of high salary is higher for males in both blue-collar and white-collar jobs compared to non-males, then gender might have a positive effect on salary when disregarding the mediation through occupation.

## Step 6: Consider the implications of the given probabilities.
Males have higher probabilities of high salaries in both blue-collar (44% vs 19%) and white-collar (71% vs 43%) jobs. Additionally, males are more likely to have white-collar jobs, which are associated with higher salaries, across all skill levels. This suggests a positive correlation between being male and having a high salary, even when not directly considering occupation.

The final answer is: $\boxed{Yes}$"
185,no,"Step-by-Step Reasoning**:
   - Identify given probabilities.
   - Calculate \(P(LC|S)\).
   - Understand the general relationship between smoking and lung cancer risk.
   - Acknowledge the need for \(P(LC \cap NS)\) to directly compare \(P(LC|NS)\) and \(P(LC|S)\).

3. **Yes or No Answer**: No, the chance of lung cancer is not smaller when observing smoking; it is actually higher compared to the general population and typically higher than among nonsmokers."
186,yes,"## Step 1: Understand the given probabilities
The problem states that for people with nonsmoking genes, the probability of lung cancer is 78%, and for people with smoking genes, the probability of lung cancer is 58%. We need to compare these probabilities to determine the effect of having smoking genes on the chance of lung cancer.

## Step 2: Compare the probabilities
To determine if having smoking genes decreases the chance of lung cancer, we compare the two given probabilities. The probability for those with nonsmoking genes is 78%, and the probability for those with smoking genes is 58%. A lower percentage indicates a lower probability.

## Step 3: Determine the effect of smoking genes
Since 58% is less than 78%, having smoking genes is associated with a lower probability of lung cancer compared to having nonsmoking genes. This means that, based on the given information, smoking genes decrease the chance of lung cancer.

The final answer is: $\boxed{Yes}$"
187,yes,"Step-by-step reasoning:
1. Understand the complex nature of personality and its various traits.
2. Recognize the multifaceted aspects of appearance, including physical attributes and style.
3. Consider Method 1 for broad trends and general correlations between personality and appearance.
4. Consider Method 2 for nuanced, context-dependent understanding, especially in relation to social interactions like relationship status.
5. Evaluate the research goals to determine which method is more suitable.

Yes or no answer: No."
188,yes,"Step-by-Step Reasoning:
1. Identify admission probabilities for each gender and department type.
2. Compare these probabilities to determine if one gender has an advantage.
3. Consider the likelihood of each gender applying to competitive vs. non-competitive departments.
4. Assess if the gender advantage holds when considering the pathway through department competitiveness.

Yes or No Answer: Yes"
189,yes,"Step-by-Step Reasoning**:
   - Identify the probabilities of attractive appearance for people in relationships based on their personality: 62% for mean personalities and 67% for kind personalities.
   - Compare these probabilities to determine the effect of kindness on the likelihood of attractive appearance.
   - If the probability for kind personalities is higher, then kindness increases the chance of attractive appearance.

3. **Yes or No Answer**: Yes"
190,yes,"Step-by-Step Reasoning**:
- Identify the probabilities of the wife setting the alarm based on the husband's action.
- Compare the probability of the alarm ringing when the husband sets the alarm and when he does not, considering the wife's action.
- Determine if the husband's action increases the probability of the alarm ringing through the wife's action.

3. **Yes or No Answer**: No"
191,yes,"Step-by-Step Reasoning:
1. Identify given probabilities for high salary by gender and occupation.
2. Compare probabilities for males and non-males across blue-collar and white-collar jobs.
3. Consider the implications of these comparisons for the gender-salary relationship.

Yes or No Answer: No"
192,no,"## Step 1: Determine the probability of taking the stairs
To find the probability of taking the stairs, we subtract the probability of taking the elevator from 100%. So, the probability of taking the stairs is 100% - 64% = 36%.

## Step 2: Calculate the probability of penguin death for those taking the stairs
The probability of penguin death for those who take the stairs is given as 53%. To find the overall probability of penguin death from this group, we multiply the probability of taking the stairs by the probability of penguin death when taking the stairs: 36% * 53% = 0.36 * 0.53 = 0.1908 or 19.08%.

## Step 3: Calculate the probability of penguin death for those taking the elevator
The probability of penguin death for those who take the elevator is given as 45%. To find the overall probability of penguin death from this group, we multiply the probability of taking the elevator by the probability of penguin death when taking the elevator: 64% * 45% = 0.64 * 0.45 = 0.288 or 28.8%.

## Step 4: Calculate the overall probability of penguin death
To find the overall probability of penguin death, we add the probabilities of penguin death from both groups: 19.08% + 28.8% = 47.88%.

## Step 5: Determine if penguin death is more likely than penguin lives overall
Since the overall probability of penguin death (47.88%) is less than 50%, penguin death is not more likely than penguin lives overall.

The final answer is: $\boxed{No}$"
193,yes,"step-by-step reasoning:
1. Identify the probabilities of a child being intelligent based on parental intelligence.
2. Compare these probabilities to determine the effect of parental intelligence.
3. Analyze the difference to conclude the impact of intelligent parents.

The final answer is: $\boxed{Yes}$"
194,yes,"Step-by-Step Reasoning**:
- Calculate the probability of the prisoner dying if executed: 19% (execution) * 73% (dying if executed).
- Calculate the probability of the prisoner dying if released: 81% (released) * 19% (dying if released).
- Add these probabilities to find the overall probability of the prisoner's death.
- Compare this overall probability to the probability of the prisoner being alive.

3. **Yes or No Answer**: Yes"
195,yes,"step by step. We are given two main premises:
1. Male gender causes no treatment.
2. Male gender or receives treatment causes recovery.

From the first premise, we understand that being male leads to no treatment. The second premise indicates that either being male or receiving treatment (or both) leads to recovery. 

Given that the patient is not male, we can deduce from the first premise that the condition of being male (which leads to no treatment) does not apply to this patient. However, the second premise still offers an alternative path to recovery, which is receiving treatment.

Since the patient is not male, the only relevant condition for recovery from the given premises is receiving treatment. Thus, if the patient receives treatment instead of no treatment, based on the given logical structure, the patient would recover because receiving treatment is a condition that leads to recovery, regardless of gender.

**Step-by-Step Reasoning:**
1. Identify the conditions for no treatment and recovery.
2. Recognize the patient is not male, making the ""male"" condition irrelevant.
3. Apply the premise that receiving treatment leads to recovery, regardless of gender.
4. Conclude that receiving treatment would lead to recovery for the non-male patient.

**Yes or No Answer:** Yes"
196,yes,"Step-by-Step Reasoning**:
    - Calculate the probability of nonsmoking: 1 - 0.98 = 0.02.
    - Derive the probability of college admission given nonsmoking: 0.01 / 0.02 = 0.5.
    - Recognize the given probability of college admission given smoking is 0.64.
    - Compare the conditional probabilities of college admission.

3. **Yes or No Answer**: No."
197,yes,"Step-by-Step Reasoning:**
1. Identify the given probabilities: 35% for nonsmoking genes and 39% for smoking genes.
2. Understand the question is about the interaction between smoking and nonsmoking genes.
3. Recognize that the information provided does not directly address the interaction between these genes.
4. Infer logically that if a nonsmoking gene could mitigate risk, it might reduce the likelihood of lung cancer in someone with smoking genes.

**Yes or No Answer:**
Yes"
198,yes,"## Step 1: Calculate the overall probability of penguin death for those who take the stairs.
To do this, we need to consider both the scenarios of penguins being sad and happy. For sad penguins, the probability of death is 75%, and for happy penguins, it's 73%. However, we also need to account for the probability of a penguin being happy or sad when taking the stairs, which is 20% for happiness and thus 80% for sadness.

## Step 2: Calculate the weighted average of penguin death probability for those taking the stairs.
For sad penguins (80% of the cases), the probability of death is 75%, and for happy penguins (20% of the cases), it's 73%. So, the weighted average is (0.8 * 0.75) + (0.2 * 0.73).

## Step 3: Perform the calculation for the stairs scenario.
(0.8 * 0.75) + (0.2 * 0.73) = 0.6 + 0.146 = 0.746 or 74.6%.

## Step 4: Calculate the overall probability of penguin death for those who take the elevator.
Since the probability of penguin happiness is 100% for those taking the elevator, we only consider the death probability for happy penguins, which is 32%.

## Step 5: Compare the overall probabilities of penguin death between taking the stairs and the elevator.
We compare 74.6% (stairs) with 32% (elevator) to determine if the decision to take the stairs negatively affects penguin survival through penguin mood.

## Step 6: Determine the impact of the decision on penguin survival.
Since 74.6% is greater than 32%, taking the stairs results in a higher probability of penguin death compared to taking the elevator.

The final answer is: $\boxed{Yes}$"
199,yes,"Step-by-Step Reasoning:**
1. Calculate the probability of tanned skin given tanning salon treatment, P(S|T), using the formula P(S|T) = P(S and T) / P(T).
2. Calculate the unconditional probability of tanned skin, P(S), by summing P(S and T) and P(S and N).
3. Compare P(S|T) with P(S) to determine if the chance of tanned skin is larger when observing tanning salon treatment.

**Yes or No Answer:** No."
200,no,"step-by-step reasoning:
1. Identify the probabilities of admission for males and non-males.
2. Compare these probabilities to determine which group has a higher chance of admission.
3. Apply logical reasoning to conclude the impact of not being male on admission likelihood.
4. Conclude based on the comparison and logic.

The final answer is: $\boxed{No}$"
201,yes,"Step-by-Step Reasoning:**
1. Identify the goal: Understand how hospital costs affect recovery.
2. Consider Method 1: Looks at the general correlation without considering specific variables like age.
3. Consider Method 2: Examines the correlation case by case, taking into account variables like age.
4. Evaluate the importance of age in recovery and healthcare costs: Age significantly influences recovery rates and healthcare needs.
5. Determine which method provides a more nuanced understanding: Method 2, by accounting for age, offers a more detailed and accurate analysis.

**Yes or No Answer:** No"
202,yes,"## Step 1: Calculate the overall probability of a healthy heart for people not taking any medication.
To find this, we need to consider both the probabilities of having low and high blood pressure and their respective probabilities of having a healthy heart. For people not taking medication, the probability of low blood pressure is 6% (100% - 94%) and the probability of high blood pressure is 94%. The probability of a healthy heart for those with low blood pressure is 60% and for those with high blood pressure is 8%. So, the overall probability of a healthy heart for people not taking any medication is (0.06 * 0.60) + (0.94 * 0.08).

## Step 2: Perform the calculation for the overall probability of a healthy heart for people not taking any medication.
Overall probability for no medication = (0.06 * 0.60) + (0.94 * 0.08) = 0.036 + 0.0752 = 0.1112 or 11.12%.

## Step 3: Calculate the overall probability of a healthy heart for people taking medication.
For people taking medication, the probability of low blood pressure is 72% (100% - 28%) and the probability of high blood pressure is 28%. The probability of a healthy heart for those with low blood pressure is 48% and for those with high blood pressure is 20%. So, the overall probability of a healthy heart for people taking medication is (0.72 * 0.48) + (0.28 * 0.20).

## Step 4: Perform the calculation for the overall probability of a healthy heart for people taking medication.
Overall probability for taking medication = (0.72 * 0.48) + (0.28 * 0.20) = 0.3456 + 0.056 = 0.4016 or 40.16%.

## Step 5: Compare the overall probabilities of having a healthy heart for people taking and not taking medication to determine if medication positively affects heart condition.
If the overall probability of a healthy heart for people taking medication is higher than for those not taking medication, then medication positively affects heart condition.

## Step 6: Conclusion based on calculations.
Since 40.16% (probability for taking medication) is greater than 11.12% (probability for not taking medication), medication appears to positively affect heart condition when disregarding the mediation effect through blood pressure.

The final answer is: $\boxed{Yes}$"
203,yes,"Step-by-Step Reasoning:**
1. Identify the goal: Understand the effect of maternal smoking on infant's birth weight.
2. Recognize the issue: Unobserved confounders can distort the observed relationship.
3. Evaluate Method 1: It attempts to account for unobserved confounders through case-by-case analysis.
4. Evaluate Method 2: It does not account for unobserved confounders, potentially leading to biased results.
5. Conclusion: Method 1 is more correct because it attempts to control for confounders, reducing bias and increasing precision.

**Yes or No Answer:** Yes."
204,yes,"Step-by-Step Reasoning:**
1. Identify the probability of smallpox survival for unvaccinated individuals: 31%.
2. Identify the probability of smallpox survival for vaccinated individuals: 41%.
3. Compare the two probabilities to determine if vaccination increases the chance of survival.
4. Since 41% is greater than 31%, conclude that vaccination increases the chance of smallpox survival.

**Yes or No Answer:** Yes"
205,yes,"Step-by-Step Reasoning:**
1. Identify given probabilities: P(T) = 0.04, P(TS and T) = 0.03, P(TS and N) = 0.07.
2. Calculate P(N) as 1 - P(T) = 1 - 0.04 = 0.96.
3. Calculate conditional probabilities P(TS|T) and P(TS|N) using the formula P(A|B) = P(A and B) / P(B).
4. Compare P(TS|T) and P(TS|N) to determine if the chance of tanned skin is larger with tanning salon treatment.

**Yes or No Answer:** Yes"
206,yes,"Step-by-Step Reasoning:**
1. Identify the given probabilities: 57% for nonsmokers and 76% for smokers.
2. Compare the probabilities to determine the relationship between smoking and lung cancer.
3. Recognize that the higher probability among smokers suggests a negative effect of smoking on lung health.
4. Associate the known harmful effects of tar deposit from smoking with the increased risk of lung cancer.

**Yes or No Answer:** Yes"
207,no,"Step-by-step reasoning:
1. Calculate the probability of being unattractive: 100% - 56% = 44%.
2. Calculate the probability of talent among attractive and unattractive individuals: 56% * 9% and 44% * 9%.
3. Calculate the overall probability of talent: (56% * 9%) + (44% * 9%) = 9%.
4. Determine the probability of lack of talent: 100% - 9% = 91%.
5. Compare the probabilities to conclude that lack of talent is more likely.

Answer: No."
208,yes,"Step-by-step reasoning:**
1. Calculate the probability of scurvy for patients consuming citrus: 0.9 * 0.52
2. Calculate the probability of scurvy for patients not consuming citrus: 0.1 * 0.89
3. Add these probabilities to find the overall probability of scurvy: 0.468 + 0.089 = 0.557
4. Compare the overall probability of scurvy to the probability of no scurvy to determine which is more likely.

**Yes or No answer:** Yes"
209,no,"Step-by-step reasoning:
   - Identify the probability of high salary for individuals without a college degree: 54%.
   - Identify the probability of high salary for individuals with a college degree or higher: 83%.
   - Compare the two probabilities to determine the effect of having a college degree on the chance of high salary.
   - If the probability is higher with a college degree, then having a college degree increases the chance of high salary. If the probability is lower, then it decreases the chance.

3. No."
210,yes,"## Step 1: Define the probabilities given for each patient category
The probability of recovery for young patients with a low hospital bill is 97%, for young patients with a high hospital bill is 75%, for old patients with a low hospital bill is 24%, and for old patients with a high hospital bill is 2%. The overall probability of being old is 57%.

## Step 2: Determine the probability of a patient being young
Since the probability of being old is 57%, the probability of being young is 100% - 57% = 43%.

## Step 3: Calculate the probability of recovery for patients who pay a high hospital bill
To compare the likelihood of recovery if the patient had paid a low hospital bill, we first need to establish the baseline probability of recovery for those who pay a high hospital bill. This involves calculating the weighted average of recovery probabilities for young and old patients who pay a high hospital bill. The formula for the weighted average is: (Probability of being young * Probability of recovery if young and high bill) + (Probability of being old * Probability of recovery if old and high bill).

## Step 4: Apply the numbers to the formula for high hospital bill recovery probability
Using the given probabilities: (0.43 * 0.75) + (0.57 * 0.02) = 0.3225 + 0.0114 = 0.3339 or approximately 33.39%.

## Step 5: Calculate the probability of recovery for patients who pay a low hospital bill
Similarly, calculate the weighted average for those who pay a low hospital bill: (Probability of being young * Probability of recovery if young and low bill) + (Probability of being old * Probability of recovery if old and low bill).

## Step 6: Apply the numbers to the formula for low hospital bill recovery probability
Using the given probabilities: (0.43 * 0.97) + (0.57 * 0.24) = 0.4161 + 0.1368 = 0.5529 or approximately 55.29%.

## Step 7: Compare the probabilities of recovery for high and low hospital bills
The probability of recovery for patients who pay a low hospital bill (55.29%) is higher than for those who pay a high hospital bill (33.39%).

## Step 8: Determine if it would be more likely to see recovery if the patient had paid a low hospital bill
Given that the probability of recovery is higher for patients who pay a low hospital bill compared to those who pay a high hospital bill, it would indeed be more likely to see recovery if the patient had paid a low hospital bill.

The final answer is: $\boxed{Yes}$"
211,yes,"Step-by-Step Reasoning:**
1. Identify the probabilities of high tar deposit in nonsmokers and smokers.
2. Examine how the presence of tar deposits affects lung cancer risk in both groups.
3. Determine if the data suggests that tar deposits mediate the effect of smoking on lung cancer risk in a negative way.
4. Conclude based on the analysis of risk associations and the role of tar deposits.

**Yes or No Answer:**
No"
212,yes,"Step-by-Step Reasoning:**
1. Calculate the probability of recovery for patients receiving treatment by multiplying the probability of receiving treatment by the probability of recovery given treatment.
2. Calculate the probability of recovery for patients not receiving treatment by multiplying the probability of not receiving treatment by the probability of recovery given no treatment.
3. Add these two probabilities to find the overall probability of recovery.
4. Compare the overall probability of recovery with the probability of non-recovery to determine if recovery is less likely.

**Yes or No Answer:** No"
213,yes,"## Step 1: Understand the given probabilities
The probability of a prisoner's death if released is 34%, and the probability of a prisoner's death if executed is 57%. These probabilities are given as percentages.

## Step 2: Compare the probabilities
To determine if the captain's order to execute the prisoner increases the chance of the prisoner's death, we need to compare the two given probabilities. The probability of death when executed (57%) is higher than the probability of death when released (34%).

## Step 3: Conclusion based on comparison
Since 57% is greater than 34%, executing the prisoner results in a higher probability of death compared to releasing the prisoner.

## Step 4: Logical deduction
The increase in the probability of death from 34% to 57% upon execution indicates that the captain's order to execute does indeed increase the chance of the prisoner's death.

The final answer is: $\boxed{Yes}$"
214,yes,"Step-by-Step Reasoning:**
1. Calculate the overall probability of low cholesterol, \(P(L)\), by adding the probabilities of low cholesterol with and without taking all assigned drugs.
2. Calculate \(P(L|A)\), the probability of low cholesterol given that all assigned drugs are taken.
3. Compare \(P(L|A)\) with \(P(L)\) to determine if the chance of low cholesterol is larger when taking all assigned drugs.

**Yes or No Answer:** No"
215,yes,"Step-by-Step Reasoning:**
1. Consider the assumption of uniform admission criteria across departments in Method 1.
2. Recognize the potential for departmental variability in admission standards and competitiveness.
3. Evaluate how Method 2 accounts for this variability by analyzing data on a department-by-department basis.
4. Determine that Method 2 provides a more nuanced and potentially accurate understanding of the relationship between gender and admission status.

**Yes or No Answer:** No"
216,yes,"Step-by-step reasoning:
1. Identify the given probabilities: \(P(S) = 0.43\), \(P(N|S) = 0.17\), and \(P(N|NS) = 0.49\).
2. Recognize that \(P(N|S)\) and \(P(N|NS)\) are the probabilities of normal infant birth weight given the mother's smoking status.
3. Compare \(P(N|S)\) and \(P(N|NS)\) to determine if the chance of normal infant birth weight is larger when observing a smoking mother.

Yes or no answer: No"
217,yes,"Step-by-step reasoning:
1. Identify the probabilities of wet ground in both seasons.
2. Compare the probabilities to determine the effect of the season on ground wetness.
3. Consider the role of weather and sprinkler systems in each season.
4. Conclude the impact of the season on the ground based on the analysis.

Yes or no answer: No."
218,no,"Step-by-step reasoning:
   - Identify the probabilities of wet ground in both seasons: 56% in the dry season and 52% in the rainy season.
   - Compare these probabilities to determine the effect of the season.
   - Consider the potential impact of sprinkler systems in the dry season, which could artificially increase the likelihood of wet ground.
   - Recognize that the rainy season's lower probability of wet ground compared to the dry season suggests other factors, like human intervention (sprinklers), might be significant in the dry season.

3. No"
219,yes,"Step-by-Step Reasoning:
1. Identify the primary cause of cholera: ingestion of contaminated food or water.
2. Recognize the role of poverty in cholera incidence: inadequate access to clean water and sanitation.
3. Consider the impact of examining water quality and cholera correlation with (Method 1) and without (Method 2) the context of poverty.
4. Determine that Method 1 provides a more nuanced understanding by accounting for the influence of poverty on cholera cases.

Yes or No Answer: Yes"
220,yes,"Step-by-Step Reasoning**
1. Identify the probabilities of scurvy for both groups: 60% for non-citrus consumers and 74% for citrus consumers.
2. Compare the two probabilities to determine which group has a higher likelihood of scurvy.
3. Recognize that a higher percentage indicates a greater chance of the condition.

**Yes or No Answer**
Yes"
221,yes,"Step-by-Step Reasoning:**
1. Calculate the weighted average probability of high salary for each gender.
2. For each gender, calculate the probability of high salary for high and low skill levels, considering white-collar and blue-collar jobs.
3. Use the overall probability of high skill level (14%) and its complement for low skill level (86%) to weight the averages.
4. Compare the weighted average probabilities of high salary between males and females.

**Yes or No Answer:** Yes"
222,yes,"Step-by-Step Reasoning:**
1. Understand the given conditions for clean water and cholera contraction.
2. Identify the person's situation (low poverty, local water company).
3. Recognize the question's focus on the effect of polluted water versus clean water in the person's specific context.
4. Apply logical reasoning about the relationship between water quality and disease risk.
5. Conclude based on the provided premises and logical deductions.

**Yes or No Answer:** No"
223,yes,"Step-by-step reasoning:
1. Identify the role of smoking as a confounding variable in the relationship between genes and lung cancer.
2. Recognize that Method 1 controls for smoking status, potentially reducing confounding.
3. Understand that Method 2 does not account for smoking status, which could lead to incorrect conclusions due to confounding.
4. Conclude that controlling for smoking (as in Method 1) provides a clearer picture of the gene's effect on lung cancer.

Yes."
224,yes,"Step-by-step reasoning:
1. Understand the definitions of Method 1 and Method 2.
2. Recognize the importance of demand in the supply-price relationship.
3. Analyze the potential for Method 1 to provide more detailed insights into the supply-price correlation.
4. Consider the limitations of Method 2 in capturing the complexity of market interactions.
5. Conclude that a more detailed, case-by-case analysis (Method 1) is preferable for understanding the impact of supply on price.

Yes."
225,yes,"Step-by-Step Reasoning:**
1. Calculate the probability of not being encouraged: \(1 - P(E)\).
2. Use the law of total probability to find the overall probability of a high exam score.
3. Compare the calculated probability of a high exam score to the implied probability of a low exam score (which is 100% - probability of high exam score).

**Yes or No Answer:** No"
226,yes,"Step-by-Step Reasoning**:
    - The captain decides the fate (release or execution) of the prisoner.
    - The probabilities of death (40% for release, 83% for execution) are based on the captain's decision.
    - The involvement of the corporal and the private is as executors of the captain's decision, not as decision-makers.
    - Thus, the captain's decision, rather than the method of its execution, determines the probability of the prisoner's death.

3. **Yes or No Answer**: No"
227,no,"## Step 1: Understanding the Given Probabilities
We are given three probabilities:
- The overall probability of having a college degree or higher is 30%.
- The probability of having a high school degree or lower and a high salary is 24%.
- The probability of having a college degree or higher and a high salary is 19%.

## Step 2: Calculating the Probability of High Salary Given College Degree or Higher
To determine if the chance of a high salary is smaller when observing a college degree or higher, we need to calculate the probability of having a high salary given that one has a college degree or higher. This can be represented as P(High Salary | College Degree or Higher).

## Step 3: Applying Conditional Probability Formula
The formula for conditional probability is P(A|B) = P(A and B) / P(B), where P(A|B) is the probability of A given B, P(A and B) is the probability of both A and B occurring, and P(B) is the probability of B.

## Step 4: Calculating P(High Salary | College Degree or Higher)
Using the given probabilities, P(High Salary and College Degree or Higher) = 19% and P(College Degree or Higher) = 30%, we can calculate P(High Salary | College Degree or Higher) = 19% / 30%.

## Step 5: Comparing with the Overall Probability of High Salary
To assess if the chance of a high salary is smaller with a college degree or higher, we also need the overall probability of a high salary. However, the direct comparison we're interested in is whether the specific condition (college degree or higher) influences the likelihood of a high salary compared to the general population or other conditions.

## Step 6: Calculating the Overall Probability of High Salary
The overall probability of a high salary can be inferred from the given data. We know the probability of a high salary with a high school degree or lower (24%) and with a college degree or higher (19%). The total probability of a high salary is the sum of these two probabilities because they are mutually exclusive events: 24% + 19% = 43%.

## Step 7: Determining the Conditional Probability of High Salary Given College Degree or Higher
Now, calculate the conditional probability: P(High Salary | College Degree or Higher) = 19% / 30% = 0.63 or 63%.

## Step 8: Comparing Conditional Probability to Overall Probability
To determine if the chance of a high salary is smaller with a college degree or higher, compare the conditional probability (63% of those with a college degree or higher have a high salary) to the proportion of the population with a high salary that has a college degree or higher. However, the direct comparison should consider the overall context of salaries and education levels.

## Step 9: Conclusion
Given that 63% of those with a college degree or higher have a high salary, and considering the structure of the question, we need to assess if this indicates a smaller chance compared to other groups or the overall population. The question essentially asks if having a college degree or higher decreases the likelihood of a high salary, which seems counterintuitive to common assumptions.

The final answer is: $\boxed{No}$"
228,yes,"Step-by-Step Reasoning:**
1. Identify the probability of the forest catching on fire when a camper does not light a match: 75%.
2. Identify the probability of the forest catching on fire when a camper lights a match: 59%.
3. Compare the two probabilities to determine the effect of lighting a match on the chance of the forest catching on fire.
4. Since 59% is less than 75%, conclude that lighting a match does not increase the chance of the forest catching on fire.

**Yes or No Answer:** No"
229,yes,"Step-by-Step Reasoning**:
   - Identify the relevant probabilities for people in a relationship: 43% for those with mean personalities and 37% for those with kind personalities.
   - Compare these probabilities to determine the effect of kindness on attractive appearance in relationships.
   - If the probability of attractive appearance is lower for kind individuals in a relationship compared to mean individuals in a relationship, then kindness is associated with a decrease in the chance of attractive appearance.

3. **Yes or No Answer**: Yes"
230,yes,"Step-by-Step Reasoning:**
1. Identify the probabilities of lung cancer for nonsmokers and smokers.
2. Compare the probabilities to determine if there is a correlation between smoking and lung cancer risk.
3. Consider the potential mechanism by which smoking could affect lung cancer, such as tar deposit.
4. Analyze the implication of the question regarding the causal relationship between smoking, tar deposit, and lung cancer.

**Yes or No Answer:** Yes"
231,yes,"Step-by-Step Reasoning:**
1. Identify the goal: Understand how treatment affects recovery.
2. Consider Method 1: Analyzes treatment vs. recovery by case, including kidney stone size.
3. Consider Method 2: Analyzes treatment vs. recovery in general, without specifics.
4. Evaluate the importance of controlling for variables (like kidney stone size).
5. Determine that Method 1 provides a more nuanced understanding by accounting for specific variables.

**Yes or No Answer:** Yes"
232,yes,"Step-by-step reasoning:
1. Calculate the probability of lack of vaccination: 1 - probability of vaccination = 1 - 0.1 = 0.9.
2. Use given data to find the probability of smallpox survival given lack of vaccination: P(S|NV) = P(NV and S) / P(NV) = 0.38 / 0.9.
3. Use given data to find the probability of smallpox survival given vaccination: P(S|V) = P(V and S) / P(V) = 0.06 / 0.1.
4. Compare P(S|V) and P(S|NV) to determine if the chance of smallpox survival is smaller when observing vaccination.

Yes or no answer: No."
233,yes,"Step-by-Step Reasoning**:
- Calculate probability of alarm not being set: 100% - 15% = 85%.
- Calculate overall probability of alarm ringing by considering both scenarios: (probability of set * probability of ringing if set) + (probability of not set * probability of ringing if not set).
- Compare the calculated probability of ringing to the probability of not ringing to determine which is more likely.

3. **Yes or No Answer**: Yes"
234,yes,"Step-by-step reasoning:
1. **Understanding the goal**: The objective is to understand how vaccination status affects smallpox survival.
2. **Evaluating Method 1**: This method provides a general correlation between vaccination status and survival but does not account for variability within the vaccinated group.
3. **Evaluating Method 2**: This method offers a more nuanced view by considering the correlation based on the vaccination reaction, potentially identifying more specific factors influencing survival.
4. **Comparing methods**: Method 2 is more detailed and accounts for individual variability, which is crucial for understanding the impact of vaccination on survival.

Yes or no answer: No."
235,yes,"Step-by-step reasoning:
1. Calculate the probability of reduced supply: 1 - 0.61 = 0.39.
2. Apply the law of total probability to find the overall probability of increased price.
3. Calculate the probability of increased price given the probabilities of increased and reduced supply.
4. Determine if the calculated probability indicates increased price is more likely than reduced price.

Yes or no answer: Yes."
236,yes,"Step-by-Step Reasoning:
- Identify the probability of a dark room when candles are not blown out: 51%.
- Identify the probability of a dark room when candles are blown out: 93%.
- Compare the probabilities to determine the effect of blowing out candles on room darkness.
- Infer that not blowing out candles results in a lower probability of darkness due to more light being present.

3. Yes or no answer: Yes."
237,yes,"Step-by-step reasoning:
1. Identify the probability of a child being intelligent when parents are unintelligent: 31%.
2. Identify the probability of a child being intelligent when parents are intelligent: 62%.
3. Compare the two probabilities to determine if there is an increase in the chance of having an intelligent child when the parents are intelligent.
4. Since 62% is greater than 31%, conclude that intelligent parents do increase the chance of having an intelligent child.

Yes."
238,yes,"step-by-step reasoning:
1. Identify given probabilities.
2. Calculate recovery probabilities with and without treatment.
3. Compare these probabilities to determine the relationship between treatment and recovery chances.
4. Consider the overall context of treatment probability.
5. Draw a conclusion based on the comparison of recovery rates.

The final answer is: $\boxed{Yes}$"
239,yes,"Step-by-Step Reasoning:
- Identify the probability of admission acceptance for males: 41%.
- Identify the probability of admission acceptance for non-males: 53%.
- Compare the probabilities to determine the effect of not being male on the likelihood of admission acceptance.
- Since 53% (non-male probability) is greater than 41% (male probability), not being male would increase the likelihood of admission acceptance.

3. Yes or No Answer: No"
240,yes,"Step-by-Step Reasoning:
1. **Identify the goal**: Understand how gender affects admission status.
2. **Consider Method 1**: Looks at the overall correlation without departmental distinction.
3. **Consider Method 2**: Examines the correlation on a department-by-department basis, accounting for competitiveness.
4. **Evaluate the methods**: Method 2 provides a more nuanced view by considering departmental variability.
5. **Conclusion**: Method 2 is more correct for understanding the nuanced impact of gender on admission status.

Yes or No answer: No"
241,yes,"Step-by-step reasoning:
1. **Understanding Method 1**: General correlation analysis between smoking and college admission.
2. **Understanding Method 2**: Case-by-case analysis considering the variable of effort.
3. **Comparing Methods**: Method 2 provides a more nuanced view by considering individual effort and other mediating factors.
4. **Conclusion**: Method 2 is more appropriate for understanding how smoking affects college admission because it accounts for variability in individual effort and other influencing factors.

Yes or no answer: No."
242,no,"## Step 1: Understand the given probabilities
The probability of a high salary for individuals who are not male is 39%, and for individuals who are male, it is 78%. This implies that being male has a significantly higher association with having a high salary compared to not being male.

## Step 2: Compare the probabilities
To determine if male gender decreases the chance of a high salary, we need to compare the two probabilities. If the probability of a high salary for males is higher than for non-males, then being male does not decrease the chance of a high salary.

## Step 3: Analyze the effect of male gender on the probability of high salary
Since 78% (the probability for males) is greater than 39% (the probability for non-males), being male actually increases the chance of having a high salary, not decreases it.

## Step 4: Conclusion
Based on the comparison of probabilities, male gender does not decrease the chance of a high salary; it increases it.

The final answer is: $\boxed{No}$"
243,yes,"step-by-step reasoning:
1. Calculate the probability of not blowing out the candle: 100% - 5% = 95%.
2. Calculate the probability of a dark room given the candle is not blown out and the candle is blown out, and multiply by their respective probabilities.
3. Add the probabilities of a dark room in both scenarios to find the overall probability of a dark room.

Yes or no answer: Yes."
244,yes,"Step-by-Step Reasoning:**
1. Understand given probabilities and what needs to be calculated.
2. Calculate \(P(NS)\) as \(100\% - P(S)\).
3. Recognize the need to compare \(P(C|S)\) and \(P(C)\).
4. Calculate \(P(C|S)\) using given \(P(S \cap C)\) and \(P(S)\).
5. Calculate \(P(C)\) by summing \(P(S \cap C)\) and \(P(NS \cap C)\).
6. Compare \(P(C|S)\) and \(P(C)\) to determine the relationship between smoking and college admission probability.

**Yes or No Answer:** No"
245,yes,"Step-by-Step Reasoning**:
    - Identify the probabilities of high tar deposit in nonsmokers and smokers.
    - Examine the effect of tar deposit on lung cancer risk in both groups.
    - Consider the overall probability of smoking and its relation to lung cancer through tar deposit.
    - Determine if smoking increases the risk of lung cancer through the pathway of tar deposit, despite tar deposit itself seeming to reduce lung cancer risk.

3. **Yes or No Answer**: No"
246,yes,"Step-by-step reasoning:
1. Identify admission probabilities by gender and department type.
2. Compare these probabilities to assess the impact of gender on admission.
3. Consider the probabilities of being in a competitive department by gender and residency.
4. Analyze how these probabilities interact to affect overall admission status.
5. Conclude based on the comparison and interaction of probabilities.

Yes or no answer: No."
247,yes,"Step-by-step reasoning:
1. Calculate the probability of a nonsmoking mother: 100% - 65% = 35%.
2. Calculate the probability of normal birth weight for nonsmoking mothers: 35% * 55% = 19.25%.
3. Calculate the probability of normal birth weight for smoking mothers: 65% * 92% = 59.8%.
4. Add the probabilities of normal birth weight for both smoking and nonsmoking mothers: 19.25% + 59.8% = 79.05%.
5. Compare the total probability of normal infant birth weight (79.05%) to 50% to determine if it's more likely than low infant birth weight.

Yes or no answer: No."
248,no,"Step-by-step reasoning:
1. Calculate the probability of reduced supply: 100% - 46% = 54%.
2. Calculate the overall probability of increased price given reduced supply: 54% * 66% = 35.64%.
3. Calculate the overall probability of increased price given increased supply: 46% * 36% = 16.56%.
4. Calculate the total probability of increased price: 35.64% + 16.56% = 52.2%.
5. Compare the total probability of increased price to 50% to determine if it's less likely than reduced price.

Answer: No."
249,yes,"## Step 1: Define the given probabilities
The probability of blowing out the candle is 5%, or P(B) = 0.05. The probability of not blowing out the candle and a dark room is 82%, or P(not B and D) = 0.82. The probability of blowing out the candle and a dark room is 3%, or P(B and D) = 0.03.

## Step 2: Determine the probability of a dark room given that the candle is blown out
To find if the chance of a dark room is smaller when observing blowing out the candle, we need to calculate the probability of a dark room given that the candle is blown out, P(D|B), and compare it with the overall probability of a dark room, P(D).

## Step 3: Calculate the overall probability of a dark room, P(D)
The probability of a dark room can be found by adding the probability of a dark room when the candle is blown out to the probability of a dark room when the candle is not blown out. Since P(not B and D) = 0.82 and P(B and D) = 0.03, P(D) = P(B and D) + P(not B and D) = 0.03 + 0.82 = 0.85.

## Step 4: Calculate the probability of a dark room given that the candle is blown out, P(D|B)
Using Bayes' theorem, P(D|B) = P(B and D) / P(B) = 0.03 / 0.05 = 0.6.

## Step 5: Compare P(D|B) with P(D)
P(D|B) = 0.6, which is the probability of a dark room given that the candle is blown out. The overall probability of a dark room, P(D), is 0.85. Since 0.6 < 0.85, the chance of a dark room is indeed smaller when observing that the candle is blown out.

The final answer is: $\boxed{Yes}$"
250,yes,"Step-by-Step Reasoning**:
- Identify the relevant probabilities: 21% for attractive and famous, 29% for unattractive and famous.
- Compare these probabilities to determine if being attractive decreases the chance of talent among famous individuals.
- Since 21% is less than 29%, the probability of talent is lower for attractive and famous individuals compared to unattractive and famous individuals.

3. **Yes or No Answer**: Yes."
251,no,"## Step 1: Understand the given probabilities
The problem states that the overall probability of taking the elevator is 4%, the probability of taking the stairs and penguin death is 76%, and the probability of taking the elevator and penguin death is 1%.

## Step 2: Determine the probability of penguin death when taking the elevator
To find the probability of penguin death when taking the elevator, we need to consider the given probability of taking the elevator and penguin death, which is 1%. However, to assess if the chance of penguin death is larger when observing taking the elevator, we need to compare it with the probability of penguin death when not taking the elevator (i.e., taking the stairs).

## Step 3: Calculate the probability of penguin death when taking the stairs
Given that the probability of taking the stairs and penguin death is 76%, and assuming that the events of taking the stairs and taking the elevator are mutually exclusive (since you can only take one or the other), we can infer that the probability of taking the stairs is 100% - 4% (probability of taking the elevator) = 96%. However, we are directly given the combined probability of taking the stairs and penguin death (76%) but not the individual probability of taking the stairs alone.

## Step 4: Assess the comparison
Since we are tasked with determining if the chance of penguin death is larger when observing taking the elevator compared to the overall or other scenarios, we must recognize that the direct comparison between the probability of penguin death when taking the elevator (1%) and when taking the stairs (76%) is not straightforward without the individual probabilities of taking the stairs and penguin death separately. However, the question seems to be asking for a comparison based on the information given, focusing on the conditional probability of penguin death given the mode of transportation (elevator vs. stairs).

## Step 5: Realize the misunderstanding in direct comparison
The question essentially asks if observing someone taking the elevator increases the chance of penguin death compared to the general scenario. Given the information, the probability of penguin death when taking the elevator (1%) is directly provided, but to assess if it's ""larger"" when observing elevator usage, we need a basis for comparison, such as the overall probability of penguin death or the probability of penguin death when taking the stairs. The provided probabilities don't directly allow for a calculation of the overall probability of penguin death without making assumptions about the relationship between these events.

## Step 6: Conclusion based on given data
Given the direct probabilities, taking the elevator is associated with a 1% chance of penguin death, and taking the stairs is associated with a 76% chance of penguin death. The question's phrasing suggests a comparison of conditional probabilities (penguin death given elevator usage vs. penguin death given stairs usage), but without the overall probability of penguin death or more detailed information on the relationship between these events, the comparison as requested cannot be accurately made with the provided numbers alone.

The final answer is: $\boxed{No}$"
252,yes,"Step-by-Step Reasoning**:
    - Identify given probabilities.
    - Calculate the overall probability of having a high salary.
    - Calculate the probability of having a high salary given a college degree or higher.
    - Compare this conditional probability to the overall probability of a high salary to assess the relationship.

3. **Yes or No Answer**: No"
253,yes,"Step-by-Step Reasoning:**
1. Compare probabilities of low cholesterol between groups.
2. Examine probabilities of taking all assigned drugs in both groups.
3. Attempt to infer the effect of taking all assigned drugs on low cholesterol within each group.

**Yes or No Answer:** No"
254,yes,"Step-by-Step Reasoning:
1. **Consider the variables involved**: Maternal smoking status and infant mortality are the primary variables.
2. **Account for potential confounding factors**: Birth weight is a significant confounding factor that can influence infant mortality.
3. **Evaluate the methods**: Method 1 accounts for birth weight, providing a detailed analysis, while Method 2 does not.
4. **Determine the most comprehensive approach**: Considering birth weight offers a more nuanced understanding of the relationship between maternal smoking and infant mortality.

Yes or No Answer: Yes"
255,yes,"Step-by-Step Reasoning:**
1. Identify given probabilities for lighting a match and forest fire scenarios.
2. Calculate the probability of a camper not lighting a match.
3. Compute the overall probability of the forest being on fire by considering both match scenarios.
4. Compare the calculated probability to 50% to determine likelihood.

**Yes or No Answer:** No"
256,yes,"## Step 1: Define the problem and the given probabilities
We are given three probabilities:
- The overall probability of the manager signing the termination letter is 34% (P(Sign)).
- The probability of the manager not signing the termination letter and the employee being fired is 57% (P(Not Sign and Fired)).
- The probability of the manager signing the termination letter and the employee being fired is 14% (P(Sign and Fired)).

## Step 2: Determine the probability of the employee being fired
To assess whether the chance of the employee being fired is smaller when observing the manager signing the termination letter, we need to calculate the probability of the employee being fired given that the manager signs the termination letter (P(Fired|Sign)) and compare it with the overall probability of the employee being fired.

## Step 3: Calculate the probability of the employee being fired given the manager signs the termination letter
The formula for conditional probability is P(A|B) = P(A and B) / P(B). Applying this to our scenario, P(Fired|Sign) = P(Sign and Fired) / P(Sign).

## Step 4: Calculate P(Fired|Sign)
Given P(Sign and Fired) = 14% and P(Sign) = 34%, P(Fired|Sign) = 14% / 34%.

## Step 5: Calculate the overall probability of the employee being fired
The overall probability of the employee being fired, P(Fired), can be found by adding the probability of the employee being fired when the manager signs the letter to the probability of the employee being fired when the manager does not sign the letter. However, we only have the latter as 57% and the joint probability of signing and being fired. The probability of being fired without the condition of the manager signing is not directly given but can be inferred from the information provided.

## Step 6: Assess if the chance of the employee being fired is smaller when the manager signs the termination letter
We compare P(Fired|Sign) with the overall probability of being fired to determine if observing the manager signing the termination letter changes the likelihood of the employee being fired.

## Step 7: Perform calculations
P(Fired|Sign) = 14% / 34% = 0.4118 or approximately 41.18%. The overall probability of being fired, considering the employee can be fired whether the manager signs or not, involves adding the probabilities of being fired in both scenarios. However, we recognize that the 57% probability of not signing and being fired, combined with the 14% probability of signing and being fired, already accounts for all scenarios of being fired, given these are mutually exclusive events. Thus, the total probability of being fired is 57% + 14% = 71%.

## Step 8: Compare probabilities
Comparing the 41.18% chance of being fired given the manager signs the letter to the overall chance of being fired (which we've calculated as 71%), we see that the chance of the employee being fired is actually smaller when observing the manager signing the termination letter.

The final answer is: $\boxed{Yes}$"
257,yes,"Step-by-Step Reasoning:
- Identify the probability of high salary for those with a college degree or higher: 84%.
- Identify the probability of high salary for those without a college degree: 57%.
- Consider the effect of removing the college degree from the first group: Their probability of high salary would theoretically decrease to the level of those without a degree, which is lower than their current probability.

3. Yes or No Answer: Yes"
258,yes,"Step-by-step reasoning:
1. Calculate the probability of an intelligent child with intelligent parents: 0.54 * 0.48.
2. Calculate the probability of an intelligent child with unintelligent parents: 0.46 * 0.07.
3. Add these probabilities to get the overall probability of an intelligent child: 0.2914 or 29.14%.
4. Calculate the probability of an unintelligent child: 100% - 29.14% = 70.86%.
5. Compare the probabilities to determine if an intelligent child is less likely than an unintelligent child.

Yes or no answer: Yes."
259,yes,"Step-by-Step Reasoning:**
1. Calculate the probability of a nonsmoking mother: 100% - probability of a smoking mother.
2. Calculate the overall probability of normal infant birth weight by multiplying the probability of normal birth weight for each type of mother by the probability of that type of mother and then summing these products.
3. Compare the overall probability of normal infant birth weight with 50% to determine if it's more likely than low infant birth weight.

**Yes or No Answer:** Yes"
260,no,"Step-by-step reasoning:
1. Calculate the probability of scurvy among citrus consumers: 84% * 53% = 44.52%.
2. Calculate the probability of scurvy among non-citrus consumers: 16% * 68% = 10.88%.
3. Add these probabilities to find the overall probability of scurvy: 44.52% + 10.88% = 55.4%.
4. Calculate the probability of no scurvy: 100% - 55.4% = 44.6%.
5. Compare the probabilities to determine if scurvy is less likely than no scurvy.

Answer: No."
261,no,"## Step 1: Define the problem and identify given probabilities
We are given different probabilities of an employee being fired based on whether a manager and/or a director signs a termination letter. The probabilities are as follows:
- Manager doesn't sign, director doesn't sign: 90% chance of being fired
- Manager doesn't sign, director signs: 44% chance of being fired
- Manager signs, director doesn't sign: 48% chance of being fired
- Manager signs, director signs: 7% chance of being fired
Additionally, we have the probabilities of a director signing the termination letter based on the manager's action:
- If the manager doesn't sign, the director signs 40% of the time
- If the manager signs, the director signs 45% of the time

## Step 2: Calculate the overall probability of an employee being fired when the manager signs the termination letter
To determine if it's more likely for an employee to be fired when the manager signs the termination letter, we need to calculate the overall probability of the employee being fired in this scenario. This involves considering both possibilities of the director signing or not signing the letter and their respective probabilities.

## Step 3: Apply the law of total probability to calculate the overall probability
The law of total probability states that if we have mutually exclusive events A1, A2, ..., An, then the probability of an event B happening is given by P(B) = P(B|A1)P(A1) + P(B|A2)P(A2) + ... + P(B|An)P(An), where P(B|Ai) is the probability of B given Ai.

For the scenario where the manager signs the termination letter, we consider two cases: the director signs (with a probability of 45%) and the director doesn't sign (with a probability of 55%, since 100% - 45% = 55%).

## Step 4: Calculate the probability of the employee being fired when the manager signs
Using the given probabilities:
- Probability the director signs and the employee is fired: 7% * 45% = 0.07 * 0.45
- Probability the director doesn't sign and the employee is fired: 48% * 55% = 0.48 * 0.55
Then, add these two products together to get the overall probability of the employee being fired when the manager signs the termination letter.

## Step 5: Calculate the specific values
- Probability the director signs and the employee is fired: 0.07 * 0.45 = 0.0315
- Probability the director doesn't sign and the employee is fired: 0.48 * 0.55 = 0.264
- Overall probability = 0.0315 + 0.264 = 0.2955 or 29.55%

## Step 6: Compare with the scenario where the manager does not sign the termination letter
To determine if it's more likely for the employee to be fired when the manager signs, we also need to calculate the overall probability of the employee being fired when the manager does not sign the termination letter and compare.

## Step 7: Calculate the overall probability of the employee being fired when the manager does not sign
Using a similar approach as in Step 4 but for the manager not signing:
- Probability the director signs and the employee is fired: 44% * 40% = 0.44 * 0.40
- Probability the director doesn't sign and the employee is fired: 90% * 60% = 0.90 * 0.60
Then, add these two products together.

## Step 8: Calculate the specific values for the manager not signing
- Probability the director signs and the employee is fired: 0.44 * 0.40 = 0.176
- Probability the director doesn't sign and the employee is fired: 0.90 * 0.60 = 0.54
- Overall probability = 0.176 + 0.54 = 0.716 or 71.6%

## Step 9: Compare the probabilities
Compare the overall probability of the employee being fired when the manager signs (29.55%) with the overall probability when the manager does not sign (71.6%).

## Step 10: Conclusion
Based on the calculations, it is less likely for the employee to be fired when the manager signs the termination letter compared to when the manager does not sign.

The final answer is: $\boxed{No}$"
262,yes,"Step-by-Step Reasoning:
- Calculate P(C|B) and P(C|B') using the law of total probability considering the confounder.
- Find P(C'|B) and P(C'|B') as 1 - P(C|B) and 1 - P(C|B') respectively.
- Use these probabilities to calculate P(A|B) and P(A|B') by applying the law of total probability.
- Compare P(A|B) and P(A|B') to determine the effect of parental intelligence on child intelligence.

3. Yes or No answer: No."
263,yes,"Step-by-Step Reasoning:
1. Compare the probabilities of penguin death for both options.
2. Identify that 24% (elevator) is less than 80% (stairs).
3. Conclude that taking the elevator has a lower probability of penguin death.
4. Determine that taking the stairs would increase the likelihood of seeing penguin death.

Yes or No Answer: No"
264,yes,"Step-by-step reasoning:
1. Calculate the probability of unattractive appearance: 100% - 55% = 45%.
2. Determine the probability of talent among attractive and unattractive people: 10% for both.
3. Calculate the overall probability of talent: (55% * 10%) + (45% * 10%) = 10%.
4. Compare the probability of talent to the probability of lack of talent: 10% vs 90%.

Yes or no answer: No."
265,yes,"Step-by-Step Reasoning:**
1. Calculate the probability of low blood pressure for both groups (not taking medication and taking medication).
2. Use the given probabilities to calculate the overall probability of having a healthy heart for each group, disregarding the mediation effect through blood pressure.
3. Compare the overall probabilities of having a healthy heart between the two groups to determine if medication negatively affects heart condition.

**Yes or No Answer:** No"
266,yes,"Step-by-Step Reasoning**:
- Calculate the probability of tanned skin, P(S), by adding P(T ∩ S) and P(NT ∩ S).
- Determine P(S|T) by dividing P(T ∩ S) by P(T).
- Determine P(S|NT) by dividing P(NT ∩ S) by P(NT).
- Compare P(S|T) and P(S|NT) to assess if tanned skin is less likely with tanning salon treatment.

3. **Yes or No Answer**: 
No."
267,yes,"Step-by-Step Reasoning:
1. Identify the probability of wet ground in the dry season: 51%.
2. Identify the probability of wet ground in the rainy season: 51%.
3. Compare the probabilities to determine if there's a difference.
4. Since both probabilities are the same, conclude that the rainy season does not decrease the chance of wet ground; rather, it does not increase it either, as the probabilities are equal.

Yes or No Answer: No"
268,yes,"Step-by-Step Reasoning:**
1. Identify given probabilities for high salary and college degree or higher for both groups.
2. Recognize the lack of direct conditional probability information to assess the impact of a college degree on salary.
3. Observe that high salary probabilities are higher than college degree probabilities in both groups, suggesting other factors influence salary.
4. Acknowledge the need for conditional probabilities to directly answer the question.
5. Consider typical correlations between education and earnings, suggesting education usually increases earning potential.

**Yes or No Answer:** No"
269,yes,"Step-by-Step Reasoning:**
1. Determine the probability of blowing out the candle and not blowing it out.
2. Calculate the probability of a dark room for both groups (those who blow out candles and those who don’t).
3. Add the probabilities of a dark room from both groups to find the overall probability of a dark room.
4. Compare this probability to 50% to determine if a dark room is more or less likely than a bright room.

**Yes or No Answer:** No"
270,yes,"Step-by-step reasoning:
1. Identify the research question: Understanding how smoking affects lung cancer.
2. Consider the importance of controlling for confounding variables such as gender.
3. Evaluate Method 1, which analyzes the correlation by gender, allowing for the control of gender as a variable.
4. Evaluate Method 2, which looks at the general population without considering gender.
5. Determine that controlling for gender and potentially other variables provides a more accurate and nuanced understanding of the smoking-lung cancer relationship.

Yes or no answer: Yes."
271,yes,"Step-by-step reasoning:
1. **Compare the effect of studying hard within each encouragement group**: For both not encouraged and encouraged students, studying hard increases the probability of a high exam score.
2. **Assess the influence of encouragement on studying habits**: Encouragement significantly increases the probability of studying hard (from 29% to 90%).
3. **Evaluate the overall impact on exam scores**: Given that studying hard positively affects exam scores and encouragement increases the likelihood of studying hard, encouragement does not negatively affect exam scores through studying habits. Instead, it appears to have a positive indirect effect by promoting studying hard, which in turn improves exam scores.

Yes or no answer: No"
272,no,"## Step 1: Determine the probability of recovering from the disease for people with no pre-conditions who get the vaccine.
The probability of recovering from the disease for people with no pre-conditions who get the vaccine is given as 36%.

## Step 2: Determine the probability of recovering from the disease for people with pre-conditions who get the vaccine.
The probability of recovering from the disease for people with pre-conditions who get the vaccine is given as 92%.

## Step 3: Calculate the overall probability of recovering from the disease for people who get the vaccine, considering the probability of having pre-conditions.
To find the overall probability of recovering from the disease for people who get the vaccine, we need to consider the probability of having pre-conditions (54%) and not having pre-conditions (46%). The calculation involves weighting the recovery probabilities by the likelihood of having or not having pre-conditions.

## Step 4: Calculate the weighted average of recovery probabilities for vaccinated individuals.
Weighted average = (Probability of no pre-conditions * Recovery rate without pre-conditions) + (Probability of pre-conditions * Recovery rate with pre-conditions)
Weighted average = (0.46 * 36%) + (0.54 * 92%)
Weighted average = 0.46 * 0.36 + 0.54 * 0.92
Weighted average = 0.1656 + 0.4968
Weighted average = 0.6624 or 66.24%

## Step 5: Compare the weighted average recovery probability for vaccinated individuals to the recovery probability if the person had not refused the vaccine (which implies considering all scenarios of vaccination and pre-conditions).
Since the question asks if it would be less likely to see recovering from the disease if the person had not refused the vaccine, we compare the calculated weighted average (66.24%) to the scenario where the vaccine's impact is not considered, which would be a mix of recovery rates with and without pre-conditions and vaccination.

## Step 6: Determine the relevance of the comparison to the question asked.
The question essentially asks if getting the vaccine increases the likelihood of recovery, which can be inferred by comparing the recovery rates with and without the vaccine, considering pre-conditions.

## Step 7: Conclusion based on mathematical principles and logic.
Given the probabilities provided and the calculations above, the question seems to be about comparing outcomes based on vaccination status and pre-conditions. However, the direct comparison to answer the question as phrased requires understanding that the vaccine's effectiveness is being evaluated against a backdrop of varying recovery rates based on pre-conditions and vaccination status.

The final answer is: $\boxed{No}$"
273,yes,"## Step 1: Understanding the Given Conditions
We are given that a ""smoking gene"" or high pollution can cause smoking. Additionally, the combination of a smoking gene, high pollution, and smoking can lead to lung cancer. The person in question lives in an area with high pollution.

## Step 2: Analyzing the Impact of the Smoking Gene
Given that the person has a smoking gene, this implies they are more likely to smoke due to genetic predisposition. The presence of high pollution in their environment is an additional factor that could contribute to smoking.

## Step 3: Considering the Role of High Pollution
High pollution is a factor that can contribute to smoking and, when combined with smoking, increases the risk of lung cancer. Since the person lives in a highly polluted area, this environmental factor is already contributing to their potential for smoking and, by extension, lung cancer.

## Step 4: Evaluating the Presence of Lung Cancer
To determine if the person would have lung cancer if they have a smoking gene instead of a nonsmoking gene, we must consider the cumulative effect of genetic predisposition (smoking gene), environmental factors (high pollution), and the behavior (smoking) these factors can lead to. The combination of a smoking gene and living in a polluted area increases the likelihood of smoking, which, in turn, increases the risk of lung cancer when all these factors are present.

## Step 5: Conclusion Based on Logical Deduction
Given the smoking gene and the environmental factor of high pollution, the person is more likely to smoke. Smoking, combined with the smoking gene and high pollution, increases the risk of lung cancer. Therefore, having a smoking gene in this context would logically increase the person's risk of developing lung cancer due to the higher likelihood of smoking and the cumulative effect of these risk factors.

The final answer is: $\boxed{Yes}$"
274,yes,"Step-by-Step Reasoning:**
1. Identify the given probabilities: 50% of the population has respiratory issues, and 80% of both those with and without respiratory issues have broken bones.
2. Calculate the overall probability of broken bones, which remains 80% as it's constant across both groups.
3. Determine the probability of no broken bones by subtracting the probability of broken bones from 100%, resulting in 20%.
4. Compare the probabilities to conclude that broken bones are more likely than no broken bones.

**Yes or No Answer:** No"
275,yes,"Step-by-Step Reasoning**
1. Understand the given correlation coefficient (0.33) and its implications.
2. Recognize that correlation does not imply causation.
3. Consider alternative explanations, such as third variables or bidirectional relationships.
4. Calculate the coefficient of determination (R-squared) to understand the proportion of variance explained by the correlation.
5. Conclude that the correlation alone is insufficient to establish a causal relationship between kindness and attractive appearance.

**Yes or No Answer**
No"
276,yes,"Step-by-Step Reasoning**:
    - Identify the probabilities of long lifespan with and without diabetes for both normal weight and obese individuals.
    - Note the probabilities of having diabetes in each group.
    - Recognize that diabetes seems to increase the probability of a long lifespan in the given data, which is unexpected.
    - Consider that the question about obesity's effect on lifespan through diabetes involves understanding both the direct and indirect effects of obesity on lifespan.

3. **Yes or No Answer**: No"
277,yes,"Step-by-Step Reasoning:
- The captain's order to execute leads to the corporal shooting and the private not shooting.
- Shooting by either the corporal or the private results in the prisoner's death.
- If the captain orders to release the prisoner, there's no condition for the corporal or the private to shoot.
- Without shooting, the prisoner does not die.

3. Yes or no answer: Yes"
278,yes,"## Step 1: Understand the probabilities given for both scenarios.
The probability of a high exam score for students who are not encouraged is 59%, while for students who are encouraged, it is 47%.

## Step 2: Compare the probabilities to determine the likelihood of a high exam score.
To determine if it would be more likely to see a high exam score if the student had received no encouragement, we need to compare the two probabilities. The probability for students who are not encouraged (59%) is higher than that for students who are encouraged (47%).

## Step 3: Apply logical reasoning to the comparison.
Given that the probability of a high exam score is higher for students who are not encouraged than for those who are, it logically follows that for students who are encouraged, they would have a higher likelihood of achieving a high exam score if they had not been encouraged.

The final answer is: $\boxed{Yes}$"
279,yes,"Step-by-step reasoning:
1. Identify the relevant probabilities: The probabilities of attractive appearance for people in a relationship with mean and kind personalities are 32% and 25%, respectively.
2. Compare these probabilities: 32% (mean personality) is greater than 25% (kind personality).
3. Conclusion: For people in a relationship, the probability of attractive appearance is lower for those with kind personalities compared to those with mean personalities.

Yes or no answer: Yes."
280,yes,"Step-by-step reasoning:
1. Identify given probabilities: 15% chance of blowing out the candle, 84% chance of dark room if candle not blown, 52% chance of dark room if candle blown.
2. Calculate the probability of not blowing out the candle: 100% - 15% = 85%.
3. Use the formula for conditional probability to calculate the overall probability of a dark room: \( P(D) = P(D|B) \times P(B) + P(D|N) \times P(N) \).
4. Plug in the given values into the formula and calculate: \( P(D) = 0.52 \times 0.15 + 0.84 \times 0.85 \).
5. Determine the overall probability of a dark room is 79.2%, which is greater than 50%, indicating a dark room is more likely than a bright room.

Yes or no answer: Yes."
281,yes,"Step-by-Step Reasoning**
1. Understand the given correlation coefficient (-0.07) and its implication of a weak negative relationship.
2. Recognize that correlation does not imply causation and consider the context of the data (elite institutions).
3. Consider the potential limitations of the correlation coefficient in capturing the relationship between talent and hard work, especially in a selective population.
4. Acknowledge that both talent and hard work are likely necessary for acceptance into elite institutions, complicating the interpretation of the correlation.

**Yes or No Answer**
No"
282,yes,"Step-by-step reasoning:
1. Identify the variables: Smoking and lung cancer.
2. Consider the intermediary factor: Tar deposit as a result of smoking.
3. Analyze the approach of Method 1: Focuses on the case-by-case correlation considering tar deposits.
4. Analyze the approach of Method 2: Looks at the general correlation without intermediary factors.
5. Determine which method provides a more detailed understanding of the relationship between smoking and lung cancer.

Yes or no answer: Yes."
283,yes,"Step-by-Step Reasoning:**
1. Identify the conditions for a competitive department: male or in-state residency.
2. Identify the conditions for admission acceptance: male, in-state residency, or competitive department.
3. Recognize the applicant's status: out-of-state residency.
4. Consider the impact of changing the applicant's gender from male to non-male on the conditions for a competitive department and admission acceptance.
5. Determine if the non-male, out-of-state applicant meets any of the conditions for admission acceptance based on the given information.

**Yes or No Answer:** No"
284,yes,"Step-by-step reasoning:
1. **Identify the probability of smoking based on genes and pollution**: Individuals with smoking genes are more likely to smoke than those with nonsmoking genes.
2. **Analyze the impact of smoking on lung cancer risk for each genetic group**: Smoking increases the risk of lung cancer in both groups.
3. **Compare the increase in lung cancer risk due to smoking between genetic groups**: The increase in risk is the same for both groups, indicating that the gene does not negatively affect lung cancer through smoking differently based on the presence of smoking genes.

Yes or no answer: No."
285,yes,"Step-by-step reasoning:
1. Consider the complexity of individual responses to medication.
2. Evaluate how Method 1 accounts for variability in blood pressure.
3. Compare this to Method 2's general approach without considering specific factors.
4. Determine that Method 1 provides a more nuanced understanding.

Yes."
286,yes,"Step-by-Step Reasoning**
1. Identify the probability of smallpox survival for unvaccinated individuals: 43%.
2. Identify the probability of smallpox survival for vaccinated individuals: 51%.
3. Compare the two probabilities to determine the effect of vaccination on survival rates.
4. Since 51% is greater than 43%, conclude that vaccination increases the chance of survival.

**Yes or No Answer**
No"
287,yes,"## Step 1: Understand the given probabilities
The probability of Alice arriving to school on time when she wakes up on time is 53%. The probability of Alice arriving to school on time when she wakes up late is 85%.

## Step 2: Compare the probabilities
To determine if waking up late increases the chance of arriving to school on time, we need to compare the two probabilities. If the probability of arriving on time when waking up late is greater than the probability of arriving on time when waking up on time, then waking up late increases the chance.

## Step 3: Analyze the comparison
85% (the probability of arriving on time when waking up late) is greater than 53% (the probability of arriving on time when waking up on time). This indicates that waking up late actually increases the chance of arriving to school on time according to the given probabilities.

The final answer is: $\boxed{Yes}$"
288,yes,"Step-by-step reasoning:
1. Identify the given probabilities: 48% for respiratory issues, and 7% for broken bones in both groups.
2. Recognize that the probability of broken bones is independent of respiratory issues.
3. Calculate the overall probability of broken bones, which remains 7% due to the independence.
4. Calculate the probability of no broken bones as 100% - 7% = 93%.
5. Compare the probabilities to conclude that broken bones are less likely.

Yes or no answer: Yes."
289,no,"Step-by-step reasoning:
   - Identify the probability of penguin death when taking the stairs: 66%.
   - Identify the probability of penguin death when taking the elevator: 59%.
   - Compare the two probabilities to determine which is higher.

3. No"
290,no,"## Step 1: Understanding the given probabilities
We are given that the overall probability of kindness is 85%. This implies that the probability of a mean personality is 100% - 85% = 15%. We are also given that for people with mean personalities, the probability of attractive appearance is 9%, and for people with kind personalities, the probability of attractive appearance is also 9%.

## Step 2: Calculating the probability of attractive appearance for the entire population
To determine if attractive appearance is more likely than unattractive appearance overall, we need to calculate the overall probability of attractive appearance. This can be done by considering the two groups (kind and mean personalities) and their respective probabilities of attractive appearance.

## Step 3: Applying the law of total probability
The law of total probability states that if we have mutually exclusive and exhaustive events, the probability of an outcome (in this case, attractive appearance) is the sum of the probabilities of each event multiplied by the probability of the outcome given that event. Here, the events are having a kind personality (K) and having a mean personality (M).

## Step 4: Calculating the probability of attractive appearance
Let's denote the probability of attractive appearance as P(A). Using the law of total probability:
P(A) = P(A|K) * P(K) + P(A|M) * P(M)
Given P(A|K) = 9% = 0.09, P(K) = 85% = 0.85, P(A|M) = 9% = 0.09, and P(M) = 15% = 0.15, we can substitute these values into the equation.

## Step 5: Performing the calculation
P(A) = 0.09 * 0.85 + 0.09 * 0.15
P(A) = 0.0765 + 0.0135
P(A) = 0.09

## Step 6: Comparing attractive and unattractive appearance probabilities
Since P(A) = 0.09, the probability of unattractive appearance is 1 - P(A) = 1 - 0.09 = 0.91. This means that unattractive appearance is more likely than attractive appearance overall.

The final answer is: $\boxed{No}$"
291,yes,"Step-by-Step Reasoning:**
1. Calculate the probability of long lifespan given obesity using the formula P(LS|O) = P(O ∩ LS) / P(O).
2. Compare this to the overall probability of long lifespan, P(LS), which we attempted to calculate by summing known probabilities related to long lifespan.
3. Determine if P(LS|O) is greater than the implied overall probability of long lifespan without the condition of obesity.

**Yes or No Answer:** No"
292,yes,"Step-by-Step Reasoning:**
1. Calculate the probability of a camper not lighting a match: 100% - 94% = 6%.
2. Calculate the probability of the forest being on fire in both scenarios (match lit and not lit) and multiply by the probability of each scenario.
3. Add the probabilities of the forest being on fire from both scenarios to get the overall probability.
4. Compare the overall probability of the forest being on fire to the probability of the forest not being on fire.

**Yes or No Answer:** Yes"
293,yes,"Step-by-step reasoning:**
1. Identify the goal: Understand the effect of maternal smoking on infant mortality.
2. Consider Method 1: Direct correlation between maternal smoking and infant mortality, which may not account for confounding variables like birth weight.
3. Consider Method 2: Analyzing the correlation based on infant's birth weight, which allows for the control of a significant confounding variable.
4. Evaluate the need for nuance: Understanding the effect of maternal smoking across different birth weights is crucial for targeted interventions.
5. Conclusion: Method 2 provides a more nuanced and potentially more accurate understanding.

**Yes or no answer:** No"
294,yes,"## Step 1: Understanding the Given Conditions
We are given that being male and an in-state resident can lead to a competitive department. Additionally, being male, an in-state resident, or being in a competitive department can cause admission acceptance. We also know the applicant is an in-state resident.

## Step 2: Applying Logical Deductions
Given that the applicant is an in-state resident, this already fulfills one of the conditions that can lead to a competitive department (male gender and in-state residency). However, the gender of the applicant is what we are considering changing from male to non-male.

## Step 3: Evaluating the Impact of Gender Change
If we change the applicant's gender from male to non-male (female), the condition of being male is no longer met. However, the applicant is still an in-state resident, which is one of the conditions that can lead to admission acceptance directly (male or in-state resident or competitive department causes admission acceptance).

## Step 4: Conclusion Based on Logical Principles
Since being an in-state resident is sufficient for admission acceptance regardless of the gender (as per the given conditions), changing the gender from male to non-male does not negate the condition of being an in-state resident, which is a cause for admission acceptance.

The final answer is: $\boxed{Yes}$"
295,yes,"Step-by-Step Reasoning:**
1. Identify the causes of the forest fire: The camper lighting a match or the chain-smoker lighting a match.
2. Note the observed action: The chain-smoker does not light a match.
3. Analyze the question: It asks if the forest wouldn't burn down if the camper lights a match instead of not lighting one.
4. Apply logic: Lighting a match is a potential cause of the fire, regardless of the chain-smoker's actions.
5. Conclusion: The action of the camper lighting a match could still lead to the forest burning, given it's identified as a cause.

**Yes or No Answer:** No"
296,yes,"Step-by-Step Reasoning:
- Identify the probabilities: 81% for not lighting a match and 64% for lighting a match.
- Compare the probabilities: 81% is greater than 64%.
- Determine the implication: Not lighting a match would result in a higher probability of the forest being on fire.
- Address the question's perspective: From the camper's current situation (having lit a match), not lighting a match would increase the probability, making the forest fire more likely, not less.

3. Yes or No Answer: No"
297,yes,"Step-by-Step Reasoning:
- Step 1: Identify the condition - The patient has a large kidney stone.
- Step 2: Consider the outcomes based on the given information:
  - If the patient receives no treatment, the outcome, according to the given information, is no recovery.
  - If the patient receives treatment, the outcome is recovery.
- Step 3: Apply the information to the patient's situation - Since the patient has a large kidney stone and the information states that a large kidney stone with no treatment does not lead to recovery, logically, if the patient does not receive treatment, they would not recover.

3. Yes or No Answer: Yes"
298,yes,"Step-by-step reasoning:
1. Calculate the probability of the manager signing and not signing the termination letter.
2. Calculate the probability of the employee being fired in each scenario.
3. Compute the overall probability of the employee being fired by adding the probabilities of each scenario.
4. Compare the overall probability of being fired to 50% to determine if being fired is more likely than not.

Yes or no answer: No"
299,yes,"Step-by-Step Reasoning**:
1. Calculate P(S|C) using given probabilities.
2. Determine the overall probability of scurvy, P(S), by considering all cases leading to scurvy.
3. Compare P(S|C) and P(S) to determine if citrus intake affects the chance of scurvy.

**Yes or No Answer**: No"
300,yes,"Step-by-step reasoning:
1. Identify the relevant probabilities for hospitalized individuals.
2. Compare the probability of broken bones for hospitalized individuals with respiratory issues (8%) to those without respiratory issues (10%).
3. Determine if the probability increases or decreases with the presence of respiratory issues.

Yes or no answer: No"
301,yes,"Step-by-Step Reasoning**:
   - Calculate the probability of being female.
   - Calculate the probability of admission acceptance for males and females separately.
   - Calculate the overall probability of admission acceptance by summing the probabilities of being accepted as a male and as a female.
   - Compare the overall probability of admission acceptance to 50% to determine if acceptance is more likely than rejection.

3. **Yes or No Answer**: Yes."
302,yes,"Step-by-Step Reasoning**:
   - Determine the probability of being unattractive (100% - probability of being attractive).
   - Calculate the probability of being attractive and talented.
   - Calculate the probability of being unattractive and talented.
   - Add the probabilities of being talented from both groups to find the overall probability of talent.
   - Compare the overall probability of talent to the probability of lack of talent.

3. **Yes or No Answer**: Yes"
303,yes,"Step-by-Step Reasoning:
- Identify the probabilities of wet ground in both seasons.
- Compare these probabilities to understand the impact of season on ground wetness.
- Consider the role of sprinkler systems in the dry season and natural rain in the rainy season.
- Determine if the season's effect, through both weather and sprinkler use, is negative on ground wetness based on the comparison.

3. Yes or No Answer: No"
304,no,"Step-by-step reasoning:
   - Identify the probability of death if the prisoner is released: 34%.
   - Identify the probability of death if the prisoner is executed: 80%.
   - Compare the two probabilities to determine which action results in a higher chance of death.
   - Since 80% is greater than 34%, executing the prisoner results in a higher chance of death.

3. No."
305,yes,"## Step 1: Understanding the given probabilities
The probability of admission acceptance for individuals who are not male is 76%, and for individuals who are male, it is 44%. This indicates a significant difference in the likelihood of admission acceptance based on gender.

## Step 2: Comparing probabilities
To determine if it would be more likely for an individual who is male to see admission acceptance if they had not been male, we need to compare the two given probabilities. The probability for non-males (76%) is higher than that for males (44%).

## Step 3: Applying logical reasoning
If a male individual were not male, they would fall into the category of non-males. Given that the probability of admission acceptance is higher for non-males (76%) compared to males (44%), it logically follows that, statistically speaking, it would be more likely for an individual who is male to see admission acceptance if they were not male.

## Step 4: Conclusion based on comparison
Since 76% (the probability for non-males) is greater than 44% (the probability for males), it is more likely for an individual to be accepted if they are not male.

The final answer is: $\boxed{Yes}$"
306,yes,"Step-by-Step Reasoning**:
- Determine the probability of not taking medication: 100% - 18% = 82%.
- Calculate the conditional probability of a healthy heart given medication: 8% / 18%.
- Calculate the conditional probability of a healthy heart given no medication: 55% / 82%.
- Compare these conditional probabilities to determine if the chance of a healthy heart is smaller when taking medication.

3. **Yes or No Answer**: Yes."
307,no,"Step-by-step reasoning:
   - Compare the survival probabilities of unvaccinated (56%) and vaccinated (55%) individuals.
   - If the probability of survival is higher for unvaccinated individuals than for vaccinated individuals, then vaccination would decrease the chance of survival.
   - Since 56% is greater than 55%, the probability of survival is indeed higher for unvaccinated individuals.

3. No"
308,yes,"Step-by-step reasoning:
1. Identify given probabilities: P(S) = 0.29, P(NS and LC) = 0.30, P(S and LC) = 0.12.
2. Calculate P(NS) as 1 - P(S) = 1 - 0.29 = 0.71.
3. Calculate P(LC|S) = P(S and LC) / P(S) = 0.12 / 0.29.
4. Calculate P(LC|NS) = P(NS and LC) / P(NS) = 0.30 / 0.71.
5. Compare P(LC|S) and P(LC|NS) to determine if the chance of lung cancer is smaller when observing smoking.

Yes or no answer: No."
309,yes,"Step-by-step reasoning:
1. Calculate the probability of having unintelligent parents: 100% - 49% = 51%.
2. Calculate the probability of an intelligent child with intelligent parents: 0.49 * 0.56.
3. Calculate the probability of an intelligent child with unintelligent parents: 0.51 * 0.42.
4. Add the probabilities from steps 2 and 3 to find the overall probability of an intelligent child.
5. Compare this probability with the probability of an unintelligent child to determine which is more likely.

Yes or no answer: Yes."
310,yes,"## Step 1: Calculate the overall probability of long lifespan for normal weight people
To determine if obesity positively affects lifespan when disregarding the mediation effect through diabetes, we first need to calculate the overall probability of long lifespan for normal weight people. This involves considering both smokers and nonsmokers. For normal weight nonsmokers, the probability of having diabetes is 57%, which means the probability of not having diabetes is 43%. For normal weight smokers, the probability of having diabetes is 68%, so the probability of not having diabetes is 32%.

## Step 2: Calculate the weighted probability of long lifespan for normal weight people
Given that the overall probability of being a smoker is 88%, we can calculate the weighted probability of long lifespan for normal weight people. This involves calculating the probability of long lifespan for normal weight nonsmokers and smokers separately and then combining them based on the smoking probability. For normal weight people without diabetes, the probability of long lifespan is 32%, and with diabetes, it's 60%.

## Step 3: Calculate the probability of long lifespan for normal weight nonsmokers
For normal weight nonsmokers, the probability of having diabetes is 57%, so the probability of not having diabetes is 43%. Thus, the weighted probability of long lifespan for normal weight nonsmokers is (0.57 * 60%) + (0.43 * 32%).

## Step 4: Calculate the probability of long lifespan for normal weight smokers
For normal weight smokers, the probability of having diabetes is 68%, so the probability of not having diabetes is 32%. Thus, the weighted probability of long lifespan for normal weight smokers is (0.68 * 60%) + (0.32 * 32%).

## Step 5: Calculate the overall weighted probability of long lifespan for normal weight people
Using the probabilities from steps 3 and 4, and considering that 88% are smokers, we calculate the overall weighted probability of long lifespan for normal weight people as (0.12 * probability for nonsmokers) + (0.88 * probability for smokers).

## Step 6: Calculate the overall probability of long lifespan for obese people
Similar to steps 1-5, we calculate the overall probability of long lifespan for obese people, considering their probabilities of having diabetes and being smokers or nonsmokers. For obese people, the probability of having diabetes is 31% for nonsmokers and 19% for smokers.

## Step 7: Calculate the weighted probability of long lifespan for obese nonsmokers and smokers
For obese nonsmokers, the probability of long lifespan is (0.69 * 62%) + (0.31 * 81%), and for obese smokers, it's (0.81 * 62%) + (0.19 * 81%).

## Step 8: Calculate the overall weighted probability of long lifespan for obese people
Using the probabilities from step 7 and the overall probability of being a smoker (88%), we calculate the overall weighted probability of long lifespan for obese people as (0.12 * probability for nonsmokers) + (0.88 * probability for smokers).

## Step 9: Compare the overall probabilities for normal weight and obese people
Finally, we compare the overall weighted probabilities of long lifespan for normal weight people and obese people to determine if obesity positively affects lifespan when disregarding the mediation effect through diabetes.

## Step 10: Execute calculations for normal weight people
For normal weight nonsmokers: (0.57 * 60%) + (0.43 * 32%) = 0.342 + 0.1376 = 0.4796 or 47.96%. For normal weight smokers: (0.68 * 60%) + (0.32 * 32%) = 0.408 + 0.1024 = 0.5104 or 51.04%. The overall for normal weight people is (0.12 * 0.4796) + (0.88 * 0.5104) = 0.0575 + 0.4495 = 0.507 or 50.7%.

## Step 11: Execute calculations for obese people
For obese nonsmokers: (0.69 * 62%) + (0.31 * 81%) = 0.4278 + 0.2511 = 0.6789 or 67.89%. For obese smokers: (0.81 * 62%) + (0.19 * 81%) = 0.4982 + 0.1539 = 0.6521 or 65.21%. The overall for obese people is (0.12 * 0.6789) + (0.88 * 0.6521) = 0.0815 + 0.5733 = 0.6548 or 65.48%.

## Step 12: Compare the results
The overall probability of long lifespan for obese people (65.48%) is higher than for normal weight people (50.7%).

The final answer is: $\boxed{Yes}$"
311,yes,"Step-by-step reasoning:
1. Identify the probabilities of high exam scores for each combination of encouragement and study habits.
2. Note the effect of studying hard on exam scores for both encouraged and not encouraged students.
3. Analyze how encouragement affects the likelihood of studying hard.
4. Determine if the relationship between encouragement, studying habits, and exam scores suggests a negative effect of encouragement on exam scores through studying habits.

Yes or no answer: No"
312,no,"## Step 1: Understanding the Correlation Coefficient
The correlation coefficient is a statistical measure that calculates the strength and direction of the relationship between two variables. A correlation coefficient of -0.00 indicates no linear relationship between the variables.

## Step 2: Interpreting the Given Correlation
Given that the correlation between talent and being hard-working among students accepted to elite institutions is -0.00, it implies that there is no linear correlation between these two variables within this specific group. This means that as one variable changes, the other does not change in a predictable, linear manner.

## Step 3: Considering Causality
The absence of a correlation does not necessarily imply the absence of causality. However, in the context of this question, we are examining whether talent affects being hard-working based on the correlation coefficient. The lack of correlation suggests that within the group of students accepted to elite institutions, talent does not have a direct, linear impact on being hard-working.

## Step 4: Conclusion Based on Given Data
The question asks if talent affects being hard-working among students accepted to elite institutions, given the correlation coefficient of -0.00. This correlation indicates no linear relationship between talent and being hard-working.

The final answer is: $\boxed{No}$"
313,yes,"Step-by-step reasoning:
1. Identify the probability of wet ground in the dry season: 42%.
2. Identify the probability of wet ground in the rainy season: 47%.
3. Compare the two probabilities to determine if there is an increase.
4. Since 47% is greater than 42%, conclude that the rainy season does increase the chance of wet ground.

Yes."
314,yes,"## Step 1: Define the probabilities given for each scenario.
The probability of a child being intelligent when their parents are unintelligent is 35%. The probability of a child being intelligent when their parents are intelligent is 75%.

## Step 2: Compare the probabilities to determine the effect of parental intelligence on the child's intelligence.
To assess if having intelligent parents increases the chance of having an intelligent child, we compare the two probabilities. The probability of a child being intelligent with intelligent parents (75%) is higher than with unintelligent parents (35%).

## Step 3: Draw a conclusion based on the comparison.
Since 75% is greater than 35%, it indicates that having intelligent parents does increase the probability of having an intelligent child compared to having unintelligent parents.

The final answer is: $\boxed{Yes}$"
315,yes,"Step-by-Step Reasoning:
1. **Understanding the Goal**: The objective is to determine the most accurate method for understanding how a drug affects cholesterol levels.
2. **Analyzing Method 1**: This method looks at the general correlation between the drug and cholesterol levels, which may be influenced by unobserved confounders.
3. **Analyzing Method 2**: This method examines the correlation case by case, considering unobserved confounders, which allows for a more precise and personalized understanding.
4. **Comparing Methods**: Method 2 is more detailed and accounts for individual variations, making it more accurate for understanding the drug's effects.

Yes or No Answer: No"
316,yes,"Step-by-Step Reasoning:**
1. Analyze the probabilities of long lifespan for each group (normal weight with/without diabetes, obese with/without diabetes).
2. Compare the probabilities to determine the impact of diabetes on lifespan within each weight group.
3. Examine the probabilities of having diabetes among different groups (normal weight nonsmokers/smokers, obese nonsmokers/smokers).
4. Assess the relationship between obesity, diabetes, and lifespan based on the provided probabilities.
5. Conclude whether obesity negatively affects lifespan through diabetes based on the analysis.

**Yes or No Answer:** No"
317,yes,"## Step 1: Understanding the given probabilities
The probability of college admission for nonsmokers is 67%, and for smokers, it is 55%. This indicates that nonsmokers have a higher chance of being admitted to college compared to smokers.

## Step 2: Comparing the probabilities
To determine if it would be less likely for a smoker to see college admission if they had been a nonsmoker, we need to compare the two probabilities. Since 67% (nonsmoker probability) is greater than 55% (smoker probability), it implies that being a nonsmoker increases the likelihood of college admission.

## Step 3: Applying logical reasoning
Given that the probability of college admission is higher for nonsmokers than for smokers, it logically follows that if a smoker had been a nonsmoker, their chance of college admission would have been higher. Therefore, it would indeed be less likely for a smoker to see college admission if they had been a nonsmoker, because their actual probability (as a smoker) is lower than what it would have been (as a nonsmoker).

The final answer is: $\boxed{Yes}$"
318,yes,"## Step 1: Understand the given probabilities
The probability of scurvy for patients not consuming citrus is 33%, and for patients consuming citrus, it is 14%. This indicates that consuming citrus reduces the likelihood of scurvy.

## Step 2: Analyze the condition for patients consuming citrus
The question asks if it would be more likely to see scurvy if the patient had not consumed citrus, given that the patient is currently consuming citrus. This requires comparing the probability of scurvy in the absence of citrus consumption to the probability when citrus is consumed.

## Step 3: Compare the probabilities
Since the probability of scurvy is higher (33%) when citrus is not consumed compared to when it is consumed (14%), it implies that not consuming citrus increases the risk of scurvy.

## Step 4: Apply logical reasoning
Given that a patient is consuming citrus, if they had not consumed citrus, their risk of scurvy would increase from 14% to 33%. This means it would indeed be more likely to see scurvy if the patient had not consumed citrus.

## Step 5: Conclusion
Based on the comparison of probabilities and logical reasoning, it is more likely to see scurvy in patients who do not consume citrus than in those who do.

The final answer is: $\boxed{Yes}$"
319,yes,"Step-by-step reasoning:
1. Calculate the probability of being a nonsmoker: 100% - 82% = 18%.
2. Calculate the probability of college admission for nonsmokers: 18% * 27% = 4.86%.
3. Calculate the probability of college admission for smokers: 82% * 17% = 13.94%.
4. Calculate the overall probability of college admission: 4.86% + 13.94% = 18.80%.
5. Compare the overall probability of college admission to 50% to determine if admission is less likely than rejection.

Yes or no answer: Yes."
320,yes,"Step-by-step reasoning:
1. Identify given probabilities for high salary and college degree or higher based on location.
2. Recognize the need for conditional probability to assess the impact of a college degree on high salary.
3. Note the lack of direct information on the intersection of these probabilities (P(HS and CD)).
4. Understand that without direct calculation of P(HS|CD), we cannot definitively conclude the effect based on given data.

Yes or no answer: No"
321,yes,"Step-by-step reasoning:
   - Identify the probabilities of wet ground in both seasons.
   - Compare the probabilities to determine if there is an increase in the likelihood of wet ground during the rainy season.
   - Consider the logical impact of sprinkler systems in relation to seasonal changes.
   - Conclude based on the comparison and logical deductions.

3. Yes."
322,yes,"Step-by-Step Reasoning:
- Identify the probability of an intelligent child with unintelligent parents: 53%.
- Identify the probability of an intelligent child with intelligent parents: 36%.
- Compare these probabilities to determine which condition is more likely to result in an intelligent child.

3. Yes or No Answer: 
No."
323,yes,"Step-by-step reasoning:
1. Method 1 analyzes the correlation between encouragement and exam score on a case-by-case basis, considering studying habits.
2. This approach allows for the identification of potential moderating effects, such as the influence of studying habits on the relationship between encouragement and exam performance.
3. Method 2 looks at the overall correlation without considering variables like studying habits, which might lead to an oversimplified understanding.
4. Accounting for variables such as studying habits provides a more nuanced and potentially accurate understanding of the relationship in question.

Yes or no answer: Yes."
324,yes,"## Step 1: Understand the given probabilities
The probability of Alice arriving to school on time when she wakes up on time is 59%, and the probability of her arriving on time when she wakes up late is 33%.

## Step 2: Compare the probabilities
To determine if it would be more likely for Alice to arrive to school on time if she had gotten up on time instead of waking up late, we need to compare the two probabilities. The probability of arriving on time when waking up on time (59%) is greater than the probability of arriving on time when waking up late (33%).

## Step 3: Conclusion based on comparison
Since 59% is greater than 33%, it is more likely for Alice to arrive to school on time if she had woken up on time instead of waking up late.

The final answer is: $\boxed{Yes}$"
325,no,"## Step 1: Calculate the probability of the employee being fired when the manager signs the termination letter and the director signs the termination letter
The probability of the employee being fired when both the manager and the director sign the termination letter is given as 7%.

## Step 2: Calculate the probability of the employee being fired when the manager signs the termination letter and the director does not sign the termination letter
The probability of the employee being fired when the manager signs but the director does not sign the termination letter is given as 48%.

## Step 3: Determine the overall probability of the director signing the termination letter when the manager signs the termination letter
The probability that the director signs the termination letter when the manager signs is given as 45%.

## Step 4: Determine the overall probability of the director not signing the termination letter when the manager signs the termination letter
Since the probability of the director signing is 45%, the probability of the director not signing is 100% - 45% = 55%.

## Step 5: Calculate the weighted average probability of the employee being fired when the manager signs the termination letter
To find the overall probability of the employee being fired when the manager signs, we need to calculate the weighted average based on the probabilities of the director signing or not signing. This is done by: (Probability of director signing * Probability of being fired when both sign) + (Probability of director not signing * Probability of being fired when manager signs and director does not sign) = (0.45 * 0.07) + (0.55 * 0.48).

## Step 6: Perform the calculation for the weighted average
(0.45 * 0.07) + (0.55 * 0.48) = 0.0315 + 0.264 = 0.2955 or 29.55%.

## Step 7: Compare this with the scenario where the manager does not sign the termination letter
We need to calculate the overall probability of the employee being fired when the manager does not sign the termination letter, considering the probabilities of the director signing or not signing in this scenario.

## Step 8: Determine the probability of the director signing the termination letter when the manager does not sign
The probability of the director signing when the manager does not sign is given as 40%.

## Step 9: Determine the probability of the director not signing the termination letter when the manager does not sign
The probability of the director not signing when the manager does not sign is 100% - 40% = 60%.

## Step 10: Calculate the weighted average probability of the employee being fired when the manager does not sign the termination letter
Using the given probabilities: (Probability of director signing * Probability of being fired when manager does not sign and director signs) + (Probability of director not signing * Probability of being fired when neither signs) = (0.40 * 0.44) + (0.60 * 0.90).

## Step 11: Perform the calculation for the weighted average when the manager does not sign
(0.40 * 0.44) + (0.60 * 0.90) = 0.176 + 0.54 = 0.716 or 71.6%.

## Step 12: Compare the probabilities of the employee being fired when the manager signs versus when the manager does not sign the termination letter
The probability of the employee being fired when the manager signs (29.55%) is less than when the manager does not sign (71.6%).

The final answer is: $\boxed{No}$"
326,yes,"Step-by-step reasoning:
1. Identify the given probabilities of recovery based on gender and treatment status.
2. Recognize the question asks for a comparison of recovery likelihoods for treated patients versus if they hadn't been treated.
3. Consider the implications of the given probabilities on the overall likelihood of recovery for treated patients compared to untreated patients.

Yes or no answer: Yes."
327,yes,"Step-by-Step Reasoning:**
1. Examine the probabilities of long lifespan with and without diabetes for both normal weight and obese individuals.
2. Compare the effect of diabetes on lifespan within each weight group.
3. Consider how obesity influences the probability of having diabetes.
4. Analyze whether the presence of diabetes, potentially influenced by obesity, negatively affects lifespan based on the given probabilities.

**Yes or No Answer:** No"
328,yes,"Step-by-step reasoning:
1. Calculate the probability of penguin death for each combination of transportation and mood.
2. Determine the overall probability of penguin death for taking the stairs by weighting the probabilities of death by the probabilities of happiness and sadness.
3. Determine the overall probability of penguin death for taking the elevator in the same manner.
4. Compare the overall probabilities of penguin death for both options to decide if choosing the stairs positively affects penguin survival.

Yes or no answer: Yes."
329,yes,"Step-by-Step Reasoning:
- Identify the probability of wet ground in the rainy season: 38%.
- Identify the probability of wet ground in the dry season: 41%.
- Compare the probabilities to determine the likelihood of wet ground if the season had been dry instead of rainy.

3. Yes or no answer: No"
330,yes,"Step-by-Step Reasoning:**
1. Understand the given probabilities.
2. Identify the need to compare the probability of long lifespan in the general population to that in the obese population.
3. Recognize the limitations in directly calculating these probabilities from the given data.
4. Consider the implications of the high percentage of obese individuals with long lifespan.

**Yes or No Answer:** No"
331,yes,"step-by-step reasoning:
1. Identify the person as non-female.
2. Recognize smoking as a cause of high tar deposit.
3. High tar deposit is a cause of lung cancer.
4. Hypothetically, if the non-female person smokes, they could get lung cancer via high tar deposit.

The final answer is: $\boxed{Yes}$"
332,yes,"Step-by-Step Reasoning:
- Identify the probability of tanned skin for people not using tanning salon treatments: 74%.
- Identify the probability of tanned skin for people who went to tanning salons: 17%.
- Compare the probabilities to determine the likelihood of tanned skin in each group.
- Recognize the question's intent is to understand if not having a tanning salon treatment would result in a lower likelihood of tanned skin for those who typically use such services.

3. Yes or No Answer: Yes"
333,yes,"Step-by-step reasoning:
1. Identify the given probabilities for intelligent children based on parental intelligence.
2. Compare the probability of an intelligent child when parents are intelligent to when they are not.
3. Determine if there is an increase in probability when parents are intelligent.

Yes or no answer: Yes"
334,yes,"Step-by-step reasoning:
1. **Identify the goal**: Determine whether the objective is to find general trends or specific, personalized insights.
2. **Consider Method 1**: This method provides general trends and is useful for broad understanding but lacks specificity.
3. **Consider Method 2**: This method offers detailed, case-by-case insights, considering individual relationships but might be more complex and variable.
4. **Choose based on objectives**: If general trends are sufficient, Method 1 is appropriate. For personalized insights, Method 2 is preferable.

Yes or no answer: No"
335,yes,"Step-by-step reasoning:
1. Calculate the probability of scurvy for patients consuming citrus: 3% * 63% = 1.89%.
2. Calculate the probability of scurvy for patients not consuming citrus: 97% * 74% = 71.78%.
3. Calculate the overall probability of scurvy: 1.89% + 71.78% = 73.67%.
4. Compare the overall probability of scurvy (73.67%) with the probability of no scurvy (26.33%): Since 73.67% > 26.33%, scurvy is more likely.

Yes."
336,yes,"Step-by-Step Reasoning:**
1. Identify the probability of smallpox survival for unvaccinated individuals: 48%.
2. Identify the probability of smallpox survival for vaccinated individuals: 58%.
3. Compare the two probabilities to determine the effect of vaccination on survival rates.
4. Since 58% is greater than 48%, vaccination increases the chance of survival.

**Yes or No Answer:** No"
337,yes,"Step-by-Step Reasoning**:
   - Identify the focus of Method 1: General impact of campers on the forest.
   - Identify the focus of Method 2: Specific impact of smoking by campers on the forest.
   - Consider the breadth of information each method provides.
   - Determine which method offers a more comprehensive understanding of camper-forest interactions.

3. **Yes or No Answer**: Yes."
338,yes,"## Step 1: Determine the probability of being female
To find the probability of being female, we subtract the probability of being male from 100%. The probability of being male is given as 55%, so the probability of being female is 100% - 55% = 45%.

## Step 2: Calculate the probability of admission acceptance for females
The probability of admission acceptance for individuals who are not male (females) is given as 58%. Since the probability of being female is 45%, the overall probability of being female and accepted is 45% * 58%.

## Step 3: Calculate the probability of admission acceptance for males
The probability of admission acceptance for males is given as 57%. Since the probability of being male is 55%, the overall probability of being male and accepted is 55% * 57%.

## Step 4: Calculate the overall probability of admission acceptance
To find the overall probability of admission acceptance, we add the probability of being female and accepted to the probability of being male and accepted. This is (45% * 58%) + (55% * 57%).

## Step 5: Convert percentages to decimal form for calculation
Convert 45% to 0.45, 58% to 0.58, 55% to 0.55, and 57% to 0.57 for calculation purposes.

## Step 6: Perform the calculation for overall probability of admission acceptance
Overall probability of admission acceptance = (0.45 * 0.58) + (0.55 * 0.57).

## Step 7: Calculate each part
For females: 0.45 * 0.58 = 0.261.
For males: 0.55 * 0.57 = 0.3135.

## Step 8: Add the results together
0.261 + 0.3135 = 0.5745.

## Step 9: Convert the result back to a percentage
0.5745 * 100% = 57.45%.

## Step 10: Determine if admission acceptance is more likely than rejection
Since the overall probability of admission acceptance (57.45%) is greater than 50%, admission acceptance is more likely than admission rejection.

## Step 11: Conclusion
Admission acceptance is more likely than admission rejection overall because its probability is greater than 50%.

The final answer is: $\boxed{Yes}$"
339,yes,"step-by-step reasoning:
1. Identify the probabilities of talent for famous individuals: 6% for unattractive and famous, 3% for attractive and famous.
2. Compare these probabilities to determine the relationship between attractiveness and talent among famous individuals.
3. Since 6% is greater than 3%, conclude that the chance of talent decreases with attractive appearance.

Yes or no answer: Yes."
340,yes,"## Step 1: Understanding the given probabilities
The probability of a high salary for individuals without a college degree is 54%, and for those with a college degree or higher, it is 70%.

## Step 2: Comparing the probabilities
To determine if it would be less likely to see a high salary if the person had not had a college degree, we compare the two probabilities. The probability of a high salary is higher for individuals with a college degree (70%) compared to those without (54%).

## Step 3: Logical conclusion
Given that the probability of a high salary increases with a college degree, it logically follows that without a college degree, the likelihood of achieving a high salary would be lower compared to having one.

## Step 4: Applying the comparison to the question
The question asks if it would be less likely to see a high salary if the person had not had a college degree, for people with a college degree or higher. Since having a college degree increases the probability of a high salary, not having one would indeed decrease this probability.

The final answer is: $\boxed{Yes}$"
341,yes,"Step-by-Step Reasoning:**
1. Identify the probabilities of long lifespan for different combinations of weight and diabetes status.
2. Analyze how diabetes affects lifespan in both normal weight and obese individuals.
3. Examine the relationship between obesity, smoking, and the probability of having diabetes.
4. Determine how obesity influences the development of diabetes and its subsequent impact on lifespan.

**Yes or No Answer:** Yes"
342,yes,"## Step 1: Understand the given probabilities
The probability of admission acceptance for individuals who are not male is 61%, and for individuals who are male, it is 39%.

## Step 2: Compare the probabilities
To determine if it would be more likely for a male individual to see admission acceptance if they had not been male, we compare the two probabilities. The probability of admission acceptance for non-male individuals (61%) is higher than that for male individuals (39%).

## Step 3: Apply logical reasoning
If a male individual were not male, they would fall into the category of non-male individuals. Given that the probability of admission acceptance is higher for non-male individuals, it would indeed be more likely for them to see admission acceptance if they were not male.

## Step 4: Conclusion
Based on the comparison of probabilities and logical reasoning, it is more likely for a male individual to see admission acceptance if they had not been male, because the acceptance rate is higher for non-male individuals.

The final answer is: $\boxed{Yes}$"
343,yes,"Step-by-Step Reasoning:**
1. Compare the probabilities of healthy hearts for individuals with low and high blood pressure, both for those taking and not taking medication.
2. Analyze the impact of medication on the probability of high blood pressure.
3. Determine the overall effect of medication on heart health considering both low and high blood pressure conditions.

**Yes or No Answer:** No"
344,yes,"Step-by-Step Reasoning:**
1. Calculate the probability of the husband not setting the alarm.
2. Calculate the probability of the alarm ringing for both scenarios (alarm set and not set).
3. Calculate the overall probability of the alarm ringing by summing the probabilities of the alarm ringing in both scenarios.
4. Compare the overall probability of the alarm ringing to the probability of the alarm being silent to determine which is more likely.

**Yes or No Answer:** Yes"
345,no,"Step-by-Step Reasoning**:
- Calculate P(R|V) using the formula P(R|V) = P(V ∩ R) / P(V).
- Compare P(R|V) with the overall probability of recovering, P(R), to assess the impact of vaccination on recovery rates.
- Recognize that to directly answer the question, we need to understand that the comparison should ideally be between the recovery rate among those vaccinated and the overall or general population's recovery rate, considering all factors.

3. **Yes or No Answer**: 
To directly answer if the chance of recovering from the disease is smaller when observing getting the vaccine, we calculate P(R|V) = 0.48 / 0.62 ≈ 0.774. The overall probability of recovery, considering the provided data, is P(R) = 0.56 (which includes both vaccinated and not vaccinated individuals who recover). Given the calculations and the context provided, we see that the probability of recovery given vaccination (approximately 77.4%) is higher than the overall probability of recovery (56%), suggesting that getting the vaccine is associated with a higher chance of recovery from the disease, based on the provided probabilities. Therefore, the answer to whether the chance of recovering is smaller when observing getting the vaccine is **No**."
346,yes,"Step-by-Step Reasoning:**
1. Identify given probabilities.
2. Calculate P(High Salary | College+) using the conditional probability formula.
3. Recognize the need for P(High Salary) for a direct comparison but acknowledge its absence.
4. Infer from given data that a significant portion of high salaries are among those without college degrees.

**Yes or No Answer:** Yes."
347,yes,"Step-by-step reasoning:
1. **Identify admission probabilities** for each gender and department type combination.
2. **Calculate weighted admission probabilities** for each gender by considering the probability of applying to a competitive vs. non-competitive department.
   - For non-males: (0.41 * 0.59) + (0.12 * 0.41) = 0.2419 + 0.0492 = 0.2911 or 29.11%
   - For males: (0.41 * 0.41) + (0.04 * 0.59) = 0.1681 + 0.0236 = 0.1917 or 19.17%
3. **Compare the overall probabilities** of admission for non-males and males.
   - Non-males have a higher overall probability of admission (29.11%) compared to males (19.17%).

Yes or no answer: No"
348,yes,"Step-by-Step Reasoning**
1. Identify the probability of lung cancer in nonsmokers: 20%.
2. Identify the probability of lung cancer in smokers: 80%.
3. Compare the two probabilities to determine if there's a difference.
4. If the probability is higher for smokers, conclude that smoking is associated with an increased chance of lung cancer.

**Yes or No Answer**
Yes"
349,yes,"## Step 1: Understand the given probabilities
The problem states that for individuals who are not male, the probability of having a high salary is 31%, and for individuals who are male, the probability of having a high salary is 58%.

## Step 2: Compare the probabilities
To determine if being male increases the chance of having a high salary, we need to compare the two given probabilities. If the probability of having a high salary is higher for males than for non-males, then being male would increase the chance of having a high salary.

## Step 3: Apply logical reasoning
Since 58% (the probability for males) is greater than 31% (the probability for non-males), it logically follows that being male is associated with a higher probability of having a high salary.

## Step 4: Conclusion based on comparison
Given that the probability of a high salary is significantly higher for males (58%) compared to non-males (31%), it can be concluded that male gender is associated with an increased chance of high salary.

The final answer is: $\boxed{Yes}$"
350,no,"Step-by-Step Reasoning:
1. Understand the given probabilities: The probability of a smoking mother is 40%, and the probability of a nonsmoking mother and normal infant birth weight is 6%, while the probability of a smoking mother and normal infant birth weight is 15%.
2. Identify the need to compare conditional probabilities: We are comparing the chance of normal infant birth weight between smoking and nonsmoking mothers.
3. Compare the conditional probabilities directly: Since \(P(N|S) = 15\%\) and \(P(N|NS) = 6\%\), we see that the probability of normal infant birth weight is higher when the mother is a smoker than when she is not.

The final answer is: $\boxed{No}$"
351,yes,"Step-by-Step Reasoning**:
   - Identify the given probabilities: 42% for not setting the alarm and 51% for setting the alarm.
   - Compare the probabilities to determine the effect of setting the alarm on the chance of the alarm ringing.
   - If the probability when the alarm is set (51%) is greater than when it's not set (42%), then setting the alarm increases the chance of the alarm ringing.

3. **Yes or No Answer**: No"
352,yes,"Step-by-Step Reasoning**:
- Identify probabilities of alarm ringing based on husband's and wife's actions.
- Compare the influence of the husband's action on the wife's action and the outcome.
- Analyze the effectiveness (probability of alarm ringing) in each scenario.
- Determine if the husband's action positively affects the alarm clock through the wife based on the comparison.

3. **Yes or No Answer**: No"
353,no,"## Step 1: Understand the Given Conditions
We are given that a smoking mother or good health leads to normal infant birth weight. Additionally, the combination of a smoking mother, good health, and normal infant birth weight results in high infant mortality.

## Step 2: Analyze the Impact of Poor Health
The person in question has poor health. This condition is outside the given scenarios that lead to normal infant birth weight (smoking mother or good health). Therefore, we cannot directly infer the infant's birth weight based on the given conditions when the person has poor health.

## Step 3: Consider the Effect of a Smoking Mother vs. a Nonsmoking Mother on Infant Mortality
Given that the person has poor health, we must consider how the presence of a smoking mother affects infant mortality compared to a nonsmoking mother. The given information does not directly address the scenario of poor health in relation to infant mortality and the mother's smoking status.

## Step 4: Apply Logical Reasoning
However, since poor health is not a condition that, according to the given information, directly leads to normal infant birth weight (a prerequisite for the high infant mortality scenario when combined with a smoking mother and good health), we cannot assume that the infant would have normal birth weight and thus cannot directly conclude the impact on infant mortality based on the mother's smoking status alone.

## Step 5: Conclusion Based on Given Scenarios
Given that we cannot establish a clear link between the mother's smoking status and infant mortality under the condition of poor health (as it does not fit the provided scenarios leading to normal birth weight and then to high infant mortality), we must consider the logical implications of the provided conditions. The key factor in high infant mortality mentioned is the combination of a smoking mother, good health, and normal infant birth weight, which does not apply here due to the person's poor health.

The final answer is: $\boxed{No}$"
354,yes,"Step-by-Step Reasoning:**
1. Calculate the overall probability of increased price by summing the probabilities of increased price with reduced supply and increased supply.
2. Use the formula for conditional probability to find the probability of increased price given increased supply.
3. Compare the conditional probability of increased price given increased supply to the overall probability of increased price.

**Yes or No Answer:** Yes"
355,yes,"Step-by-step reasoning:
1. Calculate the probability of not having respiratory issues: 100% - 51% = 49%.
2. Recognize that the probability of broken bones is the same for both groups (97%).
3. Since the probability of broken bones is the same regardless of respiratory issues, the overall probability of broken bones remains 97%.
4. Calculate the probability of no broken bones: 100% - 97% = 3%.
5. Compare the probabilities to determine if broken bones are less likely than no broken bones.

Yes or no answer: No."
356,yes,"Step-by-Step Reasoning**:
- Calculate the probability of small kidney stones: 53%.
- Calculate \(P(R|T)\) and \(P(R|\bar{T})\) using the law of total probability.
- Compare \(P(R|T)\) and \(P(R|\bar{T})\) to determine the overall effect of treatment.
- Consider the implications for patients with small vs. large kidney stones.

3. **Yes or No Answer**: No."
357,yes,"Step-by-Step Reasoning:**
1. Identify the goal: Understand the effect of a drug on cholesterol levels.
2. Consider Method 1: Looks at general correlation but ignores confounders.
3. Consider Method 2: Accounts for individual cases and unobserved confounders.
4. Evaluate the importance of controlling for confounders in establishing causality.
5. Determine that accounting for confounders (Method 2) provides a more accurate picture of the drug's effect.

**Yes or No Answer:** No"
358,yes,"Step-by-Step Reasoning:**
1. Identify the goal: Understand the impact of education level on salary.
2. Recognize the potential for unobserved confounders to affect the analysis.
3. Evaluate Method 1: Direct correlation analysis, which may not account for confounders.
4. Evaluate Method 2: Case-by-case analysis considering unobserved confounders for a more precise relationship.
5. Conclusion: Method 2 offers a more accurate approach by attempting to control for confounders.

**Yes or No Answer:** No"
359,yes,"Step-by-Step Reasoning:
- The person goes to the beach.
- At the beach, the person is exposed to UV radiation from the sun.
- UV radiation causes the skin to tan.
- The presence of tanning salon treatment is irrelevant to the tanning caused by UV radiation from the sun.

3. Yes or No Answer: Yes"
360,yes,"Step-by-Step Reasoning:**
1. Identify given relationships: Living close to college → College degree or higher; College degree or higher → High salary.
2. Consider the effect of the confounder: Inactive, implying alternative paths to college degree or higher and high salary are not in effect.
3. Analyze the direct effect of living close to college on obtaining a college degree or higher.
4. Infer the effect of obtaining a college degree or higher on salary, given the relationships.

**Yes or No Answer:** Yes"
361,yes,"Step-by-step reasoning:
1. Analyze the given probabilities for long lifespan based on weight and diabetes status.
2. Examine the relationship between obesity, smoking, and the probability of having diabetes.
3. Consider the overall probability of smoking in the population.
4. Evaluate if the data suggests a positive effect of obesity on lifespan through diabetes, keeping in mind that correlation does not imply causation.

Yes or no answer: No."
362,yes,"Step-by-step reasoning:**
1. Identify the given probabilities for smokers and nonsmokers and their respective probabilities of having lung cancer.
2. Calculate the probability of being a nonsmoker.
3. Apply the law of total probability to calculate the overall probability of lung cancer.
4. Compare the calculated probability to 50% to determine if lung cancer is more likely than its absence.

**Yes or no answer:** Yes"
363,yes,"## Step 1: Analyze the given information
We are given that the confounder being active or the assignment of drug treatment causes the taking of all assigned drugs. Additionally, the combination of the confounder being active and the taking of all assigned drugs causes low cholesterol.

## Step 2: Understand the patient's current situation
The patient is not assigned the drug treatment and the confounder is inactive.

## Step 3: Determine the effect of taking all assigned drugs on cholesterol level
Since the patient is not assigned the drug treatment, they are not taking any assigned drugs. If the patient were to take all assigned drugs instead of not taking any, we need to consider how this change would affect their cholesterol level given the information provided.

## Step 4: Apply logical reasoning to predict the outcome
Given that taking all assigned drugs (when the confounder is active) leads to low cholesterol, we must consider what happens when the confounder is inactive, as is the case with the patient. However, the direct relationship between taking assigned drugs and cholesterol level is not explicitly stated for when the confounder is inactive. But since the confounder being active is a condition that leads to low cholesterol in conjunction with taking all assigned drugs, we can infer that the absence of the confounder's activity (it being inactive) might not directly lead to low cholesterol even if the patient takes the assigned drugs.

## Step 5: Consider the role of the confounder
The confounder's activity is a crucial factor that, in combination with taking all assigned drugs, leads to low cholesterol. Without the confounder being active, the effect of taking all assigned drugs on cholesterol levels is not directly stated, but it implies that the confounder's inactivity could negate or alter the expected outcome of taking the drugs.

## Step 6: Conclusion based on given conditions
Given the patient's confounder is inactive and they are not assigned drug treatment, if they were to take all assigned drugs, the information provided does not directly support the conclusion that their cholesterol would be low because the condition of the confounder being active is not met.

The final answer is: $\boxed{Yes}$"
364,no,"## Step 1: Understanding the given probabilities
The overall probability of a student being talented is 98%. This means that the probability of a student not being talented is 100% - 98% = 2%. For students who are not talented, the probability of being hard-working is 98%, and for students who are talented, the probability of being hard-working is also 98%.

## Step 2: Calculating the probability of being hard-working for non-talented students
The probability of a student being both not talented and hard-working is the product of the probability of not being talented and the probability of being hard-working given that the student is not talented. This is 2% * 98% = 1.96%.

## Step 3: Calculating the probability of being hard-working for talented students
The probability of a student being both talented and hard-working is the product of the probability of being talented and the probability of being hard-working given that the student is talented. This is 98% * 98% = 96.04%.

## Step 4: Calculating the overall probability of being hard-working
The overall probability of being hard-working is the sum of the probabilities of being hard-working for both non-talented and talented students. This is 1.96% + 96.04% = 98%.

## Step 5: Comparing the probabilities of being hard-working and being lazy
Since the probability of being hard-working is 98%, the probability of being lazy is 100% - 98% = 2%. Therefore, being hard-working is more likely than being lazy overall.

## Step 6: Conclusion
Based on the calculations, being hard-working is not less likely than being lazy; it is actually more likely.

The final answer is: $\boxed{No}$"
365,yes,"Step-by-step reasoning:**
1. Calculate the probability of unintelligent parents.
2. Use the law of total probability to calculate the overall probability of an intelligent child.
3. Compare the probability of an intelligent child given intelligent parents with the overall probability of an intelligent child.

**Yes or no answer:** Yes."
366,yes,"## Step 1: Understand the given probabilities
We are given three probabilities: the overall probability of taking all assigned drugs is 36%, the probability of not taking any assigned drugs and having low cholesterol is 35%, and the probability of taking all assigned drugs and having low cholesterol is 16%.

## Step 2: Define the events
Let's define two events: A = taking all assigned drugs, and B = having low cholesterol. We are given P(A) = 0.36, P(A' and B) = 0.35, and P(A and B) = 0.16, where A' denotes not taking any assigned drugs.

## Step 3: Calculate the probability of low cholesterol given taking all assigned drugs
To determine if the chance of low cholesterol is smaller when observing taking of all assigned drugs, we need to calculate P(B|A), the probability of low cholesterol given that all assigned drugs are taken. This can be calculated using the formula P(B|A) = P(A and B) / P(A).

## Step 4: Perform the calculation for P(B|A)
P(B|A) = P(A and B) / P(A) = 0.16 / 0.36.

## Step 5: Calculate P(B|A')
To compare, we also need the probability of low cholesterol given that not all assigned drugs are taken, P(B|A'). Since P(A' and B) = 0.35 and assuming the rest of the population not taking drugs is 100% - 36% = 64%, P(A') = 0.64, we can calculate P(B|A') = P(A' and B) / P(A').

## Step 6: Perform the calculation for P(B|A')
P(B|A') = 0.35 / 0.64.

## Step 7: Compare P(B|A) and P(B|A')
Calculate both values to compare them directly.

P(B|A) = 0.16 / 0.36 = 0.4444
P(B|A') = 0.35 / 0.64 = 0.5469

## Step 8: Conclusion
Since P(B|A) < P(B|A'), the probability of low cholesterol is smaller when observing the taking of all assigned drugs.

The final answer is: $\boxed{Yes}$"
367,yes,"Step-by-Step Reasoning:**
1. Calculate the probability of not blowing out the candle.
2. Apply the law of total probability to find the overall probability of a dark room.
3. Compare the probability of a dark room to the probability of a bright room.

**Yes or No Answer:** No"
368,yes,"Step-by-Step Reasoning:
   - Identify the probability of a healthy heart for people not taking medication: 10%.
   - Identify the probability of a healthy heart for people taking medication: 54%.
   - Compare the two probabilities to determine the effect of medication on the likelihood of a healthy heart.
   - If the probability for those taking medication is higher, then medication does not decrease the chance of a healthy heart. If it's lower, then it does.

3. Yes or No Answer: No"
369,yes,"step-by-step reasoning:
    - The correlation coefficient is -0.18, indicating a weak negative correlation.
    - Correlation does not imply causation, and other factors may be influencing the relationship.
    - The low correlation strength suggests that other underlying factors may be at play.
    - It's not possible to conclude that respiratory issues have no effect on broken bones based solely on the correlation coefficient.

3. Yes or no answer: No."
370,yes,"Step-by-step reasoning:
1. Identify the lung cancer probabilities for each combination of genetic predisposition and smoking behavior.
2. Compare these probabilities to assess the impact of smoking on lung cancer risk within each genetic group.
3. Analyze the specific question of whether the gene negatively affects lung cancer through smoking by comparing outcomes for smokers with and without smoking genes.

Yes or no answer: No"
371,yes,"Step-by-step reasoning:
1. Identify the goal: Understand how vaccination status affects smallpox survival.
2. Consider Method 1: Looks at the general correlation between vaccination status and survival.
3. Consider Method 2: Analyzes the correlation based on individual vaccination reactions.
4. Determine the broader applicability and directness of Method 1 for public health insights.

Yes or no answer: Yes."
372,no,"## Step 1: Calculate the probability of a student being talented and hard-working
To find this, we multiply the probability of being talented by the probability of being hard-working given that the student is talented. This is 11% * 6% = 0.66%.

## Step 2: Calculate the probability of a student being not talented and hard-working
First, find the probability of a student not being talented, which is 100% - 11% = 89%. Then, multiply this by the probability of being hard-working given that the student is not talented, which is 6%. So, 89% * 6% = 5.34%.

## Step 3: Calculate the overall probability of being hard-working
Add the probabilities of being talented and hard-working and not talented and hard-working. This is 0.66% + 5.34% = 6%.

## Step 4: Determine the probability of being lazy
Since the probability of being hard-working is 6%, the probability of being lazy is 100% - 6% = 94%.

## Step 5: Compare the probabilities of being hard-working and lazy
Being lazy has a higher probability (94%) than being hard-working (6%).

## Step 6: Conclusion
Given the probabilities, being hard-working is not more likely than being lazy overall.

The final answer is: $\boxed{No}$"
373,yes,"Step-by-Step Reasoning:**
1. Understand the given correlation value (-0.10) and its implications.
2. Recognize that correlation measures the strength and direction of a linear relationship, not causation.
3. Acknowledge that a weak negative correlation does not imply a significant causal relationship.
4. Consider the possibility of other factors influencing both variables or the relationship being coincidental.

**Yes or No Answer:** No"
374,no,"## Step 1: Understand the given probabilities
The probability of the alarm ringing for husbands who don't set the alarm is 81%, and for those who do set the alarm, it's 18%.

## Step 2: Compare the probabilities
To determine if it would be less likely to see the alarm ringing if the husband had not set the alarm, we need to compare the two probabilities. The probability of the alarm ringing is higher (81%) when the husband does not set the alarm compared to when he does (18%).

## Step 3: Apply logical reasoning
Given that the probability of the alarm ringing is significantly higher when the husband does not set the alarm, it implies that not setting the alarm is associated with a higher likelihood of the alarm ringing. Therefore, if the husband had not set the alarm, it would actually be more likely to see the alarm ringing, not less.

## Step 4: Conclude based on the comparison
Since the probability of the alarm ringing is higher when the alarm is not set, the statement ""it would be less likely to see ringing alarm if the husband had not set the alarm"" is incorrect.

The final answer is: $\boxed{No}$"
375,yes,"Step-by-step reasoning:**
1. Calculate the probability of being a nonsmoker: 100% - 12% = 88%.
2. Calculate the probability of lung cancer among nonsmokers: 0.52 * 0.88.
3. Calculate the probability of lung cancer among smokers: 0.90 * 0.12.
4. Sum the probabilities of lung cancer among smokers and nonsmokers to get the overall probability of lung cancer.
5. Compare the overall probability of lung cancer to 50% to determine if lung cancer is more likely than its absence.

**Yes or no answer:** Yes."
376,yes,"Step-by-Step Reasoning:**
1. **Consider the Impact of Variables**: Method 1 considers individual effort, which can be a significant variable in college admissions.
2. **Account for Confounding Factors**: By examining cases according to effort, Method 1 can indirectly account for some confounding factors that might affect both smoking and admission chances.
3. **Direct vs. General Correlation**: Method 1 provides a direct correlation based on individual cases, potentially offering a clearer picture of cause and effect compared to the general correlation approach of Method 2.

**Yes or No Answer:** Yes"
377,yes,"Step-by-Step Reasoning:**
1. Identify the probabilities of being hard-working for accepted students based on talent.
2. Compare these probabilities to determine the relationship between talent and hard work among accepted students.
3. Conclude based on the comparison whether talent increases the chance of being hard-working.

**Yes or No Answer:** No"
378,yes,"Step-by-Step Reasoning:**
1. **Consideration of Variables:** Method 1 allows for the analysis of multiple variables (including smoking) and their impact on college admission on an individual basis.
2. **Individual Variability:** It accounts for individual differences in effort, academic performance, and other factors that can influence admission outcomes.
3. **Accuracy and Relevance:** By considering the complexity of factors in each case, Method 1 can provide more accurate insights into how smoking affects college admission.

**Yes or No Answer:** Yes"
379,yes,"Step-by-Step Reasoning**
1. Understand the given correlation coefficient (-0.10) and its implications.
2. Recognize that correlation does not imply causation.
3. Consider potential indirect effects of attractive appearance on talent.
4. Account for potential selection bias due to the population being studied (famous people).
5. Conclude that the correlation does not necessarily mean attractive appearance has no effect on talent.

**Yes or No Answer**
No"
380,yes,"Step-by-step reasoning:
1. Identify the cause of scurvy: Lack of vitamin C.
2. Understand the role of citrus fruits: They are a rich source of vitamin C.
3. Evaluate Method 1: General correlation might not fully explain the mechanism or account for individual variations.
4. Evaluate Method 2: Directly addresses the vitamin C deficiency, providing a clearer understanding of how citrus fruits impact scurvy.
5. Conclusion: Method 2 is more precise because it focuses on the specific nutrient (vitamin C) that citrus provides to prevent scurvy.

Yes or no answer: No."
381,yes,"Step-by-Step Reasoning:**
1. Calculate the overall probability of recovery by summing the probabilities of recovery with low and high hospital bills.
2. Calculate the probability of recovery given a high hospital bill using conditional probability.
3. Compare the calculated conditional probability with the overall probability of recovery to assess the relationship.

**Yes or No Answer:** No."
382,yes,"Step-by-step reasoning:
1. Calculate the probability of not smoking: 100% - 39% = 61%.
2. Calculate the weighted probability of lung cancer for smokers: 57% * 39%.
3. Calculate the weighted probability of lung cancer for nonsmokers: 51% * 61%.
4. Add the weighted probabilities to find the overall probability of lung cancer.
5. Compare the overall probability of lung cancer to the probability of not having lung cancer.

Yes or no answer: Yes."
383,yes,"Step-by-Step Reasoning:**
1. **Understand Method 1**: It looks at the general correlation between education and salary.
2. **Identify Limitations of Method 1**: Fails to account for unobserved confounders.
3. **Understand Method 2**: Examines the correlation on a case-by-case basis, accounting for confounders.
4. **Evaluate the Goal**: The aim is to accurately understand how education affects salary.
5. **Choose the More Accurate Method**: Method 2 is more accurate because it controls for confounders.

**Yes or No Answer**: No"
384,yes,"Step-by-step reasoning:
1. Calculate the weighted survival probability for vaccinated individuals: 87% * 50% = 43.5%.
2. Calculate the weighted survival probability for unvaccinated individuals: 13% * 49% = 6.37%.
3. Add the weighted probabilities to find the overall survival probability: 43.5% + 6.37% = 49.87%.
4. Compare the overall survival probability to 50% to determine if survival is more likely than death.

Yes or no answer: No."
385,yes,"Step-by-step reasoning:
1. Calculate the probability of meanness as 100% - probability of kindness.
2. Calculate the probability of attractive appearance among mean personalities.
3. Calculate the probability of attractive appearance among kind personalities.
4. Combine the probabilities of attractive appearance from both groups.
5. Compare the overall probability of attractive appearance to that of unattractive appearance.

Yes."
386,no,"## Step 1: Determine the probabilities of the employee being fired for each combination of manager and director actions.
The probability of an employee being fired when the manager doesn't sign and the director doesn't sign is 86%. When the manager doesn't sign and the director signs, it's 47%. When the manager signs and the director doesn't sign, it's 37%. When both sign, it's 6%.

## Step 2: Calculate the overall probability of the director signing the termination letter for managers who sign the termination letter.
Given that for managers who sign termination letters, the probability of the director signing the termination letter is 52%, and for those who don't sign, it's 40%.

## Step 3: Determine the relevance of the manager's action on the probability of the employee being fired.
To assess if it's more likely to see an employee being fired if the manager had signed the termination letter, we must compare the probabilities of firing when the manager signs versus when the manager does not, considering the director's actions.

## Step 4: Calculate the weighted average probability of an employee being fired when the manager signs the termination letter.
To find this, we multiply the probability of the director signing by the probability of the employee being fired when both sign, and add it to the product of the probability of the director not signing and the probability of the employee being fired when the manager signs but the director does not. This is (0.52 * 0.06) + (0.48 * 0.37).

## Step 5: Perform the calculation for the weighted average when the manager signs.
(0.52 * 0.06) + (0.48 * 0.37) = 0.0312 + 0.1776 = 0.2088 or 20.88%.

## Step 6: Calculate the weighted average probability of an employee being fired when the manager does not sign the termination letter.
Using the same method, we calculate (0.40 * 0.47) + (0.60 * 0.86).

## Step 7: Perform the calculation for the weighted average when the manager does not sign.
(0.40 * 0.47) + (0.60 * 0.86) = 0.188 + 0.516 = 0.704 or 70.4%.

## Step 8: Compare the probabilities to determine if signing the termination letter increases the likelihood of the employee being fired.
Since 20.88% (when the manager signs) is less than 70.4% (when the manager does not sign), it indicates that the manager signing the termination letter does not increase the likelihood of the employee being fired compared to when the manager does not sign.

The final answer is: $\boxed{No}$"
387,yes,"## Step 1: Understand the given probabilities
The probability of a long lifespan for normal weight people is 48%, and for obese people, it is 67%.

## Step 2: Compare the probabilities
To determine if it would be less likely to see a long lifespan if an obese person had been normal weight, we need to compare the given probabilities. The probability of a long lifespan for obese people (67%) is higher than for normal weight people (48%).

## Step 3: Apply logical reasoning
Given that the probability of a long lifespan is higher for obese people than for normal weight people, it implies that being obese in this context does not decrease the likelihood of a long lifespan compared to being normal weight. Instead, the data suggests the opposite: being obese is associated with a higher probability of a long lifespan in this scenario.

## Step 4: Conclusion based on the comparison
Since the probability of a long lifespan is higher for obese individuals (67%) than for normal weight individuals (48%), it would be less likely for an obese person to see a long lifespan if they had been normal weight, based on the given probabilities.

The final answer is: $\boxed{Yes}$"
388,yes,"Step-by-step reasoning:
1. Identify the probabilities of penguin death based on mood and transportation choice.
2. Determine the probabilities of penguin happiness based on the transportation choice.
3. Calculate the overall probability of penguin death for each transportation option by combining the probabilities of happiness/sadness with the associated death probabilities.
4. Compare the overall probabilities of penguin death for stairs and elevator to determine the effect on penguin survival.

Yes or no answer: No."
389,yes,"Step-by-Step Reasoning:
- The husband's alarm triggers the wife's alarm.
- Both alarms need to be set for the alarm to ring.
- If the husband's alarm is not set, the wife's alarm will not be triggered.
- Without both alarms being set, the conditions for the alarm to ring are not fulfilled.

3. Yes or No Answer: No"
390,yes,"Step-by-Step Reasoning:**
1. Identify given probabilities related to parental intelligence, social status, and child intelligence.
2. Assess the direct relationship between parental intelligence and child intelligence.
3. Evaluate the potential mediating role of social status in this relationship.
4. Consider the impact of the confounder on these relationships.
5. Determine if social status significantly mediates the effect of parental intelligence on child intelligence.

**Yes or No Answer:** No"
391,yes,"Step-by-Step Reasoning:**
1. Identify the potential for confounding variables to affect the relationship between maternal smoking and infant birth weight.
2. Recognize that Method 1 attempts to account for these confounders on a case-by-case basis.
3. Understand that Method 2 does not specifically account for these confounders.
4. Determine that accounting for confounders is crucial for an accurate analysis.
5. Conclude that Method 1 is more appropriate due to its consideration of confounders.

**Yes or No Answer:** Yes"
392,yes,"## Step 1: Define the given probabilities
The probability of the camper lighting a match is 1%, or P(M) = 0.01. The probability of the camper not lighting a match and the forest not being on fire is 38%, or P(not M and not F) = 0.38. The probability of the camper lighting a match and the forest being on fire is 1%, or P(M and F) = 0.01.

## Step 2: Determine the probability of the forest being on fire when the camper lights a match
To find the probability of the forest being on fire when the camper lights a match, we need to use the formula for conditional probability: P(F|M) = P(M and F) / P(M). Substituting the given values, we get P(F|M) = 0.01 / 0.01 = 1.

## Step 3: Determine the overall probability of the forest being on fire
To compare, we also need the overall probability of the forest being on fire, which is not directly given. However, we know that the probability of the camper not lighting a match and the forest not being on fire is 0.38. Since the probability of the camper lighting a match is 0.01, the probability of the camper not lighting a match is 1 - 0.01 = 0.99. The probability of the forest not being on fire given that the camper does not light a match can be derived from the given 0.38, but to find the overall probability of the forest being on fire, we must consider all paths to the forest being on fire.

## Step 4: Calculate the probability of the forest being on fire
Given that P(M and F) = 0.01 and knowing that the probability of the forest being on fire when the camper does not light a match is part of the 0.38 scenario, we can infer the probability of the forest being on fire without the camper lighting a match. However, to directly answer the question, we focus on whether the chance of the forest being on fire is smaller when observing the camper lighting a match, which involves comparing the conditional probability P(F|M) to the overall probability of the forest being on fire, P(F).

## Step 5: Assess the comparison
Given the conditional probability P(F|M) = 1, it seems to indicate a misunderstanding in the direct calculation since a probability cannot exceed 1. The error lies in the interpretation of the given data and the application of conditional probability formula in this context. The actual task is to understand if the forest being on fire is less likely when we see the camper lighting a match compared to the overall likelihood of the forest catching fire. The correct approach involves understanding that if the camper lights a match, there's a specific probability of the forest catching fire (given as 1% in the scenario where both happen), but this does not directly imply the overall probability of the forest being on fire is higher or lower without the match being lit.

## Step 6: Correct the misunderstanding and directly address the question
The probability of the forest being on fire given the camper lights a match, P(F|M), was miscalculated due to a misunderstanding of the given probabilities. The correct calculation for P(F|M) should consider all relevant probabilities, including the probability of the forest being on fire without the camper lighting a match. However, the question essentially asks if observing the camper lighting a match decreases the chance of the forest being on fire, which involves comparing conditional probabilities and understanding the relationship between these events.

The final answer is: $\boxed{Yes}$"
393,no,"## Step 1: Define the probabilities of arriving to school on time for both scenarios.
The probability of arriving to school on time when Alice wakes up on time is 49%, or 0.49. The probability of arriving to school on time when Alice wakes up late is 8%, or 0.08.

## Step 2: Compare the probabilities to determine the effect of waking up late.
To assess whether waking up late increases the chance of arriving to school on time, we compare the two probabilities. If the probability of arriving on time when waking up late is greater than the probability when waking up on time, then waking up late would increase the chance.

## Step 3: Analyze the comparison.
Given that 0.08 (probability of arriving on time when waking up late) is less than 0.49 (probability of arriving on time when waking up on time), waking up late does not increase the chance of arriving to school on time.

## Step 4: Conclusion based on the comparison.
Since 0.08 is less than 0.49, the chance of arriving to school on time is actually decreased when Alice wakes up late compared to when she wakes up on time.

The final answer is: $\boxed{No}$"
394,yes,"Step-by-Step Reasoning:
1. Identify the probability of lung cancer for individuals with nonsmoking genes: 44%.
2. Identify the probability of lung cancer for individuals with smoking genes: 53%.
3. Consider the question's implication that having a nonsmoking gene might reduce the risk associated with a smoking gene.
4. Recognize that the information provided does not directly support calculating the effect of combining smoking and nonsmoking genes on lung cancer risk.

Yes or No Answer: No"
395,yes,"Step-by-step reasoning:
1. Consider the research question: understanding how manager affects employee in general.
2. Evaluate Method 1: looks at general correlation between managers and employees, providing insight into overall trends and patterns.
3. Evaluate Method 2: examines correlation on a case-by-case basis, considering unique circumstances and contextual factors.
4. Determine that Method 1 is more suitable for understanding general patterns and trends.
5. Recognize that Method 2 provides valuable context-specific insights, but may not be generalizable.

Yes."
396,yes,"## Step 1: Define the probabilities given in the problem
The probability of the manager signing the termination letter is 30%, or P(S) = 0.3. The probability of the manager not signing the termination letter and the employee being fired is 51%, or P(~S ∩ F) = 0.51. The probability of the manager signing the termination letter and the employee being fired is 7%, or P(S ∩ F) = 0.07.

## Step 2: Determine the probability of the employee being fired when the manager signs the termination letter
To find if the chance of the employee being fired is larger when the manager signs the termination letter, we need to calculate the conditional probability of the employee being fired given that the manager signs the termination letter, P(F|S). This can be calculated using Bayes' theorem, but first, we need to understand that P(F|S) = P(S ∩ F) / P(S).

## Step 3: Calculate P(F|S)
Given P(S ∩ F) = 0.07 and P(S) = 0.3, we can calculate P(F|S) = 0.07 / 0.3.

## Step 4: Calculate the probability of the employee being fired
To compare, we also need the overall probability of the employee being fired, P(F). This can be found by adding the probability of the employee being fired when the manager signs the letter to the probability of the employee being fired when the manager does not sign the letter: P(F) = P(S ∩ F) + P(~S ∩ F).

## Step 5: Compare the probabilities
Calculate P(F|S) and compare it with the overall probability of being fired, P(F), to determine if the chance of the employee being fired is larger when the manager signs the termination letter.

## Step 6: Execute the calculations for P(F|S) and P(F)
P(F|S) = 0.07 / 0.3 = 0.2333. P(F) = P(S ∩ F) + P(~S ∩ F) = 0.07 + 0.51 = 0.58.

## Step 7: Interpret the results
Since P(F|S) = 0.2333, this means that 23.33% of the time when the manager signs the termination letter, the employee is fired. However, to answer the question, we must compare this to the overall context and the specific question about whether the chance of being fired is larger when the manager signs the letter, considering the given probabilities and how they relate to each other.

The final answer is: $\boxed{Yes}$"
397,yes,"Step-by-Step Reasoning:**
1. Taking the elevator causes penguin sadness.
2. Taking the elevator or penguin happiness causes penguin death.
3. Taking the stairs is not mentioned as a cause of sadness or death.
4. Avoiding the elevator by taking the stairs might prevent the conditions that lead to death.
5. Therefore, taking the stairs could save the penguin's life.

**Yes or No Answer:** Yes"
398,yes,"Step-by-Step Reasoning:**
1. Identify the causes of diabetes: Obesity and smoking.
2. Identify the factors that lead to a long lifespan: Obesity, smoking, or having diabetes.
3. Note the person's status: Nonsmoker.
4. Consider the impact of obesity on a nonsmoker: Obesity could lead to diabetes.
5. Determine the outcome of having diabetes in this context: Associated with a long lifespan.

**Yes or No Answer:** No"
399,yes,"Step-by-Step Reasoning**
1. Understand the meaning of the correlation coefficient (-0.01) which indicates a very weak negative correlation.
2. Recognize that a weak correlation does not necessarily imply no effect, but rather suggests that the relationship between the two variables (kindness and attractive appearance) is not strongly linear.
3. Consider that attractive appearance is subjective and influenced by many factors, including but not limited to kindness.
4. Acknowledge that correlation does not imply causation, so even a weak correlation does not mean kindness has no impact on attractiveness, just that it may not be a significant or direct linear factor.

**Yes or No Answer**
No"
400,yes,"Step-by-Step Reasoning:**
1. Consider the general approach of Method 1, which looks at broad correlations between personality and appearance.
2. Consider the contextual approach of Method 2, which examines these correlations within specific relationship statuses.
3. Recognize the importance of context (such as relationship status) in shaping the expression of personality through appearance.
4. Determine that a nuanced, context-specific approach (Method 2) may offer deeper insights into how personality affects appearance than a solely general approach (Method 1).

**Yes or No Answer:** No"
401,no,"## Step 1: Calculate the overall probability of long lifespan for normal weight people.
To find this, we need to consider both smokers and nonsmokers and their respective probabilities of having diabetes. For normal weight nonsmokers, the probability of having diabetes is 9%, so the probability of not having diabetes is 91%. For normal weight smokers, the probability of having diabetes is 4%, so the probability of not having diabetes is 96%.

## Step 2: Calculate the probability of long lifespan for normal weight nonsmokers.
This involves calculating the probability of long lifespan for those with and without diabetes. For normal weight people without diabetes, the probability of long lifespan is 84%, and with diabetes, it is 64%. So, for normal weight nonsmokers, the probability of long lifespan is (0.91 * 0.84) + (0.09 * 0.64).

## Step 3: Calculate the probability of long lifespan for normal weight smokers.
Using the same logic as step 2, for normal weight smokers, the probability of long lifespan is (0.96 * 0.84) + (0.04 * 0.64).

## Step 4: Calculate the overall probability of long lifespan for obese people.
Similar to steps 2 and 3, but using the probabilities for obese individuals. For obese nonsmokers, the probability of having diabetes is 47%, so the probability of not having diabetes is 53%. For obese smokers, the probability of having diabetes is 48%, so the probability of not having diabetes is 52%. The probability of long lifespan for obese people without diabetes is 62%, and with diabetes, it is 38%.

## Step 5: Calculate the probability of long lifespan for obese nonsmokers.
This is (0.53 * 0.62) + (0.47 * 0.38).

## Step 6: Calculate the probability of long lifespan for obese smokers.
This is (0.52 * 0.62) + (0.48 * 0.38).

## Step 7: Calculate the weighted average probability of long lifespan for normal weight and obese people, considering the overall probability of smoker is 8%.
For normal weight individuals, the weighted average is (0.92 * result from step 2) + (0.08 * result from step 3). For obese individuals, the weighted average is (0.92 * result from step 5) + (0.08 * result from step 6).

## Step 8: Compare the weighted average probabilities of long lifespan for normal weight and obese people to determine if obesity positively affects lifespan.
If the probability for obese people is higher, then obesity positively affects lifespan. Otherwise, it does not.

## Step 9: Execute the calculations from previous steps.
- For normal weight nonsmokers: (0.91 * 0.84) + (0.09 * 0.64) = 0.7644 + 0.0576 = 0.822.
- For normal weight smokers: (0.96 * 0.84) + (0.04 * 0.64) = 0.8064 + 0.0256 = 0.832.
- For obese nonsmokers: (0.53 * 0.62) + (0.47 * 0.38) = 0.3266 + 0.1786 = 0.5052.
- For obese smokers: (0.52 * 0.62) + (0.48 * 0.38) = 0.3224 + 0.1824 = 0.5048.
- Weighted average for normal weight: (0.92 * 0.822) + (0.08 * 0.832) = 0.75504 + 0.06656 = 0.8216.
- Weighted average for obese: (0.92 * 0.5052) + (0.08 * 0.5048) = 0.46464 + 0.040384 = 0.505024.

The final answer is: $\boxed{No}$"
402,yes,"Step-by-step reasoning:
1. Calculate the probability of the dry season.
2. Calculate the probability of wet ground during the rainy season and the dry season separately.
3. Calculate the combined probability of wet ground by adding the probabilities of wet ground in both seasons.
4. Compare the overall probability of wet ground to 50% to determine if it's more likely than dry ground.

Yes or no answer: Yes."
403,yes,"Step-by-Step Reasoning:
- Identify the probability of admission acceptance for males: 62%.
- Identify the probability of admission acceptance for non-males: 56%.
- Compare these probabilities to determine if not being male would result in a lower chance of admission acceptance for an individual currently classified as male.
- Since 56% (non-male probability) is less than 62% (male probability), it would indeed be less likely for an individual to see admission acceptance if they were not male, given the current probabilities.

3. Yes or No Answer: Yes"
404,yes,"Step-by-step reasoning:**
1. Identify the given probabilities for recovery with and without treatment for both small and large kidney stones.
2. Calculate the probability of having a small kidney stone.
3. Compute the overall probability of recovery without treatment by considering both small and large kidney stones.
4. Compute the overall probability of recovery with treatment by considering both small and large kidney stones.
5. Compare the overall probabilities of recovery with and without treatment to determine which scenario is more likely to result in recovery.

**Yes or no answer:** Yes"
405,no,"Step-by-step reasoning:
1. Calculate the probability of not consuming citrus: 100% - 92% = 8%.
2. Calculate the probability of scurvy for non-citrus consumers: 8% * 63% = 5.04%.
3. Calculate the probability of scurvy for citrus consumers: 92% * 41% = 37.72%.
4. Calculate the overall probability of scurvy: 5.04% + 37.72% = 42.76%.
5. Determine if scurvy is more likely than no scurvy by comparing the overall probability of scurvy to 50%.

Answer: No."
406,no,"Step-by-Step Reasoning:
1. Identify given probabilities: 49% overall treatment, 40% no treatment and recovery, 17% treatment and recovery.
2. Determine the probability of recovery without treatment: 40%.
3. Determine the probability of recovery with treatment: 17%.
4. Compare recovery probabilities: 17% (with treatment) vs 40% (without treatment).
5. Conclusion: Recovery chance is not larger with treatment.

The final answer is: $\boxed{No}$"
407,no,"## Step 1: Define the Problem and Identify Relevant Probabilities
To determine if parents' intelligence negatively affects child's intelligence when disregarding the mediation effect through parents' social status, we need to calculate the probability of a child being intelligent given that their parents are intelligent and compare it with the probability of a child being intelligent given that their parents are unintelligent.

## Step 2: Calculate the Probability of Intelligent Child Given Unintelligent Parents
To find the overall probability of an intelligent child given unintelligent parents, we must consider both scenarios of high and low parental social status and their respective probabilities. However, since we are disregarding the mediation effect through parents' social status, we will directly compare the given probabilities without calculating the weighted average based on social status probabilities.

## Step 3: Calculate the Probability of Intelligent Child Given Intelligent Parents
Similarly, for intelligent parents, we consider the given probabilities of an intelligent child with high and low parental social status. Again, we compare these probabilities directly without weighting by social status probabilities due to disregarding its mediation effect.

## Step 4: Compare Probabilities to Determine Effect
We compare the probabilities of a child being intelligent given intelligent parents versus unintelligent parents. If the probability of a child being intelligent is higher when parents are intelligent than when they are unintelligent, it suggests a positive effect of parents' intelligence on child's intelligence. Conversely, if the probability is lower, it suggests a negative effect.

## Step 5: Analyze Given Probabilities
Given probabilities are:
- Unintelligent parents, low social status: 21%
- Unintelligent parents, high social status: 25%
- Intelligent parents, low social status: 81%
- Intelligent parents, high social status: 83%
These probabilities already suggest a significant positive relationship between parents' intelligence and child's intelligence, regardless of social status.

## Step 6: Conclusion
Since the probabilities of a child being intelligent are significantly higher when parents are intelligent (81% and 83%) compared to when parents are unintelligent (21% and 25%), parents' intelligence does not negatively affect child's intelligence. Instead, it positively affects it.

The final answer is: $\boxed{No}$"
408,yes,"Step-by-Step Reasoning:**
1. Identify the probabilities of high infant mortality based on maternal smoking status and infant birth weight.
2. Consider the probabilities of normal birth weight based on maternal smoking status and infant health.
3. Recognize that the direct effect of maternal smoking on infant mortality, independent of birth weight, is not explicitly provided.
4. Acknowledge the association between maternal smoking, lower probability of normal birth weight, and the implied increased risk of infant mortality.
5. Conclude that while there's an association between maternal smoking and factors that increase infant mortality risk, the direct effect without considering birth weight mediation is not clearly quantified.

**Yes or No Answer:** No"
409,yes,"## Step 1: Calculate the probability of high salary for non-male individuals
To determine if gender positively affects salary, we first need to calculate the overall probability of high salary for non-male individuals. This involves considering both blue-collar and white-collar workers. The probability of high salary for non-male blue-collar workers is 23%, and for non-male white-collar workers, it is 1%.

## Step 2: Calculate the probability of high salary for male individuals
Next, we calculate the overall probability of high salary for male individuals, considering both blue-collar and white-collar workers. The probability of high salary for male blue-collar workers is 48%, and for male white-collar workers, it is 28%.

## Step 3: Determine the occupation probabilities for each gender and skill level
We are given the probabilities of white-collar jobs for individuals based on gender and skill level: 49% for non-male with low skills, 19% for non-male with high skills, 75% for male with low skills, and 40% for male with high skills.

## Step 4: Calculate the weighted average of high salary probabilities for non-male individuals
To find the overall probability of high salary for non-male individuals, we need to weight the probabilities by the likelihood of being in each occupation. However, since we are disregarding the mediation effect through occupation as per the question, we will directly compare the given probabilities without calculating a weighted average based on occupation.

## Step 5: Calculate the weighted average of high salary probabilities for male individuals
Similarly, for male individuals, we consider the direct probabilities given for high salary in each occupation category without weighting by occupation probabilities due to the disregard of mediation effect.

## Step 6: Compare the probabilities of high salary for male and non-male individuals
Given the probabilities, male blue-collar workers have a 48% chance of high salary, and male white-collar workers have a 28% chance. Non-male blue-collar workers have a 23% chance, and non-male white-collar workers have a 1% chance. Without calculating a weighted average due to the instruction, we observe the direct probabilities.

## Step 7: Consider the overall probability of high skill level
The overall probability of high skill level is 98%, which might influence the occupation and salary but does not directly affect our comparison since we're looking at the effect of gender on salary disregarding occupation.

## Step 8: Determine if gender positively affects salary
To determine if gender positively affects salary, we must compare the overall likelihood of high salary between genders. Given the instruction to disregard the mediation effect through occupation, we look at the highest probabilities for each gender: 48% for males (blue-collar) and 23% for non-males (blue-collar), as these are the highest probabilities given for each gender group.

The final answer is: $\boxed{Yes}$"
410,yes,"Step-by-Step Reasoning:**
1. Calculate the probability of not taking medication: 100% - 59% = 41%.
2. Calculate the probability of a healthy heart among those not taking medication: 38% of 41%.
3. Calculate the probability of a healthy heart among those taking medication: 80% of 59%.
4. Add the probabilities of having a healthy heart from both groups to get the overall probability.
5. Compare the overall probability of a healthy heart to 50% to determine if it's more or less likely than heart problems.

**Yes or No Answer:** No"
411,yes,"Step-by-step reasoning:
1. Identify the probability of broken bones for hospitalized individuals without respiratory issues: 54%.
2. Identify the probability of broken bones for hospitalized individuals with respiratory issues: 35%.
3. Compare the two probabilities to determine if the chance of broken bones increases when respiratory issues are present.

Yes or no answer: No."
412,yes,"Step-by-Step Reasoning:
- Waking up late and heavy traffic are causes of arriving late at school.
- The absence of traffic removes one cause of lateness.
- Waking up late, by itself, can still cause lateness due to reduced preparation and travel time.
- Therefore, waking up late, even without traffic, would likely cause Alice to arrive late.

3. Yes or No Answer: Yes"
413,yes,"Step-by-Step Reasoning:**
1. Compare infant mortality probabilities based on birth weight for smoking and nonsmoking mothers.
2. Analyze the effect of maternal health on infant birth weight for both smoking and nonsmoking mothers.
3. Consider the overall probability of good health and its implications.
4. Determine if maternal smoking status affects infant birth weight and subsequently infant mortality.

**Yes or No Answer:** Yes"
414,yes,"Step-by-Step Reasoning:**
1. Calculate P(Scurvy|Citrus) using the formula for conditional probability.
2. Derive P(No Citrus) from P(Citrus).
3. Calculate P(No Citrus AND Scurvy) using P(No Citrus) and P(No Citrus AND No Scurvy).
4. Calculate the overall P(Scurvy) by summing P(Citrus AND Scurvy) and P(No Citrus AND Scurvy).
5. Compare P(Scurvy|Citrus) with P(Scurvy) to determine if scurvy's chance is smaller with citrus intake.

**Yes or No Answer:** Yes."
415,yes,"Step-by-Step Reasoning:**
1. Identify given probabilities for male gender, non-male and high salary, and male and high salary.
2. Calculate the probability of high salary for both genders combined.
3. Calculate the conditional probability of high salary given male gender and given non-male gender.
4. Compare these conditional probabilities to determine the relationship between gender and the likelihood of high salary.

**Yes or No Answer:** No."
416,yes,"Step-by-Step Reasoning:**
1. Calculate the weighted probability of recovery without the vaccine for people with and without pre-conditions.
2. Calculate the weighted probability of recovery with the vaccine for people with and without pre-conditions.
3. Compare the overall probabilities of recovery with and without the vaccine to determine the effect of vaccination on recovery chances.

**Yes or No Answer:** Yes"
417,yes,"Step-by-step reasoning:
1. Identify the given probabilities for cholera contraction and clean water for both water companies.
2. Recognize that clean water should logically decrease the risk of cholera contraction.
3. Compare the probabilities between the two companies, noting that the company with a higher probability of clean water has a lower probability of cholera contraction.
4. Conclude based on the comparison and logical expectations about the relationship between clean water and cholera risk.

Yes or no answer: No."
418,yes,"Step-by-Step Reasoning:**
1. Define the given probabilities for recovery based on age and hospital bill.
2. Calculate the probability of being young since the probability of being old is given.
3. Calculate the overall probability of recovery for patients who pay a high hospital bill.
4. Calculate the overall probability of recovery for patients who pay a low hospital bill.
5. Compare the probabilities of recovery for high bill payers and low bill payers.

**Yes or No Answer:** Yes"
419,yes,"Step-by-Step Reasoning**
1. Identify the probabilities of college admission for both smokers and nonsmokers.
2. Compare these probabilities to understand which group has a higher likelihood of college admission.
3. Consider the hypothetical scenario of a smoker becoming a nonsmoker and how this change might affect their probability of college admission based on the given probabilities.

**Yes or No Answer**
No"
420,yes,"Step-by-Step Reasoning:**
1. Identify the probabilities of a healthy heart based on medication and blood pressure status.
2. Compare the probabilities within the same blood pressure group with and without medication.
3. Determine if the introduction of medication is associated with a decrease in the probability of a healthy heart in both blood pressure groups.

**Yes or No Answer:** Yes"
421,no,"Step-by-step reasoning:
   - Compare the survival rates: 56% (vaccinated) vs. 36% (unvaccinated).
   - Determine the difference in survival rates: 56% - 36% = 20% increase in survival rate for vaccinated individuals.
   - Since the survival rate is higher for vaccinated individuals, vaccination does not negatively affect smallpox survival.

3. No"
422,no,"## Step 1: Understanding the Problem
The problem presents two scenarios involving captains and prisoners, with associated probabilities of the prisoner's death. We need to determine if the captain's order to execute the prisoner decreases the chance of the prisoner's death.

## Step 2: Analyzing the Probabilities
For captains who release prisoners, the probability of the prisoner's death is 36%. In contrast, for captains who execute prisoners, the probability of the prisoner's death is 72%. This indicates that the action of execution directly results in a higher probability of death compared to release.

## Step 3: Comparing Outcomes
To assess if the captain's order to execute decreases the chance of death, we compare the probabilities. The probability of death upon execution (72%) is significantly higher than the probability of death upon release (36%). This comparison suggests that execution increases the likelihood of death rather than decreasing it.

## Step 4: Conclusion
Based on the given probabilities, the captain's order to execute the prisoner does not decrease the chance of the prisoner's death; it actually increases it. Therefore, the answer to whether the captain's order to execute the prisoner decreases the chance of the prisoner's death is no.

The final answer is: $\boxed{No}$"
423,yes,"Step-by-Step Reasoning:**
1. Identify given probabilities: \(P(S) = 0.94\), \(P(C \cap S) = 0.54\), \(P(C \cap NS) = 0.05\).
2. Calculate \(P(NS)\) as \(1 - P(S)\).
3. Use the formula for conditional probability to find \(P(C|S)\) and \(P(C|NS)\).
4. Compare \(P(C|S)\) and \(P(C|NS)\) to determine if the chance of college admission is smaller when observing smoking.

**Yes or No Answer:** No"
424,yes,"Step-by-Step Reasoning:**
1. Calculate the probability of having polluted water.
2. Identify the probabilities of cholera contraction given clean and polluted water.
3. Use the law of total probability to calculate the overall probability of cholera contraction.
4. Compare the calculated probability to 0.5 to determine if cholera contraction is more likely.

**Yes or No Answer:** Yes"
425,no,"## Step 1: Understand the given probabilities
The problem states that for people with nonsmoking genes, the probability of lung cancer is 65%, and for people with smoking genes, the probability of lung cancer is 49%. 

## Step 2: Compare the probabilities
To determine if the smoking gene increases the chance of lung cancer, we need to compare the two probabilities. If the probability of lung cancer is higher for people with smoking genes than for those with nonsmoking genes, then the smoking gene increases the chance of lung cancer.

## Step 3: Analyze the comparison
However, the given probabilities show that the chance of lung cancer is actually lower for people with smoking genes (49%) compared to those with nonsmoking genes (65%). This suggests that the smoking gene does not increase the chance of lung cancer based on the provided information.

## Step 4: Consider the implications
It's crucial to note that the terms ""nonsmoking genes"" and ""smoking genes"" might be misleading in this context, as the names could imply a direct correlation with smoking behavior rather than genetic predisposition to lung cancer. However, based strictly on the information given, we must conclude that having ""smoking genes"" as defined here does not increase the chance of lung cancer.

The final answer is: $\boxed{No}$"
426,yes,"Step-by-Step Reasoning:**
1. Identify the probabilities of low cholesterol with and without drug treatment.
2. Identify the probabilities of taking all assigned drugs with and without drug treatment.
3. Analyze the relationship between drug treatment, adherence to medication, and low cholesterol probability.
4. Determine if the data suggests taking all assigned drugs decreases the chance of low cholesterol.

**Yes or No Answer:** No"
427,yes,"Step-by-Step Reasoning:**
1. Identify the probabilities of admission for each gender in both competitive and non-competitive departments.
2. Calculate the overall probability of admission for each gender by weighting the admission probabilities by the probability of applying to each type of department.
3. Compare the overall probabilities of admission for males and non-males to determine if gender has a negative effect on admission status.

**Yes or No Answer:** Yes."
428,no,"Step-by-step reasoning:
1. Identify the relevant probabilities for people in a relationship.
2. Compare the probability of attractive appearance for people with mean personalities in a relationship (7%) to those with kind personalities in a relationship (9%).
3. Determine if the probability increases or decreases with kindness.

Given that the probability of attractive appearance for people with kind personalities in a relationship (9%) is higher than for those with mean personalities in a relationship (7%), we can conclude that the chance of attractive appearance does not decrease with kindness; it actually increases.

The answer is: No."
429,yes,"Step-by-Step Reasoning:**
1. Determine the probability of blowing out and not blowing out the candle.
2. Calculate the weighted probability of a dark room for each scenario.
3. Add the weighted probabilities to find the overall probability of a dark room.
4. Compare the overall probability of a dark room to 50% to determine if it's more likely than a bright room.

**Yes or No Answer:** Yes"
430,yes,"Step-by-step reasoning:**
1. Calculate the probability of having a high salary and a college degree or higher.
2. Calculate the probability of having a high salary and no college degree.
3. Add these probabilities to find the overall probability of having a high salary.
4. Compare this probability to the probability of not having a high salary to determine which is more likely.

**Yes or no answer:** No"
431,yes,"step-by-step reasoning
1. Define the given probabilities.
2. Calculate the probability of not being talented.
3. Calculate the overall probability of being hard-working by considering both scenarios of being talented and not talented.
4. Perform the calculation to find the numerical value of the overall probability of being hard-working.
5. Compare the probability of being hard-working to 0.5 to determine if it's more likely than being lazy.
6. Conclude based on the comparison.

The final answer is: $\boxed{Yes}$"
432,yes,"Step-by-step reasoning:
1. Identify the goal: To understand how smoking affects lung cancer accurately.
2. Consider Method 1: Analyzing smoking and lung cancer correlation by gender.
3. Consider Method 2: Analyzing the general correlation without considering gender.
4. Evaluate the benefits of each method: Method 1 provides gender-specific insights, while Method 2 gives a general overview.
5. Determine the most accurate approach based on the goal and the nature of the relationship between smoking and lung cancer.

Yes or no answer: Yes."
433,no,"## Step 1: Understanding the given probabilities
The probability of Alice arriving to school on time when she wakes up on time is 39%. This means that out of all the days she wakes up on time, 39% of those days she will arrive at school on time.

## Step 2: Comparing probabilities
The probability of Alice arriving to school on time when she wakes up late is 70%. This is higher than the probability when she wakes up on time, which is 39%.

## Step 3: Determining the likelihood
Given that the probability of arriving on time when waking up late (70%) is higher than when waking up on time (39%), it indicates that waking up late actually has a higher chance of Alice arriving to school on time compared to waking up on time.

## Step 4: Conclusion based on the comparison
Since 70% (the probability of arriving on time when waking up late) is greater than 39% (the probability of arriving on time when waking up on time), it would be less likely for Alice to arrive on time if she had gotten up on time compared to waking up late.

The final answer is: $\boxed{No}$"
434,yes,"Step-by-step reasoning:
1. Identify the recovery probabilities for patients who pay a high hospital bill: 19% for young patients and 93% for old patients.
2. Identify the recovery probabilities for patients who pay a low hospital bill: 5% for young patients and 80% for old patients.
3. Recognize that moving from a high to a low hospital bill decreases the recovery probability in both age groups.
4. Consider the implications of these probabilities in the context of the question.

Yes or no answer: No"
435,yes,"Step-by-step reasoning:
- Identify the probabilities of wet ground in both seasons.
- Determine the implications of these probabilities on the condition of the ground.
- Interpret what ""negatively affects"" means in the context of the question.
- Conclude based on the interpretation and the given probabilities.

3. Yes."
436,yes,"Step-by-Step Reasoning:**
1. Calculate the probability of scurvy for patients consuming citrus: 20% * 60% = 12%.
2. Calculate the probability of scurvy for patients not consuming citrus: 80% * 76% = 60.8%.
3. Find the overall probability of scurvy by adding the probabilities from steps 1 and 2: 12% + 60.8% = 72.8%.
4. Compare the overall probability of scurvy (72.8%) to the probability of not having scurvy (27.2%) to determine if scurvy is less likely than no scurvy.

**Yes or No Answer:** No"
437,no,"## Step 1: Calculate the probability of a person being a nonsmoker.
To find the probability of a person being a nonsmoker, we subtract the probability of being a smoker from 1. Probability of being a smoker = 84%, so the probability of being a nonsmoker = 100% - 84% = 16%.

## Step 2: Calculate the overall probability of college admission for nonsmokers.
The probability of college admission for nonsmokers is given as 63%. Since 16% of the population are nonsmokers, the overall probability of college admission for nonsmokers = 63% * 16% = 0.63 * 0.16 = 0.1008 or 10.08%.

## Step 3: Calculate the overall probability of college admission for smokers.
The probability of college admission for smokers is given as 57%. Since 84% of the population are smokers, the overall probability of college admission for smokers = 57% * 84% = 0.57 * 0.84 = 0.4788 or 47.88%.

## Step 4: Calculate the total probability of college admission.
To find the total probability of college admission, we add the probabilities of college admission for nonsmokers and smokers. Total probability of college admission = 10.08% + 47.88% = 57.96%.

## Step 5: Determine if college admission is less likely than college rejection overall.
Since the probability of an event happening plus the probability of the event not happening equals 1 (or 100%), the probability of college rejection = 100% - probability of college admission = 100% - 57.96% = 42.04%. If the probability of college admission (57.96%) is greater than the probability of college rejection (42.04%), then college admission is not less likely than college rejection.

## Step 6: Conclusion
Based on the calculations, college admission has a higher probability than college rejection.

The final answer is: $\boxed{No}$"
438,yes,"Step-by-step reasoning:
1. Calculate the probability of no tar deposit and high tar deposit for both nonsmokers and smokers.
2. Calculate the weighted probability of lung cancer for each group by considering the probabilities of lung cancer with and without tar deposits.
3. Compare the overall probabilities of lung cancer for smokers and nonsmokers to determine if it would be more likely to see lung cancer if the person had been a nonsmoker.

Yes or no answer: No."
439,yes,"Step-by-step reasoning:
1. Identify the cause of scurvy: Vitamin C deficiency.
2. Recognize the role of citrus in providing vitamin C.
3. Determine that analyzing the effect of citrus consumption on scurvy should focus on its vitamin C content for accuracy.
4. Conclude that Method 1, which examines the case-by-case correlation focusing on vitamin C, is more accurate than Method 2, which looks at the general correlation without specifying vitamin C's role.

Yes."
440,yes,"Step-by-Step Reasoning:**
1. Define events and given probabilities.
2. Identify the need to compare conditional probabilities of cholera contraction given clean or polluted water.
3. Recognize that direct comparison requires calculation of conditional probabilities, but given data allows us to assess the risk association directly.
4. Consider the implications of the given probabilities on the relationship between water type and cholera contraction risk.

**Yes or No Answer:** No"
441,yes,"Step-by-Step Reasoning:**
1. Calculate the probability of penguin death for each mode of transportation by considering both happy and sad penguins.
2. For stairs: Calculate death probability for happy penguins (57% of 86%) and sad penguins (11% of 14%), then sum these probabilities.
3. For elevator: Calculate death probability for happy penguins (66% of 39%) and sad penguins (25% of 61%), then sum these probabilities.
4. Compare the total probabilities of penguin death for stairs and elevator to determine which mode of transportation positively affects penguin survival.

**Yes or No Answer:** Yes"
442,yes,"Step-by-step reasoning:
1. Identify the relevant probabilities for famous individuals: 19% for unattractive and famous, and 15% for attractive and famous.
2. Compare these probabilities to determine the relationship between attractiveness and talent among famous people.
3. Since 19% (unattractive and famous) is greater than 15% (attractive and famous), being attractive does not increase the chance of talent among famous individuals.

Yes or no answer: No."
443,yes,"Step-by-Step Reasoning:**
1. A large kidney stone with no treatment leads to no recovery.
2. A large kidney stone with treatment leads to recovery.
3. The patient has a large kidney stone.
4. If the patient receives no treatment, based on step 1, the patient would not recover.
5. Receiving no treatment instead of treatment would logically lead to no recovery.

**Yes or No Answer:** Yes"
444,no,"## Step 1: Determine the probability of low cholesterol for patients not assigned the drug treatment and taking all assigned drugs
To assess if taking all assigned drugs increases the chance of low cholesterol, we first need to understand the baseline probabilities. For patients not assigned the drug treatment, the probability of low cholesterol is 75%, and the probability of taking all assigned drugs is 55%.

## Step 2: Determine the probability of low cholesterol for patients assigned the drug treatment and taking all assigned drugs
For patients assigned the drug treatment, the probability of low cholesterol is 86%, and the probability of taking all assigned drugs is 17%. This step helps in comparing the outcomes between the two groups.

## Step 3: Compare the probabilities to assess the impact of taking all assigned drugs on low cholesterol
We need to calculate or logically deduce whether the act of taking all assigned drugs, in itself, increases the probability of achieving low cholesterol levels, considering the given probabilities for both groups.

## Step 4: Analyze the given probabilities for a logical conclusion
Given the information, we can see that for patients not assigned the drug, the probability of low cholesterol is 75%, and for those assigned the drug, it's 86%. The probability of taking all assigned drugs is 55% for the non-drug group and 17% for the drug group. The question essentially asks if taking all drugs (regardless of being assigned the drug treatment or not) increases the chance of low cholesterol.

## Step 5: Logical deduction
Since the probability of low cholesterol is higher in the group assigned the drug treatment (86%) compared to those not assigned the drug treatment (75%), and considering the probabilities of taking all assigned drugs, we must deduce if the act of taking drugs is directly linked to the higher probability of low cholesterol. However, the provided probabilities do not directly allow us to calculate the conditional probability of achieving low cholesterol given that a patient takes all assigned drugs across both groups in a way that compares the effectiveness of taking drugs directly to the outcome of low cholesterol.

## Step 6: Conclusion based on given data
The data suggests that being assigned the drug treatment increases the probability of low cholesterol from 75% to 86%. However, the impact of taking all assigned drugs on this outcome isn't directly comparable without knowing how taking the drugs affects the probability of low cholesterol within each group. The question seems to imply a comparison that isn't directly supported by the provided probabilities without making assumptions about the relationship between drug adherence and cholesterol levels.

The final answer is: $\boxed{No}$"
445,yes,"Step-by-Step Reasoning:**
1. Method 1 provides a general understanding of the correlation between smoking and lung cancer.
2. Method 2 offers a more detailed analysis by considering the tar deposit on a case-by-case basis.
3. A more detailed analysis (Method 2) is generally more accurate than a general analysis (Method 1) for understanding complex relationships.

**Yes or No Answer:** No"
446,yes,"Step-by-Step Reasoning:**
1. Calculate the probability of being a nonsmoker: 100% - 5% = 95%.
2. Calculate the contribution of nonsmokers to college admission: 95% * 55%.
3. Calculate the contribution of smokers to college admission: 5% * 43%.
4. Add the contributions to find the overall probability of college admission.
5. Compare the overall probability of college admission to 50% to determine if it's more likely than college rejection.

**Yes or No Answer:** Yes"
447,yes,"Step-by-Step Reasoning:**
1. Understand the given probabilities for cholera contraction and clean water availability for both local and global water companies.
2. Recognize the question is about the effect of clean water on cholera contraction risk.
3. Acknowledge that direct calculation of the effect of clean water on cholera risk isn't possible with the given data.
4. Apply logical reasoning: clean water reduces the risk of waterborne diseases like cholera.

**Yes or No Answer:** Yes"
448,yes,"Step-by-Step Reasoning**:
- Calculate the probability of being of normal weight: 100% - 91% = 9%.
- Calculate the weighted probability of long lifespan for normal weight individuals: 9% * 59%.
- Calculate the weighted probability of long lifespan for obese individuals: 91% * 74%.
- Add these two weighted probabilities to find the overall probability of a long lifespan.
- Compare this overall probability to 50% to determine if long lifespan is more or less likely than short lifespan.

3. **Yes or No Answer**: No."
449,yes,"Step-by-Step Reasoning:**
1. Calculate the probability of not receiving treatment: 100% - 41% = 59%.
2. Calculate the probability of recovery for patients receiving treatment: 41% * 24%.
3. Calculate the probability of recovery for patients not receiving treatment: 59% * 71%.
4. Add the probabilities of recovery from both scenarios to find the overall probability of recovery.
5. Compare the overall probability of recovery to 50% to determine if recovery is more likely than non-recovery.

**Yes or No Answer:** Yes."
450,yes,"Step-by-Step Reasoning:**
1. Compare high salary probabilities by gender and occupation.
2. Examine the effect of skill level on white-collar job probability by gender.
3. Consider the overall high skill level probability and its implications.
4. Determine if gender influences the pathway to higher salary through occupation type.

**Yes or No Answer:** No"
451,yes,"## Step 1: Define the given probabilities
The probability of waking up late is 81%, or P(Late) = 0.81. The probability of waking up on time and arriving to school on time is 11%, or P(On Time | On Time) = 0.11. The probability of waking up late and arriving to school on time is 19%, or P(On Time | Late) = 0.19.

## Step 2: Calculate the probability of waking up on time
Since the probability of waking up late is 81%, the probability of waking up on time is 100% - 81% = 19%, or P(On Time) = 0.19.

## Step 3: Calculate the probability of arriving to school on time given that one wakes up on time
Given that the probability of waking up on time and arriving to school on time is 11%, and the probability of waking up on time is 19%, we can calculate the conditional probability of arriving on time given waking up on time as P(On Time | On Time) = 0.11 / 0.19.

## Step 4: Calculate the probability of arriving to school on time
To determine if the chance of arriving to school on time is smaller when observing waking up late, we need to compare the probability of arriving on time given waking up late, P(On Time | Late), with the overall probability of arriving on time. However, the direct comparison to make is between the conditional probability of arriving on time given late and the conditional probability of arriving on time given on time.

## Step 5: Compare the conditional probabilities
We compare P(On Time | Late) = 0.19 with the calculated P(On Time | On Time) which is actually given directly as 0.11, but this needs to be understood in the context of the entire scenario. The probability of arriving on time given one is on time is not directly comparable without considering the entire probability space. The question essentially asks us to compare the chance of arriving on time when late to the overall chance of arriving on time. However, the critical insight is recognizing that the probability of arriving on time when waking up late (0.19) is part of the overall probability of arriving on time, and we should consider how waking up late affects the overall outcome.

## Step 6: Consider the impact of waking up late on arriving to school on time
Given that the probability of arriving to school on time when waking up late is 19%, and this is a component of the overall scenario, we need to assess if waking up late reduces the chance of arriving on time compared to the general case.

## Step 7: Evaluate the conditional probability of arriving on time
To truly assess if arriving on time is smaller when waking up late, we must consider the total probability of arriving on time and how waking up late influences this. The probability of arriving on time given that one wakes up late (0.19) is indeed a significant portion of the late scenario but comparing it directly to an overall probability of arriving on time requires understanding that the 11% (waking up on time and arriving on time) plus 19% (waking up late and arriving on time) gives us a total of 30% chance of arriving on time.

## Step 8: Final comparison
The probability of arriving on time when waking up late (19%) is compared to the scenario of waking up on time and arriving on time (11%). However, the question's aim is to understand if the chance of arriving on time is smaller when one is late. The calculation of interest should involve comparing the conditional probabilities in the context of their respective conditions.

The final answer is: $\boxed{Yes}$"
452,no,"## Step 1: Determine the probability of being male and the probability of being not male.
The probability of being male is given as 83%, or 0.83. Therefore, the probability of not being male is 100% - 83% = 17%, or 0.17.

## Step 2: Calculate the probability of admission acceptance for males and females separately.
For males, the probability of admission acceptance is given as 31%, or 0.31. For females (not males), the probability of admission acceptance is given as 29%, or 0.29.

## Step 3: Calculate the overall probability of admission acceptance by combining the probabilities for males and females.
To find the overall probability of admission acceptance, we need to consider both the probability of being male and the probability of admission acceptance given that one is male, as well as the probability of not being male and the probability of admission acceptance given that one is not male. This is calculated as:
(Probability of being male) * (Probability of admission acceptance given male) + (Probability of not being male) * (Probability of admission acceptance given not male)
= 0.83 * 0.31 + 0.17 * 0.29

## Step 4: Perform the calculation for the overall probability of admission acceptance.
Overall probability of admission acceptance = 0.83 * 0.31 + 0.17 * 0.29
= 0.2573 + 0.0493
= 0.3066, or approximately 30.66%

## Step 5: Determine if admission acceptance is more likely than admission rejection.
Since the probability of admission acceptance (approximately 30.66%) is less than 50%, admission acceptance is not more likely than admission rejection overall.

The final answer is: $\boxed{No}$"
453,yes,"Step-by-Step Reasoning:**
1. Citrus intake provides vitamin C.
2. Sufficient vitamin C is said to cause scurvy.
3. Absence of citrus leads to a deficiency of vitamin C.
4. A deficiency of vitamin C (opposite of sufficient vitamin C) would logically lead to the opposite outcome of scurvy, implying recovery.

**Yes or No Answer:** Yes"
454,yes,"Step-by-Step Reasoning**:
   - Identify the key variables: encouragement level, exam score, and studying habits.
   - Recognize that studying habits can significantly influence exam scores.
   - Method 1 considers the interaction between encouragement and studying habits, providing a nuanced view.
   - Method 2 does not account for studying habits, potentially overlooking crucial interactions.
   - Conclude that accounting for studying habits (Method 1) offers a more accurate understanding of how encouragement affects exam scores.

3. **Yes or No Answer**: Yes"
455,yes,"Step-by-Step Reasoning:**
1. Identify the goal: Understand the camper's general impact on the forest.
2. Consider Method 1: General analysis of camper-forest correlation.
3. Consider Method 2: Case-by-case analysis based on individual actions.
4. Determine the broader applicability and relevance of Method 1 for general understanding.

**Yes or No Answer:** Yes"
456,yes,"Step-by-Step Reasoning**:
- Identify the relationship between birth weight and infant mortality for both smoking and nonsmoking mothers.
- Analyze how maternal smoking affects the probability of normal birth weight.
- Consider the impact of infant health on birth weight for smoking and nonsmoking mothers.
- Determine if the data suggests maternal smoking indirectly increases infant mortality by affecting birth weight.

3. **Yes or No Answer**: Yes"
457,yes,"## Step 1: Calculate the probability of a person being a nonsmoker
The probability of smoking is 4%, so the probability of being a nonsmoker is 100% - 4% = 96%.

## Step 2: Calculate the probability of college admission for nonsmokers
The probability of college admission for nonsmokers is given as 58%. To find the overall probability of a nonsmoker being admitted to college, we multiply the probability of being a nonsmoker by the probability of college admission for nonsmokers: 0.96 * 0.58 = 0.5568.

## Step 3: Calculate the probability of college admission for smokers
The probability of college admission for smokers is given as 52%. To find the overall probability of a smoker being admitted to college, we multiply the probability of being a smoker by the probability of college admission for smokers: 0.04 * 0.52 = 0.0208.

## Step 4: Calculate the overall probability of college admission
To find the overall probability of college admission, we add the probabilities of admission for nonsmokers and smokers: 0.5568 + 0.0208 = 0.5776 or 57.76%.

## Step 5: Determine if college admission is more likely than college rejection
Since the overall probability of college admission (57.76%) is greater than the probability of college rejection (100% - 57.76% = 42.24%), college admission is more likely.

## Step 6: Conclusion
Based on the given probabilities, college admission is more likely than college rejection overall.

The final answer is: $\boxed{Yes}$"
458,no,"## Step 1: Define the problem and the given probabilities
The problem asks whether getting the vaccine increases the chance of recovering from the disease, given different probabilities of recovery based on vaccination status and presence of pre-conditions. The given probabilities are:
- No pre-conditions, no vaccine: 94% recovery rate
- No pre-conditions, with vaccine: 74% recovery rate
- Pre-conditions, no vaccine: 24% recovery rate
- Pre-conditions, with vaccine: 3% recovery rate
- Overall probability of pre-conditions: 42%

## Step 2: Calculate the overall recovery rate without the vaccine
To find the overall recovery rate without the vaccine, we need to consider both scenarios (with and without pre-conditions) and their respective probabilities.
- Probability of no pre-conditions: 100% - 42% = 58%
- Probability of pre-conditions: 42%
- Overall recovery rate without vaccine = (Probability of no pre-conditions * Recovery rate without pre-conditions and vaccine) + (Probability of pre-conditions * Recovery rate with pre-conditions and no vaccine)
= (0.58 * 0.94) + (0.42 * 0.24)

## Step 3: Perform the calculation for the overall recovery rate without the vaccine
Overall recovery rate without vaccine = (0.58 * 0.94) + (0.42 * 0.24)
= 0.5452 + 0.1008
= 0.646

## Step 4: Calculate the overall recovery rate with the vaccine
Similarly, to find the overall recovery rate with the vaccine, we consider both scenarios.
- Overall recovery rate with vaccine = (Probability of no pre-conditions * Recovery rate without pre-conditions and with vaccine) + (Probability of pre-conditions * Recovery rate with pre-conditions and vaccine)
= (0.58 * 0.74) + (0.42 * 0.03)

## Step 5: Perform the calculation for the overall recovery rate with the vaccine
Overall recovery rate with vaccine = (0.58 * 0.74) + (0.42 * 0.03)
= 0.4292 + 0.0126
= 0.4418

## Step 6: Compare the overall recovery rates
To determine if getting the vaccine increases the chance of recovering, compare the overall recovery rates with and without the vaccine.

## Step 7: Conclusion based on comparison
Since the overall recovery rate without the vaccine (0.646) is higher than with the vaccine (0.4418), getting the vaccine does not increase the chance of recovering from the disease based on the given probabilities.

The final answer is: $\boxed{No}$"
459,yes,"Step-by-Step Reasoning:**
1. Calculate the probability of not being vaccinated.
2. Calculate the probability of survival without vaccination.
3. Calculate the probability of survival with vaccination.
4. Compare the probabilities of survival with and without vaccination.

**Yes or No Answer:** No"
460,yes,"step-by-step reasoning:
1. Identify the probabilities of the forest catching on fire with and without lighting a match.
2. Compare these probabilities to determine the effect of lighting a match.
3. Conclude based on the comparison whether lighting a match increases or decreases the risk.

The final answer is: $\boxed{Yes}$"
461,yes,"Step-by-Step Reasoning:**
1. Calculate the probability of unintelligent parents: 100% - 19% = 81%.
2. Calculate the probability of an intelligent child with intelligent parents: 0.19 * 0.42.
3. Calculate the probability of an intelligent child with unintelligent parents: 0.81 * 0.65.
4. Sum the probabilities from steps 2 and 3 to find the overall probability of an intelligent child.
5. Compare this overall probability with 50% to determine if an intelligent child is more likely.

**Yes or No Answer:** Yes."
462,yes,"Step-by-step reasoning:
1. Calculate the probability of not receiving treatment: 100% - 33% = 67%.
2. Calculate the probability of recovery without treatment: 67% * 50% = 33.5%.
3. Calculate the probability of recovery with treatment: 33% * 81% = 26.73%.
4. Sum the probabilities of recovery with and without treatment to find the total probability of recovery: 33.5% + 26.73% = 60.23%.
5. Compare the total probability of recovery (60.23%) to the probability of non-recovery (100% - 60.23% = 39.77%) to determine if recovery is less likely than non-recovery.

Yes or no answer: No."
463,yes,"Step-by-Step Reasoning:**
1. **Identify the variables**: Hospital costs and recovery rates, with age as a significant factor.
2. **Consider the impact of age**: Age affects both hospital costs and recovery rates, suggesting its importance in analysis.
3. **Evaluate the methods**: Method 1 analyzes the correlation case-by-case, considering age, while Method 2 looks at the general correlation without specifying age.
4. **Determine the more appropriate method**: Given the significance of age, Method 1 provides a more detailed and potentially more accurate understanding of how hospital costs affect recovery.

**Yes or No Answer**: Yes"
464,yes,"Step-by-step reasoning:
1. Identify the probability of scurvy in patients not consuming citrus: 68%.
2. Identify the probability of scurvy in patients consuming citrus: 49%.
3. Compare the two probabilities to determine the effect of citrus intake on scurvy.
   - If the probability of scurvy is lower in patients consuming citrus than in those not consuming citrus, then citrus intake decreases the chance of scurvy.
   - Since 49% (citrus consumers) is less than 68% (non-citrus consumers), citrus intake does decrease the chance of scurvy.

Yes or no answer: Yes."
465,yes,"Step-by-step reasoning:
1. **Identify the goal**: Understand how treatment affects recovery.
2. **Consider variables**: Recognize that factors like gender can influence treatment outcomes.
3. **Evaluate Method 1**: This method provides a general overview but may miss subgroup differences.
4. **Evaluate Method 2**: This method offers a detailed view, considering gender, which can reveal subgroup-specific treatment outcomes.
5. **Conclusion**: Method 2 is more detailed and can lead to more effective, targeted treatments.

Yes or no answer: No"
466,yes,"Step-by-step reasoning:
1. Calculate the overall probability of increased price by summing the probabilities of increased price with reduced supply and increased supply.
2. Calculate the conditional probability of increased price given increased supply using the formula for conditional probability.
3. Compare the conditional probability of increased price given increased supply with the overall probability of increased price to determine if it's smaller.

Yes or no answer: Yes."
467,yes,"Step-by-step reasoning:
1. Identify the probability of patients taking all assigned drugs (24%) and not taking all assigned drugs (76%).
2. Note the probability of low cholesterol for patients not taking any drugs (63%) and for those taking all assigned drugs (66%).
3. Consider that the overall likelihood of low cholesterol would be a combination of these probabilities, potentially leaning towards low cholesterol being common due to the significant proportion of the population with a high likelihood of low cholesterol.
4. Recognize the absence of specific data for patients taking some but not all drugs, but infer that low cholesterol could still be more likely than high cholesterol given the trends.

Yes or no answer: Yes."
468,yes,"## Step 1: Define the given probabilities
The probability of intelligent parents is 3%, or 0.03. The probability of unintelligent parents and an intelligent child is 45%, or 0.45. The probability of intelligent parents and an intelligent child is 0%, or 0.

## Step 2: Determine the probability of unintelligent parents
Since the probability of intelligent parents is 0.03, the probability of unintelligent parents is 1 - 0.03 = 0.97.

## Step 3: Calculate the probability of an intelligent child given unintelligent parents
This is directly given as 0.45.

## Step 4: Calculate the probability of an intelligent child
To find the overall probability of an intelligent child, we need to consider both scenarios: intelligent parents and unintelligent parents. However, since the probability of intelligent parents and an intelligent child is 0, the only contribution to the probability of an intelligent child comes from unintelligent parents. Thus, the probability of an intelligent child is 0.45 (since this is the probability of unintelligent parents and an intelligent child, and it's implied that the 45% is out of the total population, not just the unintelligent parents).

## Step 5: Calculate the probability of an intelligent child given intelligent parents
Given that the probability of intelligent parents and an intelligent child is 0%, this means that even though the parents are intelligent, the chance of the child being intelligent is 0.

## Step 6: Compare the probabilities
The probability of an intelligent child given intelligent parents is 0, which is less than the overall probability of an intelligent child (which is solely due to unintelligent parents having intelligent children, since intelligent parents do not have intelligent children in this scenario).

## Step 7: Conclusion
Given the information, the chance of an intelligent child is indeed smaller (actually, it is zero) when observing intelligent parents compared to the overall probability of an intelligent child, which is not zero.

The final answer is: $\boxed{Yes}$"
469,yes,"Step-by-Step Reasoning**
1. Identify the key factor that could influence recovery: kidney stone size.
2. Recognize that Method 1 does not account for variations due to stone size.
3. Understand that Method 2 allows for analysis based on stone size, providing a more detailed understanding of treatment effectiveness.
4. Conclude that accounting for stone size (Method 2) offers a more accurate assessment of treatment impact on recovery than a generalized approach (Method 1).

**Yes or No Answer**
No"
470,yes,"Step-by-Step Reasoning:
1. Identify the probability of penguin death for taking the stairs: 70%.
2. Identify the probability of penguin death for taking the elevator: 29%.
3. Compare the two probabilities to determine if taking the elevator increases the chance of penguin death.

Yes or No Answer: No"
471,yes,"Step-by-Step Reasoning:**
1. Consider the complexity of biological systems and human variability.
2. Evaluate the importance of pre-conditions in vaccine efficacy and disease susceptibility.
3. Determine the need for nuanced, detailed analysis versus broad overview in understanding vaccine effects.
4. Choose the method that better accounts for individual and contextual factors.

**Yes or No Answer:** Yes"
472,yes,"Step-by-step reasoning:
1. **Consider the complexity of the relationship** between medication, blood pressure, and heart condition.
2. **Evaluate the benefits of a nuanced approach** (Method 1) that accounts for individual differences in blood pressure.
3. **Compare with a generalized approach** (Method 2) that does not consider these individual differences.
4. **Determine the importance of intermediary factors** like blood pressure in understanding the effects of medication.

Yes."
473,yes,"Step-by-step reasoning:
1. Identify the goal: Understanding how smoking affects lung cancer.
2. Evaluate Method 1: Analyzes the correlation on a case-by-case basis, focusing on tar deposit for detailed insight into the smoking-lung cancer relationship.
3. Evaluate Method 2: Examines the general correlation without focusing on specific components like tar deposit, providing a broad overview of risk.
4. Consider the complexity of lung cancer and the benefits of detailed mechanistic understanding for prevention and treatment.
5. Conclusion: Method 1 offers a more detailed and potentially more useful understanding of the relationship between smoking and lung cancer.

Yes or no answer: Yes."
474,yes,"## Step 1: Analyzing the given probabilities
To determine if gender negatively affects salary through occupation, we must first analyze the given probabilities and their implications on the relationship between gender, occupation, skill level, and salary.

## Step 2: Understanding the relationship between gender, occupation, and salary
From the given data, we can observe the following:
- For non-male blue-collar workers, the probability of a high salary is 67%.
- For non-male white-collar workers, the probability of a high salary is 46%.
- For male blue-collar workers, the probability of a high salary is 42%.
- For male white-collar workers, the probability of a high salary is 23%.
This indicates that, regardless of occupation, non-male workers have a higher probability of achieving a high salary compared to male workers.

## Step 3: Examining the impact of skill level on occupation
The probabilities of white-collar jobs based on skill level and gender are:
- Non-male with low skill levels: 99% chance of white-collar job.
- Non-male with high skill levels: 70% chance of white-collar job.
- Male with low skill levels: 64% chance of white-collar job.
- Male with high skill levels: 38% chance of white-collar job.
This shows that non-male individuals have a higher likelihood of securing white-collar jobs, especially those with low skill levels.

## Step 4: Considering the overall probability of high skill level
Given that the overall probability of a high skill level is 92%, we can infer that the majority of the population has a high skill level. However, the relationship between skill level, gender, and occupation suggests that gender plays a role in determining the type of occupation and, consequently, the salary.

## Step 5: Determining the impact of gender on salary through occupation
To conclude whether gender negatively affects salary through occupation, we need to consider if being male or non-male influences the likelihood of having a high salary, given the occupation and skill level. The data suggests that non-male workers have an advantage in both blue-collar and white-collar jobs regarding the probability of high salaries. Additionally, non-male workers are more likely to secure white-collar jobs, which might offer higher salaries.

## Step 6: Drawing a conclusion
Based on the analysis, it appears that gender does have an impact on salary through occupation, with non-male workers having a higher probability of achieving high salaries in both blue-collar and white-collar jobs. This indicates a negative effect of being male on salary through occupation, given the provided probabilities.

The final answer is: $\boxed{Yes}$"
475,yes,"Step-by-Step Reasoning:**
1. Identify given probabilities: 14% smokers, 34% non-smokers with lung cancer, 7% smokers with lung cancer.
2. Calculate the probability of lung cancer among smokers: 7% / 14% = 50%.
3. Understand that the calculation aims to compare the risk of lung cancer in smokers to non-smokers or the general population.

**Yes or No Answer:** Yes"
476,yes,"Step-by-step reasoning:
1. Identify the relevant probabilities for hospitalized individuals.
2. Compare the probability of broken bones for hospitalized individuals with respiratory issues (10%) and without respiratory issues (12%).
3. Determine if the probability of broken bones increases or decreases with respiratory issues.

Yes or no answer: No."
477,yes,"Step-by-Step Reasoning**
1. Understand the correlation coefficient: A correlation of -0.66 indicates a negative relationship between attractive appearance and talent.
2. Recognize the limitations of correlation: Correlation does not imply causation, meaning the relationship does not necessarily mean one causes the other.
3. Consider potential influences: Biases, societal expectations, and other variables could influence the perceived relationship between attractiveness and talent.
4. Interpret the findings: The correlation suggests a tendency but does not prove that attractive appearance affects or does not affect talent directly.

**Yes or No Answer**
No"
478,yes,"Step-by-Step Reasoning:**
1. **Understanding Method 1**: General correlation between smoking and college admission, which may not account for all influencing factors.
2. **Understanding Method 2**: Case-by-case analysis considering individual effort and possibly other variables for a nuanced view.
3. **Comparing Methods**: Method 2 provides a more detailed analysis by accounting for individual variations and efforts.

**Yes or No Answer:** No"
479,yes,"Step-by-Step Reasoning:
- Calculate the probability of recovering for those who get the vaccine: (53% * 91%) + (47% * 18%).
- Calculate the probability of recovering for those who don't get the vaccine: (53% * 80%) + (47% * 7%).
- Compare the two probabilities to determine if getting the vaccine increases the likelihood of recovery.

3. Yes or No Answer: No"
480,yes,"Step-by-Step Reasoning:**
1. Consider the nature of the data: General trends vs. specific cases.
2. Evaluate the benefits of each method: Method 1 for broad insights, Method 2 for nuanced, case-specific insights.
3. Determine the primary goal: General understanding or detailed analysis.
4. Choose the method based on the goal and resources.

**Yes or No Answer:** Yes"
481,yes,"Step-by-Step Reasoning:
1. Identify the goal: To understand how smoking affects lung cancer.
2. Consider Method 1: Analyzing the correlation case by case based on tar deposit.
3. Consider Method 2: Analyzing the general correlation between smoking and lung cancer.
4. Evaluate the importance of dose-response relationship in understanding causality.
5. Choose the method that provides a more detailed and nuanced understanding of the relationship.

Yes or No Answer: Yes"
482,yes,"## Step 1: Understanding the given probabilities
The problem states that for individuals who are not male, the probability of admission acceptance is 61%, and for individuals who are male, the probability of admission acceptance is 39%. This implies that being male is associated with a lower probability of admission acceptance compared to not being male.

## Step 2: Analyzing the impact of gender on admission acceptance
To determine if it would be more likely to see admission acceptance if the individual had not been male, we need to compare the probabilities of admission acceptance for males and non-males. Since 61% (probability for non-males) is greater than 39% (probability for males), it indicates that not being male is associated with a higher likelihood of admission acceptance.

## Step 3: Applying logical reasoning
If an individual who is male were not male, they would fall into the category of non-males, which has a higher probability of admission acceptance (61%). Therefore, logically, if the individual had not been male, it would be more likely for them to see admission acceptance based on the given probabilities.

The final answer is: $\boxed{Yes}$"
483,yes,"Step-by-Step Reasoning:**
1. Calculate the probability of not being encouraged and achieving a high score: 10% * 53% = 5.3%.
2. Calculate the probability of being encouraged and achieving a high score: 90% * 39% = 35.1%.
3. Find the overall probability of a high exam score: 5.3% + 35.1% = 40.4%.
4. Calculate the probability of a low exam score: 100% - 40.4% = 59.6%.
5. Compare the probabilities to determine if a high exam score is less likely than a low exam score.

**Yes or No Answer:** Yes"
484,yes,"Step-by-Step Reasoning:**
1. Define the goals of the analysis: Are we looking for general trends or individual impacts?
2. Consider the nature of the relationship between the captain and the prisoners: Is it policy-driven or individually interactive?
3. Choose the method based on the analysis goals: Method 1 for general trends, Method 2 for individual cases.

**Yes or No Answer:** No"
485,yes,"## Step 1: Understand the given probabilities
We are given the probabilities of the alarm ringing under different conditions: when the husband sets the alarm, when the wife sets the alarm, and combinations thereof. Specifically, we have:
- P(Ring | H-, W-) = 88% (Husband doesn't set, Wife doesn't set)
- P(Ring | H-, W+) = 39% (Husband doesn't set, Wife sets)
- P(Ring | H+, W-) = 50% (Husband sets, Wife doesn't set)
- P(Ring | H+, W+) = 2% (Husband sets, Wife sets)
And the probabilities of the wife setting the alarm given the husband's action:
- P(W+ | H-) = 13% (Wife sets given Husband doesn't set)
- P(W+ | H+) = 47% (Wife sets given Husband sets)

## Step 2: Calculate the overall probability of the alarm ringing when the husband doesn't set it
To find the overall probability of the alarm ringing when the husband doesn't set it, we need to consider both scenarios where the wife sets the alarm and where she doesn't, weighted by the probability of each scenario.
\[P(Ring | H-) = P(Ring | H-, W-) \times P(W- | H-) + P(Ring | H-, W+) \times P(W+ | H-)\]
Given P(W- | H-) = 1 - P(W+ | H-) = 1 - 0.13 = 0.87, we can calculate:
\[P(Ring | H-) = 0.88 \times 0.87 + 0.39 \times 0.13\]

## Step 3: Perform the calculation for P(Ring | H-)
\[P(Ring | H-) = 0.88 \times 0.87 + 0.39 \times 0.13 = 0.766 + 0.0507 = 0.8167\]

## Step 4: Calculate the overall probability of the alarm ringing when the husband sets it
Similarly, for when the husband sets the alarm:
\[P(Ring | H+) = P(Ring | H+, W-) \times P(W- | H+) + P(Ring | H+, W+) \times P(W+ | H+)\]
Given P(W- | H+) = 1 - P(W+ | H+) = 1 - 0.47 = 0.53, we calculate:
\[P(Ring | H+) = 0.50 \times 0.53 + 0.02 \times 0.47\]

## Step 5: Perform the calculation for P(Ring | H+)
\[P(Ring | H+) = 0.50 \times 0.53 + 0.02 \times 0.47 = 0.265 + 0.0094 = 0.2744\]

## Step 6: Compare the probabilities to determine the effect
To determine if the husband negatively affects the alarm clock when disregarding the mediation effect through the wife, we compare P(Ring | H-) and P(Ring | H+). If P(Ring | H-) > P(Ring | H+), it suggests the husband's action (setting the alarm) is associated with a lower probability of the alarm ringing, indicating a negative effect.

## Step 7: Conclusion
Since P(Ring | H-) = 0.8167 is greater than P(Ring | H+) = 0.2744, it indicates that when the husband sets the alarm (and disregarding the wife's action), the probability of the alarm ringing is actually lower than when he doesn't set it.

The final answer is: $\boxed{Yes}$"
486,yes,"step-by-step reasoning:
1. Identify the probabilities of college admission for nonsmokers and smokers.
2. Compare these probabilities to determine if there's a difference.
3. Analyze the difference to conclude the effect of smoking on college admission chances.
4. Determine that smoking decreases the chance based on the lower probability for smokers.

The final answer is: $\boxed{Yes}$"
487,yes,"Step-by-Step Reasoning**:
- Identify given probabilities.
- Calculate the probability of lung cancer given the nonsmoking gene.
- Compare this probability with the probability of lung cancer given the smoking gene to determine if the chance of lung cancer is larger with the smoking gene.

3. **Yes or No Answer**: 
To calculate P(Lung Cancer | Nonsmoking Gene) = 0.07 / 0.12 ≈ 0.583 or 58.3%. This is larger than the 34% probability of lung cancer given the smoking gene. However, the question seems to be asking if the presence of the smoking gene increases the likelihood of lung cancer compared to not having it, which involves comparing the conditional probabilities directly and considering the base rates of each gene type. The critical comparison is between the conditional probabilities of lung cancer given each gene type, but the provided data suggests a higher risk among those with the nonsmoking gene when considering the conditional probability calculated. However, the initial interpretation might overlook the direct comparison of risk factors as presented. 

Given the direct question and clarifying the comparison basis: **Yes**."
488,yes,"Step-by-step reasoning:
1. Consider the nature of the relationship between the man and the room.
2. Evaluate the potential impact of variables (like the candle) on this relationship.
3. Determine that a nuanced, case-by-case approach (Method 2) can provide more detailed insights than a general correlation (Method 1).
4. Conclude that Method 2 is more appropriate for understanding the specific effects of the man on the room, especially when considering mediating factors.

Yes or no answer: No."
489,yes,"Step-by-Step Reasoning:**
1. Identify the potential impact of unobserved confounders on the relationship between education level and salary.
2. Recognize that Method 1 accounts for these confounders on a case-by-case basis.
3. Understand that Method 2 does not account for these confounders, potentially leading to a less accurate general correlation.
4. Determine that a more nuanced, context-specific approach (Method 1) is preferable for understanding the complex relationship between education and salary.

**Yes or No Answer:** Yes"
490,yes,"Step-by-Step Reasoning**:
1. Identify recovery rates with and without treatment for small and large kidney stones.
2. Recognize the overall probability of large kidney stones.
3. Assess how treatment affects recovery rates for both stone sizes.
4. Consider the implication of these rates on the likelihood of recovery with and without treatment.
5. Conclude based on the comparison of recovery rates with and without treatment.

**Yes or No Answer**: No"
491,yes,"Step-by-Step Reasoning**:
1. Identify given probabilities.
2. Calculate the probability of a nonsmoking mother.
3. Recognize the direct comparison between smoking and nonsmoking mothers regarding high infant mortality.
4. Determine if the chance of high infant mortality is smaller when observing a smoking mother by comparing the given probabilities.

**Yes or No Answer**: Yes"
492,yes,"Step-by-step reasoning:
1. Calculate the probability of being a nonsmoker.
2. Calculate the probability of lung cancer among smokers and nonsmokers separately.
3. Add the probabilities of lung cancer for smokers and nonsmokers to find the overall probability of lung cancer.
4. Compare the overall probability of lung cancer to 50% to determine if lung cancer is more or less likely than its absence.

Yes or no answer: No."
493,yes,"step-by-step reasoning:
1. Calculate the probability of no tar deposit for nonsmokers: 100% - 66% = 34%.
2. Calculate the overall probability of lung cancer for nonsmokers using the given probabilities: (0.34 * 0.82) + (0.66 * 0.56) = 64.84%.
3. Calculate the probability of no tar deposit for smokers: 100% - 32% = 68%.
4. Calculate the overall probability of lung cancer for smokers using the given probabilities: (0.68 * 0.79) + (0.32 * 0.53) = 70.68%.
5. Compare the overall probabilities to determine if it would be less likely to see lung cancer if a smoker had been a nonsmoker.

Yes or no answer: Yes."
494,yes,"Step-by-Step Reasoning:**
1. Identify the given probabilities: 80% chance of the forest on fire without a match, 49% with a match.
2. Compare the probabilities directly: 80% is greater than 49%.
3. Determine the effect of lighting a match based on the comparison: Since 49% (with a match) is less than 80% (without a match), lighting a match appears to decrease the chance of the forest on fire according to the given probabilities.

**Yes or No Answer:** No"
495,no,"Step-by-step reasoning:
   - Understand the given correlation coefficient (-0.66) and its implication of a moderate negative relationship.
   - Recognize that correlation does not imply direct causation.
   - Consider potential confounding variables that could explain the observed relationship, such as profession, media influence, or societal biases.
   - Acknowledge the possibility of reverse causality where fame (potentially due to talent) leads to improved appearance.

3. No."
496,yes,"step-by-step reasoning:
1. Identify the given probabilities: 49% for respiratory issues, and 19% for broken bones in both groups.
2. Recognize that the probability of broken bones is unaffected by the presence of respiratory issues.
3. Calculate the overall probability of broken bones, which remains 19% as it's consistent across the population.
4. Determine the probability of not having broken bones by subtracting the probability of having broken bones from 100%, resulting in 81%.
5. Compare the probabilities to conclude that not having broken bones is more likely.

Yes."
497,no,"Step-by-step reasoning:
   - Identify the probability of high salary without a college degree: 24%.
   - Identify the probability of high salary with a college degree or higher: 47%.
   - Compare the two probabilities to determine the effect of having a college degree on the chance of high salary.
   - If the probability with a college degree is higher, then a college degree increases the chance of high salary. If it's lower, then it decreases the chance.

3. No"
498,yes,"Step-by-Step Reasoning:
- The camper lighting a match can cause the forest to burn.
- The chain-smoker does not light a match, eliminating them as a cause.
- With the chain-smoker ruled out, if the camper lights a match, they become the sole potential cause of the fire.
- Given the camper lights a match, and it's a known cause of forest fires, the forest is expected to burn.

3. Yes or No Answer: Yes"
499,yes,"Step-by-Step Reasoning:**
1. Calculate the probability of being a nonsmoker: 100% - probability of smoking.
2. Calculate the probability of lung cancer for smokers and nonsmokers separately.
3. Calculate the overall probability of lung cancer by adding the probabilities of lung cancer for smokers and nonsmokers.
4. Calculate the probability of not having lung cancer by subtracting the overall probability of lung cancer from 1.
5. Compare the probability of lung cancer to the probability of not having lung cancer to determine which is more likely.

**Yes or No Answer:** Yes"
500,yes,"Step-by-Step Reasoning:**
1. Consider the nature of the manager-employee relationship and its potential variability.
2. Evaluate Method 1 for its ability to capture general trends but potentially overlook specific nuances.
3. Evaluate Method 2 for its focus on case-by-case analysis, allowing for the incorporation of director-specific factors.
4. Determine that understanding the impact of a manager on an employee is more accurately achieved by considering the specific context provided by each director.

**Yes or No Answer:** No"
501,yes,"Step-by-Step Reasoning**:
    - Identify given probabilities and their conditions.
    - Recognize the need to calculate overall probabilities of high salary for males and females.
    - Acknowledge the lack of direct probabilities for being male or female.
    - Consider the implications of disregarding the mediation effect through occupation.
    - Understand the interaction between gender, skill level, and occupation on salary.

3. **Yes or No Answer**: No"
502,yes,"Step-by-Step Reasoning:**
1. Identify the probabilities of long lifespan for each group (normal weight with/without diabetes, obese with/without diabetes).
2. Compare the effect of diabetes on lifespan within each weight group (normal, obese).
3. Determine if diabetes improves lifespan outcomes in any group, which would be necessary for obesity to positively affect lifespan through diabetes.
4. Conclude based on the comparisons and the effect of diabetes on lifespan.

**Yes or No Answer:** No"
503,yes,"Step-by-Step Reasoning**:
   - Calculate the probability of a healthy heart for those not taking medication considering both blood pressure scenarios.
   - Calculate the probability of a healthy heart for those taking medication considering both blood pressure scenarios.
   - Compare the two probabilities to determine if medication has a positive effect.

3. **Yes or No Answer**: No"
504,yes,"Step-by-Step Reasoning:**
1. Identify the probabilities of high infant mortality for each combination of maternal smoking status and infant birth weight.
2. Determine the probabilities of normal and low birth weight for each combination of maternal health and smoking status.
3. Calculate the weighted average of high infant mortality for nonsmoking mothers by considering the probabilities of poor and good health, normal and low birth weight, and their associated mortality rates.
4. Calculate the weighted average of high infant mortality for smoking mothers using the same approach as step 3.
5. Compare the overall probabilities of high infant mortality for nonsmoking and smoking mothers to determine the effect of maternal smoking.

**Yes or No Answer:** Yes"
505,yes,"Step-by-Step Reasoning:**
1. Identify the focus of Method 1: Analyzing obesity's impact on lifespan in the context of diabetes.
2. Identify the focus of Method 2: Analyzing the general correlation between obesity and lifespan.
3. Consider the importance of context and comorbidities (like diabetes) in understanding health outcomes.
4. Recognize that Method 1 provides a nuanced view that accounts for the interaction between obesity, diabetes, and lifespan.
5. Conclude that for understanding the specific impact of obesity on lifespan, especially in relation to diabetes, Method 1 offers a more detailed and potentially more accurate approach.

**Yes or No Answer:** Yes"
506,yes,"## Step 1: Understand the given probabilities
The probability of having a healthy heart for people not taking any medication is 42%, and for people taking medication, it is 60%.

## Step 2: Compare the probabilities
To determine if it would be less likely to see a healthy heart if the person had taken no medication, we need to compare the two probabilities. The probability of a healthy heart is higher (60%) for people taking medication compared to those not taking medication (42%).

## Step 3: Apply logical reasoning
If a person is taking medication and we consider the scenario where they had not taken medication, we are essentially comparing their current state (60% chance of a healthy heart) to a hypothetical state (42% chance of a healthy heart). Since 60% is greater than 42%, it means that taking medication increases the likelihood of having a healthy heart.

## Step 4: Conclusion
Given that the probability of a healthy heart is higher for individuals taking medication, it would indeed be less likely to see a healthy heart if the person had taken no medication, because the probability of a healthy heart is lower (42%) without medication compared to with medication (60%).

The final answer is: $\boxed{Yes}$"
507,yes,"Step-by-Step Reasoning:
1. Identify the goal: Understand how smoking affects lung cancer.
2. Evaluate Method 1: Analyzes the correlation on a case-by-case basis, considering specific factors like tar deposit.
3. Evaluate Method 2: Looks at the general correlation without focusing on specific factors.
4. Consider the complexity of disease development in the human body and the need for detailed, mechanism-based understanding.
5. Determine that a detailed approach (Method 1) is more likely to provide insights into the causal relationship and mechanisms.

Yes or No Answer: Yes"
508,no,"## Step 1: Define the events and their probabilities
Let's denote the event of increased supply as S, the event of reduced supply as ~S (not S), the event of increased price as P, and the event of reduced price as ~P. Given: P(S) = 0.83 (probability of increased supply), P(~S and P) = 0.09 (probability of reduced supply and increased price), P(S and P) = 0.50 (probability of increased supply and increased price).

## Step 2: Calculate the probability of increased price
To determine if the chance of increased price is smaller when observing increased supply, we need to calculate the probability of increased price given increased supply, P(P|S), and compare it with the overall probability of increased price, P(P).

## Step 3: Calculate P(P)
The probability of increased price, P(P), can be found by adding the probabilities of increased price given increased supply and increased price given reduced supply: P(P) = P(S and P) + P(~S and P). Since we know P(S and P) = 0.50 and P(~S and P) = 0.09, we can calculate P(P) = 0.50 + 0.09 = 0.59.

## Step 4: Calculate P(P|S)
The probability of increased price given increased supply, P(P|S), can be calculated using the formula P(P|S) = P(S and P) / P(S). Substituting the given values, P(P|S) = 0.50 / 0.83.

## Step 5: Compare P(P|S) with P(P)
To determine if the chance of increased price is smaller when observing increased supply, we compare P(P|S) with P(P). If P(P|S) < P(P), then the chance of increased price is smaller when observing increased supply.

## Step 6: Perform the calculations for P(P|S)
P(P|S) = 0.50 / 0.83 = 0.6024 (approximately).

## Step 7: Compare the calculated probabilities
Since P(P|S) ≈ 0.6024 and P(P) = 0.59, P(P|S) is actually greater than P(P), indicating the chance of increased price is not smaller but rather larger when observing increased supply.

The final answer is: $\boxed{No}$"
509,yes,"Step-by-Step Reasoning**:
- Identify probabilities for each scenario.
- Calculate weighted probabilities for the husband setting and not setting the alarm, using the wife's actions as weights.
- Compare the overall probabilities to determine the effect.

3. **Yes or No Answer**: No."
510,yes,"Step-by-Step Reasoning**:
   - Identify the goal: Understand how gender affects admission status.
   - Consider Method 1: Analyze gender and admission status correlation case by case according to department competitiveness.
   - Consider Method 2: Analyze the general correlation between gender and admission status.
   - Recognize the potential for confounding variables (e.g., department competitiveness) to influence the analysis.
   - Determine that accounting for such variables (as in Method 1) can provide a more nuanced and accurate analysis.

3. **Yes or No Answer**: Yes."
511,yes,"## Step 1: Define the given probabilities
The probability of having a college degree or higher is 7%, or P(College+) = 0.07. The probability of having a high school degree or lower and a high salary is 50%, or P(HS-, High Salary) = 0.5. The probability of having a college degree or higher and a high salary is 5%, or P(College+, High Salary) = 0.05.

## Step 2: Determine the probability of high salary given college degree or higher
To find if the chance of high salary is larger when observing college degree or higher, we need to calculate the conditional probability of having a high salary given that one has a college degree or higher, which is P(High Salary | College+).

## Step 3: Calculate the conditional probability
The formula for conditional probability is P(A|B) = P(A and B) / P(B). Applying this to our scenario, P(High Salary | College+) = P(College+, High Salary) / P(College+).

## Step 4: Perform the calculation
P(High Salary | College+) = 0.05 / 0.07.

## Step 5: Compare with the overall probability of high salary
To determine if the chance of high salary is larger when observing college degree or higher, we also need the overall probability of high salary, which can be inferred from the given data. However, since we are directly comparing the conditional probability to the scenario, we focus on whether having a college degree or higher increases the likelihood of a high salary compared to the general case.

## Step 6: Calculate the overall probability of high salary
Given P(HS-, High Salary) = 0.5 and assuming the remainder of the population (those with college degrees or higher) also has a chance at high salaries as given by P(College+, High Salary) = 0.05, and knowing that the total probability of college degree or higher is 0.07, we can infer the population distribution but must recognize that direct comparison requires understanding that the 50% is a subset of the non-college degree or higher group.

## Step 7: Evaluate the conditional probability calculation
P(High Salary | College+) = 0.05 / 0.07 ≈ 0.7143, or approximately 71.43%. This means that given someone has a college degree or higher, the chance they also have a high salary is about 71.43%.

## Step 8: Conclusion
Given the conditional probability of having a high salary when one has a college degree or higher is approximately 71.43%, which is higher than the general probability of high salary among any group, it indicates that having a college degree or higher significantly increases one's chance of having a high salary compared to the overall population.

The final answer is: $\boxed{Yes}$"
512,yes,"Step-by-Step Reasoning:**
1. Identify the baseline risk for individuals with smoking genes as 56%.
2. Recognize the risk for individuals with nonsmoking genes as 44%.
3. Consider the interaction between smoking and nonsmoking genes, acknowledging the question's lack of detail on this interaction.
4. Understand that without knowing how these genes interact, we cannot accurately predict the combined effect.

**Yes or No Answer:** No"
513,yes,"Step-by-Step Reasoning:
1. **Understand Given Probabilities**: Recognize the given probabilities for normal infant birth weight and smoking mothers in areas with low and high cigarette tax.
2. **Identify Missing Direct Comparison**: Note that direct probabilities of normal birth weight given a smoking or non-smoking mother are not provided.
3. **Consider Indirect Inference**: Use the change in probabilities with the tax rate to infer the relationship between smoking and birth weight.
4. **Analyze Change in Probabilities**: In areas with low cigarette tax, the probability of a smoking mother is lower (11%), and the probability of normal birth weight is 20%. In areas with high cigarette tax, the probability of a smoking mother increases significantly to 44%, but the probability of normal birth weight also increases to 29%.

Given this analysis, it might seem counterintuitive because the probability of normal birth weight increases in areas with higher cigarette tax despite a higher percentage of smoking mothers. However, this observation alone does not directly answer whether smoking decreases the chance of normal infant birth weight because it does not account for other factors that might influence birth weight, such as the overall health of the population, access to healthcare, and socioeconomic status, which could be correlated with both smoking rates and cigarette tax rates.

To directly answer the question based on the information given and typical logical reasoning about the effects of smoking on health:
- Smoking is generally known to have negative health effects, including on pregnancy outcomes.
- The increase in normal birth weight probability in high-tax areas despite higher smoking rates could suggest other factors are at play, but it does not directly indicate that smoking increases the chance of normal birth weight.

Therefore, based on general knowledge about the negative health impacts of smoking and without direct evidence to the contrary from the provided probabilities, the logical inference would lean towards smoking having a negative effect on the probability of normal infant birth weight, even though the provided data does not directly prove this relationship.

Yes or No Answer: **Yes**"
514,yes,"Step-by-Step Reasoning:
- Identify the probability of college admission for nonsmokers: 53%.
- Identify the probability of college admission for smokers: 29%.
- Compare the probabilities to determine if being a nonsmoker increases the likelihood of college admission.
- Since 53% is greater than 29%, being a nonsmoker increases the likelihood of college admission.

3. Yes or No Answer: Yes"
515,yes,"Step-by-step reasoning:
1. Calculate the probability of mean personality: 100% - 18% = 82%.
2. Recognize that both personality types have a 96% probability of attractive appearance.
3. Understand that the question about overall likelihood of attractive versus unattractive appearance depends on the probability of attractive appearance in the population.
4. Realize that since both kinds and means have a high (96%) probability of being attractive, the overall population will also have a high probability of being attractive, making unattractive appearance less likely.

Yes or no answer: No."
516,yes,"## Step 1: Define the given probabilities
The probability of having the smoking gene is 13%, or P(Smoking) = 0.13. The probability of having lung cancer given that one has the nonsmoking gene is 34%, or P(Lung Cancer | Nonsmoking) = 0.34. The probability of having both the smoking gene and lung cancer is 6%, or P(Smoking and Lung Cancer) = 0.06.

## Step 2: Determine the probability of lung cancer given the smoking gene
To find if the chance of lung cancer is larger when observing the smoking gene, we need to calculate the probability of lung cancer given that one has the smoking gene, P(Lung Cancer | Smoking). This can be derived from the given P(Smoking and Lung Cancer) and P(Smoking) using the formula for conditional probability: P(Lung Cancer | Smoking) = P(Smoking and Lung Cancer) / P(Smoking).

## Step 3: Calculate P(Lung Cancer | Smoking)
Substitute the given values into the formula: P(Lung Cancer | Smoking) = 0.06 / 0.13.

## Step 4: Calculate the result of the division to find P(Lung Cancer | Smoking)
P(Lung Cancer | Smoking) = 0.06 / 0.13 ≈ 0.462.

## Step 5: Interpret the result in the context of the question
The calculated probability of approximately 46.2% represents the chance of having lung cancer given that one has the smoking gene. To determine if this is larger than the chance of lung cancer without considering the smoking gene, we would ideally need the overall probability of lung cancer. However, the question asks for a comparison with the nonsmoking gene and lung cancer scenario, which is given as 34%.

## Step 6: Compare the probabilities
Since P(Lung Cancer | Smoking) ≈ 0.462 (or 46.2%) is greater than P(Lung Cancer | Nonsmoking) = 0.34 (or 34%), we can conclude that the chance of lung cancer is indeed larger when observing the smoking gene compared to the nonsmoking gene scenario provided.

The final answer is: $\boxed{Yes}$"
517,no,"## Step 1: Determine the probability of the alarm ringing when the husband sets it
The probability of the husband setting the alarm is 2%, and when he sets it, the probability of the alarm ringing is 34%. So, the combined probability of the husband setting the alarm and it ringing is 0.02 * 0.34.

## Step 2: Calculate the probability of the alarm ringing when the husband does not set it
The probability of the husband not setting the alarm is 100% - 2% = 98%. When he does not set it, the probability of the alarm ringing is 80%. So, the combined probability of the husband not setting the alarm and it ringing is 0.98 * 0.80.

## Step 3: Calculate the overall probability of the alarm ringing
To find the overall probability of the alarm ringing, we add the probabilities of the alarm ringing in both scenarios (when the husband sets the alarm and when he does not). This is (0.02 * 0.34) + (0.98 * 0.80).

## Step 4: Compare the probability of the alarm ringing to the probability of the alarm being silent
The probability of the alarm being silent is 1 minus the probability of the alarm ringing. If the probability of the alarm ringing is less than 0.5, then the alarm ringing is less likely than the alarm being silent.

## Step 5: Perform calculations
- Probability of alarm ringing when set: 0.02 * 0.34 = 0.0068
- Probability of alarm ringing when not set: 0.98 * 0.80 = 0.784
- Overall probability of alarm ringing: 0.0068 + 0.784 = 0.7908
- Since 0.7908 is greater than 0.5, the alarm ringing is more likely than the alarm being silent.

The final answer is: $\boxed{No}$"
518,yes,"Step-by-Step Reasoning**:
   - Identify given probabilities: P(V) = 0.10, P(not V and S) = 0.38, P(V and S) = 0.06.
   - Calculate P(S|V) using the formula P(S|V) = P(V and S) / P(V).
   - Recognize that P(S|not V) can be inferred from P(not V and S) but requires P(not V) for calculation.
   - Compare the calculated probabilities to determine if vaccination increases the chance of survival.

3. **Yes or No Answer**: 
To calculate P(S|V) = 0.06 / 0.10 = 0.6 or 60%. 
Given that P(not V and S) = 0.38 and assuming P(not V) = 1 - P(V) = 0.90, P(S|not V) = 0.38 / 0.90 ≈ 0.422 or 42.2%.
Since 60% (chance of survival with vaccination) is greater than 42.2% (chance of survival without vaccination), **Yes**."
519,yes,"Step-by-Step Reasoning:**
1. Calculate the probability of having a small kidney stone.
2. Calculate the overall probability of recovery for patients not receiving treatment using the law of total probability.
3. Calculate the overall probability of recovery for patients receiving treatment using the law of total probability.
4. Compare the probabilities of recovery for treated and untreated patients to determine if recovery is less likely with treatment.

**Yes or No Answer:** Yes"
520,yes,"Step-by-Step Reasoning:**
1. Calculate the overall probability of admission for non-male applicants by weighting the probabilities of admission in competitive and non-competitive departments by the probability of applying to each type of department.
2. Calculate the overall probability of admission for male applicants in the same manner.
3. Compare the overall probabilities of admission for non-male and male applicants to determine if there is a difference.
4. Consider the difference in the context of the question to determine if gender negatively affects admission status through department competitiveness.

**Yes or No Answer:** No"
521,yes,"step by step. The initial conditions are a reduced yield per acre and low demand. Typically, reduced yield per acre would lead to a reduced supply, as less product is being produced. Low demand would also contribute to a reduced supply, as there are fewer buyers for the product. However, the question introduces a hypothetical scenario where, despite these conditions, the supply is increased. This could be due to various factors such as increased production efficiency in other areas, importation of the product, or reduction in wastage. If the supply is increased in the face of low demand, the basic principles of economics suggest that the price would tend to decrease. This is because the increased supply would lead to a surplus of the product, and to encourage buyers, the price would need to be lowered.

**Step-by-Step Reasoning:**
1. Reduced yield per acre and low demand typically lead to reduced supply.
2. However, in this hypothetical scenario, supply is increased despite these conditions.
3. Increased supply in the context of low demand leads to a surplus of the product.
4. To clear the market of this surplus, the price of the product needs to be decreased.

**Yes or No Answer:** Yes"
522,yes,"Step-by-Step Reasoning:**
1. Calculate the probability of low and high blood pressure for both groups (taking and not taking medication).
2. Calculate the weighted average of the probability of a healthy heart for each group by considering both low and high blood pressure scenarios.
3. Compare the overall probabilities of a healthy heart between the two groups to determine the effect of medication.

**Yes or No Answer:** No"
523,no,"step-by-step reasoning:
1. Identify the probabilities of healthy heart for both groups.
2. Compare these probabilities to assess the impact of medication.
3. Determine the relationship between medication and healthy heart probability.
4. Conclude whether medication increases the chance of a healthy heart.

The final answer is: $\boxed{No}$"
524,yes,"Step-by-Step Reasoning:
- The chain-smoker lighting a match is a sufficient condition for the forest to burn down.
- The camper's action (lighting or not lighting a match) does not affect the outcome when the chain-smoker has already lit a match.
- Therefore, regardless of the camper's action, if the chain-smoker lights a match, it is sufficient for the forest to burn down.

3. Yes or No Answer: Yes"
525,no,"step-by-step process.
1. Identify probabilities for being male and not being male.
2. Note the admission acceptance probabilities for males and non-males.
3. Calculate the overall probability of admission acceptance using weighted averages.
4. Compare the overall probability of admission acceptance to the probability of admission rejection.

## Step 7: Provide the final answer based on the comparison.
The final answer is: $\boxed{No}$"
526,yes,"Step-by-Step Reasoning:
1. Identify the variables involved: obesity, diabetes, and lifespan.
2. Consider the relationship between these variables: obesity can lead to diabetes, and both can affect lifespan.
3. Evaluate Method 1: It analyzes the correlation between obesity and lifespan in the context of diabetes, accounting for the mediating effect of diabetes.
4. Evaluate Method 2: It looks at the general correlation without considering specific conditions like diabetes.
5. Determine which method provides a more nuanced understanding of how obesity affects lifespan, considering the potential impact of diabetes.

Yes or No Answer: No."
527,yes,"Step-by-Step Reasoning:**
1. Identify the causal relationships provided: High poverty or global water company causes clean water, and high poverty or clean water causes cholera.
2. Analyze the given conditions: The person is served by a local water company, and the region has low poverty.
3. Determine the relevance of clean water in causing cholera under these conditions.
4. Consider the effect of switching from clean to polluted water based on the given relationships.

**Yes or No Answer:** Yes"
528,yes,"Step-by-Step Reasoning**
1. Identify the probability of high salary for individuals with a college degree or higher: 57%.
2. Identify the probability of high salary for individuals without a college degree: 39%.
3. Compare the probabilities to determine the impact of having a college degree on the likelihood of achieving a high salary.
4. Consider the hypothetical scenario of a person without a college degree who is currently in the group with a college degree or higher.
5. Conclude that without a college degree, this person's likelihood of a high salary would be based on the 39% probability, which is lower than the 57% probability associated with having a college degree or higher.

**Yes or No Answer**
No"
529,yes,"step-by-step reasoning:
1. Identify the relevant probabilities: 
   - Hospitalized individuals without respiratory issues have a 85% chance of broken bones.
   - Hospitalized individuals with respiratory issues have a 71% chance of broken bones.
2. Compare the probabilities:
   - The probability of broken bones is lower for hospitalized individuals with respiratory issues (71%) than for those without respiratory issues (85%).
3. Conclusion: Based on the comparison, the presence of respiratory issues in hospitalized individuals is associated with a decrease in the chance of broken bones.

Yes or no answer: Yes."
530,yes,"Step-by-Step Reasoning:**
1. Identify given causal relationships: Confounder active or high cigarette tax causes smoking mother; Confounder active or smoking mother causes normal infant birth weight.
2. Note observed conditions: Cigarette tax is low; Confounder is inactive.
3. Determine mother's smoking status under observed conditions: Given low tax and inactive confounder, the mother would be nonsmoking.
4. Assess impact on infant birth weight: Without an active confounder or a smoking mother, the direct causal links to normal birth weight are broken.
5. Consider the question's scenario: Comparing nonsmoking mother to smoking mother under specific conditions.

**Yes or No Answer:** No"
531,yes,"Step-by-Step Reasoning**:
   - Calculate the probability of the dry season: 100% - 93% = 7%.
   - Calculate the probability of wet ground in the rainy season: 93% * 43%.
   - Calculate the probability of wet ground in the dry season: 7% * 56%.
   - Add the probabilities of wet ground in both seasons to find the overall probability of wet ground.
   - Compare the overall probability of wet ground to 50% to determine if it's more likely than dry ground.

3. **Yes or No Answer**: No."
532,yes,"Step-by-step reasoning:
1. Compare the probabilities of low cholesterol between the two groups.
2. Analyze the probabilities of taking all assigned drugs in both groups.
3. Consider the potential relationship between taking all assigned drugs and achieving low cholesterol, given the provided probabilities.
4. Conclude based on logical inference from the given data.

Yes or no answer: No."
533,yes,"Step-by-Step Reasoning**:
   - Identify given probabilities.
   - Calculate P(Low cholesterol | Taking all drugs) using conditional probability formula.
   - Calculate P(Not taking drugs) as the complement of P(Taking all drugs).
   - Calculate P(Low cholesterol | Not taking drugs) using conditional probability formula.
   - Compare the two conditional probabilities to determine the relationship between taking all assigned drugs and the likelihood of low cholesterol.

3. **Yes or No Answer**: No."
534,no,"## Step 1: Understand the given probabilities
The overall probability of a smoking mother is 29%. The probability of a nonsmoking mother and normal infant birth weight is 41%. The probability of a smoking mother and normal infant birth weight is 3%.

## Step 2: Determine the probability of a nonsmoking mother
Since the probability of a smoking mother is 29%, the probability of a nonsmoking mother is 100% - 29% = 71%.

## Step 3: Calculate the probability of normal infant birth weight for nonsmoking mothers
Given that the probability of a nonsmoking mother and normal infant birth weight is 41%, and assuming this is a subset of all nonsmoking mothers, we need to understand this in the context of all mothers. However, to directly compare the chance of normal infant birth weight between smoking and nonsmoking mothers, we need to calculate the probability of normal infant birth weight for each group.

## Step 4: Calculate the probability of normal infant birth weight for smoking mothers
The probability of a smoking mother and normal infant birth weight is given as 3%. This directly tells us the proportion of smoking mothers who have normal infant birth weight.

## Step 5: Compare the probabilities
To determine if the chance of normal infant birth weight is larger when observing a smoking mother, we compare the given probabilities. However, the direct comparison requires understanding these probabilities in the context of their respective groups (smoking vs. nonsmoking mothers).

## Step 6: Calculate the probability of normal birth weight for nonsmoking mothers
Since 71% of mothers are nonsmoking and 41% of all mothers are nonsmoking with normal birth weight, it implies that the probability of normal birth weight among nonsmoking mothers is the given 41% divided by the percentage of nonsmoking mothers (71%), because 41% is the portion of nonsmoking mothers with normal birth weight out of all mothers.

## Step 7: Perform the calculation for nonsmoking mothers
The probability of normal infant birth weight among nonsmoking mothers = 41% / 71% = 0.577 or approximately 57.7%.

## Step 8: Compare the calculated probabilities
For smoking mothers, the probability of normal infant birth weight is 3% out of 29%, which is 3% / 29% = approximately 10.34%. For nonsmoking mothers, we've found it to be approximately 57.7%.

## Step 9: Determine if the chance is larger for smoking mothers
The probability of normal infant birth weight for smoking mothers (approximately 10.34%) is less than that for nonsmoking mothers (approximately 57.7%).

The final answer is: $\boxed{No}$"
535,yes,"step by step. We are told that increased demand and increased yield per acre both lead to increased supply. Additionally, we know that either increased demand or increased supply results in increased price. The scenario we are examining involves a farm that has experienced an increase in yield per acre, but the demand is low. The question asks if, under these conditions, we would see a reduced price if there was a reduced supply instead of an increased supply.

First, let's consider the effect of increased yield per acre. Normally, this would lead to an increase in supply because more product is being produced from the same amount of land. However, the demand is described as low. Low demand means that the market's desire for the product is not high, which can affect the price and supply dynamics.

If the supply were reduced instead of increased (despite the higher yield per acre), this reduction could be due to various factors not directly related to the yield, such as production issues, policy changes, or deliberate supply chain adjustments. In a typical market scenario, reduced supply, especially when demand is low, might not necessarily lead to a significant increase in price because the demand is not strong enough to drive prices up. However, the relationship between supply, demand, and price is nuanced and can be influenced by many factors, including consumer behavior, substitute goods, and market expectations.

Given the low demand, the critical factor influencing price in this scenario would likely be the demand rather than the supply. If the supply is reduced but demand remains low, the price might not increase significantly because the market is not under pressure from high demand. Instead, the reduced supply could meet the low demand more closely, potentially stabilizing the price or even reducing it if the reduction in supply is not significant enough to outweigh the low demand.

2. Concise Step-by-Step Reasoning:
- Increased yield per acre typically increases supply.
- Low demand affects the supply and price dynamics.
- Reduced supply (despite increased yield) with low demand may stabilize or reduce price due to lack of market pressure from demand.
- The key factor influencing price in this scenario is the low demand.

3. Yes or no answer: Yes."
536,yes,"Step-by-Step Reasoning**
1. Identify the probability of college admission for nonsmokers: 66%.
2. Identify the probability of college admission for smokers: 36%.
3. Compare the probabilities to determine which group has a higher chance of college admission.
4. Conclude that smoking is associated with a lower probability of college admission if the smoker's probability is less than the nonsmoker's probability.

**Yes or No Answer**
No"
537,yes,"Step-by-Step Reasoning:**
1. Calculate the probability of the prisoner being executed and dying: 69% * 64% = 44.16%.
2. Calculate the probability of the prisoner being released and dying: 31% * 23% = 7.13%.
3. Add the probabilities of death in both scenarios to get the overall probability of death: 44.16% + 7.13% = 51.29%.
4. Compare the overall probability of death (51.29%) to the probability of being alive (100% - 51.29% = 48.71%).

**Yes or No Answer:** No"
538,yes,"Step-by-Step Reasoning**:
   - Identify the probability of long lifespan for normal weight people: 59%.
   - Identify the probability of long lifespan for obese people: 79%.
   - Compare the two probabilities to determine the effect of obesity on the chance of long lifespan.
   - Since 79% is greater than 59%, obesity is associated with an increased probability of long lifespan based on the given data.

3. **Yes or No Answer**: No"
539,yes,"Step-by-Step Reasoning:
- Rainy season causes rain.
- Rainy season also causes the sprinkler to be on.
- The combination of rain and sprinkler on leads to wet ground.
- Therefore, during rainy season, both conditions for wet ground are met.

3. Yes or No Answer: Yes"
540,yes,"Step-by-Step Reasoning:**
1. Identify the potential confounding variable: Smoking is a known risk factor for lung cancer.
2. Consider how each method accounts for the confounding variable: Method 1 does not account for smoking status, while Method 2 does by analyzing the correlation case by case according to smoking status.
3. Determine the potential impact of not accounting for the confounding variable: Failing to account for smoking status could lead to biased estimates of the gene's effect on lung cancer risk.
4. Choose the method that better controls for the confounding variable: Method 2 is more appropriate because it accounts for smoking status.

**Yes or No Answer:** No"
541,yes,"Step-by-Step Reasoning:**
1. Understand the given correlation coefficient (0.20) and its implications.
2. Recognize that a correlation of 0.20 indicates a weak positive relationship.
3. Acknowledge that a weak relationship does not mean no relationship.
4. Consider that other factors may influence attractive appearance more significantly than kindness.
5. Conclude that kindness may still have some effect on attractive appearance, despite the weak correlation.

**Yes or No Answer:** No"
542,yes,"Step-by-Step Reasoning:**
1. The person's distance from college suggests they might not have a college degree or higher.
2. However, we're considering a scenario where they do have a college degree or higher.
3. With a college degree or higher and an active confounder, the conditions for a high salary are met according to the given causal relationships.

**Yes or No Answer:** Yes"
543,yes,"Step-by-Step Reasoning**
1. Understand the correlation coefficient: The correlation coefficient of -0.66 indicates a moderate negative linear relationship between attractive appearance and talent.
2. Consider the implications of correlation: Correlation does not imply causation, and other factors may influence the relationship between attractive appearance and talent.
3. Analyze potential confounding variables: Other factors like profession or industry can affect both attractive appearance and talent, making the relationship complex.

**Yes or No Answer**
No"
544,yes,"Step-by-Step Reasoning**:
   - Calculate the probability of being non-male: 100% - 48% = 52%.
   - Calculate the probability of high salary among non-males: 53% * 52%.
   - Calculate the probability of high salary among males: 78% * 48%.
   - Add these probabilities to find the overall probability of high salary.
   - Compare this overall probability to 50% to determine if high salary is more likely.

3. **Yes or No Answer**: Yes."
545,yes,"Step-by-Step Reasoning:
- Identify the given probabilities: 60% for not consuming citrus and 74% for consuming citrus.
- Understand the question is asking for a comparison under a specific condition (consumption of citrus) to a hypothetical opposite condition (not consuming citrus).
- Recognize the question is about the conditional probability or the likelihood under specific circumstances, not a direct comparison of the given probabilities.
- Since we're asked if it would be more likely to see scurvy if the patient had not consumed citrus, given they are consuming it, we must consider the context of the condition (citrus consumption) and its impact on the probability.

3. Yes or No Answer: No"
546,yes,"Step-by-step reasoning:
1. Identify given probabilities: 15% smoking mothers, 53% nonsmoking mothers with normal infant birth weight, 5% smoking mothers with normal infant birth weight.
2. Calculate the proportion of smoking mothers with normal birth weight infants: 5% / 15% = 33.33%.
3. Recognize that the 53% figure for nonsmoking mothers with normal birth weight infants is a subset of all mothers and implies a higher overall rate of normal birth weights among nonsmokers compared to the calculated proportion among smokers.

Yes or no answer: Yes."
547,yes,"Step-by-Step Reasoning:
- Identify the given probabilities for wet ground in both dry and rainy seasons.
- Recognize the question asks for a conditional probability that seems to mix conditions (rainy season with characteristics of a dry season).
- Understand that the provided probabilities do not directly support calculating the conditional scenario described.
- Acknowledge the question's apparent logical inconsistency or trick regarding the conditions.

3. Yes or No Answer: No"
548,yes,"Step-by-Step Reasoning**:
   - Calculate the probability of not having a college degree: 100% - 35% = 65%.
   - Calculate the probability of high salary without a college degree: 65% * 25% = 16.25%.
   - Calculate the probability of high salary with a college degree or higher: 35% * 94% = 32.9%.
   - Calculate the overall probability of high salary: 16.25% + 32.9% = 49.15%.
   - Compare the overall probability of high salary (49.15%) to the probability of low salary (50.85%).
3. **Yes or No Answer**: Yes."
549,yes,"step-by-step reasoning: 
1. Identify the probabilities for male and non-male admission acceptance.
2. Compare these probabilities to determine the relationship between gender and admission acceptance chance.
3. Conclude based on the comparison whether being male increases the chance of admission acceptance.

The final answer is: $\boxed{Yes}$"
550,yes,"Step-by-Step Reasoning:**
1. Calculate the overall probability of arriving to school on time, \(P(OT)\).
2. Calculate the probability of arriving to school on time given that one wakes up late, \(P(OT|L)\).
3. Compare \(P(OT|L)\) to \(P(OT)\) to assess if arriving on time is less likely when waking up late.

**Yes or No Answer:**
No."
551,yes,"Step-by-step reasoning:
1. Calculate the probability of being female: 100% - 47% = 53%.
2. Calculate the weighted probability of high salary for males: 47% * 78% = 36.66%.
3. Calculate the weighted probability of high salary for females: 53% * 39% = 20.67%.
4. Add the weighted probabilities to find the overall probability of high salary: 36.66% + 20.67% = 57.33%.
5. Compare the overall probability of high salary (57.33%) to 50% to determine if high salary is more or less likely than low salary.

Yes or no answer: No."
552,yes,"Step-by-Step Reasoning**:
    - Analyze the probability of the alarm ringing based on the husband's action alone.
    - Compare the scenarios where the husband sets the alarm versus where he doesn't, across different wife's actions.
    - Consider the overall impact of the husband's action on the alarm ringing, disregarding the wife's mediation effect.

3. **Yes or No Answer**: No."
553,yes,"Step-by-Step Reasoning:
- The captain's order to execute leads to the corporal shooting and the private not shooting.
- The prisoner's death requires both the corporal and the private to shoot.
- Changing the captain's order to release would logically alter the conditions that lead to shooting.
- The original conditions for the prisoner's death are not met under the execution order due to the private not shooting.
- Therefore, changing the order to release does not directly lead to the conditions that cause the prisoner's death as initially described.

3. Yes or no answer: No"
554,no,"## Step 1: Understand the given conditions
We are given that being female causes smoking, smoking causes the absence of tar deposit, and either being female or having high tar deposit causes lung cancer. We also know the person in question is female.

## Step 2: Apply the conditions to the scenario
Given that the person is female, according to the first condition, this would cause smoking. However, the direct relationship between being female and smoking is not the focus but rather how these conditions affect the presence of lung cancer.

## Step 3: Analyze the effect of smoking on tar deposit
Smoking leads to the absence of tar deposit. This is a critical point because the presence of high tar deposit is one of the causes of lung cancer, alongside being female.

## Step 4: Determine the impact on lung cancer
Since smoking leads to the absence of tar deposit, and high tar deposit is a cause of lung cancer, smoking would actually reduce the risk associated with tar deposit-related lung cancer. However, being female is also a cause of lung cancer according to the given conditions.

## Step 5: Consider the combined effect of being female and smoking
Being female is a direct cause of lung cancer, but smoking reduces the risk associated with tar deposit. The question is whether smoking instead of nonsmoking would result in no lung cancer for a female.

## Step 6: Conclude based on the given conditions
Given that being female directly causes lung cancer and smoking only addresses the tar deposit aspect (which is not the only cause of lung cancer in this scenario), smoking does not necessarily eliminate the risk of lung cancer caused by being female.

The final answer is: $\boxed{No}$"
555,yes,"## Step 1: Understand the given probabilities
The problem provides us with the probabilities of admission acceptance based on gender and department competitiveness. For individuals who are not male, the probability of admission acceptance is 75% for non-competitive departments and 37% for competitive departments. For males, the probability of admission acceptance is 72% for non-competitive departments and 21% for competitive departments.

## Step 2: Calculate the overall probability of admission acceptance for non-males and males
To determine if gender positively affects admission status through department competitiveness, we need to calculate the overall probability of admission acceptance for both non-males and males. This involves considering the probability of being in a competitive or non-competitive department and the corresponding admission acceptance probabilities.

## Step 3: Calculate the weighted average of admission acceptance probabilities for non-males
For non-males, the probability of being in a competitive department is 85%, and in a non-competitive department is 15% (since 100% - 85% = 15%). The weighted average of admission acceptance probabilities for non-males is (0.85 * 0.37) + (0.15 * 0.75).

## Step 4: Calculate the weighted average of admission acceptance probabilities for males
For males, the probability of being in a competitive department is 49%, and in a non-competitive department is 51% (since 100% - 49% = 51%). The weighted average of admission acceptance probabilities for males is (0.49 * 0.21) + (0.51 * 0.72).

## Step 5: Perform the calculations for non-males
Weighted average for non-males = (0.85 * 0.37) + (0.15 * 0.75) = 0.3145 + 0.1125 = 0.427.

## Step 6: Perform the calculations for males
Weighted average for males = (0.49 * 0.21) + (0.51 * 0.72) = 0.1029 + 0.3672 = 0.4701.

## Step 7: Compare the weighted averages
Comparing the weighted averages, we see that the overall probability of admission acceptance is higher for males (0.4701) than for non-males (0.427).

## Step 8: Determine the effect of gender on admission status
Since the overall probability of admission acceptance is higher for males than for non-males when considering department competitiveness, it suggests that gender does have an effect on admission status, with being male potentially having a positive effect in this context.

The final answer is: $\boxed{Yes}$"
556,yes,"Step-by-Step Reasoning:**
1. Identify the probabilities of long lifespan for both groups: normal weight people have a 68% chance, and obese people have a 37% chance.
2. Compare the probabilities to determine which group has a higher chance of long lifespan.
3. Since 68% is greater than 37%, normal weight people have a higher chance of long lifespan than obese people.
4. Conclude that obesity does not increase the chance of long lifespan based on the comparison.

**Yes or No Answer:** No"
557,yes,"Step-by-Step Reasoning:**
1. Identify the probability of a healthy heart for people not taking medication: 38%.
2. Identify the probability of a healthy heart for people taking medication: 61%.
3. Compare the two probabilities to determine the effect of medication on the likelihood of having a healthy heart.
4. Since 61% (with medication) is greater than 38% (without medication), taking medication increases the likelihood of a healthy heart.

**Yes or No Answer:** No"
558,yes,"Step-by-step reasoning:
1. **Identify the variables involved**: Smoking, tar deposit, and lung cancer.
2. **Understand the relationship**: Smoking leads to tar deposit, which is a known risk factor for lung cancer.
3. **Compare methods**: Method 1 analyzes the correlation on a case-by-case basis focusing on tar deposit, while Method 2 looks at the general correlation without specifying the role of tar deposit.
4. **Evaluate the approach**: Method 1 provides a detailed examination of the causal pathway, including the specific impact of tar deposits.

Yes or no answer: Yes."
559,yes,"Step-by-Step Reasoning**:
- Identify the cause of scurvy: Lack of vitamin C.
- Recognize the vitamin C content in citrus fruits.
- Compare the probabilities of scurvy in patients consuming and not consuming citrus.
- Determine if the difference in probabilities indicates a positive effect of citrus consumption on scurvy incidence.

3. **Yes or No Answer**: Yes"
560,no,"step-by-step reasoning:
1. Identify the probabilities for males and non-males.
2. Compare these probabilities to determine the effect of being male on admission acceptance.
3. Analyze the comparison to conclude whether being male increases or decreases the chance of admission acceptance.
4. Draw a conclusion based on the analysis.

The final answer is: $\boxed{No}$"
561,yes,"Step-by-Step Reasoning:**
1. Calculate the probability of not taking all assigned drugs: 100% - 42% = 58%.
2. Calculate the contribution to the overall probability of low cholesterol from those who took all drugs: 0.12 * 0.42.
3. Calculate the contribution to the overall probability of low cholesterol from those who did not take all drugs: 0.22 * 0.58.
4. Sum the contributions to find the overall probability of low cholesterol: 0.0504 + 0.1276 = 0.178 or 17.8%.
5. Determine the probability of high cholesterol: 100% - 17.8% = 82.2%.
6. Compare the probabilities to conclude that high cholesterol is more likely.

**Yes or No Answer:** No"
562,yes,"Step-by-Step Reasoning:**
1. Calculate the probability of recovery for young and old patients separately with low and high hospital bills.
2. Use the overall probability of old age to weight these probabilities.
3. Calculate the overall probability of recovery with low and high hospital bills.
4. Compare these probabilities to determine if a high hospital bill increases the chance of recovery.

**Yes or No Answer:** Yes"
563,yes,"Step-by-Step Reasoning:**
1. Calculate the probability of penguin death for happy and sad penguins taking the stairs.
2. Calculate the overall probability of penguin death for those taking the stairs.
3. Calculate the probability of penguin death for happy and sad penguins taking the elevator.
4. Calculate the overall probability of penguin death for those taking the elevator.
5. Compare the overall probabilities to determine the safer option for penguin survival.

**Yes or No Answer:** Yes"
564,yes,"Step-by-step reasoning:
1. Consider the complexity of the captain-prisoner relationship.
2. Recognize the potential for varied influences on this relationship in different cases.
3. Evaluate the benefits of a detailed, case-by-case analysis (Method 1) versus a generalized approach (Method 2).
4. Determine that a detailed analysis provides more comprehensive insights into the relationship's dynamics.

Yes."
565,no,"step-by-step reasoning:
1. Identify given probabilities.
2. Understand the question's aim.
3. Recognize the need for comparative probabilities.
4. Analyze provided data for relevant comparisons.
5. Conclude based on available information and question framing.

The final answer is: $\boxed{No}$"
566,yes,"Step-by-Step Reasoning:**
1. Identify the goal: Understand the causal relationship between education level and salary.
2. Recognize the problem of confounders: Variables that can distort the observed relationship between education and salary.
3. Evaluate Method 1: It accounts for unobserved confounders on a case-by-case basis to isolate the effect of education.
4. Evaluate Method 2: It does not account for confounders, potentially leading to misleading conclusions about causality.
5. Conclusion: Method 1 is preferable for understanding the effect of education on salary because it addresses the issue of confounders.

**Yes or No Answer:** Yes"
567,yes,"## Step 1: Define the events and their probabilities
Let's denote the event of blowing out the candle as B and the event of a dark room as D. We're given:
- P(B) = 43% (probability of blowing out the candle)
- P(not B and D) = 22% (probability of not blowing out the candle and dark room)
- P(B and D) = 31% (probability of blowing out the candle and dark room)

## Step 2: Determine the probability of a dark room given that the candle is blown out
To find if the chance of a dark room is larger when observing blowing out the candle, we need to calculate the conditional probability P(D|B), which is the probability of a dark room given that the candle is blown out.

## Step 3: Apply the formula for conditional probability
The formula for conditional probability is P(D|B) = P(B and D) / P(B). We already have P(B and D) = 31% and P(B) = 43%.

## Step 4: Calculate P(D|B)
P(D|B) = 31% / 43% = 0.721 (or approximately 72.1%)

## Step 5: Compare with the overall probability of a dark room to determine if it's larger
However, to assess if the chance of a dark room is larger when the candle is blown out, we should compare P(D|B) with the overall probability of a dark room, P(D). But since we don't directly have P(D), we can infer from the given data that P(D) includes both P(B and D) and P(not B and D), thus P(D) = P(B and D) + P(not B and D) = 31% + 22% = 53%.

## Step 6: Calculate the probability of a dark room without the condition
Given P(D) = 53%, we can see this is the total probability of having a dark room regardless of the candle being blown out.

## Step 7: Determine if P(D|B) indicates a larger chance of a dark room when the candle is blown out
Since P(D|B) = 72.1% is larger than the overall probability of a dark room without any condition (which isn't directly comparable as we actually need the probability of a dark room without the condition of blowing the candle to make a proper comparison), the misunderstanding in step 5 leads us to recognize we actually compare the conditional probability to the unconditional probability of the dark room when the candle is not blown out, which isn't directly provided.

## Step 8: Correct the comparison basis
The actual question is whether the probability of a dark room increases when we know the candle is blown out. The correct comparison should involve understanding that if the probability of a dark room given the candle is blown out [P(D|B)] is greater than the probability of a dark room given the candle is not blown out [P(D|not B)], then yes, the chance of a dark room is larger when observing the candle being blown out.

## Step 9: Calculate P(D|not B)
Given P(not B and D) = 22% and the need to find P(not B), we recognize P(B) + P(not B) = 1, thus P(not B) = 1 - P(B) = 1 - 43% = 57%. Therefore, P(D|not B) = P(not B and D) / P(not B) = 22% / 57% = 0.386 (or approximately 38.6%).

## Step 10: Compare P(D|B) and P(D|not B)
P(D|B) = 72.1% is indeed larger than P(D|not B) = 38.6%, indicating the probability of a dark room is larger when the candle is blown out compared to when it's not.

The final answer is: $\boxed{Yes}$"
568,no,"Step-by-Step Reasoning**:
- Calculate \(P(\text{Polluted}) = 1 - P(\text{Clean})\).
- Find \(P(C|\text{Clean})\) using \(P(\text{Clean and }C)\) and \(P(\text{Clean})\).
- Calculate \(P(C)\) by summing \(P(\text{Clean and }C)\) and \(P(\text{Polluted and }C)\).
- Compare \(P(C|\text{Clean})\) to \(P(C)\) to determine if the chance of cholera contraction is larger when observing clean water.

3. **Yes or No Answer**: 
Given \(P(C|\text{Clean}) \approx 0.424\) and \(P(C) = 0.67\), \(P(C|\text{Clean}) < P(C)\), so the answer is **No**."
569,yes,"Step-by-Step Reasoning:**
1. Identify the probabilities of a child being intelligent based on parental intelligence.
2. Compare these probabilities to determine if there's a positive relationship between parental intelligence and child intelligence.
3. Consider the role of social status and the confounder to ensure they do not negate the observed relationship.
4. Conclude based on the direct relationship observed between parental intelligence and child intelligence.

**Yes or No Answer:** Yes"
570,yes,"step-by-step reasoning:
1. Calculate the overall probability of penguin death for those taking the stairs using the given probabilities.
2. Calculate the overall probability of penguin death for those taking the elevator using the given probabilities.
3. Compare the two overall probabilities to determine which option results in a lower probability of penguin death.

Yes or no answer: No."
571,yes,"Step-by-Step Reasoning:**
1. Identify the probabilities of long lifespan for normal weight and obese individuals with and without diabetes.
2. Note the absence of direct data on smoking's impact on lifespan without considering diabetes.
3. Recognize that obesity is associated with lower probabilities of long lifespan in all given scenarios.
4. Conclude that, based on available data, obesity does not have a positive effect on lifespan when disregarding the mediation effect through diabetes.

**Yes or No Answer:**
No."
572,yes,"Step-by-Step Reasoning:**
1. Understand the given correlation coefficient (-0.09) and its implications.
2. Recognize that correlation does not imply causation.
3. Consider the population being studied (famous people) and potential limitations.
4. Analyze the weak negative correlation and its possible interpretations.
5. Conclude that the correlation coefficient alone does not provide sufficient evidence to determine the effect of attractive appearance on talent.

**Yes or No Answer:** No"
573,no,"## Step 1: Determine the overall probability of penguin death for those who take the stairs.
To find the overall probability of penguin death for those who take the stairs, we need to consider both the probabilities of penguin death for sad and happy penguins and weight them by the probability of a penguin being sad or happy. The probability of a penguin being happy when taking the stairs is 71%, and thus the probability of a penguin being sad is 100% - 71% = 29%. The probability of death for happy penguins taking the stairs is 80%, and for sad penguins, it is 37%.

## Step 2: Calculate the weighted probability of penguin death for those who take the stairs.
The weighted probability of penguin death for those taking the stairs = (Probability of being happy * Probability of death if happy) + (Probability of being sad * Probability of death if sad) = (0.71 * 0.80) + (0.29 * 0.37).

## Step 3: Perform the calculation for the stairs scenario.
Weighted probability for stairs = (0.71 * 0.80) + (0.29 * 0.37) = 0.568 + 0.1073 = 0.6753 or 67.53%.

## Step 4: Determine the overall probability of penguin death for those who take the elevator.
Similar to step 1, for those who take the elevator, we consider the probabilities of penguin death for both sad and happy penguins, weighted by the probability of a penguin being sad or happy. The probability of a penguin being happy when taking the elevator is 39%, so the probability of a penguin being sad is 100% - 39% = 61%. The probability of death for happy penguins taking the elevator is 96%, and for sad penguins, it is 43%.

## Step 5: Calculate the weighted probability of penguin death for those who take the elevator.
The weighted probability of penguin death for those taking the elevator = (Probability of being happy * Probability of death if happy) + (Probability of being sad * Probability of death if sad) = (0.39 * 0.96) + (0.61 * 0.43).

## Step 6: Perform the calculation for the elevator scenario.
Weighted probability for elevator = (0.39 * 0.96) + (0.61 * 0.43) = 0.3744 + 0.2623 = 0.6367 or 63.67%.

## Step 7: Compare the probabilities of penguin death for both scenarios to determine if choosing the stairs positively affects penguin survival.
If the probability of penguin death is lower for those who take the stairs compared to those who take the elevator, then choosing the stairs would positively affect penguin survival.

## Step 8: Conclusion based on calculations.
Since 67.53% (stairs) is greater than 63.67% (elevator), choosing the stairs does not positively affect penguin survival in terms of reducing the overall probability of death.

The final answer is: $\boxed{No}$"
574,no,"Step-by-Step Reasoning:**
1. Understand the given probabilities for cholera contraction and clean water for both local and global water companies.
2. Recognize that clean water should logically decrease the risk of cholera.
3. Compare the probabilities and note that higher clean water probability correlates with lower cholera risk, suggesting clean water does not increase cholera risk.

**Answer:** No"
575,no,"Step-by-step reasoning:
1. Calculate the probability of being not male: 100% - 58% = 42%.
2. Calculate the probability of not male and high salary: 42% * 22% = 9.24%.
3. Calculate the probability of male and high salary: 58% * 62% = 35.96%.
4. Calculate the overall probability of high salary: 9.24% + 35.96% = 45.2%.
5. Compare the probability of high salary (45.2%) to the probability of low salary (54.8%).

Answer: No."
576,yes,"Step-by-Step Reasoning:**
1. Identify the probability of the alarm ringing when the husband doesn't set it: 72%.
2. Identify the probability of the alarm ringing when the husband does set it: 17%.
3. Compare the two probabilities to determine which scenario is more likely to result in the alarm ringing.
4. Since 72% is greater than 17%, the alarm is more likely to ring when the husband does not set it.

**Yes or No Answer:** Yes"
577,no,"## Step 1: Define the given probabilities
The probability of male gender (M) is 7%, or P(M) = 0.07. The probability of non-male gender (NM) is therefore 1 - P(M) = 1 - 0.07 = 0.93. The probability of non-male gender and admission acceptance (A) is P(NM ∩ A) = 53%, or 0.53. The probability of male gender and admission acceptance is P(M ∩ A) = 4%, or 0.04.

## Step 2: Calculate the probability of admission acceptance for non-male gender
To find the probability of admission acceptance given non-male gender, P(A|NM), we use the formula P(A|NM) = P(NM ∩ A) / P(NM). Substituting the given values, P(A|NM) = 0.53 / 0.93.

## Step 3: Calculate the probability of admission acceptance for male gender
To find the probability of admission acceptance given male gender, P(A|M), we use the formula P(A|M) = P(M ∩ A) / P(M). Substituting the given values, P(A|M) = 0.04 / 0.07.

## Step 4: Compare the probabilities of admission acceptance
We need to calculate P(A|NM) and P(A|M) to compare them. P(A|NM) = 0.53 / 0.93 ≈ 0.5699 and P(A|M) = 0.04 / 0.07 ≈ 0.5714.

## Step 5: Determine if the chance of admission acceptance is larger when observing male gender
Compare the calculated probabilities P(A|NM) and P(A|M) to determine if P(A|M) is larger.

The final answer is: $\boxed{No}$"
578,yes,"Step-by-step reasoning:
1. Calculate the probability of applying to a non-competitive department for both genders.
2. Calculate the overall admission rate for non-males by combining the probabilities of competitive and non-competitive department applications with their respective admission rates.
3. Calculate the overall admission rate for males using the same method as step 2.
4. Compare the overall admission rates for males and non-males to determine the effect of gender on admission status.

Yes or no answer: No"
579,no,"## Step 1: Understanding the given probabilities
The overall probability of kindness is 58%, which implies that the probability of meanness is 42% (since the probabilities of all possible outcomes must sum to 100%). The probability of attractive appearance is 40% for both people with mean personalities and those with kind personalities.

## Step 2: Calculating the probability of attractive appearance for mean and kind personalities
For mean personalities, the probability of being attractive is 40% of 42% (the probability of having a mean personality), which equals 0.4 * 0.42 = 0.168 or 16.8%. For kind personalities, the probability of being attractive is 40% of 58% (the probability of having a kind personality), which equals 0.4 * 0.58 = 0.232 or 23.2%.

## Step 3: Calculating the overall probability of attractive appearance
To find the overall probability of attractive appearance, we add the probabilities of being attractive for both mean and kind personalities: 16.8% + 23.2% = 40%.

## Step 4: Comparing the probability of attractive appearance to unattractive appearance
Since the probability of attractive appearance is 40%, the probability of unattractive appearance is 100% - 40% = 60%. This means that unattractive appearance is more likely than attractive appearance overall.

## Step 5: Conclusion
Based on the given probabilities, attractive appearance is not more likely than unattractive appearance overall.

The final answer is: $\boxed{No}$"
580,yes,"Step-by-Step Reasoning**:
- Calculate the weighted average probabilities of high and low social status for both intelligent and unintelligent parents.
- Use these to find the weighted average probabilities of an intelligent child for both scenarios.
- Compare these probabilities to determine the effect of parents' intelligence on child's intelligence.

3. **Yes or No Answer**: 
No, based on the calculations, the probability of a child being intelligent given unintelligent parents (approximately 61.69%) is higher than the probability given intelligent parents (approximately 47.36%), suggesting that, under the conditions provided and disregarding the mediation effect through parents' social status, parents' intelligence does not positively affect child's intelligence in this scenario."
581,yes,"Step-by-Step Reasoning:**
1. Identify the importance of accounting for unobserved confounders in analyzing the effect of education on salary.
2. Recognize that Method 1 considers these confounders on a case-by-case basis.
3. Understand that Method 2 does not account for these confounders, potentially leading to biased estimates.
4. Determine that a more accurate understanding of the relationship between education and salary requires accounting for individual and contextual factors.

**Yes or No Answer:** Yes"
582,no,"## Step 1: Understanding the given probabilities
The problem provides various probabilities related to infant mortality, birth weight, and maternal smoking status. We need to analyze these probabilities to determine if there's a negative effect of maternal smoking on infant mortality through birth weight.

## Step 2: Identifying relevant probabilities
For nonsmoking mothers, the probability of high infant mortality is 61% with low birth weight and 89% with normal birth weight. For smoking mothers, these probabilities are 24% and 59%, respectively. Additionally, we have probabilities of normal birth weight based on maternal smoking status and infant health.

## Step 3: Comparing probabilities
To assess the impact of maternal smoking on infant mortality through birth weight, we need to compare the probabilities of high infant mortality for smoking and nonsmoking mothers within each birth weight category. If the probability of high infant mortality is lower for smoking mothers compared to nonsmoking mothers in both low and normal birth weight categories, it suggests a negative effect of maternal smoking status on infant mortality through birth weight.

## Step 4: Analyzing the effect of maternal smoking
Given the probabilities, for low birth weight, the probability of high infant mortality is lower for smoking mothers (24%) than for nonsmoking mothers (61%). For normal birth weight, the probability of high infant mortality is also lower for smoking mothers (59%) than for nonsmoking mothers (89%). This indicates that maternal smoking status may have a complex relationship with infant mortality and birth weight.

## Step 5: Considering the probabilities of normal birth weight
The probabilities of normal birth weight for infants with smoking and nonsmoking mothers, considering their health, are also provided. However, the direct question is about the effect of maternal smoking on infant mortality through birth weight, not the probabilities of achieving normal birth weight.

## Step 6: Drawing a conclusion
Based on the provided probabilities, maternal smoking seems to be associated with lower probabilities of high infant mortality in both low and normal birth weight categories compared to nonsmoking mothers. This suggests that maternal smoking status does not negatively affect infant mortality through infant's birth weight in a straightforward manner as might be expected. Instead, the data provided indicates a more complex relationship where smoking mothers have lower rates of high infant mortality across both low and normal birth weight categories.

The final answer is: $\boxed{No}$"
583,yes,"Step-by-step reasoning:
1. Identify the probabilities given for each scenario.
2. Compare the probabilities to determine the relationship between the husband setting the alarm and the alarm ringing.
3. If the probability of the alarm ringing is lower when the husband sets the alarm, then setting the alarm decreases the chance of it ringing.

Yes or no answer: Yes."
584,yes,"Step-by-Step Reasoning:**
1. Identify the probabilities of survival for both unvaccinated and vaccinated individuals.
2. Compare these probabilities to determine if there is a difference.
3. If the probability of survival is higher for vaccinated individuals, conclude that vaccination increases the chance of survival.

**Yes or No Answer:**
Yes"
585,yes,"## Step 1: Understand the given probabilities and their conditions.
The problem provides various probabilities related to the intelligence of children based on their parents' intelligence, social status, and the status of a confounder. We need to analyze these probabilities to determine if there's a negative effect of parents' intelligence on child's intelligence when disregarding the mediation effect through parents' social status.

## Step 2: Calculate the overall probability of a child being intelligent when parents are unintelligent.
To find this, we need to consider both scenarios of high and low parental social status and their associated probabilities. However, since we are disregarding the mediation effect through parents' social status, we will directly compare the given probabilities for intelligent and unintelligent parents without calculating weighted averages based on social status.

## Step 3: Calculate the overall probability of a child being intelligent when parents are intelligent.
Similar to Step 2, we consider the scenarios for intelligent parents but focus on the direct comparison of probabilities given for intelligent parents.

## Step 4: Compare the probabilities to determine the effect of parents' intelligence on child's intelligence.
We compare the probabilities of a child being intelligent when parents are unintelligent versus when they are intelligent to assess if there's a negative effect.

## Step 5: Analyze the probabilities given for intelligent and unintelligent parents.
For unintelligent parents, the probability of an intelligent child is 60% (low social status) and 65% (high social status). For intelligent parents, the probabilities are 29% (low social status) and 22% (high social status). These probabilities suggest that, on average, children of unintelligent parents have a higher chance of being intelligent than children of intelligent parents, based on the provided numbers.

## Step 6: Consider the impact of the confounder.
The problem mentions the confounder's activity and its influence on parental social status but does not directly link it to the child's intelligence. Thus, we focus on the direct relationship between parents' intelligence and child's intelligence as provided.

## Step 7: Conclusion based on given probabilities.
Given the probabilities, children of unintelligent parents have a higher likelihood of being intelligent (60% and 65%) compared to children of intelligent parents (29% and 22%). This suggests a negative effect of parents' intelligence on child's intelligence when disregarding the mediation effect through parents' social status.

The final answer is: $\boxed{Yes}$"
586,no,"## Step 1: Determine the probability of long lifespan for normal weight and obese individuals without considering diabetes.
To assess whether obesity negatively affects lifespan without considering the mediation effect through diabetes, we first need to look at the probabilities of long lifespan for normal weight and obese individuals. For normal weight people without diabetes, the probability is 43%, and for obese people without diabetes, it's 48%.

## Step 2: Compare the probabilities of long lifespan for normal weight and obese individuals without diabetes.
Comparing these probabilities, 48% (obese without diabetes) is greater than 43% (normal weight without diabetes), suggesting that without considering diabetes, obesity might not negatively affect lifespan based on these specific percentages.

## Step 3: Consider the impact of smoking on diabetes and lifespan.
However, we also need to consider the impact of smoking, as it affects the probability of having diabetes and potentially lifespan. The probabilities of having diabetes vary by smoking status and weight, but the key factor is how smoking influences the overall calculation of lifespan probability.

## Step 4: Calculate the weighted average of long lifespan probabilities for normal weight and obese individuals considering smoking and diabetes.
Given the overall probability of being a smoker is 92%, and the probabilities of having diabetes vary, we would ideally calculate a weighted average of long lifespan probabilities for both normal weight and obese individuals, taking into account smoking and diabetes status. However, the question asks us to disregard the mediation effect through diabetes, simplifying our comparison to the direct probabilities of long lifespan.

## Step 5: Determine if obesity negatively affects lifespan without considering diabetes.
Since the direct comparison between normal weight (43%) and obese (48%) individuals without diabetes shows a higher probability of long lifespan for obese individuals, and considering the instructions to disregard the mediation effect through diabetes, the initial analysis suggests obesity does not negatively affect lifespan under these specific conditions.

## Step 6: Consider the overall context and question requirements.
The question specifically asks us to disregard the mediation effect through diabetes, which means we focus solely on the probabilities of long lifespan related to weight, without accounting for how diabetes (or its absence) mediates this relationship.

The final answer is: $\boxed{No}$"
587,yes,"## Step 1: Understand the given probabilities
The probability of admission acceptance for individuals who are not male is 57%, and for individuals who are male, it is 68%.

## Step 2: Compare the probabilities
Comparing the two probabilities, 68% (for males) is greater than 57% (for non-males).

## Step 3: Determine the effect of not being male on admission acceptance for a male individual
If a male individual had not been male, their probability of admission acceptance would be 57%, which is less than the 68% they have as a male.

## Step 4: Conclusion based on probability comparison
Given that 68% is greater than 57%, it would indeed be less likely for a male individual to see admission acceptance if they had not been male, because their probability of acceptance would decrease from 68% to 57%.

The final answer is: $\boxed{Yes}$"
588,yes,"step-by-step reasoning:
1. Define given probabilities for male gender, non-male gender, and their respective admission acceptances.
2. Calculate conditional probabilities for admission acceptance given non-male and male genders.
3. Compare these conditional probabilities to determine which gender has a smaller chance of admission acceptance.
4. Based on calculations, male gender has a lower probability of admission acceptance.
5. Conclusion that the chance of admission acceptance is indeed smaller for male gender.

The final answer is: $\boxed{Yes}$"
589,yes,"Step-by-step reasoning:
1. Consider the complexity of the relationship between the husband and the alarm clock.
2. Evaluate the importance of context and specific circumstances.
3. Recognize the potential for nuanced interactions that might be overlooked by a generalized approach.
4. Determine that a detailed, case-by-case analysis (Method 1) is more likely to capture these nuances than a general correlation (Method 2).

Yes."
590,yes,"Step-by-Step Reasoning:**
1. Consider the potential impact of age on the relationship between hospital costs and recovery outcomes.
2. Recognize that Method 1 allows for age-specific analysis, which can reveal unique patterns or trends.
3. Acknowledge that Method 2 provides a general overview but may overlook critical age-related differences.
4. Determine that understanding these differences is crucial for effective, targeted healthcare interventions.

**Yes or No Answer:** Yes"
591,yes,"Step-by-step reasoning:
1. Calculate the probability of being a nonsmoker.
2. Calculate the probability of college admission for smokers and nonsmokers separately.
3. Combine these probabilities to find the overall probability of college admission.
4. Compare the overall probability of college admission with 50% to determine if admission is more or less likely than rejection.

Yes or no answer: No."
592,yes,"Step-by-Step Reasoning:
- The captain's order to execute leads to the corporal shooting and the private not shooting.
- Shooting by either the corporal or the private causes the prisoner's death.
- If the captain orders release instead, neither the corporal nor the private shoots.
- Without shooting, the prisoner does not die from these actions.

3. Yes or No Answer: Yes"
593,yes,"Step-by-Step Reasoning:**
1. Identify the probabilities of increased price and supply for both reduced and increased crop yield scenarios.
2. Compare the probabilities of increased price in both scenarios.
3. Apply the economic principle that increased supply typically leads to decreased prices, assuming demand remains constant.
4. Conclude based on the comparison and the economic principle.

**Yes or No Answer:** Yes"
594,yes,"## Step 1: Define the probabilities given in the problem.
- Probability of manager signing the termination letter = 43% or 0.43 (P(S))
- Probability of manager not signing the termination letter and employee being fired = 16% or 0.16 (P(NF))
- Probability of manager signing the termination letter and employee being fired = 28% or 0.28 (P(SF))

## Step 2: Determine the probability of the employee being fired.
To find the total probability of the employee being fired, we need to sum the probabilities of the employee being fired in both scenarios: when the manager signs the termination letter and when the manager does not sign the termination letter.
- Probability of employee being fired when manager signs the letter = 28% or 0.28 (P(SF))
- Probability of employee being fired when manager does not sign the letter = 16% or 0.16 (P(NF))
- Total probability of employee being fired = P(SF) + P(NF) = 0.28 + 0.16 = 0.44 or 44%

## Step 3: Calculate the probability of the employee being fired given that the manager signs the termination letter.
This is a conditional probability problem. We want to find P(F|S), the probability of the employee being fired given that the manager signs the termination letter.
- Formula for conditional probability: P(F|S) = P(SF) / P(S)
- P(F|S) = 0.28 / 0.43

## Step 4: Perform the calculation for P(F|S).
P(F|S) = 0.28 / 0.43 ≈ 0.651 or 65.1%

## Step 5: Compare the probability of the employee being fired given that the manager signs the termination letter to the overall probability of the employee being fired.
- Overall probability of being fired = 44%
- Probability of being fired given the manager signs the letter = 65.1%

## Step 6: Determine if the chance of the employee being fired is larger when observing the manager signing the termination letter.
Since 65.1% (probability of being fired given the manager signs) is greater than 44% (overall probability of being fired), the chance of the employee being fired is indeed larger when the manager signs the termination letter.

The final answer is: $\boxed{Yes}$"
595,yes,"Step-by-Step Reasoning:**
1. Compare the probabilities of a healthy heart for individuals with low versus high blood pressure, both on and off medication.
2. Evaluate how medication affects these probabilities.
3. Consider the effect of medication on the incidence of high blood pressure.
4. Synthesize the information to determine the overall impact of medication on heart health through blood pressure.

**Yes or No Answer:** Yes"
596,no,"## Step 1: Understanding the given probabilities
To determine if maternal smoking status positively affects infant mortality when disregarding the mediation effect through infant's birth weight, we need to understand the given probabilities. There are eight scenarios provided, each with a different combination of maternal smoking status, infant birth weight, and infant health status, along with the associated probabilities of high infant mortality.

## Step 2: Identifying relevant probabilities
The relevant probabilities for determining the effect of maternal smoking on infant mortality, without considering birth weight as a mediator, are:
- For nonsmoking mothers and low birth weight: 57% probability of high infant mortality.
- For nonsmoking mothers and normal birth weight: 78% probability of high infant mortality.
- For smoking mothers and low birth weight: 32% probability of high infant mortality.
- For smoking mothers and normal birth weight: 55% probability of high infant mortality.

## Step 3: Calculating weighted average probabilities
To compare the overall effect of maternal smoking on infant mortality without considering birth weight, we need to calculate the weighted average probabilities of high infant mortality for both nonsmoking and smoking mothers. However, the direct comparison is complex due to the different probabilities associated with low and normal birth weights. We must also consider the probabilities of normal birth weight for each scenario to accurately weigh these probabilities.

## Step 4: Assessing the impact of maternal smoking
Given the probabilities of normal birth weight for infants with nonsmoking and smoking mothers, and considering both poor and good health, we see that smoking mothers have a higher probability of having infants with normal birth weight, especially those with poor health (95%). However, the direct question is about the impact on infant mortality.

## Step 5: Determining the positive effect
A positive effect in this context means an increase in infant mortality due to maternal smoking. We need to compare the scenarios to see if, on average, maternal smoking increases the probability of high infant mortality when not considering birth weight as a mediator.

## Step 6: Comparing scenarios
Comparing the probabilities:
- Nonsmoking mothers have 57% (low birth weight) and 78% (normal birth weight) probabilities.
- Smoking mothers have 32% (low birth weight) and 55% (normal birth weight) probabilities.
Given these numbers, smoking mothers have lower probabilities of high infant mortality in both low and normal birth weight scenarios compared to nonsmoking mothers.

## Step 7: Conclusion
Based on the provided probabilities, maternal smoking status does not positively affect infant mortality in the sense of increasing it when disregarding the mediation effect through infant's birth weight. In fact, the probabilities suggest the opposite: maternal smoking is associated with lower probabilities of high infant mortality in the given scenarios.

The final answer is: $\boxed{No}$"
597,yes,"Step-by-Step Reasoning**:
1. Identify the probabilities of high exam scores for each group based on encouragement and study habits.
2. Calculate the probability of studying hard and not studying hard for both encouraged and non-encouraged students.
3. Compute the overall probability of a high exam score for each group by combining the probabilities of studying hard and not studying hard.
4. Compare the overall probabilities to determine the effect of encouragement.

**Yes or No Answer**: No."
598,yes,"Step-by-Step Reasoning:**
1. Determine the probability of taking the stairs (100% - 10% = 90%).
2. Calculate the contribution to penguin death from stair-takers (0.9 * 0.64).
3. Calculate the contribution to penguin death from elevator-takers (0.1 * 0.25).
4. Add the contributions to find the overall probability of penguin death (0.576 + 0.025 = 0.601).
5. Compare the overall probability of penguin death to the probability of penguin survival.

**Yes or No Answer:** Yes"
599,yes,"Step-by-step reasoning:
1. Identify the probabilities of penguin death based on mood and transportation choice.
2. Calculate the probability of penguin happiness and sadness for each transportation choice.
3. Compute the weighted average of death probabilities for happy and sad penguins in each scenario.
4. Compare the overall probabilities of penguin death for the stairs and elevator options.

Yes or no answer: No."
600,no,"## Step 1: Understand the probabilities given for nonsmokers and smokers regarding college admission.
The probability of college admission for nonsmokers is 76%, and for smokers, it is 22%.

## Step 2: Compare the probabilities to determine the likelihood of college admission for smokers versus nonsmokers.
Since 76% is greater than 22%, it is more likely for a nonsmoker to be admitted to college than a smoker.

## Step 3: Determine if it would be less likely for a smoker to see college admission if they had been a nonsmoker.
Given that the probability of admission is higher for nonsmokers, if a smoker had been a nonsmoker, their chance of admission would theoretically increase, not decrease. Therefore, it would be less likely for them to experience the lower likelihood of admission associated with being a smoker.

## Step 4: Conclude based on the comparison and the logical outcome of changing the condition from smoker to nonsmoker.
Since being a nonsmoker increases the probability of college admission compared to being a smoker, a smoker would indeed experience a higher likelihood of admission if they were a nonsmoker. Thus, the premise that it would be less likely for them to see college admission if they had been a nonsmoker is incorrect because their chances would actually improve.

The final answer is: $\boxed{No}$"
601,yes,"step-by-step reasoning:
1. Identify the given probabilities for lung cancer in both groups.
2. Compare these probabilities to determine the relationship between the smoking gene and lung cancer risk.
3. Calculate the difference in probabilities to quantify the increase in risk.
4. Interpret the results to conclude the effect of the smoking gene on lung cancer risk.

The final answer is: $\boxed{Yes}$"
602,yes,"Step-by-Step Reasoning:**
1. Calculate the probability of the dry season: 100% - 98% = 2%.
2. Calculate the contribution of the rainy season to the overall probability of wet ground: 98% * 38%.
3. Calculate the contribution of the dry season to the overall probability of wet ground: 2% * 41%.
4. Add the contributions of both seasons to find the overall probability of wet ground.
5. Compare the overall probability of wet ground to 50% to determine if it's more likely than dry ground.

**Yes or No Answer:** No"
603,no,"## Step 1: Understand the given probabilities
We are given several probabilities related to heart health, medication, and blood pressure. These include:
- The probability of a healthy heart for individuals not taking medication with low blood pressure: 44%.
- The probability of a healthy heart for individuals not taking medication with high blood pressure: 71%.
- The probability of a healthy heart for individuals taking medication with low blood pressure: 9%.
- The probability of a healthy heart for individuals taking medication with high blood pressure: 35%.
- The probability of high blood pressure for individuals not taking medication: 47%.
- The probability of high blood pressure for individuals taking medication: 73%.

## Step 2: Calculate the overall probability of a healthy heart for individuals not taking medication
To find the overall probability of a healthy heart for those not taking medication, we need to consider both the low and high blood pressure scenarios and their respective probabilities.
- Probability of low blood pressure for those not taking medication: 100% - 47% = 53%.
- Probability of a healthy heart for those not taking medication with low blood pressure: 44%.
- Probability of a healthy heart for those not taking medication with high blood pressure: 71%.
The overall probability of a healthy heart for individuals not taking medication can be calculated as: (53% * 44%) + (47% * 71%).

## Step 3: Perform the calculation for individuals not taking medication
Calculation: (0.53 * 0.44) + (0.47 * 0.71) = 0.232 + 0.333 = 0.565 or 56.5%.

## Step 4: Calculate the overall probability of a healthy heart for individuals taking medication
Similar to step 2, but for those taking medication:
- Probability of low blood pressure for those taking medication: 100% - 73% = 27%.
- Probability of a healthy heart for those taking medication with low blood pressure: 9%.
- Probability of a healthy heart for those taking medication with high blood pressure: 35%.
The overall probability of a healthy heart for individuals taking medication can be calculated as: (27% * 9%) + (73% * 35%).

## Step 5: Perform the calculation for individuals taking medication
Calculation: (0.27 * 0.09) + (0.73 * 0.35) = 0.0243 + 0.2555 = 0.2798 or approximately 28%.

## Step 6: Compare the overall probabilities to determine the effect of medication
By comparing the overall probability of a healthy heart for individuals not taking medication (56.5%) to those taking medication (approximately 28%), we can determine if medication has a positive effect on heart condition when disregarding its effect through blood pressure.

## Step 7: Conclusion based on comparison
Since 56.5% (not taking medication) is greater than 28% (taking medication), medication does not positively affect heart condition when disregarding its effect through blood pressure.

The final answer is: $\boxed{No}$"
604,yes,"Step-by-step reasoning:**
1. Calculate the probability of recovery for patients receiving treatment: 0.52 * 0.64.
2. Calculate the probability of recovery for patients not receiving treatment: 0.48 * 0.46.
3. Sum these probabilities to find the overall probability of recovery: 0.3328 + 0.2208 = 0.5536.
4. Compare the overall probability of recovery (55.36%) to the probability of non-recovery (44.64%).

**Yes or no answer:** No"
605,yes,"Step-by-step reasoning:
1. Calculate the probability of no tar deposit for both nonsmokers and smokers.
2. Calculate the overall probability of lung cancer for nonsmokers by considering the scenarios of high and no tar deposit.
3. Calculate the overall probability of lung cancer for smokers by considering the scenarios of high and no tar deposit.
4. Compare the probabilities of lung cancer for smokers and nonsmokers to determine if smoking decreases the chance of lung cancer.

Yes or no answer: No."
606,no,"## Step 1: Define the given probabilities
The overall probability of blowing out the candle is 10%, which can be represented as P(B) = 0.10. The probability of not blowing out the candle and a dark room is 75%, represented as P(not B and D) = 0.75. The probability of blowing out the candle and a dark room is 5%, represented as P(B and D) = 0.05.

## Step 2: Determine the probability of a dark room given that the candle is blown out
To find if the chance of a dark room is larger when observing blowing out the candle, we need to calculate the conditional probability of a dark room given that the candle is blown out, P(D|B). This can be calculated using Bayes' theorem, but first, we need to find the probability of a dark room, P(D), and the probability of not blowing out the candle, P(not B).

## Step 3: Calculate the probability of not blowing out the candle
Since the probability of blowing out the candle is 10%, the probability of not blowing out the candle is 100% - 10% = 90%, or P(not B) = 0.90.

## Step 4: Calculate the probability of a dark room
The probability of a dark room, P(D), can be found by adding the probability of a dark room when the candle is blown out to the probability of a dark room when the candle is not blown out. However, we only have the probability of a dark room and not blowing out the candle, and the probability of both blowing out the candle and a dark room. We know P(D) = P(D and B) + P(D and not B). Given P(D and not B) = 0.75 and P(D and B) = 0.05, P(D) = 0.05 + 0.75 = 0.80.

## Step 5: Apply Bayes' theorem to find P(D|B)
Bayes' theorem states P(D|B) = P(B|D) * P(D) / P(B). However, since we already have P(D and B) and P(B), we can simplify this to P(D|B) = P(B and D) / P(B) because P(B and D) = P(D|B) * P(B). Thus, P(D|B) = 0.05 / 0.10 = 0.5.

## Step 6: Compare P(D|B) with P(D)
To determine if the chance of a dark room is larger when observing blowing out the candle, we compare P(D|B) with the overall probability of a dark room, P(D). If P(D|B) > P(D), then the chance of a dark room is larger when the candle is blown out.

## Step 7: Conclusion
Given P(D|B) = 0.5 and P(D) = 0.80, P(D|B) < P(D), indicating that the chance of a dark room is actually smaller when observing blowing out the candle compared to the overall probability of a dark room.

The final answer is: $\boxed{No}$"
607,yes,"## Step 1: Define the given probabilities
The probability of the manager signing the termination letter is 86%, or P(S) = 0.86. The probability of the manager not signing the termination letter and the employee being fired is 4%, or P(not S and F) = 0.04. The probability of the manager signing the termination letter and the employee being fired is 60%, or P(S and F) = 0.60.

## Step 2: Determine the probability of the employee being fired
To find the probability of the employee being fired, we need to consider both scenarios where the manager signs or does not sign the termination letter. The total probability of the employee being fired, P(F), is the sum of the probability of the employee being fired when the manager signs the letter and when the manager does not sign the letter: P(F) = P(S and F) + P(not S and F).

## Step 3: Calculate the probability of the employee being fired
Given P(S and F) = 0.60 and P(not S and F) = 0.04, we calculate P(F) = 0.60 + 0.04 = 0.64.

## Step 4: Calculate the probability of the employee being fired given the manager signs the termination letter
This is a conditional probability, P(F|S), which can be found using the formula P(F|S) = P(S and F) / P(S). Substituting the given values, P(F|S) = 0.60 / 0.86.

## Step 5: Perform the calculation for P(F|S)
P(F|S) = 0.60 / 0.86 = 0.6976744186046512, which simplifies to approximately 0.70 or 70%.

## Step 6: Compare the probabilities
The probability of the employee being fired given that the manager signs the termination letter, P(F|S), is approximately 0.70. The overall probability of the employee being fired, P(F), is 0.64. We need to determine if 0.70 is larger than 0.64.

## Step 7: Conclusion
Since 0.70 is indeed larger than 0.64, the chance of the employee being fired is larger when observing the manager signing the termination letter.

The final answer is: $\boxed{Yes}$"
608,yes,"step by step. Given that the person is served by a local water company and the region has high poverty, we can infer the following:

1. The presence of a local water company might imply that the water quality could be different from that provided by a global water company, especially considering the context of high poverty. However, the type of water company (local vs. global) isn't directly linked to cholera contraction in the provided statements.
2. High poverty is a factor that can lead to either clean water (when combined with a global water company) or to cholera contraction (as a standalone factor or when combined with clean water).
3. The critical factor here is the quality of the water the person is consuming. If the person consumes polluted water instead of clean water, given the high poverty context, the risk of cholera contraction would likely increase because polluted water is more likely to contain pathogens like Vibrio cholerae, which causes cholera.

**Step-by-Step Reasoning:**
1. Identify the factors leading to clean water and cholera contraction.
2. Analyze the impact of high poverty and the type of water company on water quality.
3. Determine how polluted water, as opposed to clean water, affects the risk of cholera contraction in a high-poverty setting.

**Yes or No Answer:** Yes"
609,no,"## Step 1: Understanding the relationship between maternal smoking status and infant mortality
To determine if maternal smoking status positively affects infant mortality through infant's birth weight, we need to analyze the given probabilities and their implications on infant mortality rates in relation to birth weight and maternal smoking status.

## Step 2: Analyzing the effect of maternal smoking on infant birth weight
For nonsmoking mothers, the probability of normal infant birth weight is significantly higher for those with good health (80%) compared to those with poor health (42%). For smoking mothers, the probabilities are 45% for good health and 11% for poor health, indicating a similar but less pronounced trend.

## Step 3: Examining the impact of birth weight on infant mortality
The probability of high infant mortality is higher for low birth weight infants regardless of the mother's smoking status (65% for nonsmoking mothers and 69% for smoking mothers) compared to normal birth weight infants (44% for nonsmoking mothers and 47% for smoking mothers).

## Step 4: Assessing the overall effect of maternal smoking on infant mortality through birth weight
To conclude if maternal smoking positively affects infant mortality through infant's birth weight, we must consider the combined effects of smoking on birth weight and subsequently on mortality. Maternal smoking is associated with lower probabilities of normal birth weight, especially in infants with poor health. However, the direct comparison of mortality rates between smoking and nonsmoking mothers shows a slight increase in mortality risk for smoking mothers with normal birth weight infants but a more significant increase for low birth weight infants.

## Step 5: Conclusion based on logical deduction
Given the information, maternal smoking status appears to have a negative impact on infant birth weight, particularly for those with poor health. This, in turn, can increase the risk of high infant mortality, as low birth weight infants have higher mortality rates. However, the question asks if maternal smoking positively affects infant mortality through infant's birth weight, which implies an examination of whether smoking increases mortality risk through its effect on birth weight.

The final answer is: $\boxed{No}$"
610,yes,"step-by-step reasoning:
1. Identify the probabilities of high salary for both groups.
2. Compare these probabilities to assess the impact of a college degree.
3. Calculate the difference in probabilities to quantify this impact.
4. Interpret the result to conclude whether a college degree increases the chance of a high salary.

The final answer is: $\boxed{Yes}$"
611,yes,"## Step 1: Define the given probabilities
The probability of clean water is 25% (P(Clean) = 0.25), the probability of polluted water and cholera contraction is 34% (P(Polluted and Cholera) = 0.34), and the probability of clean water and cholera contraction is 23% (P(Clean and Cholera) = 0.23).

## Step 2: Determine the probability of cholera contraction given clean water
To find if the chance of cholera contraction is larger when observing clean water, we need to calculate the probability of cholera contraction given clean water (P(Cholera|Clean)) and compare it with the overall probability of cholera contraction.

## Step 3: Calculate the probability of cholera contraction given clean water
The formula for conditional probability is P(A|B) = P(A and B) / P(B). Applying this, P(Cholera|Clean) = P(Clean and Cholera) / P(Clean) = 0.23 / 0.25 = 0.92.

## Step 4: Calculate the overall probability of cholera contraction
The overall probability of cholera contraction (P(Cholera)) can be found by adding the probabilities of cholera contraction from clean and polluted water sources. Since we don't directly have the probability of cholera from polluted water, we recognize that P(Cholera) = P(Clean and Cholera) + P(Polluted and Cholera) = 0.23 + 0.34 = 0.57.

## Step 5: Compare the probabilities
However, to assess if the chance of cholera contraction is larger when observing clean water, we should compare the probability of cholera given clean water (0.92) to the probability of cholera given polluted water or the overall context. The calculation in step 3 already suggests a high likelihood of cholera given clean water, but the comparison should consider the base rates and how they're defined.

## Step 6: Correct comparison approach
To accurately compare, we need the probability of cholera given polluted water (P(Cholera|Polluted)) and recognize that the question essentially asks if the conditional probability of cholera given clean water is higher than the overall or other conditional probabilities. However, the provided data directly leads to calculating P(Cholera|Clean) as a proportion of clean water cases, not directly comparable without the polluted water's cholera rate or total cholera cases.

## Step 7: Re-evaluate the question's aim
The question seems to aim at understanding if clean water increases the likelihood of cholera more than the general scenario. Given P(Cholera|Clean) = 0.92, it indicates a high probability of cholera if the water is clean, based on the given data. However, this step realizes the need to compare conditional probabilities correctly, acknowledging the initial calculation might mislead without considering all factors like the prevalence of polluted water and its cholera contraction rate.

## Step 8: Final assessment
Given the data and focusing strictly on the comparison asked, we must acknowledge the probability of cholera given clean water (0.92) suggests a very high likelihood of cholera when water is clean, based on the provided probabilities. However, the critical aspect is comparing this to the scenario of polluted water, which isn't directly calculable from given data without the total probability of polluted water or the probability of cholera given polluted water.

The final answer is: $\boxed{Yes}$"
612,yes,"Step-by-Step Reasoning**
1. Identify the probabilities of admission acceptance for males and non-males.
2. Compare the probabilities to determine the relationship between gender and admission acceptance.
3. If the probability for males is lower than for non-males, conclude that male gender decreases the chance of admission acceptance.

**Yes or No Answer**
Yes"
613,yes,"step-by-step reasoning for this consideration is as follows:
1. Identify the variables in question: encouragement level and exam score.
2. Consider potential influencing factors: studying habit is identified as a significant factor.
3. Evaluate Method 1: It provides a general correlation but may not account for influencing factors like studying habit.
4. Evaluate Method 2: It offers a more detailed analysis by considering the influence of studying habit on the correlation between encouragement and exam score.
5. Determine which method provides a more accurate understanding of the relationship between encouragement level and exam score.

Based on the analysis, using Method 2 allows for a more nuanced and accurate understanding of how encouragement level affects exam score because it takes into account the variable of studying habit, which can significantly influence the outcome.

Yes."
614,yes,"Step-by-Step Reasoning**:
- Identify the probabilities of increased price and supply under reduced and increased crop yield conditions.
- Recognize the economic principle that increased supply tends to decrease price, assuming constant demand.
- Analyze how increased yield affects supply and the associated probability of increased price.
- Infer the relationship between supply and price based on yield conditions and economic principles.

3. **Yes or No Answer**: Yes"
615,yes,"Step-by-step reasoning:
1. Identify the two methods for analyzing the correlation between respiratory issues and broken bones.
2. Consider the limitations of Method 1, including its failure to account for confounding variables.
3. Examine the advantages of Method 2, including its ability to control for hospitalization status and provide a more nuanced understanding of the relationship.
4. Determine that Method 2 is more likely to provide an accurate understanding of the correlation due to its consideration of specific case contexts.

Yes or no answer: No."
616,no,"## Step 1: Understand the given probabilities
The overall probability of receiving treatment is 52%, the probability of receiving no treatment and recovery is 30%, and the probability of receiving treatment and recovery is 15%.

## Step 2: Calculate the probability of recovery without treatment
Given that the probability of receiving no treatment and recovery is 30%, and assuming the probability of not receiving treatment is 100% - 52% = 48%, we can calculate the probability of recovery without treatment as 30% / 48% = 62.5%.

## Step 3: Calculate the probability of recovery with treatment
The probability of receiving treatment and recovery is given as 15%, and the overall probability of receiving treatment is 52%. Therefore, the probability of recovery with treatment is 15% / 52% = 28.85%.

## Step 4: Compare the probabilities of recovery
Comparing the calculated probabilities, 62.5% (recovery without treatment) is greater than 28.85% (recovery with treatment).

## Step 5: Determine if the chance of recovery is larger when observing receives treatment
Based on the comparison in step 4, the chance of recovery is actually larger without treatment.

The final answer is: $\boxed{No}$"
617,yes,"Step-by-step reasoning:
1. Identify given probabilities: P(H) = 0.51, P(R|L) = 0.76, P(R|H) = 0.33.
2. Calculate P(L) as 1 - P(H) = 0.49.
3. Use the law of total probability to calculate the overall probability of recovery, P(R).
4. Compare P(R) to 0.5 to determine if recovery is less likely than non-recovery.

Yes or no answer: No."
618,yes,"Step-by-Step Reasoning:**
1. Identify the probabilities of recovery with and without treatment for both small and large kidney stones.
2. Calculate the overall probability of having small kidney stones (100% - probability of large kidney stones).
3. Compute the weighted probability of recovery without treatment for both small and large kidney stones.
4. Compute the weighted probability of recovery with treatment for both small and large kidney stones.
5. Compare the overall probabilities of recovery with and without treatment to determine which scenario is more likely to result in recovery.

**Yes or No Answer:** Yes."
619,yes,"Step-by-step reasoning:**
1. Calculate the overall probability of the alarm ringing, \(P(R)\), by adding the probabilities of the alarm ringing when set by the husband and when not set by the husband.
2. Calculate the conditional probability of the alarm ringing given it was set by the husband, \(P(R|H)\), by dividing the probability of the alarm being set and ringing by the probability of the alarm being set.
3. Compare \(P(R|H)\) to \(P(R)\) to determine if the chance of the alarm ringing is smaller when the alarm is set by the husband.

**Yes or no answer:** No"
620,yes,"Step-by-Step Reasoning:
1. Identify the goal: Understand how maternal smoking affects infant mortality.
2. Consider Method 1: Looks at the overall correlation without considering birth weight.
3. Consider Method 2: Analyzes the correlation while considering birth weight.
4. Recognize the importance of birth weight: It's a significant factor in infant health and development, and maternal smoking can affect it.
5. Determine that controlling for birth weight (Method 2) provides a more detailed understanding of the correlation.

Yes or No Answer: No"
621,yes,"Step-by-Step Reasoning**: 
    - Calculate the probability of not taking any drugs: 100% - 48% = 52%.
    - Calculate the contribution to low cholesterol from patients who have taken all drugs: 48% * 64% = 30.72%.
    - Calculate the contribution to low cholesterol from patients who have not taken any drugs: 52% * 89% = 46.28%.
    - Add the contributions to find the overall probability of low cholesterol: 30.72% + 46.28% = 77%.
    - Compare the overall probability of low cholesterol to 50% to determine if it is more or less likely than high cholesterol.

3. **Yes or No Answer**: No"
622,yes,"Step-by-step reasoning:
1. Calculate the overall probability of having a high salary by adding the probabilities of high salary across different educational backgrounds.
2. Calculate the probability of having a high salary given a college degree or higher by dividing the probability of both by the probability of college degree or higher.
3. Compare the calculated conditional probability with the overall probability of having a high salary to determine the relationship.

Yes or no answer: No."
623,yes,"Step-by-Step Reasoning:**
1. Identify the given probabilities for smoking and nonsmoking genes and their respective lung cancer risks.
2. Calculate the probability of lung cancer for each gene type by multiplying the probability of the gene by the probability of lung cancer given that gene.
3. Sum these probabilities to find the overall probability of lung cancer.
4. Compare this probability to the probability of not having lung cancer (which is 1 minus the probability of having lung cancer) to determine if lung cancer is less likely.

**Yes or No Answer:** Yes"
624,yes,"## Step 1: Understanding the given probabilities
The probability of a high salary for individuals who are not male is 25%, and for individuals who are male, it is 33%.

## Step 2: Comparing the probabilities
To determine if it would be less likely to see a high salary if the individual had not been male, we compare the two given probabilities. The probability of a high salary for males (33%) is higher than for non-males (25%).

## Step 3: Applying logical reasoning
If an individual who is male had not been male, they would fall into the category of non-males. Since the probability of a high salary is lower in the non-male category (25%) compared to the male category (33%), it would indeed be less likely to see a high salary if the individual had not been male.

## Step 4: Conclusion based on comparison
Given that the probability of a high salary for males is higher than for non-males, changing the condition from male to non-male would decrease the likelihood of observing a high salary.

The final answer is: $\boxed{Yes}$"
625,yes,"Step-by-step reasoning:
1. Identify the relevant probabilities for hospitalized individuals.
2. Compare the probability of broken bones for hospitalized individuals with no respiratory issues (72%) to those with respiratory issues (76%).
3. Determine if there is an increase in the probability of broken bones when respiratory issues are present.

Yes or no answer: Yes."
626,yes,"Step-by-Step Reasoning**:
   - Identify the goal: Understand how gender affects salary.
   - Recognize the importance of controlling for confounding variables.
   - Method 1 controls for occupation, a significant variable.
   - Method 2 does not control for occupation or other variables.
   - Method 1 provides a more accurate analysis of gender's effect on salary.

3. **Yes or No Answer**: Yes."
627,yes,"## Step 1: Define the probabilities given in the problem
The probability of receiving treatment is 60%, which can be represented as P(T) = 0.6. The probability of receiving no treatment and recovering is 27%, or P(NT and R) = 0.27. The probability of receiving treatment and recovering is 18%, or P(T and R) = 0.18.

## Step 2: Determine the probability of recovery without treatment
To find the probability of recovery without treatment, we need to understand that the probability of no treatment, P(NT), is the complement of the probability of treatment, P(T). Since P(T) = 0.6, P(NT) = 1 - P(T) = 1 - 0.6 = 0.4. However, we are directly given P(NT and R) = 0.27, which is a part of P(NT).

## Step 3: Calculate the probability of recovery given treatment and no treatment
The probability of recovery given treatment, P(R|T), can be directly taken from the given data as P(T and R) / P(T) = 0.18 / 0.6. The probability of recovery given no treatment, P(R|NT), can similarly be found using the given P(NT and R) and the calculated P(NT).

## Step 4: Calculate P(R|T) and P(R|NT)
P(R|T) = P(T and R) / P(T) = 0.18 / 0.6 = 0.3. To find P(R|NT), we use P(NT and R) / P(NT) = 0.27 / 0.4 = 0.675.

## Step 5: Compare the probabilities of recovery
Compare P(R|T) and P(R|NT) to determine if the chance of recovery is smaller when observing treatment.

## Step 6: Conclusion based on comparison
Since P(R|T) = 0.3 and P(R|NT) = 0.675, P(R|NT) > P(R|T), indicating that the chance of recovery is smaller when observing treatment.

The final answer is: $\boxed{Yes}$"
628,yes,"Step-by-step reasoning:
1. Identify given probabilities: P(High Bill) = 0.51, P(Low Bill and Recovery) = 0.16, P(High Bill and Recovery) = 0.36.
2. Calculate P(Low Bill) as 1 - P(High Bill) = 1 - 0.51 = 0.49.
3. Calculate P(Recovery|High Bill) using the formula P(Recovery|High Bill) = P(High Bill and Recovery) / P(High Bill).
4. Calculate P(Recovery|Low Bill) using the formula P(Recovery|Low Bill) = P(Low Bill and Recovery) / P(Low Bill).
5. Compare the calculated probabilities to determine if the chance of recovery is smaller when observing a high hospital bill.

Yes or no answer: No."
629,yes,"Step-by-Step Reasoning:**
1. Identify the given probabilities for high salary based on gender and occupation.
2. Recognize the influence of skill level on occupation and potentially on salary.
3. Note the high overall probability of high skill levels (95%).
4. Compare the probabilities of white-collar jobs (potentially higher salary) for males and non-males with high skill levels.
5. Deduce the potential impact of gender on salary based on the provided probabilities and the relationship between skill level, occupation, and salary.

**Yes or No Answer:** Yes"
630,no,"## Step 1: Define the problem and the information given.
We are given three probabilities: the overall probability of having a college degree or higher is 36%, the probability of having a high school degree or lower and a high salary is 43%, and the probability of having a college degree or higher and a high salary is 10%. We need to determine if the chance of having a high salary is larger when observing a college degree or higher.

## Step 2: Calculate the probability of high salary for college degree or higher.
To find the probability of a high salary given a college degree or higher, we can use the given probability of having both (10%) and the overall probability of having a college degree or higher (36%). However, to compare, we also need the probability of a high salary among all groups.

## Step 3: Calculate the overall probability of high salary.
The overall probability of high salary can be found by adding the probability of high salary and high school degree or lower (43%) to the probability of high salary and college degree or higher (10%). This gives us 53% as the overall probability of high salary.

## Step 4: Determine the conditional probability of high salary given college degree or higher.
The conditional probability of having a high salary given a college degree or higher can be calculated by dividing the probability of both (10%) by the probability of college degree or higher (36%). This gives us 10% / 36% = 0.2778 or approximately 27.78%.

## Step 5: Compare the conditional probability with the overall probability of high salary.
To determine if the chance of high salary is larger when observing college degree or higher, we compare the conditional probability of high salary given college degree or higher (approximately 27.78%) with the overall probability of high salary (53%). However, the correct comparison should be between the conditional probability of high salary given college degree or higher and the conditional probability of high salary given high school degree or lower.

## Step 6: Calculate the conditional probability of high salary given high school degree or lower.
First, we need the probability of high school degree or lower, which is 100% - 36% = 64%. The probability of high salary and high school degree or lower is given as 43%. Thus, the conditional probability of high salary given high school degree or lower is 43% / 64% = 0.6719 or approximately 67.19%.

## Step 7: Compare the conditional probabilities.
Comparing the conditional probability of high salary given college degree or higher (approximately 27.78%) to the conditional probability of high salary given high school degree or lower (approximately 67.19%) shows that the chance of high salary is actually larger when observing high school degree or lower, not college degree or higher.

The final answer is: $\boxed{No}$"
631,yes,"Step-by-step reasoning:
1. Identify given probabilities: P(T) = 0.52, P(no T and R) = 0.21, P(T and R) = 0.38.
2. Calculate P(no T) = 1 - P(T) = 1 - 0.52 = 0.48.
3. Calculate P(R|T) by dividing P(T and R) by P(T).
4. Calculate P(R|no T) by dividing P(no T and R) by P(no T).
5. Compare P(R|T) and P(R|no T) to determine if recovery is more likely with treatment.

Yes or no answer: Yes."
632,yes,"Step-by-step reasoning:
1. Identify given probabilities: 2% overall vaccination rate, 28% lack of vaccination and smallpox survival rate, 1% vaccination and smallpox survival rate.
2. Understand that direct comparison requires conditional probabilities of survival given vaccination status.
3. Recognize that given percentages reflect outcomes considering base rates of vaccination and non-vaccination.

Yes or No answer: Yes."
633,yes,"Step-by-Step Reasoning**:
   - Method 1 analyzes medication's effect on heart condition case by case.
   - It considers blood pressure, a critical factor in heart condition.
   - This approach allows for a nuanced understanding of individual responses to medication.
   - Method 2 looks at the general correlation without considering specific factors like blood pressure.
   - Method 1 provides a more detailed and personalized perspective on the medication-heart condition relationship.

3. **Yes or No Answer**: Yes."
634,yes,"Step-by-step reasoning:**
1. Calculate the probability of the husband not setting the alarm.
2. Calculate the probability of the alarm ringing in both scenarios (alarm set and alarm not set).
3. Calculate the overall probability of the alarm ringing by summing the probabilities from both scenarios.
4. Compare the overall probability of the alarm ringing to the probability of the alarm being silent.

**Yes or no answer:** No"
635,yes,"## Step 1: Calculate the overall probability of admission for non-male applicants
To determine if gender negatively affects admission status, we first need to calculate the overall probability of admission for non-male applicants. This involves considering the probabilities of admission to both non-competitive and competitive departments for non-male applicants.

## Step 2: Calculate the weighted probability of admission for non-male applicants
For non-male applicants, the probability of admission to a non-competitive department is 64%, and to a competitive department is 39%. However, we need to weight these probabilities by the likelihood of being in each type of department. Since the problem does not directly provide the overall probability of being in a competitive vs. non-competitive department for non-male applicants, we must consider the probabilities of competitive department given residency status.

## Step 3: Calculate the probability of being in a competitive department for non-male applicants
Given that 93% of residents are in-state, and using the probabilities of competitive department for non-male in-state (21%) and out-of-state residents (51%), we can calculate the weighted average probability of being in a competitive department for non-male applicants. This requires calculating the proportion of out-of-state residents, which is 7% (100% - 93%).

## Step 4: Calculate the weighted probability of a competitive department for non-male applicants
Weighted probability = (0.93 * 0.21) + (0.07 * 0.51) = 0.1953 + 0.0357 = 0.231, or approximately 23.1% chance of being in a competitive department for non-male applicants.

## Step 5: Calculate the overall probability of admission for non-male applicants
Using the probabilities of admission to competitive (39%) and non-competitive departments (64%), and the calculated probability of being in a competitive department (23.1%), we can find the weighted average probability of admission for non-male applicants. Probability = (0.231 * 0.39) + (0.769 * 0.64) = 0.09009 + 0.49296 = 0.58305, or approximately 58.31%.

## Step 6: Calculate the overall probability of admission for male applicants
Similar to steps 2-5, we need to calculate the overall probability of admission for male applicants, considering the probabilities of admission to non-competitive (65%) and competitive departments (39%), and the weighted probability of being in a competitive department for male applicants.

## Step 7: Calculate the probability of being in a competitive department for male applicants
Using the probabilities of competitive department for male in-state (47%) and out-of-state residents (78%), and the overall probability of in-state residency (93%), we calculate the weighted average probability of being in a competitive department for male applicants. Weighted probability = (0.93 * 0.47) + (0.07 * 0.78) = 0.4371 + 0.0546 = 0.4917, or approximately 49.17% chance of being in a competitive department for male applicants.

## Step 8: Calculate the overall probability of admission for male applicants
Using the probabilities of admission to competitive (39%) and non-competitive departments (65%), and the calculated probability of being in a competitive department (49.17%), we find the weighted average probability of admission for male applicants. Probability = (0.4917 * 0.39) + (0.5083 * 0.65) = 0.192063 + 0.330795 = 0.522858, or approximately 52.29%.

## Step 9: Compare the overall probabilities of admission for non-male and male applicants
To determine if gender negatively affects admission status, we compare the overall probabilities of admission for non-male (approximately 58.31%) and male applicants (approximately 52.29%).

The final answer is: $\boxed{Yes}$"
636,yes,"Step-by-step reasoning:
1. Calculate the probability of not taking medication: 100% - 6% = 94%.
2. Calculate the contribution to the overall healthy heart probability from those not taking medication: 0.37 * 0.94.
3. Calculate the contribution to the overall healthy heart probability from those taking medication: 0.37 * 0.06.
4. Add these contributions to find the overall probability of a healthy heart: 0.3478 + 0.0222 = 0.3700, or 37%.
5. Compare the overall probability of a healthy heart (37%) with the probability of heart problems (63%): Since 63% is greater than 37%, heart problems are more likely.

Yes or no answer: Yes."
637,yes,"## Step 1: Calculate the overall probability of admission for non-male applicants
To determine if gender negatively affects admission status, we first need to calculate the overall probability of admission for non-male applicants. This involves considering both non-competitive and competitive departments. However, to simplify, we'll calculate the weighted average based on the probabilities of being in a competitive or non-competitive department for non-males.

## Step 2: Calculate the probability of competitive department for non-male applicants
Given that the probability of competitive department for individuals who are not male and out-of-state residents is 14%, and for in-state residents is 60%, we need the overall probability of being in a competitive department for non-males. However, since we're disregarding the mediation effect through department competitiveness directly for this step, we'll need to consider the residency factor later for a complete analysis.

## Step 3: Calculate the overall probability of admission for male applicants
Similarly, for male applicants, we consider both non-competitive and competitive departments. The probabilities given are 51% for non-competitive and 70% for competitive departments.

## Step 4: Calculate the probability of competitive department for male applicants
For males, the probability of being in a competitive department is 28% for out-of-state residents and 68% for in-state residents.

## Step 5: Determine the residency factor's impact
Given the overall probability of in-state residency is 12%, this implies that 88% are out-of-state residents. This factor will influence the weighted average of competitive department probabilities for both genders.

## Step 6: Calculate weighted averages for competitive department probabilities
For non-males: (0.14 * 0.88) + (0.60 * 0.12) = 0.124 + 0.072 = 0.196 or 19.6% chance of being in a competitive department.
For males: (0.28 * 0.88) + (0.68 * 0.12) = 0.2464 + 0.0816 = 0.328 or 32.8% chance of being in a competitive department.

## Step 7: Calculate overall admission probabilities
For non-males: (0.196 * 0.65) + (0.804 * 0.47) = 0.1274 + 0.37828 = 0.50568 or 50.568% overall admission probability.
For males: (0.328 * 0.70) + (0.672 * 0.51) = 0.2296 + 0.34332 = 0.57292 or 57.292% overall admission probability.

## Step 8: Compare overall admission probabilities
Non-males have a 50.568% chance of admission, while males have a 57.292% chance.

The final answer is: $\boxed{Yes}$"
638,yes,"## Step 1: Define the probabilities given in the problem
The probability of male gender (M) is 45%, or P(M) = 0.45. The probability of non-male gender (NM) is therefore 100% - 45% = 55%, or P(NM) = 0.55. The probability of admission acceptance given non-male gender, P(A|NM), multiplied by the probability of non-male gender equals 45%, so P(A|NM) * P(NM) = 0.45. The probability of admission acceptance given male gender, P(A|M), multiplied by the probability of male gender equals 34%, so P(A|M) * P(M) = 0.34.

## Step 2: Calculate the probability of admission acceptance given non-male gender
Using the information from Step 1, we can find P(A|NM) by dividing both sides of the equation P(A|NM) * P(NM) = 0.45 by P(NM). Thus, P(A|NM) = 0.45 / P(NM) = 0.45 / 0.55.

## Step 3: Calculate P(A|NM)
Perform the division to find P(A|NM) = 0.45 / 0.55 = 0.8181 (approximately).

## Step 4: Calculate the probability of admission acceptance given male gender
Similarly, using the equation P(A|M) * P(M) = 0.34, we divide both sides by P(M) to find P(A|M). Thus, P(A|M) = 0.34 / P(M) = 0.34 / 0.45.

## Step 5: Calculate P(A|M)
Perform the division to find P(A|M) = 0.34 / 0.45 = 0.7556 (approximately).

## Step 6: Compare the probabilities of admission acceptance for male and non-male genders
To determine if the chance of admission acceptance is smaller when observing male gender, compare P(A|M) to P(A|NM). If P(A|M) < P(A|NM), then the chance of admission acceptance is smaller for males.

## Step 7: Conclusion
Since P(A|M) ≈ 0.7556 and P(A|NM) ≈ 0.8181, P(A|M) < P(A|NM), indicating that the chance of admission acceptance is indeed smaller when observing male gender.

The final answer is: $\boxed{Yes}$"
639,yes,"Step-by-Step Reasoning:
- Identify the probability of the alarm ringing when the husband does not set the alarm: 77%.
- Identify the probability of the alarm ringing when the husband sets the alarm: 25%.
- Compare the two probabilities to determine which scenario is more likely to result in the alarm ringing.

3. Yes or no answer: Yes."
640,no,"Step-by-step reasoning:
   - Identify the probability of death when a prisoner is released: 27%.
   - Identify the probability of death when a prisoner is executed: 63%.
   - Compare the two probabilities to determine which scenario is more likely to result in the prisoner's death.
   - Since 27% (release) is less than 63% (execution), releasing the prisoner results in a lower likelihood of death.

3. No"
641,yes,"Step-by-Step Reasoning:**
1. Identify the given probabilities of lung cancer for smokers and nonsmokers.
2. Compare these probabilities to determine if there's a correlation between smoking and lung cancer risk.
3. Consider the known effects of tar deposit from smoking on lung health.
4. Infer the relationship between smoking, tar deposit, and lung cancer risk based on the correlation and known effects.

**Yes or No Answer:** Yes"
642,yes,"Step-by-Step Reasoning:**
1. Identify the key variable (kidney stone size) that could influence treatment outcomes.
2. Recognize that Method 1 does not account for this variable, potentially leading to oversimplified conclusions.
3. Understand that Method 2 considers the variable, allowing for a more nuanced analysis.
4. Determine that accounting for the variable (kidney stone size) is crucial for accurate insights into treatment effectiveness.
5. Conclude that Method 2 is more appropriate for understanding how treatment affects recovery because it considers the critical variable of kidney stone size.

**Yes or No Answer:** No"
643,yes,"## Step 1: Calculate the overall probability of college admission for nonsmokers
To determine if smoking negatively affects college admission when disregarding the mediation effect through effort, we first need to calculate the overall probability of college admission for nonsmokers. This involves calculating the weighted average of the probabilities of college admission for nonsmokers who are lazy and those who are hard-working. The probability of being hard-working for nonsmokers is 71%, and thus the probability of being lazy is 100% - 71% = 29%.

## Step 2: Calculate the weighted average for nonsmokers
The weighted average for nonsmokers = (Probability of admission for lazy nonsmokers * Probability of being lazy) + (Probability of admission for hard-working nonsmokers * Probability of being hard-working) = (0.37 * 0.29) + (0.66 * 0.71).

## Step 3: Perform the calculation for nonsmokers
Weighted average for nonsmokers = (0.37 * 0.29) + (0.66 * 0.71) = 0.1073 + 0.4666 = 0.5739 or 57.39%.

## Step 4: Calculate the overall probability of college admission for smokers
Similar to step 1, we calculate the overall probability of college admission for smokers by considering the weighted average of the probabilities for smokers who are lazy and those who are hard-working. The probability of being hard-working for smokers is 33%, so the probability of being lazy is 100% - 33% = 67%.

## Step 5: Calculate the weighted average for smokers
The weighted average for smokers = (Probability of admission for lazy smokers * Probability of being lazy) + (Probability of admission for hard-working smokers * Probability of being hard-working) = (0.41 * 0.67) + (0.73 * 0.33).

## Step 6: Perform the calculation for smokers
Weighted average for smokers = (0.41 * 0.67) + (0.73 * 0.33) = 0.2747 + 0.2409 = 0.5156 or 51.56%.

## Step 7: Compare the overall probabilities
To determine if smoking negatively affects college admission, we compare the overall probabilities of college admission for nonsmokers and smokers. If the probability for nonsmokers is higher, then smoking would negatively affect college admission.

## Step 8: Conclusion
Since 57.39% (nonsmokers) is greater than 51.56% (smokers), smoking would negatively affect college admission when disregarding the mediation effect through effort.

The final answer is: $\boxed{Yes}$"
644,yes,"Step-by-Step Reasoning:**
1. Identify the given probabilities for lung cancer among smokers and nonsmokers.
2. Understand that these probabilities apply to populations, not individual outcomes.
3. Recognize the question asks about the likelihood of lung cancer in smokers if they were nonsmokers, which involves a hypothetical scenario.
4. Acknowledge that an individual's actual risk is based on their current and past exposures, not hypothetical changes to those exposures.

**Yes or No Answer:** No"
645,yes,"step by step reasoning:
- The correlation coefficient between kindness and attractive appearance is -0.07.
- This value indicates a very weak negative linear relationship.
- Correlation does not imply causation, and a low correlation does not necessarily mean no effect.
- Other factors such as sample size, measurement errors, or confounding variables could influence the correlation.

3. Yes or no answer: No"
646,yes,"Step-by-step reasoning:
1. Calculate the probability of waking up on time: 100% - 5% = 95%.
2. Calculate the probability of arriving on time when waking up on time: 95% * 46% = 43.7%.
3. Calculate the probability of arriving on time when waking up late: 5% * 78% = 3.9%.
4. Calculate the overall probability of arriving on time: 43.7% + 3.9% = 47.6%.
5. Compare the overall probability of arriving on time (47.6%) with the probability of arriving late (52.4%), and determine that arriving late is more likely.

Yes or no answer: Yes."
647,no,"## Step 1: Understanding the given probabilities
The probability of admission acceptance for individuals who are not male is 67%, and for individuals who are male, it is 64%.

## Step 2: Comparing the probabilities
To determine if it would be less likely to see admission acceptance if the individual had not been male, we need to compare the two probabilities. The probability of admission acceptance for non-males (67%) is higher than that for males (64%).

## Step 3: Drawing a conclusion based on the comparison
Since the probability of admission acceptance is higher for non-males than for males, it would indeed be less likely to see admission acceptance if the individual had not been male, because being male in this context has a lower probability of acceptance compared to not being male.

The final answer is: $\boxed{No}$"
648,yes,"step-by-step reasoning:
1. Understand given probabilities.
2. Calculate the probability of nonsmoking.
3. Identify the probability of college admission given nonsmoking and smoking.
4. Compare the probabilities of college admission.
5. Conclude based on the comparison.

The final answer is: $\boxed{Yes}$"
649,yes,"Step-by-Step Reasoning**:
   - Calculate the probability of nonsmoking: 100% - 13% = 87%.
   - Understand the given probabilities for smoking and lung cancer (7%) and nonsmoking and lung cancer (25%).
   - Recognize the need to consider the base rates of smoking and nonsmoking.
   - Calculate the expected number of lung cancer cases in both groups in a hypothetical population.
   - Compare the conditional probability of lung cancer given smoking to the overall probability of lung cancer.

3. **Yes or No Answer**: Yes"
650,yes,"Step-by-Step Reasoning:**
1. Understand the meaning of the correlation coefficient (-0.08) in the context of attractive appearance and talent.
2. Recognize that a correlation close to 0 indicates a weak linear relationship.
3. Acknowledge that even a weak negative correlation suggests some level of relationship between the variables.
4. Consider the context of the question, which is about the effect of attractive appearance on talent among famous people.

**Yes or No Answer:** No"
651,yes,"Step-by-step reasoning:
1. Calculate the probability of lung cancer for nonsmokers: 1% * 27% = 0.27%
2. Calculate the probability of lung cancer for smokers: 99% * 57% = 56.43%
3. Add the probabilities of lung cancer for both groups: 0.27% + 56.43% = 56.7%
4. Compare the overall probability of lung cancer (56.7%) to 50% to determine if lung cancer or its absence is more likely.

Yes or no answer: No"
652,no,"## Step 1: Understand the given probabilities
The probability of admission acceptance for individuals who are not male is 46%, and for individuals who are male, it is 67%.

## Step 2: Compare the probabilities
To determine if it would be more likely to see admission acceptance if the individual had not been male, we need to compare the two probabilities. The probability of admission acceptance for males (67%) is higher than for non-males (46%).

## Step 3: Apply logical reasoning
If an individual who is male had not been male, they would fall into the category of non-males. Given that the probability of admission acceptance is lower for non-males (46%) compared to males (67%), it would be less likely for them to see admission acceptance if they were not male.

## Step 4: Conclusion
Based on the comparison of probabilities, it is less likely for an individual who is male to see admission acceptance if they had not been male, because the probability of acceptance is lower in the non-male category.

The final answer is: $\boxed{No}$"
653,yes,"Step-by-step reasoning:
1. Identify the cause of scurvy: Lack of vitamin C.
2. Determine how citrus consumption affects vitamin C levels.
3. Analyze the correlation between vitamin C levels and scurvy incidence.
4. Conclusion: Method 1 provides a more detailed understanding of the causal relationship by focusing on vitamin C levels.

Yes."
654,yes,"Step-by-Step Reasoning:**
1. Identify the probabilities of being a smoker and a nonsmoker.
2. Identify the probabilities of lung cancer among smokers and nonsmokers.
3. Calculate the overall probability of lung cancer using weighted averages.
4. Calculate the probability of not having lung cancer.
5. Compare the probabilities to determine which is more likely.

**Yes or No Answer:** No"
655,no,"## Step 1: Understanding the Correlation Coefficient
The given correlation coefficient between talent and being hard-working is -0.07. In statistics, the correlation coefficient measures the strength and direction of a linear relationship between two variables on a scatterplot. The value of the correlation coefficient can range from -1 to 1. A value of 1 indicates a perfect positive linear relationship, -1 indicates a perfect negative linear relationship, and 0 indicates no linear relationship.

## Step 2: Interpreting the Correlation Coefficient Value
A correlation coefficient of -0.07 is very close to 0, which suggests a very weak negative linear relationship between talent and being hard-working among students accepted to elite institutions. This means that as one variable increases, the other variable tends to decrease, but the relationship is not strong.

## Step 3: Determining Causation vs. Correlation
It's crucial to distinguish between correlation and causation. Correlation does not necessarily imply causation. Even if there's a correlation (positive or negative) between two variables, it doesn't mean that one variable directly affects the other. There could be other factors influencing both variables, leading to the observed correlation.

## Step 4: Applying to the Given Scenario
Given the weak negative correlation (-0.07) between talent and being hard-working among students accepted to elite institutions, it does not strongly suggest that talent directly affects being hard-working. The relationship is too weak to conclude a significant impact of talent on work ethic.

## Step 5: Conclusion
Based on the weak correlation and understanding that correlation does not imply causation, we cannot conclude that talent affects being hard-working among students accepted to elite institutions solely based on the provided correlation coefficient.

The final answer is: $\boxed{No}$"
656,yes,"Step-by-step reasoning:
1. Calculate the probability of unintelligent parents: 100% - 14% = 86%.
2. Calculate the probability of an intelligent child from intelligent parents: 14% * 35%.
3. Calculate the probability of an intelligent child from unintelligent parents: 86% * 52%.
4. Add the probabilities of intelligent children from both scenarios to find the overall probability.
5. Compare this overall probability to 50% to determine if an intelligent child is more likely.

Yes or no answer: Yes."
657,yes,"Step-by-Step Reasoning:**
1. Identify the primary goal: Understand the general impact of smoking on lung cancer.
2. Consider Method 1: Analyzing the correlation across the entire population provides broad insights into the smoking-lung cancer relationship.
3. Consider Method 2: Analyzing by gender offers detailed, gender-specific insights but is more specific than the general inquiry.
4. Determine the most appropriate initial approach for understanding the general effect of smoking on lung cancer.

**Yes or No Answer:** Yes"
658,yes,"Step-by-step reasoning:
1. Calculate the probability of being a nonsmoker: 100% - 42% = 58%.
2. Determine the probabilities of high tar deposit and no tar deposit for nonsmokers and smokers.
3. Calculate the probability of lung cancer for nonsmokers with and without tar deposits, and for smokers with and without tar deposits.
4. Find the overall probability of lung cancer for nonsmokers and smokers by summing the probabilities of lung cancer with and without tar deposits for each group.
5. Compare the overall probabilities of lung cancer for nonsmokers and smokers to determine if smoking increases the chance of lung cancer.

Yes or no answer: Yes."
659,yes,"Step-by-step reasoning:
1. Calculate the probability of waking up on time: 100% - 5% = 95%.
2. Calculate the probability of arriving to school on time when waking up on time: 0.95 * 0.52 = 0.494.
3. Calculate the probability of arriving to school on time when waking up late: 0.05 * 0.87 = 0.0435.
4. Calculate the overall probability of arriving to school on time: 0.494 + 0.0435 = 0.5375 or 53.75%.
5. Compare the probability of arriving on time to the probability of arriving late to determine the answer.

Yes or no answer: No."
660,yes,"Step-by-Step Reasoning:**
1. Identify the probability of the forest catching on fire without a match being lit: 38%.
2. Identify the probability of the forest catching on fire with a match being lit: 80%.
3. Compare the two probabilities to determine the effect of lighting a match.
4. If the probability increases after lighting a match, then lighting a match does not decrease the chance of the forest catching on fire.

**Yes or No Answer:** No"
661,yes,"Step-by-step reasoning:
1. Calculate the probability of having polluted water: 1 - probability of clean water = 1 - 0.33 = 0.67.
2. Calculate the weighted probability of cholera contraction from clean water: probability of clean water * probability of cholera contraction given clean water = 0.33 * 0.43.
3. Calculate the weighted probability of cholera contraction from polluted water: probability of polluted water * probability of cholera contraction given polluted water = 0.67 * 0.79.
4. Calculate the overall probability of cholera contraction: weighted probability from clean water + weighted probability from polluted water.
5. Compare the overall probability of cholera contraction to the probability of not contracting cholera to determine if contraction is more likely.

Yes or no answer: Yes."
662,no,"## Step 1: Understand the given probabilities
The probability of admission acceptance for individuals who are not male is 43%, and for individuals who are male, it is 55%. This indicates the likelihood of acceptance based on gender.

## Step 2: Compare the probabilities
To determine if being male decreases the chance of admission acceptance, we need to compare the probability of acceptance for males to that of non-males. If the probability for males is lower than for non-males, then being male would decrease the chance of admission acceptance.

## Step 3: Analyze the comparison
Given that the probability of admission acceptance for males (55%) is higher than for non-males (43%), being male actually increases the chance of admission acceptance, not decreases it.

## Step 4: Conclusion
Based on the comparison of the probabilities, male gender does not decrease the chance of admission acceptance; it increases it.

The final answer is: $\boxed{No}$"
663,yes,"Step-by-step reasoning:
1. Identify the goal: Understand the effect of encouragement on exam scores.
2. Evaluate Method 1: General correlation, broad but may not account for all influencing factors.
3. Evaluate Method 2: Case-by-case analysis considering studying habits, provides nuanced insights.
4. Compare methods based on the goal: Method 2 offers more specific and actionable information by considering an additional relevant variable (studying habits).

Yes or no answer: No."
664,yes,"Step-by-Step Reasoning:**
1. Calculate the probability of a high exam score given encouragement using the formula for conditional probability.
2. Determine the overall probability of a high exam score.
3. Compare the conditional probability of a high exam score given encouragement to the overall probability of a high exam score to assess if encouragement increases the likelihood of a high score.

**Yes or No Answer:** No"
665,yes,"Step-by-Step Reasoning:
1. Identify given probabilities: P(High Bill) = 0.38, P(Low Bill and Recovery) = 0.23, P(High Bill and Recovery) = 0.23.
2. Calculate P(Recovery|High Bill) using the formula P(Recovery|High Bill) = P(High Bill and Recovery) / P(High Bill).
3. Calculate the overall probability of recovery, P(Recovery), by summing the probabilities of recovery with high and low bills.
4. Compare P(Recovery|High Bill) with P(Recovery) to determine if the chance of recovery is smaller with a high hospital bill.

Yes or No Answer: No."
666,yes,"Step-by-Step Reasoning**:
   - Identify the two methods for analyzing the relationship between education level and salary.
   - Evaluate Method 1 for its ability to provide a general overview of the correlation.
   - Assess Method 2 for its capacity to offer a nuanced, case-by-case understanding based on skill.
   - Consider the importance of accounting for variability and exceptions in the relationship.
   - Determine which method provides a more accurate and comprehensive insight into how education affects salary.

3. **Yes or No Answer**: No."
667,yes,"Step-by-step reasoning:
1. Identify the goal: Understand how respiratory issues affect broken bones.
2. Evaluate Method 1: General correlation without considering specific variables.
3. Evaluate Method 2: Correlation analyzed by hospitalization status, allowing for control of a significant variable.
4. Consider the complexity and influencing factors of the relationship between respiratory issues and broken bones.
5. Determine that controlling for variables like hospitalization status provides a more nuanced understanding.

Yes or no answer: No."
668,yes,"## Step 1: Understanding the given probabilities
The problem states that for children with unintelligent parents, the probability of having an intelligent child is 58%. On the other hand, for children with intelligent parents, the probability of having an intelligent child is 33%.

## Step 2: Comparing the probabilities
To determine if intelligent parents decrease the chance of having an intelligent child, we need to compare the two given probabilities. The probability of an intelligent child from unintelligent parents is 58%, while the probability from intelligent parents is 33%.

## Step 3: Analyzing the comparison
Since 33% (the probability of an intelligent child from intelligent parents) is less than 58% (the probability of an intelligent child from unintelligent parents), it indicates that having intelligent parents actually decreases the chance of having an intelligent child according to the given data.

## Step 4: Conclusion based on the comparison
Given the information provided, the logical conclusion is that intelligent parents do decrease the chance of having an intelligent child, as the probability is lower compared to children of unintelligent parents.

The final answer is: $\boxed{Yes}$"
669,yes,"Step-by-step reasoning:**
1. Calculate the probability of not receiving treatment.
2. Calculate the probability of recovery for both treated and untreated patients separately.
3. Combine these probabilities to find the overall probability of recovery.
4. Compare the overall probability of recovery to 50% to determine if recovery is less likely than non-recovery.

**Yes or no answer:** Yes."
670,no,"## Step 1: Determine the overall probability of high infant mortality for infants with nonsmoking mothers.
To calculate this, we need the probabilities of high infant mortality for both low and normal birth weights and the probability of each birth weight category. However, the problem does not provide direct probabilities for low and normal birth weights for nonsmoking mothers. Instead, it gives us probabilities of normal birth weight for different health conditions. Since we're disregarding the mediation effect through infant's birth weight, we'll have to consider the overall impact of maternal smoking status on infant mortality without directly calculating these probabilities.

## Step 2: Determine the overall probability of high infant mortality for infants with smoking mothers.
Similar to Step 1, we recognize that direct calculation from given data is not straightforward due to the lack of specific probabilities for low and normal birth weights across all health conditions for smoking mothers. The question asks us to disregard the mediation effect through infant's birth weight, suggesting we should focus on the overall relationship between maternal smoking status and infant mortality.

## Step 3: Compare the probabilities of high infant mortality between infants with smoking and nonsmoking mothers.
Given the data:
- For nonsmoking mothers and low birth weight, the probability of high infant mortality is 55%.
- For nonsmoking mothers and normal birth weight, the probability of high infant mortality is 80%.
- For smoking mothers and low birth weight, the probability of high infant mortality is 25%.
- For smoking mothers and normal birth weight, the probability of high infant mortality is 50%.

Without specific probabilities for each birth weight category across different health conditions, we cannot directly calculate the overall probability of high infant mortality for each group. However, we notice that for both low and normal birth weights, the probabilities of high infant mortality are lower for smoking mothers compared to nonsmoking mothers.

## Step 4: Consider the implications of disregarding the mediation effect through infant's birth weight.
Disregarding the mediation effect means we do not consider how birth weight influences the relationship between maternal smoking status and infant mortality. This simplification suggests looking at the overall trends and given probabilities without calculating weighted averages based on birth weight distributions.

## Step 5: Analyze the effect of maternal smoking status on infant mortality based on given probabilities.
Given the lower probabilities of high infant mortality for smoking mothers in both birth weight categories, it suggests that, based on the provided probabilities and disregarding the mediation effect through birth weight, maternal smoking status might not have a straightforward positive effect on infant mortality as one might expect. Instead, the data provided indicate lower risks for smoking mothers in the context given.

The final answer is: $\boxed{No}$"
671,yes,"Step-by-step reasoning:
1. Identify the goal: Understand the effect of maternal smoking on infant mortality.
2. Consider Method 1: Analyzes the correlation based on birth weight, allowing for a nuanced understanding of the effect across different birth weights.
3. Consider Method 2: Looks at the overall correlation without considering birth weight, potentially masking important details.
4. Evaluate the importance of controlling for birth weight: Birth weight is a significant factor in infant mortality, and analyzing by birth weight categories can help isolate the effect of maternal smoking.

Yes or no answer: Yes."
672,no,"step-by-step reasoning:
1. High skill level causes white-collar job.
2. High skill level causes high salary.
3. Gender does not affect the outcome of salary when skill level is high.

The final answer is: $\boxed{No}$"
673,yes,"step-by-step reasoning:
1. Calculate the probability of no respiratory issues: 100% - 89% = 11%.
2. Note that the probability of broken bones is the same (85%) for both people with and without respiratory issues.
3. Since the probability of broken bones is constant across both conditions, the overall probability of broken bones in the population is also 85%.

Yes or no answer: Yes."
674,yes,"## Step 1: Define the given probabilities
The probability of the manager signing the termination letter is 19%, or P(S) = 0.19. The probability of the manager not signing the termination letter and the employee being fired is 21%, or P(not S and F) = 0.21. The probability of the manager signing the termination letter and the employee being fired is 12%, or P(S and F) = 0.12.

## Step 2: Determine the probability of the employee being fired when the manager signs the termination letter
To find the probability of the employee being fired given that the manager signs the termination letter, we use the formula for conditional probability: P(F|S) = P(S and F) / P(S). Plugging in the given values, we get P(F|S) = 0.12 / 0.19.

## Step 3: Calculate P(F|S)
P(F|S) = 0.12 / 0.19 = 0.6316, or approximately 63.16%. This is the probability of the employee being fired given that the manager signs the termination letter.

## Step 4: Determine the overall probability of the employee being fired
The overall probability of the employee being fired, P(F), can be found by adding the probability of the employee being fired when the manager signs the letter to the probability of the employee being fired when the manager does not sign the letter. Given that P(not S and F) = 0.21 and P(S and F) = 0.12, P(F) = P(S and F) + P(not S and F) = 0.12 + 0.21 = 0.33, or 33%.

## Step 5: Compare the probabilities
Comparing the probability of the employee being fired when the manager signs the termination letter, P(F|S) = 63.16%, to the overall probability of the employee being fired, P(F) = 33%, we can see that the chance of the employee being fired is indeed larger when observing the manager signing the termination letter.

## Step 6: Conclusion
Based on the calculations, the probability of the employee being fired given that the manager signs the termination letter is higher than the overall probability of the employee being fired.

The final answer is: $\boxed{Yes}$"
675,yes,"## Step 1: Understanding the given probabilities
The problem states that for individuals who are not male, the probability of having a high salary is 36%. On the other hand, for individuals who are male, the probability of having a high salary is 31%.

## Step 2: Comparing the probabilities
To determine if male gender decreases the chance of high salary, we need to compare the two given probabilities. The probability for non-male individuals is 36%, and the probability for male individuals is 31%.

## Step 3: Analyzing the comparison
Since 31% (the probability for males) is less than 36% (the probability for non-males), it indicates that being male is associated with a lower probability of having a high salary compared to not being male.

## Step 4: Drawing a conclusion
Based on the comparison, we can conclude that male gender is associated with a decrease in the chance of high salary, as the probability of high salary is lower for males than for non-males.

The final answer is: $\boxed{Yes}$"
676,yes,"Step-by-step reasoning:
1. Identify given probabilities: P(T) = 0.88, P(T and TS) = 0.26, P(NT and TS) = 0.08.
2. Calculate P(NT) = 1 - P(T) = 0.12.
3. Calculate conditional probabilities P(TS|T) and P(TS|NT) using the formula P(A|B) = P(A and B) / P(B).
4. Compare P(TS|T) and P(TS|NT) to determine the relationship between tanning salon treatment and the chance of tanned skin.

Yes or no answer: Yes."
677,yes,"Step-by-step reasoning:
1. **Identify the relevant groups**: We are focusing on patients who pay a high hospital bill, which means we are looking at two groups: young patients with a high hospital bill (19% recovery rate) and old patients with a high hospital bill (93% recovery rate).
2. **Consider the impact of age**: The significant difference in recovery rates between young and old patients suggests that age is a critical factor in recovery, more so than the hospital bill amount.
3. **Compare recovery rates for high vs. low bills within age groups**:
   - For young patients, moving from a high bill to a low bill decreases the recovery rate (19% to 5%).
   - For old patients, moving from a high bill to a low bill decreases the recovery rate (93% to 80%).
4. **Conclusion based on given probabilities**: For both age groups, paying a low hospital bill instead of a high one decreases the chance of recovery. Therefore, it would not be more likely to see recovery if the patient had paid a low hospital bill, considering the initial condition of paying a high hospital bill.

Yes or no answer: No."
678,no,"## Step 1: Understand the given probabilities
We are given the probabilities of normal infant birth weight and smoking mothers in areas with low and high cigarette taxes. For areas with low cigarette tax, the probability of normal infant birth weight is 20% and the probability of a smoking mother is 22%. For areas with high cigarette tax, the probability of normal infant birth weight is 41% and the probability of a smoking mother is 70%.

## Step 2: Determine the relationship between smoking and birth weight
To assess if smoking decreases the chance of normal infant birth weight, we need to compare the probability of normal birth weight among smoking and non-smoking mothers. However, the direct comparison from the given data is not straightforward because it does not explicitly provide the probabilities of normal birth weight for smoking and non-smoking mothers separately.

## Step 3: Apply Bayes' theorem or logical deduction
Given the data, we can use logical deduction. If smoking were to decrease the chance of normal infant birth weight, we would expect the probability of normal birth weight to be lower in areas with higher rates of smoking mothers, assuming other factors remain constant.

## Step 4: Analyze the given data
In areas with low cigarette tax, the probability of normal infant birth weight is 20%, and the probability of a smoking mother is 22%. In areas with high cigarette tax, despite a higher percentage of smoking mothers (70%), the probability of normal infant birth weight is actually higher (41%) compared to areas with low cigarette tax.

## Step 5: Conclusion based on logical deduction
The data suggests that the relationship between the probability of normal infant birth weight and the prevalence of smoking mothers is not as straightforward as expected. The increase in normal birth weight probability in areas with higher cigarette tax (and thus higher smoking rates) could indicate other factors at play, such as better healthcare or awareness. However, it does not directly support the notion that smoking decreases the chance of normal infant birth weight based on the given probabilities alone.

## Step 6: Consider the impact of cigarette tax
The increase in cigarette tax might reduce smoking among pregnant women or might be associated with other public health interventions that improve birth outcomes. Thus, the observed increase in normal birth weight probability in high-tax areas could be due to these factors rather than smoking itself.

The final answer is: $\boxed{No}$"
679,yes,"Step-by-step reasoning:
1. Calculate the proportion of the population that is vaccinated and unvaccinated.
2. Calculate the weighted survival rate for vaccinated individuals by multiplying the vaccination rate by the survival rate among vaccinated individuals.
3. Calculate the weighted survival rate for unvaccinated individuals by multiplying the unvaccination rate by the survival rate among unvaccinated individuals.
4. Add the weighted survival rates for vaccinated and unvaccinated individuals to find the overall probability of survival.
5. Compare the overall probability of survival to 50% to determine if survival is more or less likely than death.

Yes or no answer: No."
680,yes,"## Step 1: Understand the given probabilities
The probability of a prisoner's death if released by a captain is 40%, and if executed, the probability of death is 83%.

## Step 2: Determine the basis of comparison
To assess if the captain negatively affects the prisoner through the corporal and the private, we need to compare the outcomes (death rates) in both scenarios (release vs. execution) and consider the roles of the corporal and the private in these processes.

## Step 3: Analyze the role of the corporal and the private
The question implies a chain of command or influence from the captain to the corporal to the private, but it does not specify how these roles directly impact the prisoner's fate in terms of the given probabilities. However, we can infer that the captain's decision (to release or execute) is the primary factor affecting the prisoner's fate.

## Step 4: Evaluate the impact of the captain's decision
If the captain decides to execute, the prisoner has an 83% chance of death, which is a higher chance of death compared to being released (40% chance of death). This implies that the captain's decision to execute directly increases the likelihood of the prisoner's death.

## Step 5: Consider the question's phrasing
The question asks if the captain negatively affects the prisoner through the corporal and the private. Given that the execution (a decision made by the captain) leads to a higher probability of death, and assuming the corporal and private are involved in carrying out the captain's orders, the chain of command suggests that yes, the captain's decision (and by extension, the actions of those under their command) can negatively affect the prisoner.

## Step 6: Conclusion
The captain's decision to execute, which has a higher probability of resulting in the prisoner's death compared to release, implies a negative impact on the prisoner when considering the outcome of death as the negative consequence.

The final answer is: $\boxed{Yes}$"
681,yes,"Step-by-Step Reasoning:**
1. Calculate the probability of low and high blood pressure for individuals not taking medication and those taking medication.
2. Determine the weighted average probability of a healthy heart for each group by considering the probabilities of low and high blood pressure and their respective healthy heart probabilities.
3. Compare the overall probabilities of a healthy heart for both groups to assess the effect of medication.

**Yes or No Answer:** No"
682,yes,"Step-by-step reasoning:
1. Calculate the probability of not consuming citrus: 100% - 94% = 6%.
2. Calculate the probability of scurvy for both scenarios: scurvy with citrus (0.94 * 0.51) and scurvy without citrus (0.06 * 0.68).
3. Add these probabilities to find the overall probability of scurvy: 0.4794 + 0.0408 = 0.5202 or 52.02%.
4. Compare the overall probability of scurvy (52.02%) to 50% to determine if scurvy is less likely than no scurvy.

Yes or no answer: No."
683,yes,"Step-by-step reasoning:
1. **Identify the goal**: Understand how treatment affects recovery.
2. **Consider Method 1**: Analyzing treatment vs. recovery by gender allows for the detection of gender-specific responses to treatment.
3. **Consider Method 2**: Analyzing treatment vs. recovery in general provides a broad view but may overlook subgroup differences.
4. **Evaluate the importance of subgroup analysis**: If gender significantly affects treatment response, Method 1 is preferable for its detailed insight into these differences.

Yes or no answer: Yes"
684,yes,"Step-by-Step Reasoning:
- Intelligent parents contribute to high parental social status when the confounder is active.
- High parental social status, along with intelligent parents and the confounder, leads to an intelligent child.
- If parents are unintelligent, they likely do not contribute to high parental social status in the same way.
- Without intelligent parents, one of the causal factors for the child being intelligent is removed or altered.
- Therefore, the absence of intelligent parents (replaced by unintelligent parents) would likely impact the child's intelligence, given the observed confounder.

3. Yes or no answer: Yes"
685,yes,"Step-by-step reasoning:
1. Identify the goal: Understand how gender affects salary.
2. Consider Method 1: Analyze gender-salary correlation within specific occupations to control for occupational variables.
3. Consider Method 2: Examine the general correlation between gender and salary without occupational control.
4. Recognize the potential for confounding variables (like occupation) to influence the observed relationship in Method 2.
5. Determine that controlling for such variables (as in Method 1) provides a more accurate analysis.

Yes."
686,yes,"Step-by-Step Reasoning:
- Identify the causes of tanned skin: tanning salon treatment and going to the beach.
- Eliminate going to the beach as a factor since the person does not go.
- Consider the impact of not having tanning salon treatment.
- Since both specified causes are absent, conclude the person would not have tanned skin based on the given information.

3. Yes or No Answer: No"
687,yes,"## Step 1: Define the probabilities given in the problem.
The probability of tanning salon treatment is 1%, or P(T) = 0.01. The probability of no tanning salon treatment and tanned skin is 16%, or P(~T ∩ S) = 0.16. The probability of tanning salon treatment and tanned skin is 1%, or P(T ∩ S) = 0.01.

## Step 2: Determine the probability of tanned skin without any condition.
To find the probability of tanned skin, P(S), we need to consider both scenarios: tanned skin with tanning salon treatment and tanned skin without tanning salon treatment. The probability of tanned skin without tanning salon treatment is given as P(~T ∩ S) = 0.16. The probability of tanned skin with tanning salon treatment is given as P(T ∩ S) = 0.01. Thus, P(S) = P(~T ∩ S) + P(T ∩ S) = 0.16 + 0.01 = 0.17.

## Step 3: Calculate the probability of tanned skin given tanning salon treatment.
The probability of tanned skin given tanning salon treatment, P(S|T), can be calculated using the formula P(S|T) = P(T ∩ S) / P(T). Substituting the given values, we get P(S|T) = 0.01 / 0.01 = 1.

## Step 4: Compare the probability of tanned skin given tanning salon treatment with the overall probability of tanned skin.
To determine if the chance of tanned skin is larger when observing tanning salon treatment, we compare P(S|T) with P(S). Since P(S|T) = 1 and P(S) = 0.17, P(S|T) is larger.

## Step 5: Conclusion based on the comparison.
Given that P(S|T) > P(S), the chance of tanned skin is indeed larger when observing tanning salon treatment.

The final answer is: $\boxed{Yes}$"
688,yes,"Step-by-Step Reasoning:**
1. Identify the probabilities of lung cancer for both groups: 64% for nonsmoking genes and 77% for smoking genes.
2. Compare these probabilities to determine the relationship between having the smoking gene and the risk of lung cancer.
3. Recognize that a decrease in the chance of lung cancer would require the probability for those with smoking genes to be lower than for those with nonsmoking genes.
4. Conclude that since 77% (smoking genes) is greater than 64% (nonsmoking genes), the smoking gene does not decrease the chance of lung cancer.

**Yes or No Answer:** No"
689,yes,"## Step 1: Define the probabilities given in the problem
The probability of a smoking mother is 30% (or 0.3), the probability of a nonsmoking mother and normal infant birth weight is 19% (or 0.19), and the probability of a smoking mother and normal infant birth weight is 17% (or 0.17).

## Step 2: Calculate the probability of a nonsmoking mother
Since the probability of a smoking mother is 30%, the probability of a nonsmoking mother is 100% - 30% = 70% (or 1 - 0.3 = 0.7).

## Step 3: Calculate the probability of normal infant birth weight for nonsmoking mothers
Given that the probability of a nonsmoking mother and normal infant birth weight is 19%, and assuming this is a subset of all nonsmoking mothers, we don't directly need this to calculate the chance of normal infant birth weight when observing a smoking mother. However, it's useful for understanding the overall distribution.

## Step 4: Calculate the probability of normal infant birth weight for smoking mothers
The probability of a smoking mother and normal infant birth weight is given as 17%. To find if the chance of normal infant birth weight is larger when observing a smoking mother, we need to compare this with the overall probability of normal infant birth weight.

## Step 5: Determine the comparison basis
However, the question essentially asks us to compare the probability of normal infant birth weight given that the mother is a smoker versus the overall or general scenario. The probability of normal infant birth weight given that the mother smokes is directly provided as 17%. To assess if this is ""larger,"" we need a basis for comparison, such as the overall probability of normal infant birth weight in the population.

## Step 6: Calculate the overall probability of normal infant birth weight
The overall probability of normal infant birth weight can be calculated by adding the probabilities of normal infant birth weight among smoking and nonsmoking mothers. This is 17% (smoking) + 19% (nonsmoking) = 36%.

## Step 7: Assess the conditional probability for smoking mothers
Given a smoking mother, the probability that the infant has a normal birth weight is the probability of both events (smoking and normal birth weight) happening, which is given as 17%. However, to correctly interpret the question, we should consider the probability of normal birth weight given that the mother smokes, which involves comparing this 17% in the context of all smoking mothers.

## Step 8: Calculate the probability of normal birth weight given the mother smokes
Since 30% of mothers smoke, and 17% of the total population are smoking mothers with normal birth weight infants, the conditional probability (probability of normal birth weight given that the mother smokes) is 17% / 30% = 0.57 or 57%.

## Step 9: Compare with the probability of normal birth weight given the mother does not smoke
For nonsmoking mothers (70% of the population), with 19% of the total population being nonsmoking mothers with normal birth weight infants, the conditional probability is 19% / 70% = 0.271 or approximately 27.1%.

## Step 10: Conclusion
The probability of normal infant birth weight given that the mother smokes (57%) is higher than the probability of normal infant birth weight given that the mother does not smoke (27.1%).

The final answer is: $\boxed{Yes}$"
690,yes,"Step-by-step reasoning:
1. Identify the probability of high infant mortality for infants with nonsmoking mothers: 54%.
2. Identify the probability of high infant mortality for infants with smoking mothers: 58%.
3. Compare the two probabilities to determine the relationship between smoking mothers and the chance of high infant mortality.
4. Since 58% is greater than 54%, conclude that smoking mothers have a higher probability of high infant mortality.

Yes or no answer: Yes."
691,yes,"Step-by-Step Reasoning**:
   - Identify the probabilities of long lifespan for both groups.
   - Compare the probabilities to determine which group has a higher chance of long lifespan.
   - Conclude based on the comparison whether obesity decreases the chance of long lifespan.
3. **Yes or No Answer**: Yes"
692,no,"Step-by-step reasoning:
1. Identify given probabilities: P(C) = 55%, P(H and C) = 36%, P(H and not C) = 17%.
2. Calculate overall probability of high salary P(H) by summing P(H and C) and P(H and not C), which equals 53%.
3. Calculate P(H|C) using the formula P(H|C) = P(H and C) / P(C), resulting in approximately 65.45%.
4. Compare P(H|C) with P(H) to determine if the chance of high salary is smaller when observing college degree or higher.

Answer: No."
693,yes,"## Step 1: Understanding the given probabilities
The probability of admission acceptance for individuals who are not male is 71%, and for individuals who are male, it is 68%.

## Step 2: Comparing the probabilities
To determine if it would be more likely to see admission acceptance if the individual had not been male, we need to compare the two probabilities. The probability for non-male individuals (71%) is higher than that for male individuals (68%).

## Step 3: Drawing a conclusion based on the comparison
Since 71% (probability for non-male individuals) is greater than 68% (probability for male individuals), it would indeed be more likely to see admission acceptance if the individual had not been male.

## Step 4: Finalizing the answer
Given the comparison, the answer to whether it would be more likely to see admission acceptance if the individual had not been male is affirmative.

The final answer is: $\boxed{Yes}$"
694,yes,"Step-by-Step Reasoning:**
1. Calculate the probability of being a nonsmoker: 100% - 86% = 14%.
2. Use the law of total probability to find the overall probability of lung cancer: P(LC) = P(LC|S) * P(S) + P(LC|NS) * P(NS).
3. Calculate P(LC) = 0.53 * 0.86 + 0.37 * 0.14 = 0.5076 or approximately 50.76%.
4. Calculate the probability of not having lung cancer: 1 - P(LC) = 1 - 0.5076 = 0.4924 or approximately 49.24%.
5. Compare the probabilities to determine if lung cancer is less likely than its absence.

**Yes or No Answer:** No"
695,no,"step-by-step reasoning for the response:
1. Calculate the probability of reduced supply: 100% - 53% = 47%.
2. Calculate the probability of increased price with reduced supply: 85% * 47% = 39.95%.
3. Calculate the probability of increased price with increased supply: 42% * 53% = 22.26%.
4. Calculate the overall probability of increased price: 39.95% + 22.26% = 62.21%.
5. Compare the overall probability of increased price (62.21%) to 50% to determine if it's more likely than reduced price.

The answer is: No."
696,no,"## Step 1: Understand the given probabilities
We are given the probabilities of normal infant birth weight and smoking mothers in areas with low and high cigarette taxes. For areas with low cigarette tax, the probability of normal infant birth weight is 36% and the probability of a smoking mother is 27%. For areas with high cigarette tax, the probability of normal infant birth weight is 41% and the probability of a smoking mother is 51%.

## Step 2: Calculate the probability of normal birth weight given a smoking mother for low tax areas
To determine if smoking increases the chance of normal infant birth weight, we need to calculate the probability of normal infant birth weight given that the mother smokes. However, we are not directly given the joint probability of a smoking mother and normal infant birth weight. We can use the formula for conditional probability, but first, we need to establish if there's a direct relationship or if the information given allows us to infer an increase or decrease in probability.

## Step 3: Calculate the probability of normal birth weight given a smoking mother for high tax areas
Similarly, for areas with high cigarette tax, we would ideally calculate the probability of normal infant birth weight given that the mother smokes. However, the information provided does not directly allow us to calculate this without making assumptions about the relationship between smoking and birth weight.

## Step 4: Compare the probabilities to infer the relationship
Given the information, we cannot directly calculate the conditional probabilities without additional data on the joint occurrence of smoking mothers and normal birth weight. However, we can observe the trend: in areas with high cigarette tax, both the probability of normal infant birth weight and the probability of a smoking mother are higher than in areas with low cigarette tax. This does not necessarily imply a direct causal relationship between smoking and normal birth weight, as the tax environment could influence both factors independently.

## Step 5: Consider the logical implication
The increase in the probability of normal infant birth weight in areas with higher cigarette tax, despite a higher percentage of smoking mothers, suggests that the relationship between smoking and normal birth weight might not be straightforward. However, this observation alone does not directly answer whether smoking increases the chance of normal infant birth weight, as it could be influenced by other factors related to the tax environment.

## Step 6: Conclusion based on given data
Given the data, we cannot directly conclude that smoking increases the chance of normal infant birth weight. The data provided does not allow for a straightforward calculation of the effect of smoking on birth weight due to the lack of information on how these probabilities interact. However, logically, if smoking were to increase the chance of normal birth weight, we would expect to see a more direct positive correlation between smoking rates and normal birth weight rates, which is not clearly supported by the information given.

The final answer is: $\boxed{No}$"
697,yes,"Step-by-Step Reasoning:**
1. Identify the main factors involved: maternal smoking status and infant mortality.
2. Recognize the potential intermediate factor: infant's birth weight, which is influenced by maternal smoking.
3. Understand that controlling for birth weight (Method 2) can reduce confounding variables.
4. Acknowledge that Method 2 provides a more detailed and nuanced analysis compared to Method 1.
5. Conclude that considering the intermediate factor (birth weight) leads to a more accurate understanding of the relationship between maternal smoking and infant mortality.

**Yes or No Answer:** No"
698,yes,"Step-by-Step Reasoning:
- The dry season implies no rain.
- No rain means the condition for wet ground due to rain is not met.
- The sprinkler's status during the dry season is not specified, but it could potentially be on.
- Without confirmation that the sprinkler is on, we cannot assume the ground is wet based on the given conditions.

3. Yes or no answer: No"
699,yes,"Step-by-step reasoning:
1. Calculate the probability of lung cancer for nonsmokers with and without tar deposits.
2. Calculate the probability of lung cancer for smokers with and without tar deposits.
3. Recognize the overall population is predominantly smokers (95%).
4. Compare the weighted influence of smoking on the overall probability of lung cancer.

Yes or no answer: No"
700,no,"## Step 1: Calculate the probability of a student being talented and hard-working
To find this, we multiply the probability of being talented by the probability of being hard-working given that the student is talented. So, 0.82 * 0.89 = 0.7298.

## Step 2: Calculate the probability of a student being not talented and hard-working
This is found by multiplying the probability of not being talented (1 - 0.82 = 0.18) by the probability of being hard-working given that the student is not talented. So, 0.18 * 0.89 = 0.1602.

## Step 3: Calculate the overall probability of being hard-working
Add the probabilities of being hard-working and talented, and being hard-working and not talented. So, 0.7298 + 0.1602 = 0.8900, or 89%.

## Step 4: Determine if being hard-working is less likely than being lazy overall
Since the probability of being hard-working is 89%, the probability of being lazy is 100% - 89% = 11%. Therefore, being hard-working is more likely than being lazy overall.

## Step 5: Conclusion based on calculations
Given the calculations above, we can conclude that being hard-working is not less likely than being lazy overall. In fact, it is more likely.

The final answer is: $\boxed{No}$"
701,yes,"Step-by-Step Reasoning:**
1. Understand the given probabilities: 8% chance of taking the elevator, 44% chance of taking the stairs and penguin death, and 0% chance of taking the elevator and penguin death.
2. Recognize that penguin death is only associated with taking the stairs since the probability of elevator and penguin death is 0%.
3. Conclude that observing someone taking the elevator means there is no penguin death in that instance.

**Yes or No Answer:** No"
702,yes,"Step-by-step reasoning:
1. Calculate the percentage of nonsmokers: 100% - 12% (smokers) = 88%.
2. Calculate the weighted probability of lung cancer for nonsmokers: 52% * 88%.
3. Calculate the weighted probability of lung cancer for smokers: 90% * 12%.
4. Add the weighted probabilities to find the overall probability of lung cancer.
5. Compare the overall probability of lung cancer to 50% to determine if lung cancer is more likely than its absence.

Yes or no answer: Yes."
703,yes,"Step-by-Step Reasoning:**
1. Living close to a college and having a confounder active leads to a college degree or higher.
2. Having a college degree or higher and an active confounder leads to a high salary.
3. The person lives close to a college and has a confounder active, suggesting they likely have a college degree or higher.
4. If they have a college degree or higher (as hypothesized), and the confounder is active, they should achieve a high salary based on the given causal relationships.

**Yes or No Answer:** Yes"
704,yes,"Step-by-Step Reasoning:
1. Identify the probabilities of long lifespan for both groups: normal weight people have a 53% chance, and obese people have a 74% chance.
2. Compare the probabilities to determine the relationship between obesity and the chance of long lifespan.
3. Since 74% (obese) is greater than 53% (normal weight), obesity is associated with an increased chance of long lifespan according to the given data.

Yes or No Answer: No"
705,yes,"Step-by-Step Reasoning:**
1. Identify the probabilities of high salary for both groups: 61% for those without a college degree and 81% for those with a college degree or higher.
2. Compare these probabilities to determine if there is a noticeable difference.
3. If the probability is higher for those with a college degree, consider that education might positively affect salary, potentially through the acquisition of skills.

**Yes or No Answer:** Yes"
706,no,"Step-by-Step Reasoning**:
   - Analyze the probabilities of the alarm ringing based on the combination of actions by the husband and the wife.
   - Compare the probabilities when the husband sets the alarm versus when he doesn't, considering the wife's actions.
   - Consider the influence of the husband's action on the wife's decision to set the alarm and how this affects the overall probability of the alarm ringing.

3. **Yes or No Answer**: No. 

The reasoning is based on the observation that when the husband sets the alarm, the wife is more likely to set it as well (59% of the time), which leads to a lower probability of the alarm ringing (11%). In contrast, when the husband doesn't set the alarm, the scenarios lead to higher probabilities of the alarm ringing, especially when the wife doesn't set it (89%). This suggests that the husband's action of setting the alarm is associated with a lower probability of the alarm ringing, particularly when considering the wife's increased likelihood of setting the alarm in response, which seems counterintuitive to a ""positive"" effect in the context of increasing the alarm's ringing probability."
707,yes,"Step-by-step reasoning:
1. Identify the probabilities of scurvy for patients consuming and not consuming citrus.
2. Compare the two probabilities to determine the relationship between citrus intake and scurvy risk.
3. Determine if the probability of scurvy is lower in patients consuming citrus.

Yes or no answer: Yes."
708,yes,"Step-by-Step Reasoning**
1. Identify the probability of college admission for nonsmokers: 36%.
2. Identify the probability of college admission for smokers: 15%.
3. Compare the two probabilities to determine the relationship between smoking and college admission chances.
4. Since 36% (nonsmokers) is greater than 15% (smokers), conclude that smoking does not increase the chance of college admission.

**Yes or No Answer**
No"
709,yes,"Step-by-step reasoning:
1. Calculate the probability of lung cancer for nonsmokers with and without tar deposit.
2. Calculate the overall probability of lung cancer for nonsmokers.
3. Calculate the probability of lung cancer for smokers with and without tar deposit.
4. Calculate the overall probability of lung cancer for smokers.
5. Compare the overall probabilities to determine if lung cancer would be less likely in a smoker if they had been a nonsmoker.

Yes or no answer: Yes."
710,yes,"Step-by-Step Reasoning:**
1. Understand the given probabilities for lung cancer among smokers (80%) and nonsmokers (64%).
2. Recognize the question asks about the likelihood of lung cancer from the perspective of a smoker if they were a nonsmoker, which involves a hypothetical change in smoking status.
3. Acknowledge the logical inconsistency in directly comparing these probabilities in the context provided, as it involves a contradictory premise (a smoker considering themselves as a nonsmoker).
4. Conclude that the question, as it stands, does not directly address a realistic scenario for applying these probabilities.

**Yes or No Answer:**
No"
711,yes,"Step-by-step reasoning:
1. Calculate the probability of being vaccinated and surviving smallpox: 0.78 * 0.52 = 0.4056.
2. Calculate the probability of being unvaccinated and surviving smallpox: 0.22 * 0.57 = 0.1254.
3. Calculate the overall probability of smallpox survival: 0.4056 + 0.1254 = 0.531.
4. Compare the overall probability of survival to the probability of death.

Yes or no answer: No."
712,yes,"Step-by-step reasoning:
1. **Compare the effect of studying hard vs. not studying hard on exam scores for each encouragement group**:
   - For not encouraged students, studying hard decreases the probability of a high exam score (71% to 41%).
   - For encouraged students, studying hard also decreases the probability of a high exam score (35% to 10%).
2. **Consider the impact of encouragement on the likelihood of studying hard**:
   - Encouragement significantly reduces the likelihood of studying hard (from 52% for not encouraged to 5% for encouraged).
3. **Analyze if the reduction in studying hard due to encouragement could negatively affect exam scores**:
   - Since studying hard decreases the probability of a high exam score in both encouragement groups, and encouragement reduces the likelihood of studying hard, the effect of encouragement on exam scores through studying habits is not straightforwardly negative due to the decrease in studying hard. However, the direct comparison of probabilities shows that encouragement itself, regardless of studying habits, is associated with lower probabilities of high exam scores.

Given these observations, the relationship between encouragement, studying habits, and exam scores is complex. However, focusing strictly on the question of whether encouragement level negatively affects exam score through studying habit, we see that encouragement reduces the likelihood of studying hard, and studying hard is associated with lower probabilities of high exam scores in both encouragement groups.

Yes or no answer: **No**"
713,yes,"step-by-step reasoning:
1. Identify the probabilities of college admission for smokers and nonsmokers.
2. Compare these probabilities to determine the relationship between smoking and college admission chances.
3. Calculate the difference in probabilities to understand the magnitude of the effect.
4. Conclude based on the comparison whether smoking decreases the chance of college admission.

The final answer is: $\boxed{Yes}$"
714,yes,"Step-by-Step Reasoning:
1. Identify the given probabilities: 41% for wet ground in the dry season and 50% in the rainy season.
2. Understand the question is asking about a hypothetical scenario where the season is rainy but had previously been dry.
3. Recognize that the given probabilities do not account for the previous season's influence on the current season's ground condition.
4. Conclude that the probability of wet ground in the rainy season (50%) does not change based on whether the previous season was dry or not.

Yes or No Answer: No"
715,yes,"Step-by-Step Reasoning**:
- Calculate overall probability of high salary: P(high salary) = P(non-male and high salary) + P(male and high salary) = 0.58 + 0.01 = 0.59.
- Calculate probability of high salary given male gender: P(high salary | male) = P(male and high salary) / P(male) = 0.01 / 0.02 = 0.5.
- Compare P(high salary | male) with P(high salary) to determine if high salary chance is smaller for males.

3. **Yes or No Answer**: Yes."
716,yes,"Step-by-Step Reasoning**:
- Examine the probabilities of an intelligent child based on parents' intelligence and social status.
- Compare the changes in these probabilities when social status changes within each parental intelligence group.
- Consider the role of the confounder in affecting social status and its implications.
- Evaluate if the relationship between parents' intelligence and child's intelligence is significantly mediated by social status.

3. **Yes or No Answer**: No."
717,no,"## Step 1: Understand the given probabilities
The problem provides various probabilities related to infant mortality, birth weight, and maternal smoking status. We need to analyze these probabilities to determine if maternal smoking status negatively affects infant mortality when disregarding the mediation effect through infant's birth weight.

## Step 2: Calculate the overall probability of high infant mortality for nonsmoking mothers
To do this, we need to consider the probabilities of high infant mortality for both low and normal birth weights and the probabilities of these birth weights occurring. However, since we are disregarding the mediation effect through infant's birth weight, we should directly compare the given probabilities for smoking and nonsmoking mothers without calculating combined probabilities for each group.

## Step 3: Calculate the overall probability of high infant mortality for smoking mothers
Similar to step 2, we consider the given probabilities for smoking mothers. However, the key here is to understand that we are comparing the direct effects as stated, without needing to calculate a combined probability since the mediation effect through birth weight is to be disregarded.

## Step 4: Compare the probabilities to determine the effect of maternal smoking
We compare the given probabilities for nonsmoking and smoking mothers to assess if there's a negative effect on infant mortality due to maternal smoking. For nonsmoking mothers, the probabilities of high infant mortality are 63% for low birth weight and 87% for normal birth weight. For smoking mothers, these probabilities are 39% for low birth weight and 63% for normal birth weight.

## Step 5: Determine if maternal smoking negatively affects infant mortality
Considering the probabilities, for both low and normal birth weights, the percentages of high infant mortality are lower for smoking mothers compared to nonsmoking mothers. This suggests that, based on the given data and disregarding the mediation effect through infant's birth weight, maternal smoking status does not negatively affect infant mortality in the context provided.

The final answer is: $\boxed{No}$"
718,yes,"Step-by-Step Reasoning:**
1. Identify the given probabilities: 72% for nonsmokers and 93% for smokers.
2. Recognize the correlation between smoking and increased lung cancer risk.
3. Understand the role of tar deposit in smoking and its carcinogenic effects.
4. Infer the relationship between smoking, tar deposit, and lung cancer risk.

**Yes or No Answer:** Yes"
719,yes,"Step-by-Step Reasoning:
- Identify the probability of penguin death for stairs: 57%
- Identify the probability of penguin death for the elevator: 59%
- Compare the probabilities to determine which is lower
- Conclusion: Since 57% < 59%, taking the stairs has a lower probability of penguin death

3. Yes or no answer: Yes"
720,yes,"Step-by-Step Reasoning:**
1. Calculate the probability of being unattractive: 100% - 94% = 6%.
2. Calculate the probability of being attractive and talented: 94% * 83%.
3. Calculate the probability of being unattractive and talented: 6% * 83%.
4. Calculate the overall probability of being talented: Sum of the probabilities from steps 2 and 3.
5. Calculate the probability of lack of talent: 100% - overall probability of being talented.
6. Compare the probabilities of talent and lack of talent to determine which is more likely.

**Yes or No Answer:** No"
721,yes,"Step-by-step reasoning:
1. **Consider the complexity of heart conditions and medication effects**: Both are influenced by numerous factors, including but not limited to blood pressure.
2. **Evaluate Method 1 (general correlation)**: This method might not account for individual variability and specific influencing factors like blood pressure.
3. **Evaluate Method 2 (case-by-case analysis according to blood pressure)**: This method considers a critical factor (blood pressure) that can significantly influence the medication's effect on heart condition, allowing for more personalized insights.
4. **Compare the two methods for accuracy and applicability**: Method 2 offers a more detailed and potentially accurate approach by considering individual variability.

Yes or no answer: No."
722,yes,"Step-by-Step Reasoning**:
- Identify the probabilities of the wife setting the alarm based on the husband's actions.
- Compare the probabilities of the alarm ringing in each scenario.
- Determine if the husband's action to set the alarm increases the overall likelihood of the alarm ringing through the wife's actions.

3. **Yes or No Answer**: No."
723,yes,"Step-by-Step Reasoning:**
1. Identify the given conditions and their effects on infant birth weight and mortality.
2. Recognize that good health is a constant factor in the scenario.
3. Evaluate how smoking versus nonsmoking affects infant mortality under the condition of good health.
4. Apply logical deduction to conclude the impact of a nonsmoking mother versus a smoking mother on infant mortality.

**Yes or No Answer:** Yes"
724,yes,"## Step 1: Understand the given probabilities
The overall probability of kindness is 94%, which implies that the probability of a mean personality is 100% - 94% = 6%. The probability of attractive appearance for both kind and mean personalities is 97%.

## Step 2: Calculate the probability of attractive appearance for kind personalities
The probability of a kind personality and attractive appearance is 94% * 97% = 0.94 * 0.97 = 0.9118 or 91.18%.

## Step 3: Calculate the probability of attractive appearance for mean personalities
The probability of a mean personality and attractive appearance is 6% * 97% = 0.06 * 0.97 = 0.0582 or 5.82%.

## Step 4: Calculate the overall probability of attractive appearance
The overall probability of attractive appearance is the sum of the probabilities of attractive appearance for kind and mean personalities, which is 91.18% + 5.82% = 97%.

## Step 5: Compare the probability of attractive appearance to unattractive appearance
Since the overall probability of attractive appearance is 97%, the probability of unattractive appearance is 100% - 97% = 3%. Attractive appearance is more likely than unattractive appearance overall because 97% is greater than 3%.

## Step 6: Conclusion
Based on the calculations, attractive appearance is indeed more likely than unattractive appearance overall.

The final answer is: $\boxed{Yes}$"
725,yes,"Step-by-Step Reasoning:**
1. Understand Method 1 as a general approach to correlation.
2. Understand Method 2 as a context-specific approach considering the wife's influence.
3. Recognize the complexity introduced by the wife's potential influence on the husband-alarm clock relationship.
4. Determine that a more comprehensive understanding is preferable.
5. Conclude Method 2 offers a more comprehensive understanding.

**Yes or No Answer:** No"
726,yes,"Step-by-Step Reasoning:**
1. **Identify the goal**: Understand how appearance affects talent.
2. **Analyze Method 1**: Case-by-case analysis, focused on famous individuals, which may provide detailed insights but could be biased towards outliers.
3. **Analyze Method 2**: Generalized approach, examining the correlation across a broad spectrum, aiming for universal principles but might lack individual case nuances.
4. **Compare methods**: Method 2 offers a more comprehensive and less biased perspective.
5. **Conclusion**: For understanding the general impact of appearance on talent, Method 2 is more appropriate.

**Yes or No Answer**: No"
727,yes,"Step-by-step reasoning:
1. Identify the probabilities of death for each action (release or execute).
2. Compare these probabilities to determine the outcome of each action.
3. Determine if executing increases the chance of death compared to releasing.

Yes or no answer: Yes."
728,yes,"Step-by-Step Reasoning:**
1. Identify the probabilities of high infant mortality for both groups: 59% for nonsmoking mothers and 26% for smoking mothers.
2. Compare these probabilities to determine which group has a lower chance of high infant mortality.
3. Recognize that a lower percentage means a lower probability of the event (high infant mortality) occurring.
4. Conclude based on the comparison that smoking mothers, according to the given data, have a lower probability of high infant mortality than nonsmoking mothers.

**Yes or No Answer:** Yes"
729,yes,"Step-by-step reasoning:**
1. Calculate the probability of not being encouraged and achieving a high score.
2. Calculate the probability of being encouraged and achieving a high score.
3. Add these probabilities to find the overall probability of achieving a high exam score.
4. Compare this probability to 50% to determine if high exam score is less likely than low exam score.

**Yes or No answer:** Yes"
730,yes,"Step-by-step reasoning:
1. Identify the relevant probabilities for students accepted to elite institutions.
2. Compare the probability of being hard-working for non-talented students (18%) with that of talented students (14%) within the accepted group.
3. Determine if the probability of being hard-working increases with talent by comparing these two values.

Given that 18% (non-talented) is greater than 14% (talented), the probability of being hard-working among students accepted to elite institutions actually decreases with talent.

Yes or no answer: No."
731,yes,"Step-by-Step Reasoning**:
   - Method 1 analyzes gender and salary by occupation.
   - This approach reveals occupation-specific gender salary gaps.
   - Method 2 looks at the general correlation without occupational context.
   - Method 1 provides more detailed and occupation-specific insights.
   - Detailed insights are crucial for understanding the gender-salary correlation.

3. **Yes or No Answer**: Yes"
732,yes,"Step-by-Step Reasoning:**
1. Calculate the probability of an intelligent child given intelligent parents using conditional probability.
2. Compare this calculated probability with the overall probability of an intelligent child.
3. Determine if the chance of an intelligent child increases or decreases with intelligent parents based on the comparison.

**Yes or No Answer:** No"
733,yes,"Step-by-step reasoning:
1. Identify the variables in question: hospital costs and recovery outcomes.
2. Consider the influence of age on both variables.
3. Recognize that Method 1 accounts for age on a case-by-case basis.
4. Understand that Method 2 provides a general correlation without considering age or other factors.
5. Determine that accounting for age (and potentially other factors) provides a more nuanced understanding of the relationship between hospital costs and recovery.

Yes."
734,no,"## Step 1: Understanding the given probabilities
The problem states that the overall probability of a camper lighting a match is 100%, which implies that every camper will light a match. It also provides conditional probabilities for the forest being on fire based on whether a match is lit or not. However, given that every camper lights a match, the scenario where a camper does not light a match is irrelevant to the overall outcome regarding the forest fire.

## Step 2: Analyzing the relevant probability
Since every camper lights a match, we only consider the probability of the forest being on fire when a match is lit, which is given as 53%. This directly informs us about the likelihood of the forest being on fire.

## Step 3: Comparing probabilities
To determine if the forest is less likely to be on fire than not, we compare the probability of it being on fire (53%) to the probability of it not being on fire (100% - 53% = 47%). If the probability of the forest not being on fire is greater than the probability of it being on fire, then the forest is less likely to be on fire.

## Step 4: Conclusion
Given that the probability of the forest being on fire (53%) is greater than the probability of it not being on fire (47%), we can conclude that the forest is actually more likely to be on fire than not, under the condition that every camper lights a match.

The final answer is: $\boxed{No}$"
735,no,"step-by-step reasoning:
1. Identify the probabilities of long lifespan for normal weight and obese individuals.
2. Recognize the question is about comparing the obese person's current state to a hypothetical normal weight state.
3. Determine the direction of change in probability based on weight status.
4. Conclude the effect on likelihood based on the comparison.

The final answer is: $\boxed{No}$"
736,yes,"Step-by-step reasoning:
1. Calculate the probability of not consuming citrus: 100% - 3% = 97%.
2. Calculate the probability of scurvy for non-citrus consumers: 97% * 60% = 58.2%.
3. Calculate the probability of scurvy for citrus consumers: 3% * 74% = 2.22%.
4. Calculate the overall probability of scurvy: 58.2% + 2.22% = 60.42%.
5. Compare the overall probability of scurvy to the probability of no scurvy.

Yes."
737,yes,"step-by-step reasoning:
1. Calculate the probability of recovery given treatment: 65% * 63% = 40.95%.
2. Calculate the probability of recovery given no treatment: 35% * 37% = 12.95%.
3. Calculate the overall probability of recovery: 40.95% + 12.95% = 53.9%.
4. Compare the probability of recovery to the probability of non-recovery: 53.9% > 46.1%.

Yes or no answer: No."
738,yes,"Step-by-step reasoning:
1. Calculate the probability of having a nonsmoking mother.
2. Identify the given probabilities of high infant mortality for both smoking and nonsmoking mothers.
3. Apply the law of total probability to calculate the overall probability of high infant mortality.
4. Compare the calculated probability of high infant mortality with the implied probability of low infant mortality.

Yes or no answer: No"
739,yes,"Step-by-Step Reasoning:**
1. Calculate the probability of smallpox survival given vaccination using the formula \(P(S|V) = \frac{P(V \cap S)}{P(V)}\).
2. Calculate the probability of lack of vaccination.
3. Calculate the probability of smallpox survival given lack of vaccination using the formula \(P(S|\text{not }V) = \frac{P(\text{not }V \cap S)}{P(\text{not }V)}\).
4. Compare \(P(S|V)\) and \(P(S|\text{not }V)\) to determine if the chance of smallpox survival is smaller when observing vaccination.

**Yes or No Answer:** No"
740,no,"## Step 1: Understanding the given probabilities
The problem states that for individuals who are not male, the probability of admission acceptance is 54%, and for individuals who are male, the probability of admission acceptance is 55%. This implies that the probability of admission acceptance is slightly higher for males compared to non-males.

## Step 2: Comparing the probabilities
To determine if male gender decreases the chance of admission acceptance, we need to compare the two probabilities. Since 55% is greater than 54%, being male actually increases the chance of admission acceptance, rather than decreasing it.

## Step 3: Conclusion
Based on the given probabilities, male gender does not decrease the chance of admission acceptance. Instead, it slightly increases the chance.

The final answer is: $\boxed{No}$"
741,yes,"Step-by-Step Reasoning:**
1. Identify admission rates for each gender and department type.
2. Calculate the change in admission rates from non-competitive to competitive departments for each gender.
3. Compare these changes to assess the relative impact of department competitiveness on each gender.
4. Consider the probabilities of each gender being in a competitive department.
5. Evaluate if the combination of these factors indicates a negative effect of gender on admission status through department competitiveness.

**Yes or No Answer:** Yes"
742,yes,"Step-by-Step Reasoning**:
   - Identify the probability of scurvy in patients not consuming citrus: 58%.
   - Identify the probability of scurvy in patients consuming citrus: 40%.
   - Compare the probabilities to determine the effect of citrus intake on the chance of scurvy.
   - Since 40% (citrus consumers) is less than 58% (non-citrus consumers), citrus intake reduces the chance of scurvy.

3. **Yes or No Answer**: No"
743,no,"## Step 1: Understanding the Correlation Coefficient
The correlation coefficient measures the strength and direction of a linear relationship between two variables on a scatterplot. The value of the correlation coefficient can range from -1 to 1. A value of -1 indicates a perfect negative linear relationship, a value of 1 indicates a perfect positive linear relationship, and a value of 0 indicates no linear relationship.

## Step 2: Interpreting the Given Correlation
Given that the correlation between talent and being hard-working is -0.05, this value is very close to 0, indicating a very weak negative linear relationship. However, the closeness to 0 suggests that the relationship is almost negligible.

## Step 3: Considering the Context of Elite Institutions
The context is students accepted to elite institutions. The question is whether talent affects being hard-working among these students. The correlation coefficient provided does not necessarily imply causation but rather suggests a very weak association.

## Step 4: Determining Causation vs. Association
A correlation coefficient of -0.05 does not provide strong evidence for a causal relationship between talent and being hard-working. It merely suggests that among students accepted to elite institutions, there might be a slight tendency for those with more talent to be less hard-working or vice versa, but this tendency is very weak.

## Step 5: Conclusion Based on Given Data
Given the very weak correlation, it does not strongly support the idea that talent significantly affects being hard-working among students accepted to elite institutions. The relationship is too weak to conclude a meaningful impact of talent on work ethic in this context.

The final answer is: $\boxed{No}$"
744,yes,"Step-by-Step Reasoning:**
1. Identify the proportion of smokers and nonsmokers.
2. Calculate the probability of lung cancer among smokers and nonsmokers separately.
3. Combine these probabilities to find the overall probability of lung cancer.
4. Compare the overall probability of lung cancer to 50% to determine if lung cancer is more likely than its absence.

**Yes or No Answer:** Yes"
745,yes,"Step-by-Step Reasoning:
1. Identify the probability of penguin death when taking the stairs: 45%.
2. Identify the probability of penguin death when taking the elevator: 34%.
3. Compare the two probabilities to determine the effect of taking the elevator on penguin death chance.
4. Since 34% is less than 45%, conclude that taking the elevator decreases the chance of penguin death.

Yes or No Answer: No"
746,no,"step-by-step reasoning:
1. Calculate the probability of taking the stairs: 100% - 10% = 90%.
2. Calculate the probability of penguin death when taking the stairs: 90% * 73% = 65.7%.
3. Calculate the probability of penguin death when taking the elevator: 10% * 23% = 2.3%.
4. Calculate the overall probability of penguin death: 65.7% + 2.3% = 68%.
5. Compare the overall probability of penguin death to the probability of penguin lives.

The answer is: No."
747,no,"## Step 1: Understanding the Problem
The problem presents two scenarios regarding the probability of a forest fire in relation to campers lighting matches. The first scenario states that for campers who do not light a match, the probability of the forest being on fire is 79%. The second scenario states that for campers who do light a match, the probability of the forest being on fire is 44%.

## Step 2: Analyzing the Probabilities
To determine if lighting a match increases the chance of the forest being on fire, we need to compare the probabilities given in both scenarios. The key here is to understand that the probability of the forest being on fire is actually lower when a camper lights a match (44%) compared to when a camper does not light a match (79%).

## Step 3: Drawing a Conclusion
Based on the probabilities provided, lighting a match seems to decrease the chance of the forest being on fire, as the probability drops from 79% to 44% when a match is lit. This might seem counterintuitive since one would expect that introducing a potential ignition source (a lit match) would increase the risk of a fire. However, the given probabilities suggest the opposite.

## Step 4: Considering the Implication
It's crucial to note that the question asks if lighting a match will increase the chance of the forest on fire. Given the provided probabilities, the answer is no, it does not increase the chance; it appears to decrease it according to the information given.

The final answer is: $\boxed{No}$"
748,yes,"Step-by-Step Reasoning:**
1. Identify the goal: Understand how the captain affects the prisoner.
2. Evaluate Method 1: Case-by-case analysis provides detailed, nuanced insights into the captain-prisoner relationship.
3. Evaluate Method 2: General analysis may overlook individual variability and specific impactful actions.
4. Compare methods: Method 1 offers a more comprehensive understanding of the captain's effects due to its consideration of individual cases.

**Yes or No Answer:** Yes"
749,yes,"Step-by-step reasoning:
1. **Understanding the given probabilities**: We have direct probabilities related to clean water and cholera contraction but not a direct comparison to the probability of cholera contraction when water is polluted.
2. **Calculating the probability of cholera contraction given clean water**: This can be found by taking the probability of both clean water and cholera contraction (0.17) and dividing by the probability of clean water (0.81), because the probability of an event given another event is the probability of both events happening divided by the probability of the given event.
3. **Comparison**: To assess if the chance of cholera contraction is larger when observing clean water, we need to compare the calculated probability of cholera given clean water to the overall probability of cholera contraction or the probability of cholera given polluted water. However, since we're directly comparing the risk associated with clean water, we'll calculate the probability of cholera given clean water and consider the context of the question.

The probability of cholera contraction given clean water = P(Cholera|Clean) = P(Clean and Cholera) / P(Clean) = 0.17 / 0.81.

P(Cholera|Clean) = 0.17 / 0.81 ≈ 0.21 or 21%.

Given that the overall probability of cholera contraction is not directly provided, but we can infer it from the given probabilities (P(Cholera) = P(Clean and Cholera) + P(Polluted and Cholera) = 0.17 + 0.13 = 0.30 or 30%), we see that the probability of cholera contraction given clean water (21%) is less than the overall probability of cholera contraction (30%). However, this comparison isn't directly relevant to answering if the chance is larger when observing clean water since we need to consider the conditional probability in the context of the observed condition (clean water).

To directly answer the question: The chance of cholera contraction when observing clean water (21%) is actually lower than the chance when considering all cases (30%), but the question seems to ask for a comparison within the context of observing clean water, which isn't directly comparable without the probability of cholera given polluted water. However, interpreting the question as asking if the chance of cholera is significant or larger in the context of clean water compared to an implicit expectation or another state (polluted water), we must recognize the question's framing might imply a comparison to an unstated baseline.

Yes or no answer: No."
750,yes,"Step-by-step reasoning:
1. Consider the importance of accounting for potential confounding variables in epidemiological studies.
2. Recognize that Method 1 allows for the analysis of smoking's impact on lung cancer risk while considering gender differences.
3. Acknowledge that Method 2 provides a general overview but may overlook critical subgroup differences.
4. Apply the principle of stratification to justify the use of Method 1 for a more nuanced understanding.

Yes or no answer: Yes."
751,yes,"Step-by-step reasoning:
1. Calculate the probability of being female: 100% - 60% = 40%.
2. Calculate the weighted probability of admission acceptance for females: 40% * 24% = 9.6%.
3. Calculate the weighted probability of admission acceptance for males: 60% * 44% = 26.4%.
4. Calculate the overall probability of admission acceptance: 9.6% + 26.4% = 36%.
5. Compare the probability of admission acceptance to the probability of admission rejection to determine which is more likely.

Yes or no answer: No."
752,yes,"step-by-step reasoning
1. Calculate the probability of not being male: 1 - 0.16 = 0.84.
2. Calculate the contribution of non-males to admission acceptance: 0.84 * 0.62.
3. Calculate the contribution of males to admission acceptance: 0.16 * 0.39.
4. Calculate the overall probability of admission acceptance by adding the contributions from non-males and males.
5-7. Perform the calculations.
8. Compare the overall probability of admission acceptance to 0.5 to determine if acceptance is more likely than rejection.

The final answer is: $\boxed{Yes}$"
753,yes,"Step-by-step reasoning:
1. Calculate the probability of non-male gender: P(NM) = 1 - P(M) = 1 - 0.16 = 0.84.
2. Calculate the probability of admission acceptance given non-male gender: P(A|NM) = P(NM and A) / P(NM) = 0.51 / 0.84.
3. Calculate the probability of admission acceptance given male gender: P(A|M) = P(M and A) / P(M) = 0.01 / 0.16.
4. Compare P(A|M) with the overall probability of admission acceptance, P(A), to determine if the chance of admission acceptance is smaller for males.

Yes or no answer: Yes."
754,yes,"Step-by-Step Reasoning:**
1. Calculate the probability of having a high salary given a college degree or higher [P(H|C)] by dividing the probability of both college degree or higher and high salary by the probability of college degree or higher.
2. Calculate the probability of having a high school degree or lower [P(HS)] as the complement of the probability of college degree or higher.
3. Calculate the probability of having a high salary given a high school degree or lower [P(H|HS)] by dividing the probability of both high school degree or lower and high salary by the probability of high school degree or lower.
4. Compare P(H|C) and P(H|HS) to determine if the chance of high salary is larger with a college degree or higher.

**Yes or No Answer:** Yes"
755,yes,"Step-by-Step Reasoning:
- Male gender leads to a non-competitive department.
- Male gender and a competitive department lead to admission acceptance.
- The impact of non-male gender on department type and admission is not directly stated.
- The conditions do not provide a basis to conclude the admission outcome for a non-male applicant.

3. Yes or No Answer: No"
756,yes,"Step-by-Step Reasoning:**
1. Identify given probabilities: P(A) = 0.57, P(not A and B) = 0.05, P(A and B) = 0.06.
2. Calculate P(B) by summing P(B and A) and P(B and not A): P(B) = 0.06 + 0.05 = 0.11.
3. Calculate P(B|A) using the formula P(B|A) = P(B and A) / P(A): P(B|A) = 0.06 / 0.57 ≈ 0.1053.
4. Compare P(B|A) with P(B) to determine if the chance of low cholesterol is smaller when all assigned drugs are taken.

**Yes or No Answer:** Yes"
757,yes,"Step-by-step reasoning:
1. Identify the two methods for analyzing the relationship between education level and salary.
2. Consider the strengths of Method 1, which includes a detailed, case-by-case analysis based on skill.
3. Evaluate the limitations of Method 2, which involves a general analysis without considering specific skills or fields.
4. Recognize the complexity and variability in how education impacts salary across different jobs and industries.
5. Determine that a more detailed approach (Method 1) is necessary for an accurate understanding.

Yes or no answer: Yes."
758,yes,"Step-by-Step Reasoning:
- Identify given causal relationships: C and D cause T, C and T cause L.
- Determine the patient's current state: Not assigned drug treatment (D is false), confounder is inactive (C is false).
- Analyze the effect of not taking any assigned drugs: Already the case due to no assignment.
- Apply causal relationships to the scenario: Conditions for low cholesterol (C and T) are not met.
- Conclusion based on given information and logic: The scenario described (not taking any assigned drugs) is a given due to no assignment, and the conditions for low cholesterol are not met due to the confounder being inactive.

3. Yes or No Answer: No"
759,yes,"Step-by-step reasoning:
1. **Evaluate the purpose**: The goal is to understand how smoking affects lung cancer.
2. **Consider Method 1**: This method looks at the general correlation between smoking and lung cancer.
3. **Consider Method 2**: This method analyzes the correlation case by case, specifically according to gender.
4. **Compare the methods**: Method 2 provides more detailed, nuanced insights by considering gender differences.
5. **Conclusion**: For a more accurate understanding, especially considering potential gender differences, Method 2 is preferable.

Yes or no answer: No."
760,yes,"Step-by-Step Reasoning:**
1. Identify the key factor in citrus that prevents scurvy, which is vitamin C.
2. Recognize that Method 1 analyzes the relationship between citrus consumption and scurvy on a case-by-case basis, focusing on vitamin C.
3. Understand that Method 2 looks at the general correlation without specifying the role of vitamin C.
4. Determine that analyzing the relationship through the lens of vitamin C (Method 1) provides a more detailed and accurate understanding of how citrus affects scurvy.

**Yes or No Answer:** Yes"
761,yes,"Step-by-step reasoning:
1. Calculate the probability of the captain releasing the prisoner: 1 - 0.44 = 0.56.
2. Apply the law of total probability to find the overall probability of the prisoner's death.
3. Calculate the overall probability of the prisoner's death using given conditional probabilities.
4. Compare the probability of death with the probability of being alive.

Yes or no answer: No."
762,no,"Step-by-step reasoning:
- Identify the probability of wet ground in the dry season: 43%.
- Identify the probability of wet ground in the rainy season: 54%.
- Recognize the question asks for a comparison involving the transition from a dry to a rainy season, but the given probabilities are season-specific, not transitional.
- Conclude that, based on the information provided, the rainy season has a higher probability of wet ground than the dry season.

3. No."
763,yes,"Step-by-Step Reasoning:**
1. Understand the given correlation coefficient (-0.27) and its implications (weak negative correlation).
2. Recognize that correlation does not imply causation, and the relationship between attractive appearance and talent is complex.
3. Consider the low magnitude of the correlation coefficient, indicating that attractive appearance is not a strong predictor of talent.
4. Acknowledge that other factors might influence the relationship between attractive appearance and talent.

**Yes or No Answer:** No"
764,yes,"Step-by-step reasoning:
1. Identify the goal: Understand the general effect of tanning salon treatments on skin.
2. Analyze Method 1: Offers a broad, generalized understanding based on overall trends and scientific studies.
3. Analyze Method 2: Provides case-by-case insights, potentially leading to less generalizable conclusions.
4. Compare methods based on the goal: Method 1 aligns better with the objective of understanding general effects.

Yes."
765,no,"## Step 1: Define the given probabilities
The overall probability of citrus intake is 11%, which can be represented as P(Citrus) = 0.11. The probability of absence of citrus and scurvy is 67%, or P(No Citrus and No Scurvy) = 0.67. The probability of citrus intake and scurvy is 5%, or P(Citrus and Scurvy) = 0.05.

## Step 2: Determine the probability of scurvy given citrus intake
To find if the chance of scurvy is smaller when observing citrus intake, we need to calculate the probability of scurvy given citrus intake, P(Scurvy|Citrus), and compare it with the overall probability of scurvy.

## Step 3: Calculate the probability of scurvy given citrus intake
The formula to find the conditional probability P(Scurvy|Citrus) is P(Scurvy and Citrus) / P(Citrus). Given P(Citrus and Scurvy) = 0.05 and P(Citrus) = 0.11, we can calculate P(Scurvy|Citrus) = 0.05 / 0.11.

## Step 4: Calculate P(Scurvy|Citrus)
P(Scurvy|Citrus) = 0.05 / 0.11 ≈ 0.4545.

## Step 5: Calculate the overall probability of scurvy
To compare, we need the overall probability of scurvy, P(Scurvy). This can be found using the fact that P(Scurvy) = P(Scurvy and Citrus) + P(Scurvy and No Citrus). However, since we do not directly have P(Scurvy and No Citrus), we must approach this differently, considering the information given about the absence of citrus and scurvy.

## Step 6: Calculate the probability of scurvy and no citrus
Since P(No Citrus and No Scurvy) = 0.67, and knowing that the probability of citrus intake is 0.11, we can infer the probability of no citrus is 1 - 0.11 = 0.89. The probability of scurvy and no citrus can be derived from understanding that P(No Citrus) = P(No Citrus and Scurvy) + P(No Citrus and No Scurvy).

## Step 7: Determine P(No Citrus and Scurvy)
Given P(No Citrus and No Scurvy) = 0.67 and P(No Citrus) = 0.89, P(No Citrus and Scurvy) = P(No Citrus) - P(No Citrus and No Scurvy) = 0.89 - 0.67 = 0.22.

## Step 8: Calculate the overall probability of scurvy
P(Scurvy) = P(Scurvy and Citrus) + P(Scurvy and No Citrus) = 0.05 + 0.22 = 0.27.

## Step 9: Compare the probabilities
Now, compare P(Scurvy|Citrus) ≈ 0.4545 with P(Scurvy) = 0.27 to determine if the chance of scurvy is smaller when observing citrus intake.

## Step 10: Conclusion
Since P(Scurvy|Citrus) ≈ 0.4545 is greater than P(Scurvy) = 0.27, the chance of scurvy is actually larger when observing citrus intake, not smaller.

The final answer is: $\boxed{No}$"
766,yes,"Step-by-Step Reasoning**:
    - Calculate the overall probability of recovery: \(P(R) = P(R \text{ and } V) + P(R \text{ and Not }V)\).
    - Calculate the conditional probability of recovering given the vaccine: \(P(R|V) = \frac{P(R \text{ and } V)}{P(V)}\).
    - Compare \(P(R|V)\) with \(P(R)\) and \(P(R|\text{Not }V)\) to assess if recovery is less likely with the vaccine.

3. **Yes or No Answer**: Yes. 

The probability of recovering given that one has gotten the vaccine (\(P(R|V) \approx 0.339\)) is less than the probability of recovering without the vaccine (\(P(R|\text{Not }V) \approx 0.585\)), indicating that, based on the given probabilities, the chance of recovering from the disease appears to be smaller when observing getting the vaccine."
767,yes,"Step-by-step reasoning:
1. Understand the given correlation coefficient (-0.11) and its implications.
2. Recognize that correlation does not imply causation.
3. Interpret the weak negative correlation as a slight tendency for attractive appearance to decrease with increasing kindness.
4. Consider that a correlation close to zero indicates a weak relationship, but not necessarily no relationship.

Yes or no answer: No"
768,yes,"Step-by-Step Reasoning:**
1. Identify the goal: Understand how smoking affects lung cancer.
2. Evaluate Method 1: General correlation between smoking and lung cancer provides broad risk understanding but lacks specificity regarding variables like tar deposit.
3. Evaluate Method 2: Case-by-case analysis according to tar deposit offers a nuanced understanding of the relationship, accounting for variability in tar exposure.
4. Compare Methods: Method 2 provides more detailed and potentially more accurate insights into the smoking-lung cancer relationship.
5. Conclusion: Method 2 is more correct for understanding the specific impact of smoking on lung cancer due to its consideration of tar deposit variability.

**Yes or No Answer:** No"
769,yes,"Step-by-step reasoning:
1. Identify the goal: To understand how gender affects admission status.
2. Consider Method 1: Analyzing gender and admission status case by case according to department competitiveness.
3. Consider Method 2: Looking at the correlation between gender and admission status in general.
4. Evaluate Method 1: Provides nuanced, context-specific insights into the relationship between gender and admission status, accounting for department competitiveness.
5. Evaluate Method 2: Offers a broad overview but may not capture variations across departments and does not control for department competitiveness.
6. Conclusion: Method 1 is more correct for understanding the nuanced impact of gender on admission status because it accounts for department competitiveness.

Yes or no answer: Yes."
770,yes,"## Step 1: Understanding the given probabilities
The problem provides us with the probabilities of admission acceptance based on gender and department type. For non-male applicants, the probability of admission is 37% for non-competitive departments and 68% for competitive departments. For male applicants, the probability of admission is 7% for non-competitive departments and 33% for competitive departments.

## Step 2: Analyzing department choice probabilities
We are also given the probabilities that an individual will apply to a competitive department based on their gender. Non-male individuals have a 99% chance of applying to a competitive department, while male individuals have a 55% chance.

## Step 3: Calculating overall admission probabilities by gender
To determine if gender negatively affects admission status through department competitiveness, we need to calculate the overall probability of admission for non-male and male applicants. This involves considering the probabilities of applying to competitive versus non-competitive departments and the corresponding admission probabilities.

## Step 4: Calculating overall admission probability for non-male applicants
For non-male applicants, the overall probability of admission can be calculated as follows:
- Probability of applying to a competitive department: 99%
- Probability of admission in a competitive department: 68%
- Probability of applying to a non-competitive department: 1%
- Probability of admission in a non-competitive department: 37%
Overall probability = (0.99 * 0.68) + (0.01 * 0.37)

## Step 5: Calculating overall admission probability for male applicants
For male applicants, the overall probability of admission can be calculated as follows:
- Probability of applying to a competitive department: 55%
- Probability of admission in a competitive department: 33%
- Probability of applying to a non-competitive department: 45%
- Probability of admission in a non-competitive department: 7%
Overall probability = (0.55 * 0.33) + (0.45 * 0.07)

## Step 6: Comparing overall admission probabilities
We calculate the overall probabilities:
- For non-male applicants: (0.99 * 0.68) + (0.01 * 0.37) = 0.6772 + 0.0037 = 0.6809 or 68.09%
- For male applicants: (0.55 * 0.33) + (0.45 * 0.07) = 0.1815 + 0.0315 = 0.213 or 21.3%

## Step 7: Determining the impact of gender on admission status
By comparing the overall admission probabilities, we can see that non-male applicants have a significantly higher probability of admission (68.09%) compared to male applicants (21.3%). This suggests that, based on the given probabilities, gender does have an impact on admission status, with being male appearing to negatively affect one's chances of admission.

The final answer is: $\boxed{Yes}$"
771,yes,"step-by-step reasoning:
1. Identify the probability of broken bones for both groups: 5% for those with respiratory issues and 5% for those without.
2. Recognize that the probability of respiratory issues does not affect the likelihood of broken bones since the rates are the same for both groups.
3. Calculate the probability of not having broken bones: 100% - 5% = 95% for the entire population.
4. Compare the probabilities: 95% (no broken bones) is greater than 5% (broken bones).

Yes or no answer: No."
772,no,"Step-by-step reasoning:
1. Calculate the probability of normal birth weight for nonsmoking mothers by multiplying the probability of a nonsmoking mother by the probability of normal birth weight given a nonsmoking mother.
2. Calculate the probability of normal birth weight for smoking mothers by multiplying the probability of a smoking mother by the probability of normal birth weight given a smoking mother.
3. Add the probabilities from steps 1 and 2 to find the overall probability of normal infant birth weight.
4. Subtract the overall probability of normal infant birth weight from 100% to find the probability of low infant birth weight.
5. Compare the probabilities to determine if normal infant birth weight is less likely than low infant birth weight.

Answer: No"
773,yes,"Step-by-step reasoning:
1. Calculate the probability of recovery for each group (with and without pre-conditions, and with and without the vaccine).
2. Determine the overall probability of having pre-conditions and not having pre-conditions.
3. Calculate the weighted average of recovery probabilities for those with and without the vaccine, using the probability of pre-conditions.
4. Compare the overall recovery probabilities with and without the vaccine to determine if the vaccine decreases the chance of recovery.

Yes or no answer: No."
774,yes,"Step-by-Step Reasoning:**
1. Identify the goal: Understand how parents' intelligence affects child's intelligence.
2. Consider Method 1: Analyzes the correlation case by case, including social status.
3. Consider Method 2: Analyzes the general correlation without considering social status.
4. Evaluate the importance of controlling for socio-economic factors.
5. Determine that accounting for these factors (as in Method 1) could provide a more accurate understanding.

**Yes or No Answer:** Yes"
775,yes,"Step-by-Step Reasoning:**
1. Identify given information: Encouragement leads to lack of studying, and encouragement plus studying hard leads to a high exam score.
2. Analyze the effect of encouragement on studying and exam scores.
3. Consider the potential effects of discouragement on studying and exam scores, recognizing that the information provided does not directly address this scenario.
4. Infer that ""studying hard"" is a key factor in achieving a high exam score, regardless of encouragement or discouragement.

**Yes or No Answer:** No"
776,yes,"Step-by-Step Reasoning:**
1. Understand the given probabilities for cholera contraction and clean water in both local and global water companies.
2. Recognize the question asks for the relationship between clean water and cholera contraction probability.
3. Note that direct calculation of \(P(C|\text{Clean})\) is not possible with given data.
4. Compare probabilities across companies, noting higher clean water probability correlates with higher cholera contraction probability in the given context.

**Yes or No Answer:** No"
777,yes,"step-by-step reasoning is as follows:
   - Identify the probability of high infant mortality for infants with smoking mothers: 61%.
   - Identify the probability of high infant mortality for infants with nonsmoking mothers: 46%.
   - Compare the two probabilities to determine which scenario has a lower likelihood of high infant mortality.
   - Since 46% is less than 61%, it indicates that having a nonsmoking mother is associated with a lower probability of high infant mortality compared to having a smoking mother.

3. Yes."
778,yes,"Step-by-Step Reasoning:
1. Calculate the probability of being hard-working and lazy for both smokers and nonsmokers.
2. Calculate the overall probability of college admission for nonsmokers by considering both hard-working and lazy scenarios.
3. Calculate the overall probability of college admission for smokers by considering both hard-working and lazy scenarios.
4. Compare the overall probabilities of college admission for smokers and nonsmokers to determine the effect of smoking.

Yes or No Answer: Yes"
779,yes,"Step-by-Step Reasoning:**
1. **Define the Research Goal**: Determine whether the aim is to understand the general relationship between talent and effort or the relationship within a specific context.
2. **Consider Method 1**: This method provides a broad, general understanding applicable across various scenarios.
3. **Consider Method 2**: This method offers detailed insights into a specific, high-achievement context.
4. **Choose Based on Scope**: Select Method 1 for general principles and Method 2 for context-specific insights.

**Yes or No Answer**: No."
780,yes,"Step-by-Step Reasoning**:
   - The candle is out of wax.
   - Wax is necessary for the candle to burn.
   - Without wax, the candle cannot produce light.
   - The action of blowing out the candle is irrelevant to the fact that it's out of wax.
   - Therefore, the room will be dark due to the lack of wax, regardless of the action taken.

3. **Yes or No Answer**: Yes"
781,yes,"Step-by-step reasoning:
1. Identify the admission rates for males and females in both competitive and non-competitive departments.
2. Note the probabilities of being in a competitive department for males and females by residency status.
3. Recognize the overall higher admission rates for males in both department types.
4. Consider the impact of residency on department competitiveness probabilities.

Given the higher admission rates for males in both types of departments and the higher probabilities of males being in competitive departments (which have higher admission rates), it suggests that, on average, being male would be associated with a higher probability of admission, disregarding the direct effect of department competitiveness.

Yes or no answer: Yes"
782,yes,"Step-by-step reasoning:
1. Identify the probabilities of high salary for each gender.
2. Compare these probabilities to determine the effect of gender.
3. Conclude based on the comparison whether male gender decreases the chance of high salary.

The final answer is: $\boxed{Yes}$"
783,yes,"Step-by-step reasoning:
1. Determine the probability of attractive and unattractive appearances.
2. Calculate the probability of talent among attractive and unattractive people.
3. Since the probability of talent is the same for both groups, calculate the overall probability of talent by considering the contribution of each group.
4. Compare the overall probability of talent with the probability of lack of talent.

Yes or no answer: No."
784,yes,"## Step 1: Define the given probabilities
The probability of having a college degree or higher is 7%, or P(C) = 0.07. The probability of having a high school degree or lower and a high salary is 50%, or P(HS ∩ HS) = 0.5. The probability of having a college degree or higher and a high salary is 5%, or P(C ∩ HS) = 0.05.

## Step 2: Determine the probability of high school degree or lower
Since the probability of having a college degree or higher is 7%, the probability of having a high school degree or lower is 100% - 7% = 93%, or P(HS) = 0.93.

## Step 3: Calculate the probability of high salary given college degree or higher
To find if the chance of high salary is larger when observing college degree or higher, we need to calculate the probability of high salary given college degree or higher, P(HS|C), and compare it with the probability of high salary given high school degree or lower, P(HS|HS). The formula for conditional probability is P(A|B) = P(A ∩ B) / P(B).

## Step 4: Calculate P(HS|C)
Using the given P(C ∩ HS) = 0.05 and P(C) = 0.07, we can calculate P(HS|C) = P(C ∩ HS) / P(C) = 0.05 / 0.07.

## Step 5: Calculate P(HS|HS)
First, we need to find P(HS ∩ HS) which is given as 0.5. However, to find P(HS|HS), we actually need the probability of high salary among those with high school or lower, which requires the total probability of high school or lower, P(HS). Given P(HS) = 0.93, we then calculate P(HS|HS) = P(HS ∩ HS) / P(HS) = 0.5 / 0.93.

## Step 6: Compare P(HS|C) and P(HS|HS)
Calculate the values for P(HS|C) and P(HS|HS) and compare them to determine if the chance of high salary is larger when observing college degree or higher.

## Step 7: Perform calculations
P(HS|C) = 0.05 / 0.07 ≈ 0.7143.
P(HS|HS) = 0.5 / 0.93 ≈ 0.5385.

## Step 8: Conclusion
Since P(HS|C) > P(HS|HS), the chance of high salary is larger when observing college degree or higher.

The final answer is: $\boxed{Yes}$"
785,yes,"## Step 1: Understanding the Given Information
We are given two pieces of information: 
1. A confounder (let's call it C) being active or a high cigarette tax (T) causes a mother to be a smoking mother (M).
2. The presence of the confounder (C) or a smoking mother (M) causes an infant to have a normal birth weight (B).

## Step 2: Analyzing the Given Scenario
The scenario provided states that the cigarette tax is low and the confounder is active. We need to determine if the infant would be born with a normal weight if the mother was a nonsmoking mother instead of a smoking mother under these conditions.

## Step 3: Applying Logical Deduction
Given that the confounder is active, according to the second piece of information, this would contribute to the infant having a normal birth weight regardless of the mother's smoking status. The first piece of information about the cigarette tax and the confounder causing a mother to smoke is less relevant to the direct outcome of the infant's birth weight when we are considering the scenario where the confounder is already active.

## Step 4: Conclusion Based on Logical Deduction
Since the confounder is active, which is a condition that leads to a normal infant birth weight, the status of the mother (smoking or nonsmoking) becomes less critical in determining the outcome of the infant's birth weight under the given conditions.

The final answer is: $\boxed{Yes}$"
786,yes,"Step-by-Step Reasoning:**
1. Identify the probability of the forest catching on fire without a match being lit: 47%.
2. Identify the probability of the forest catching on fire with a match being lit: 75%.
3. Compare the two probabilities to determine if lighting a match increases the risk.
4. If the probability with a match is higher than without, then lighting a match increases the chance of the forest catching on fire.

**Yes or No Answer:** Yes"
787,yes,"Step-by-Step Reasoning**:
   - Identify the potential confounding variable (smoking) that could affect the relationship between the gene and lung cancer.
   - Recognize that Method 1 does not account for this variable, potentially leading to biased results.
   - Understand that Method 2 controls for the confounding effect of smoking by analyzing the relationship separately for smokers and non-smokers.
   - Conclude that controlling for confounding variables (as in Method 2) provides a more accurate understanding of the relationship between the gene and lung cancer.

3. **Yes or No Answer**: No"
788,yes,"Step-by-Step Reasoning:**
1. Identify the goal: Understand how smoking affects lung cancer.
2. Analyze Method 1: Case-by-case analysis focusing on tar deposit offers detailed insights into the mechanisms by which smoking leads to lung cancer.
3. Analyze Method 2: General correlation analysis provides a broad understanding of the smoking-lung cancer link but lacks specificity.
4. Compare methods based on the goal: Method 1 provides more relevant information for understanding the effect of smoking on lung cancer.

**Yes or No Answer:** Yes"
789,yes,"Step-by-Step Reasoning:**
1. Identify the probabilities of low and high hospital bills.
2. Identify the probabilities of recovery given each type of hospital bill.
3. Calculate the weighted average of recovery probabilities based on bill types.
4. Determine the overall probability of recovery.
5. Compare the probability of recovery to the probability of non-recovery.

**Yes or No Answer:** No"
790,no,"## Step 1: Define the given probabilities
The probability of intelligent parents is 51%, the probability of unintelligent parents and an intelligent child is 18%, and the probability of intelligent parents and an intelligent child is 34%.

## Step 2: Determine the probability of an intelligent child
To find the probability of an intelligent child, we need to consider both scenarios where the child can be intelligent: having unintelligent parents and having intelligent parents. The total probability of an intelligent child is the sum of the probability of unintelligent parents and an intelligent child and the probability of intelligent parents and an intelligent child.

## Step 3: Calculate the total probability of an intelligent child
The probability of an intelligent child is 18% (unintelligent parents and intelligent child) + 34% (intelligent parents and intelligent child) = 52%.

## Step 4: Calculate the probability of an intelligent child given intelligent parents
To find if the chance of an intelligent child is smaller when observing intelligent parents, we need to calculate the probability of an intelligent child given that the parents are intelligent. This is the probability of intelligent parents and an intelligent child divided by the probability of intelligent parents.

## Step 5: Perform the calculation for the conditional probability
The probability of an intelligent child given intelligent parents = (Probability of intelligent parents and intelligent child) / (Probability of intelligent parents) = 34% / 51%.

## Step 6: Compare the conditional probability with the overall probability of an intelligent child
We compare the calculated conditional probability with the overall probability of an intelligent child to determine if the chance is smaller.

## Step 7: Calculation of the conditional probability
34% / 51% ≈ 0.666 or 66.6%. This means that given intelligent parents, the chance of an intelligent child is approximately 66.6%.

## Step 8: Comparison
The overall probability of an intelligent child is 52%, and the probability of an intelligent child given intelligent parents is approximately 66.6%. This indicates that the chance of an intelligent child is actually larger when observing intelligent parents, not smaller.

The final answer is: $\boxed{No}$"
791,yes,"Step-by-step reasoning:
1. Calculate the proportion of the population with a college degree or higher and without.
2. Determine the probability of high salary for each group.
3. Calculate the overall probability of high salary by adding the probabilities for each group.
4. Compare the overall probability of high salary to 50% to determine if it is less likely than low salary.

Yes or no answer: Yes."
792,yes,"Step-by-Step Reasoning:
1. Identify the probabilities of college admission for smokers and nonsmokers.
2. Compare these probabilities to determine the relationship between smoking and college admission chances.
3. Conclude based on the comparison whether smoking decreases the chance of college admission.

The final answer is: $\boxed{Yes}$"
793,yes,"Step-by-Step Reasoning**:
   - Understand the meaning of the correlation coefficient (-0.04) and its implications for the relationship between kindness and attractive appearance.
   - Recognize that a correlation close to 0 indicates a very weak linear relationship but does not necessarily imply no relationship or no effect.
   - Consider that correlation does not equal causation, and the impact of kindness on attractive appearance could be influenced by numerous factors not captured by the correlation coefficient alone.

3. **Yes or No Answer**: No"
794,yes,"Step-by-step reasoning:
1. Calculate the probability of a normal weight person having a long lifespan: 0.92 * 0.68 = 0.6256.
2. Calculate the probability of an obese person having a long lifespan: 0.08 * 0.37 = 0.0296.
3. Add the probabilities of long lifespan for both groups: 0.6256 + 0.0296 = 0.6552.
4. Compare the overall probability of long lifespan (65.52%) to 50% to determine if long lifespan is more likely.

Yes."
795,yes,"Step-by-Step Reasoning:**
1. Identify the probability of smallpox survival for unvaccinated individuals: 31%.
2. Identify the probability of smallpox survival for vaccinated individuals: 41%.
3. Compare the two probabilities to determine the effect of vaccination on survival rates.
4. If the probability for vaccinated individuals is higher, then vaccination increases the chance of survival.

**Yes or No Answer:** Yes"
796,yes,"step by step. We are told that blowing out a candle (with wax) results in a dark room. This implies that the light source (the candle when it's lit) is what makes the room not dark. When the candle is blown out, the light source is extinguished, leading to darkness. Now, we're considering a scenario where the candle is out of wax. In this case, the candle cannot be lit because there's no wax to burn, which means there's no light source to begin with. The act of blowing out something that is already not lit (because it's out of wax) doesn't change the fact that there's no light source. Therefore, whether or not you blow out the candle when it's out of wax, the room will remain dark because there's no light being produced.

2. Concise Step-by-Step Reasoning:
- Blowing out a lit candle results in darkness.
- The candle is out of wax, meaning it cannot be lit.
- Without wax, the candle cannot produce light.
- Blowing out an unlit candle does not change its inability to produce light.
- Therefore, the room remains dark regardless of the action taken on the candle without wax.

3. Yes or no answer: No"
797,yes,"Step-by-step reasoning:**
1. Calculate the probability of low blood pressure for both groups (not taking medication and taking medication).
2. Calculate the overall probability of a healthy heart for individuals not taking medication by considering both low and high blood pressure scenarios.
3. Calculate the overall probability of a healthy heart for individuals taking medication by considering both low and high blood pressure scenarios.
4. Compare the overall probabilities of having a healthy heart between the two groups to determine the effect of medication.

**Yes or no answer:** Yes."
798,yes,"Step-by-Step Reasoning**:
   - Reduced yield per acre typically leads to reduced supply.
   - Low demand contributes to decreased price.
   - Hypothetical increase in supply (despite reduced yield per acre) would still lead to decreased price due to supply and demand principles.
   - Increased supply (from any cause) and low demand both contribute to lower prices.

3. **Yes or No Answer**: Yes"
799,yes,"Step-by-Step Reasoning:**
1. Identify the conditions in question: respiratory issues and broken bones.
2. Consider the variability and complexity of both conditions.
3. Evaluate Method 1 for its broad, general approach.
4. Evaluate Method 2 for its detailed, case-by-case approach.
5. Determine that a more detailed approach (Method 2) is likely more accurate for understanding complex relationships between conditions.

**Yes or No Answer:** No"
800,yes,"step-by-step reasoning:
1. Calculate the probability of normal infant birth weight for nonsmoking mothers.
2. Calculate the probability of normal infant birth weight for smoking mothers.
3. Determine the overall probability of normal infant birth weight by adding the probabilities from steps 1 and 2.
4. Compare the overall probability of normal infant birth weight with 50% to determine if it's more or less likely than low infant birth weight.

Yes or no answer: No."
801,yes,"Step-by-step reasoning:
1. Identify admission rates by gender and department competitiveness.
2. Compare admission rates between genders within the same department type.
3. Assess the impact of gender on admission rates in competitive vs. non-competitive departments.

Yes or no answer: Yes."
802,yes,"Step-by-step reasoning:
1. Define the given probabilities and the events.
2. Calculate the probability of not smoking (P(NS)).
3. Calculate the conditional probability of college admission given smoking (P(C|S)).
4. Calculate the conditional probability of college admission given not smoking (P(C|NS)).
5. Compare P(C|S) and P(C|NS) to determine if the chance of college admission is larger when observing smoking.

Yes or no answer: No"
803,yes,"Step-by-Step Reasoning**:
   - Identify the goal: Understand the general effects of tanning salon treatments on skin.
   - Evaluate Method 1: Provides broad insights into general trends and patterns across various individuals and scenarios.
   - Evaluate Method 2: Offers detailed insights into specific situations but may lack general applicability.
   - Compare Methods: Method 1 is more comprehensive for understanding general effects.

3. **Yes or No Answer**: Yes"
804,yes,"Step-by-step reasoning:
   - Identify the probability of smallpox survival for unvaccinated individuals: 58%.
   - Identify the probability of smallpox survival for vaccinated individuals: 69%.
   - Compare the two probabilities to determine if vaccination increases the likelihood of survival.
   - Since 69% is greater than 58%, vaccination increases the probability of survival.

3. Yes."
805,yes,"Step-by-Step Reasoning:**
1. Identify the conditions for clean water: High poverty and a global water company.
2. Note the discrepancy: The person's water company is local, not global, but we are asked to consider a scenario with clean water.
3. Consider the conditions for cholera contraction: High poverty and clean water.
4. Apply the hypothetical scenario: If the person has clean water (despite the local company) and lives in a high-poverty area, they meet the conditions for cholera contraction.

**Yes or No Answer:** Yes"
806,yes,"Step-by-step reasoning:
   - Identify the probability of admission acceptance for non-males: 51%.
   - Identify the probability of admission acceptance for males: 31%.
   - Compare the two probabilities to determine the relationship between gender and admission acceptance.
   - Since 51% (non-males) is greater than 31% (males), conclude that male gender decreases the chance of admission acceptance.

3. Yes."
807,yes,"Step-by-step reasoning:
1. Examine the probabilities of long lifespan for each group (normal weight with/without diabetes, obese with/without diabetes).
2. Consider the probabilities of having diabetes based on weight and smoking status.
3. Assess the relationship between obesity, diabetes, and long lifespan, looking for a direct negative impact of obesity on lifespan through diabetes.
4. Recognize the counterintuitive increase in long lifespan probability with diabetes in both weight groups.
5. Conclude that the data provided does not directly support the notion that obesity negatively affects lifespan through diabetes due to the complex interplay of factors.

Yes or no answer: No."
808,yes,"Step-by-step reasoning:
1. Calculate the probability of penguin death for each scenario (stairs/happy, stairs/sad, elevator/happy, elevator/sad) considering the given probabilities.
2. Combine these probabilities to find the total probability of penguin death for each mode of transportation (stairs and elevator).
3. Compare the total probabilities of penguin death for taking the stairs versus the elevator to determine the impact of the decision on penguin survival.

Yes or no answer: Yes."
809,yes,"Step-by-step reasoning:
1. Calculate the probability of being a nonsmoker: 100% - 96% = 4%.
2. Calculate the weighted probability of lung cancer among smokers: 68% * 96%.
3. Calculate the weighted probability of lung cancer among nonsmokers: 46% * 4%.
4. Calculate the overall probability of lung cancer by adding the probabilities from step 2 and step 3.
5. Determine the probability of not having lung cancer by subtracting the overall probability of lung cancer from 100%.

Yes or no answer: No."
810,yes,"Step-by-Step Reasoning:**
1. Analyze the given probabilities of healthy heart conditions based on medication intake and blood pressure levels.
2. Compare the probabilities of high blood pressure among individuals taking and not taking medication.
3. Evaluate how medication affects the probability of a healthy heart for both low and high blood pressure conditions.
4. Determine if the data support a negative effect of medication on heart condition through blood pressure.

**Yes or No Answer:** No"
811,yes,"step-by-step reasoning:
1. Identify the probabilities of broken bones for hospitalized individuals with and without respiratory issues.
2. Compare these probabilities to determine the relationship between respiratory issues and the chance of broken bones in hospitalized individuals.
3. Conclude whether the chance of broken bones decreases when respiratory issues are present.

Yes or no answer: Yes."
812,yes,"Step-by-step reasoning:**
1. Calculate the probability of the husband not setting the alarm.
2. Calculate the probability of the alarm ringing for both scenarios (alarm set and not set).
3. Calculate the overall probability of the alarm ringing by summing the probabilities of the alarm ringing in both scenarios.
4. Compare the overall probability of the alarm ringing to the probability of the alarm being silent.

**Yes or No answer:** Yes."
813,yes,"step-by-step reasoning:
1. Identify the given probabilities for both scenarios.
2. Compare these probabilities to determine the relationship between the action (blowing out candles) and the outcome (dark room).
3. If the probability of a dark room is higher after the action, conclude that the action increases the chance of the outcome.

The final answer is: $\boxed{Yes}$"
814,yes,"Step-by-step reasoning:
1. Calculate the probability of smallpox survival given vaccination, P(S|V), using the formula P(S|V) = P(V and S) / P(V).
2. Calculate the probability of smallpox survival given no vaccination, P(S|~V), using the formula P(S|~V) = P(~V and S) / P(~V).
3. Compare P(S|V) and P(S|~V) to determine if the chance of smallpox survival is larger when observing vaccination.

Yes or no answer: Yes."
815,yes,"Step-by-Step Reasoning**:
   - Determine the probability of a low hospital bill.
   - Calculate the overall probability of recovery using the law of total probability.
   - Compare the overall probability of recovery to the probability of non-recovery.

3. **Yes or No Answer**: Yes"
816,yes,"Step-by-step reasoning:**
1. Identify given probabilities: P(Obesity), P(Normal weight and Long lifespan), P(Obesity and Long lifespan).
2. Calculate the probability of long lifespan by adding the probabilities of normal weight and long lifespan, and obesity and long lifespan.
3. Calculate the probability of long lifespan given obesity using conditional probability formula.
4. Compare the probability of long lifespan given obesity with the overall probability of long lifespan.

**Yes or no answer:** Yes"
817,no,"## Step 1: Define the given probabilities
The overall probability of smoking is 7%, which can be denoted as P(S) = 0.07. The probability of nonsmoking and college admission is 48%, denoted as P(NS ∩ CA) = 0.48. The probability of smoking and college admission is 3%, denoted as P(S ∩ CA) = 0.03.

## Step 2: Calculate the probability of nonsmoking
Since the probability of smoking is 7%, the probability of nonsmoking is 100% - 7% = 93%, denoted as P(NS) = 0.93.

## Step 3: Calculate the probability of college admission given nonsmoking
Using the formula for conditional probability, P(CA|NS) = P(NS ∩ CA) / P(NS), we can calculate the probability of college admission given nonsmoking. P(CA|NS) = 0.48 / 0.93 ≈ 0.516.

## Step 4: Calculate the probability of college admission given smoking
Using the same formula, P(CA|S) = P(S ∩ CA) / P(S), we can calculate the probability of college admission given smoking. P(CA|S) = 0.03 / 0.07 ≈ 0.429.

## Step 5: Compare the probabilities of college admission
To determine if the chance of college admission is larger when observing smoking, we compare P(CA|S) and P(CA|NS). If P(CA|S) > P(CA|NS), then the chance of college admission is larger when observing smoking.

The final answer is: $\boxed{No}$"
818,yes,"Step-by-Step Reasoning**:
- Determine the probability of the wife setting the alarm based on the husband's action.
- Compare the probabilities of the alarm ringing in different scenarios.
- Assess if the husband's action increases the likelihood of the alarm ringing through the wife's action.

3. **Yes or No Answer**: No"
819,yes,"## Step 1: Determine the probability of a student being talented and hard-working
The probability of a student being talented is 15%, and the probability of being hard-working given that they are talented is also 9%. Therefore, the probability of a student being both talented and hard-working is 0.15 * 0.09 = 0.0135.

## Step 2: Determine the probability of a student being not talented and hard-working
The probability of a student not being talented is 100% - 15% = 85%, and the probability of being hard-working given that they are not talented is 9%. Therefore, the probability of a student being not talented and hard-working is 0.85 * 0.09 = 0.0765.

## Step 3: Calculate the overall probability of being hard-working
To find the overall probability of being hard-working, we add the probability of being talented and hard-working to the probability of being not talented and hard-working. So, 0.0135 + 0.0765 = 0.09, or 9%.

## Step 4: Compare the probability of being hard-working to being lazy
Since the probability of being hard-working is 9%, the probability of being lazy is 100% - 9% = 91%. Therefore, being hard-working is less likely than being lazy overall.

## Step 5: Conclusion
Based on the calculations, being hard-working is indeed less likely than being lazy overall because the probability of being hard-working (9%) is less than the probability of being lazy (91%).

The final answer is: $\boxed{Yes}$"
820,yes,"Step-by-Step Reasoning**:
   - Identify the key variable (kidney stone size) that affects treatment outcomes.
   - Recognize that Method 1 does not account for this variable.
   - Understand that Method 2 analyzes treatment effectiveness based on stone size.
   - Conclude that Method 2 provides a more detailed and accurate analysis.

3. **Yes or No Answer**: No"
821,yes,"Step-by-Step Reasoning:**
1. Identify the main variables: maternal smoking status and infant's birth weight.
2. Recognize the potential for confounding variables (e.g., socioeconomic status, healthcare access, nutrition).
3. Method 1 ignores these confounders, providing a general but potentially biased view.
4. Method 2 accounts for confounders, offering a more precise but complex analysis.
5. Considering the goal is to understand the effect of smoking on birth weight accurately, controlling for confounders is crucial.

**Yes or No Answer:** No"
822,yes,"Step-by-Step Reasoning:**
1. Identify the given probabilities: 52% chance of receiving treatment, 45% recovery rate without treatment, and 73% recovery rate with treatment.
2. Calculate the probability of not receiving treatment: 100% - 52% = 48%.
3. Calculate the weighted probability of recovery by multiplying the probability of each outcome (receiving treatment and not receiving treatment) by its respective recovery rate and summing these products.
4. Compare the overall probability of recovery to 50% to determine if recovery is more likely than non-recovery.

**Yes or No Answer:** Yes"
823,no,"## Step 1: Understand the given probabilities
We are given several probabilities regarding the relationship between gender, job type (blue-collar vs. white-collar), skill level (high vs. low), and salary (high vs. low). These probabilities include:
- For non-male blue-collar workers, the probability of a high salary is 31%.
- For non-male white-collar workers, the probability of a high salary is 62%.
- For male blue-collar workers, the probability of a high salary is 25%.
- For male white-collar workers, the probability of a high salary is 60%.
- For non-male low-skilled individuals, the probability of a white-collar job is 28%.
- For non-male high-skilled individuals, the probability of a white-collar job is 50%.
- For male low-skilled individuals, the probability of a white-collar job is 50%.
- For male high-skilled individuals, the probability of a white-collar job is 80%.
- The overall probability of a high skill level is 11%.

## Step 2: Analyze the effect of gender on occupation and salary
To determine if gender positively affects salary through occupation, we need to compare the probabilities of high salaries for males and females in both blue-collar and white-collar jobs, considering their skill levels.

## Step 3: Compare probabilities for non-male and male workers in similar job types
For blue-collar workers, non-male workers have a higher probability of a high salary (31%) compared to male workers (25%). For white-collar workers, non-male workers have a higher probability of a high salary (62%) compared to male workers (60%).

## Step 4: Consider the impact of skill level on job type and salary
Given the probabilities of white-collar jobs for different skill levels and genders, we see that male high-skilled individuals have a higher chance of getting a white-collar job (80%) compared to non-male high-skilled individuals (50%). However, the overall probability of having a high skill level is only 11%, which might not significantly impact the overall distribution.

## Step 5: Determine if gender has a positive effect on salary through occupation
Based on the given probabilities, it appears that being non-male is associated with a higher probability of a high salary in both blue-collar and white-collar jobs. However, the relationship between gender, skill level, job type, and salary is complex. The question asks if gender positively affects salary through occupation, implying we need to consider if being male increases the likelihood of a high salary due to occupational differences.

## Step 6: Conclusion
Given the comparisons and the specific question about the positive effect of gender on salary through occupation, we must analyze if being male provides an advantage in terms of salary due to the type of occupation. The data suggests that, in general, non-male individuals have higher probabilities of high salaries in both job types, but the question's phrasing implies looking for a positive effect of being male on salary through occupation.

The final answer is: $\boxed{No}$"
824,yes,"Step-by-Step Reasoning:
1. **Understanding Method 1**: Analyzing the correlation between parents' and child's intelligence on a case-by-case basis, including the impact of parents' social status.
2. **Understanding Method 2**: Examining the general correlation between parents' and child's intelligence without considering social status.
3. **Comparing Methods**: Method 1 provides a nuanced view by considering social status, while Method 2 offers a broad, simplified view.
4. **Determining Accuracy**: Method 1 is more accurate for understanding specific contexts, but Method 2 is useful for general trends.

Yes or No Answer: No"
825,yes,"## Step 1: Calculate the overall probability of penguin death for those who choose to take the stairs.
To find this, we need to consider both the probabilities of penguin death for sad and happy penguins and weight them by the probability of a penguin being happy or sad among those who take the stairs. The probability of a penguin being happy is 12%, and thus the probability of a penguin being sad is 100% - 12% = 88%. So, the overall probability of penguin death for those taking the stairs is (0.56 * 0.88) + (0.64 * 0.12).

## Step 2: Perform the calculation for the overall probability of penguin death for those who choose to take the stairs.
Overall probability of penguin death for stairs = (0.56 * 0.88) + (0.64 * 0.12) = 0.4928 + 0.0768 = 0.5696 or 56.96%.

## Step 3: Calculate the overall probability of penguin death for those who choose to take the elevator.
Similar to Step 1, we consider the probabilities of penguin death for sad and happy penguins among those who take the elevator, weighted by the probability of a penguin being happy or sad. The probability of a penguin being happy is 99%, so the probability of a penguin being sad is 1%. Thus, the overall probability of penguin death for those taking the elevator is (0.26 * 0.01) + (0.17 * 0.99).

## Step 4: Perform the calculation for the overall probability of penguin death for those who choose to take the elevator.
Overall probability of penguin death for elevator = (0.26 * 0.01) + (0.17 * 0.99) = 0.0026 + 0.1683 = 0.1709 or 17.09%.

## Step 5: Compare the overall probabilities of penguin death for those who take the stairs and those who take the elevator to determine if the decision to take the stairs negatively affects penguin survival.
If the probability of penguin death is higher for those taking the stairs compared to those taking the elevator, then the decision to take the stairs would negatively affect penguin survival.

## Step 6: Conclusion based on comparison.
Since 56.96% (probability of penguin death for those taking the stairs) is greater than 17.09% (probability of penguin death for those taking the elevator), the decision to take the stairs, disregarding the mediation effect through penguin mood, would indeed negatively affect penguin survival.

The final answer is: $\boxed{Yes}$"
826,yes,"## Step 1: Determine the probability of a person having a kind personality
The probability of a person having a kind personality is given as 5%.

## Step 2: Determine the probability of a person having a mean personality
Since the probability of having a kind personality is 5%, the probability of having a mean personality is 100% - 5% = 95%.

## Step 3: Calculate the probability of a person being attractive and kind
The probability of a person being attractive and kind is the product of the probability of being kind and the probability of being attractive given that they are kind, which is 5% * 88% = 4.4%.

## Step 4: Calculate the probability of a person being attractive and mean
The probability of a person being attractive and mean is the product of the probability of being mean and the probability of being attractive given that they are mean, which is 95% * 88% = 83.6%.

## Step 5: Calculate the overall probability of a person being attractive
The overall probability of a person being attractive is the sum of the probabilities of being attractive and kind, and being attractive and mean, which is 4.4% + 83.6% = 88%.

## Step 6: Compare the probability of attractive appearance to unattractive appearance
Since the probability of attractive appearance is 88%, the probability of unattractive appearance is 100% - 88% = 12%. Attractive appearance is more likely than unattractive appearance overall.

## Step 7: Conclusion
Based on the given probabilities, attractive appearance is indeed more likely than unattractive appearance overall.

The final answer is: $\boxed{Yes}$"
827,yes,"Step-by-step reasoning:
1. **Compare admission rates**: For both non-competitive and competitive departments, males have slightly higher admission rates than non-males (55% vs. 53% for non-competitive, and 19% vs. 17% for competitive).
2. **Consider department competitiveness probabilities**: Males have a higher probability of being in a competitive department, especially among out-of-state residents (75% for males vs. 47% for non-males).
3. **Account for residency**: The high overall probability of in-state residency (92%) suggests that most applicants are in-state, but the probability of being in a competitive department is still higher for males (49%) compared to non-males (18%) among in-state residents.
4. **Interpret the interaction**: While males have a higher probability of ending up in competitive departments, the admission rates within those departments are lower for both genders. However, the increase in competitiveness probability for males does not necessarily translate to a significant advantage in overall admission rates due to the lower admission rates in competitive departments.

Given the complexities of these interactions and the fact that admission into competitive departments is lower for both genders but males are more likely to be in these departments, it suggests that gender does influence the pathway through department competitiveness. However, whether this positively affects admission status is nuanced and depends on the balance between the higher likelihood of being in a competitive department and the lower admission rates within those departments.

Yes or no answer: No"
828,yes,"Step-by-Step Reasoning:
- Identify the probability of wet ground in the dry season: 46%.
- Identify the probability of wet ground in the rainy season: 47%.
- Compare the probabilities to determine if switching from a dry to a rainy season decreases the likelihood of wet ground.
- Since 47% (rainy season) is greater than 46% (dry season), switching to a rainy season increases the likelihood of wet ground, not decreases it.

3. Yes or No Answer: No"
829,yes,"Step-by-Step Reasoning:
1. Calculate the probability of the alarm not being set by the husband.
2. Use the law of total probability to calculate the overall probability of the alarm ringing.
3. Calculate the probability of the alarm being silent.
4. Compare the probabilities to determine if the ringing alarm is less likely than the silent alarm.

Yes or No Answer: No."
830,yes,"Step-by-Step Reasoning**: 
   - Method 1 provides an unadjusted, overall view.
   - Method 2 adjusts for department competitiveness, potentially reducing bias.
   - Adjusting for relevant variables (like competitiveness) generally provides more accurate insights into relationships between variables.
3. **Yes or No Answer**: No."
831,yes,"step by step. We know that either the camper lighting a match or the chain-smoker lighting a match can cause the forest to catch fire. The scenario provided states that the chain-smoker lights a match. The question is asking whether the forest would burn down if the camper does not light a match, given that the chain-smoker has already lit one.

Given the chain-smoker has lit a match, this action alone is enough to potentially cause the forest to catch fire, based on the information provided. The action of the camper not lighting a match does not negate the fact that the chain-smoker has already lit a match. Since we are told that the chain-smoker lighting a match can cause the forest to burn, and this action has occurred, the camper's decision not to light a match does not change the outcome initiated by the chain-smoker's action.

2. Concise Step-by-Step Reasoning:
- The chain-smoker lighting a match can cause the forest to burn.
- The camper not lighting a match does not prevent the chain-smoker's match from being lit.
- The chain-smoker has lit a match, which is a sufficient condition for the forest to potentially burn, regardless of the camper's actions.

3. Yes or no answer: Yes"
832,no,"## Step 1: Determine the probability of an individual being male and the probability of an individual not being male.
The probability of an individual being male is given as 84%, or 0.84. Therefore, the probability of an individual not being male (female) is 100% - 84% = 16%, or 0.16.

## Step 2: Calculate the probability of admission acceptance for males and females separately.
For males, the probability of admission acceptance is given as 42%, or 0.42. For females, the probability of admission acceptance is given as 74%, or 0.74.

## Step 3: Calculate the overall probability of admission acceptance.
To find the overall probability of admission acceptance, we need to consider both males and females. This can be calculated by multiplying the probability of being male by the probability of admission acceptance given male, and adding it to the product of the probability of being female and the probability of admission acceptance given female.
Overall probability of admission acceptance = (Probability of being male * Probability of admission acceptance given male) + (Probability of being female * Probability of admission acceptance given female)
= (0.84 * 0.42) + (0.16 * 0.74)

## Step 4: Perform the calculation.
Overall probability of admission acceptance = (0.84 * 0.42) + (0.16 * 0.74)
= 0.3528 + 0.1184
= 0.4712
So, the overall probability of admission acceptance is 47.12%.

## Step 5: Compare the probability of admission acceptance to the probability of admission rejection to determine if acceptance is more likely.
Since the probability of admission acceptance (47.12%) is less than the probability of admission rejection (100% - 47.12% = 52.88%), admission rejection is more likely than admission acceptance overall.

The final answer is: $\boxed{No}$"
833,no,"step-by-step reasoning:
- Identify the probabilities of wet ground in both seasons.
- Compare the probabilities to determine the effect of the season.
- Analyze the impact of the season on ground conditions through weather.
- Consider the relevance of sprinklers to the seasonal effect.

3. No"
834,yes,"Step-by-Step Reasoning:**
1. Identify the given probabilities for nonsmokers and smokers regarding tar deposit and lung cancer.
2. Analyze how tar deposit affects lung cancer risk in both groups.
3. Determine if the data suggests a positive effect of smoking on lung cancer through tar deposit, considering the decrease in lung cancer probability with high tar deposit in both groups.

**Yes or No Answer:** No"
835,no,"step-by-step reasoning:
1. Identify the probability of a high exam score for students who are not encouraged: 38%.
2. Identify the probability of a high exam score for students who are encouraged: 80%.
3. Compare the two probabilities to determine the effect of encouragement.

Given that 80% is greater than 38%, encouragement increases the probability of a high exam score, rather than decreasing it.

The answer is: No."
836,yes,"Step-by-Step Reasoning:**
1. Identify the recovery probabilities for each age and bill payment group.
2. Compare the recovery probabilities for high bill payers with the hypothetical scenario of them paying low bills, considering both age groups.
3. Determine if the recovery probability increases or decreases in the hypothetical scenario for both young and old patients.

**Yes or No Answer:** Yes"
837,yes,"## Step 1: Define the probabilities given in the problem
We have the following probabilities:
- P(Fired | Manager doesn't sign, Director doesn't sign) = 17%
- P(Fired | Manager doesn't sign, Director signs) = 56%
- P(Fired | Manager signs, Director doesn't sign) = 52%
- P(Fired | Manager signs, Director signs) = 88%
- P(Director signs | Manager doesn't sign) = 31%
- P(Director signs | Manager signs) = 36%

## Step 2: Calculate the overall probability of an employee being fired when the manager signs the termination letter
To determine if it's more likely for an employee to be fired when the manager signs the termination letter, we need to calculate the overall probability of the employee being fired in this scenario. This involves considering both scenarios where the director signs and does not sign the termination letter, given that the manager has signed it.

## Step 3: Apply the law of total probability to calculate the overall probability of the employee being fired when the manager signs
The law of total probability states that if we have multiple scenarios (in this case, director signs or director doesn't sign), the overall probability of an event (employee being fired) is the sum of the probabilities of each scenario multiplied by the probability of that scenario occurring.

For the manager signing:
P(Fired | Manager signs) = P(Fired | Manager signs, Director signs) * P(Director signs | Manager signs) + P(Fired | Manager signs, Director doesn't sign) * P(Director doesn't sign | Manager signs)

Given P(Director signs | Manager signs) = 36%, we can infer P(Director doesn't sign | Manager signs) = 100% - 36% = 64%.

## Step 4: Perform the calculation
P(Fired | Manager signs) = 0.88 * 0.36 + 0.52 * 0.64
P(Fired | Manager signs) = 0.3168 + 0.3328
P(Fired | Manager signs) = 0.6496 or 64.96%

## Step 5: Compare with the scenario where the manager does not sign
We also need to calculate the overall probability of the employee being fired when the manager does not sign the termination letter for comparison.

P(Fired | Manager doesn't sign) = P(Fired | Manager doesn't sign, Director signs) * P(Director signs | Manager doesn't sign) + P(Fired | Manager doesn't sign, Director doesn't sign) * P(Director doesn't sign | Manager doesn't sign)

Given P(Director signs | Manager doesn't sign) = 31%, we can infer P(Director doesn't sign | Manager doesn't sign) = 100% - 31% = 69%.

## Step 6: Perform the calculation for the manager not signing
P(Fired | Manager doesn't sign) = 0.56 * 0.31 + 0.17 * 0.69
P(Fired | Manager doesn't sign) = 0.1736 + 0.1173
P(Fired | Manager doesn't sign) = 0.2909 or 29.09%

## Step 7: Determine if it's more likely for the employee to be fired if the manager signs the termination letter
Compare the calculated probabilities to determine if signing the termination letter increases the likelihood of the employee being fired.

The final answer is: $\boxed{Yes}$"
838,yes,"step by step. We know that old age is associated with high hospital bills, and both old age and high hospital bills contribute to recovery. However, we are given that the patient is young, which means the initial condition of old age does not apply. The question then asks if the patient would recover with a low hospital bill instead of a high hospital bill.

Given the information, the relationship between old age, high hospital bills, and recovery suggests that recovery is influenced by two factors: the patient's age and the hospital bill. Since the patient is young, we are outside the specified conditions for recovery as initially stated (old age and high hospital bill). However, the logic provided does not explicitly state that recovery is impossible without these conditions; it only specifies that these conditions lead to recovery.

The introduction of a low hospital bill for a young patient introduces a scenario not directly addressed by the given information. If we follow the logic strictly, the presence of a low hospital bill (instead of a high one) for a young patient (instead of an old patient) does not directly negate the possibility of recovery, as the initial conditions for recovery were based on old age and high hospital bills, not the absence of these conditions.

Therefore, based on the information given, we cannot conclusively determine that the patient would not recover with a low hospital bill. The information provided creates a scenario where recovery is associated with old age and high hospital bills, but it does not explicitly rule out recovery under different circumstances.

**Step-by-Step Reasoning:**
1. Identify given conditions: Old age and high hospital bills lead to recovery.
2. Note the patient's condition: The patient is young.
3. Consider the impact of a low hospital bill: The given information does not directly address recovery with a low hospital bill for a young patient.
4. Analyze the logical implications: The absence of specified conditions (old age and high hospital bill) does not necessarily preclude recovery, as the logic does not cover all possible scenarios.

**Yes or No Answer:** Yes"
839,yes,"Step-by-Step Reasoning**
1. Encouragement causes a student to study hard.
2. Studying hard causes a high exam score.
3. Encouragement also causes a high exam score directly.
4. The absence of discouragement (presence of encouragement) should lead to studying hard and/or a high exam score.
5. Therefore, encouragement instead of discouragement should not lead to a low exam score.

**Yes or No Answer**
No"
840,yes,"Step-by-step reasoning:
1. Identify the two methods: Method 1 looks at the general correlation, and Method 2 examines the correlation case by case, considering effort.
2. Analyze the strengths of each method: Method 1 is good for broad trends, while Method 2 provides nuanced insights considering individual factors.
3. Consider the complexity of college admission factors and how smoking interacts with them.
4. Determine that a more detailed, case-by-case analysis (Method 2) could offer a more accurate understanding of how smoking affects college admission, given the complexity of influencing factors.

Yes or no answer: No."
841,yes,"Step-by-Step Reasoning:**
1. Identify the causes of smoking: smoking gene and high pollution.
2. Identify the causes of lung cancer: smoking gene, high pollution, or smoking.
3. Consider the effect of living in a highly polluted area on lung cancer risk.
4. Evaluate how having a smoking gene, as opposed to a nonsmoking gene, affects lung cancer risk in a highly polluted environment, without assuming the person smokes.

**Yes or No Answer:** No"
842,yes,"step by step. We are given two premises: 
1. Old age causes high hospital bills.
2. Either old age or high hospital bills cause recovery.

We also know that the patient is old. From the first premise, since the patient is old, it implies that the patient is likely to have high hospital bills. However, the question asks us to consider a scenario where the patient has a high hospital bill instead of a low hospital bill. The key here is understanding that the patient's age is the primary factor that leads to both high hospital bills and potentially to recovery, according to the premises given.

The question essentially asks if having a high hospital bill (as opposed to a low hospital bill) would affect the patient's recovery, given that the patient is old. Since the patient is already old and thus likely to have a high hospital bill, the factor of having a high hospital bill is somewhat inherent to the patient's condition due to their age. The crucial point is whether the high hospital bill itself, as a cause, is necessary for recovery when the patient is already old.

Given the second premise that old age or high hospital bills cause recovery, if the patient is old, the condition for recovery (old age) is already met, regardless of the hospital bill being high or low. Therefore, the patient's recovery is not solely dependent on the hospital bill being high; their old age is sufficient to potentially lead to recovery according to the given premises.

**Step-by-Step Reasoning:**
1. The patient is old, which likely leads to high hospital bills.
2. Old age is a cause of recovery.
3. High hospital bills are also a cause of recovery, but in this scenario, the patient's old age is the given factor.
4. The question posits a high hospital bill instead of a low one, but the patient's age is the primary factor for both high bills and potential recovery.
5. Since old age is sufficient for recovery, the specifics of the hospital bill (high or low) do not alter the potential for recovery based on the age factor.

**Yes or No Answer:** Yes"
843,yes,"Step-by-Step Reasoning**:
   - Identify the probability of a dark room when candles are not blown out: 89%.
   - Identify the probability of a dark room when candles are blown out: 58%.
   - Compare the probabilities to determine the effect of blowing out candles on the likelihood of a dark room.
   - Since 89% (not blowing out) is greater than 58% (blowing out), not blowing out candles is associated with a higher probability of a dark room.

3. **Yes or No Answer**: Yes"
844,yes,"Step-by-Step Reasoning:
1. Identify the goal: Understand how respiratory issues affect broken bones.
2. Consider Method 1: Analyzes correlation based on hospitalization status, providing detailed insights into specific scenarios.
3. Consider Method 2: Offers a broader analysis without focusing on hospitalization, potentially missing specific scenario insights.
4. Determine the relevance of each method to the goal, considering the need for detailed vs. broad insights.

Yes or No answer: Yes"
845,yes,"Step-by-Step Reasoning:**
1. Calculate the probability of not having a college degree.
2. Calculate the probability of a high salary for both groups (with and without a college degree).
3. Combine these probabilities to find the overall probability of a high salary.
4. Compare this overall probability to 50% to determine if a high salary is more likely than a low salary.

**Yes or No Answer:** No"
846,yes,"step-by-step breakdown of the reasoning:
1. Identify the probabilities of broken bones for hospitalized individuals with and without respiratory issues.
2. Compare these probabilities to determine if there's an increase in the chance of broken bones when respiratory issues are present.
3. Since 30% (with respiratory issues) is greater than 29% (without respiratory issues), conclude that the chance of broken bones increases with respiratory issues for hospitalized individuals.

Yes."
847,yes,"Step-by-Step Reasoning:**
1. Calculate the probability of lung cancer given smoking (P(LC|S)) by dividing the probability of both smoking and lung cancer by the probability of smoking.
2. Calculate the probability of lung cancer given nonsmoking (P(LC|NS)) by dividing the probability of both nonsmoking and lung cancer by the probability of nonsmoking.
3. Compare P(LC|S) with P(LC|NS) and the overall probability of lung cancer to determine if the chance of lung cancer is smaller when observing smoking.

**Yes or No Answer:** No"
848,yes,"## Step 1: Calculate the overall probability of recovering without the vaccine for the general population.
To find this, we need to consider both scenarios: with and without pre-conditions. The probability of recovering without pre-conditions and without the vaccine is 87%, and with pre-conditions and without the vaccine is 23%. Given the overall probability of pre-conditions is 48%, we calculate the weighted average of recovery rates without the vaccine: (0.52 * 0.87) + (0.48 * 0.23).

## Step 2: Perform the calculation for the overall probability of recovering without the vaccine.
(0.52 * 0.87) + (0.48 * 0.23) = 0.4514 + 0.1104 = 0.5618 or 56.18%.

## Step 3: Calculate the overall probability of recovering with the vaccine for the general population.
Similar to Step 1, we consider both scenarios: with and without pre-conditions. The probability of recovering without pre-conditions and with the vaccine is 73%, and with pre-conditions and with the vaccine is 12%. Using the same weighted average approach: (0.52 * 0.73) + (0.48 * 0.12).

## Step 4: Perform the calculation for the overall probability of recovering with the vaccine.
(0.52 * 0.73) + (0.48 * 0.12) = 0.3796 + 0.0576 = 0.4372 or 43.72%.

## Step 5: Compare the overall probabilities of recovering with and without the vaccine.
The probability of recovering without the vaccine is 56.18%, and with the vaccine is 43.72%. If the probability of recovering with the vaccine is lower than without it, then getting the vaccine decreases the chance of recovering from the disease.

## Step 6: Determine the answer based on the comparison.
Since 43.72% (with the vaccine) is less than 56.18% (without the vaccine), getting the vaccine does decrease the chance of recovering from the disease according to the given probabilities.

The final answer is: $\boxed{Yes}$"
849,yes,"Step-by-Step Reasoning:**
1. Consider the complexity of the relationship between gender and salary.
2. Evaluate Method 1 for its ability to provide a broad overview but potentially overlook specific occupational disparities.
3. Evaluate Method 2 for its detailed analysis within each occupation, accounting for unique factors.
4. Determine that understanding gender's effect on salary requires considering specific contexts.
5. Conclude that a more detailed, occupation-by-occupation analysis (Method 2) is necessary for accuracy.

**Yes or No Answer:** No"
850,yes,"Step-by-step reasoning:
1. Calculate the overall probability of lung cancer for nonsmokers by considering the probabilities of high tar deposit and no tar deposit.
2. Calculate the overall probability of lung cancer for smokers in the same manner.
3. Compare the two overall probabilities to determine if it would be more likely to see lung cancer if the person had been a nonsmoker.

Yes or no answer: Yes"
851,yes,"Step-by-Step Reasoning:**
1. Identify the known causes of tanned skin: tanning salon treatment and going to the beach.
2. Eliminate the factor that is not applicable: the person does not go to the beach.
3. Consider the alternative scenario: the person undergoes tanning salon treatment.
4. Apply logical reasoning: since tanning salon treatment is a known cause of tanned skin, it is likely that the person would have tanned skin if they undergo this treatment.

**Yes or No Answer:** Yes"
852,yes,"Step-by-Step Reasoning:**
1. Identify the probability of high infant mortality for infants with nonsmoking mothers: 80%.
2. Identify the probability of high infant mortality for infants with smoking mothers: 61%.
3. Compare the two probabilities to determine if there's a decrease in the chance of high infant mortality when the mother smokes.
4. Since 61% is less than 80%, conclude that, based on the given data, having a smoking mother is associated with a lower probability of high infant mortality.

**Yes or No Answer:** Yes"
853,yes,"Step-by-step reasoning:
1. Calculate the overall probability of admission acceptance for females by considering the probabilities of applying to competitive and non-competitive departments.
2. Calculate the overall probability of admission acceptance for males using the same method as for females.
3. Compare the overall probabilities of admission acceptance for females and males to determine if gender has a positive effect on admission status.

Yes or no answer: No."
854,yes,"Step-by-Step Reasoning:
1. Identify the probabilities of death for each action: 24% for release and 71% for execution.
2. Compare these probabilities to determine the outcome of each action.
3. Recognize the context might imply that ""execution"" here doesn't mean certain death, or there's an error in interpreting the given probabilities.
4. Conclude based on the given probabilities that executing (as per the question's context) results in a higher chance of death than releasing.

Yes or No Answer: No"
855,yes,"Step-by-step reasoning:
1. Identify the relevant group: Students accepted to elite institutions.
2. Compare the probabilities of being hard-working within this group:
   - Non-talented students: 82% chance of being hard-working.
   - Talented students: 53% chance of being hard-working.
3. Determine the relationship between talent and the probability of being hard-working within the specified group.

Yes or no answer: Yes."
856,no,"## Step 1: Analyzing the given probabilities
To determine if maternal smoking status negatively affects infant mortality through infant's birth weight, we need to analyze the given probabilities and their implications on infant mortality.

## Step 2: Comparing probabilities for nonsmoking and smoking mothers
For nonsmoking mothers, the probability of high infant mortality is 61% for low birth weight and 89% for normal birth weight. For smoking mothers, the probability of high infant mortality is 24% for low birth weight and 59% for normal birth weight.

## Step 3: Examining the effect of birth weight on infant mortality
Comparing the probabilities, we see that for both nonsmoking and smoking mothers, the probability of high infant mortality is lower for low birth weight than for normal birth weight, which seems counterintuitive. However, we must consider the probabilities of normal birth weight given the mother's health and smoking status.

## Step 4: Considering the probabilities of normal birth weight
For nonsmoking mothers with poor health, the probability of normal birth weight is 67%, and for those with good health, it's 31%. For smoking mothers with poor health, the probability of normal birth weight is 96%, and for those with good health, it's 57%.

## Step 5: Analyzing the impact of maternal smoking on birth weight and mortality
Given that the probability of normal birth weight is higher for smoking mothers regardless of their health status compared to nonsmoking mothers, and considering the overall probability of good health is 13%, we can infer that maternal smoking status does have an impact on infant birth weight. However, the relationship between maternal smoking, birth weight, and infant mortality is complex.

## Step 6: Determining the effect of maternal smoking on infant mortality through birth weight
To conclude if maternal smoking negatively affects infant mortality through infant's birth weight, we need to consider if the changes in birth weight due to smoking lead to higher or lower infant mortality rates. Given the provided probabilities, it appears that smoking mothers have a lower probability of high infant mortality when considering both low and normal birth weights compared to nonsmoking mothers.

## Step 7: Final assessment
Based on the given probabilities and the complex interplay between maternal smoking, infant birth weight, and infant mortality, it seems that maternal smoking status could have a protective effect in terms of infant mortality when considering the birth weight factor, contrary to the expected negative impact. However, this conclusion must be drawn with caution due to the potential for underlying factors not accounted for in the provided data.

The final answer is: $\boxed{No}$"
857,yes,"## Step 1: Define the problem and the goal
The problem provides probabilities of college admission based on smoking habits and work ethic. We need to determine if smoking negatively affects college admission when disregarding the mediation effect through effort.

## Step 2: Calculate the overall probability of college admission for nonsmokers
To find the overall probability of college admission for nonsmokers, we need to consider both the lazy and hard-working groups. The probability of being hard-working among nonsmokers is 40%, and the probability of being lazy is 100% - 40% = 60%. The overall probability of college admission for nonsmokers can be calculated as: (0.4 * 0.88) + (0.6 * 0.47) = 0.352 + 0.282 = 0.634 or 63.4%.

## Step 3: Calculate the overall probability of college admission for smokers
Similarly, for smokers, the probability of being hard-working is 61%, and the probability of being lazy is 100% - 61% = 39%. The overall probability of college admission for smokers can be calculated as: (0.61 * 0.54) + (0.39 * 0.23) = 0.3294 + 0.0897 = 0.4191 or 41.91%.

## Step 4: Compare the overall probabilities
By comparing the overall probabilities of college admission for nonsmokers (63.4%) and smokers (41.91%), we can determine if smoking negatively affects college admission when disregarding the mediation effect through effort.

## Step 5: Conclusion
Since the overall probability of college admission for nonsmokers (63.4%) is higher than for smokers (41.91%), smoking would negatively affect college admission when disregarding the mediation effect through effort.

The final answer is: $\boxed{Yes}$"
858,yes,"Step-by-step reasoning:
1. Identify the probabilities of cholera contraction and clean water for both water companies.
2. Recognize that clean water should logically decrease the risk of cholera contraction.
3. Analyze the given probabilities for a direct relationship between clean water and cholera contraction risk.

Yes or no answer: No"
859,yes,"Step-by-step reasoning:
1. Calculate the probability of the captain releasing the prisoner: 100% - 55% = 45%.
2. Apply the law of total probability to calculate the overall probability of the prisoner's death.
3. Compare the calculated probability of the prisoner's death to the probability of the prisoner being alive.

Yes or no answer: No."
860,yes,"Step-by-step reasoning:
1. Calculate the probability of not smoking: 1 - probability of smoking.
2. Calculate the conditional probability of college admission given nonsmoking using the given probability of nonsmoking and college admission.
3. Calculate the conditional probability of college admission given smoking using the given probability of smoking and college admission.
4. Compare the conditional probability of college admission given smoking to the overall probability of college admission.

Yes or no answer: Yes."
861,no,"## Step 1: Determine the given probabilities for each scenario
We have several probabilities given:
- Infants with nonsmoking mothers and low birth weight have a 64% probability of high infant mortality.
- Infants with nonsmoking mothers and normal birth weight have an 89% probability of high infant mortality.
- Infants with smoking mothers and low birth weight have a 29% probability of high infant mortality.
- Infants with smoking mothers and normal birth weight have a 63% probability of high infant mortality.
- Infants with nonsmoking mothers and poor health have a 48% probability of normal birth weight.
- Infants with nonsmoking mothers and good health have a 26% probability of normal birth weight.
- Infants with smoking mothers and poor health have an 85% probability of normal birth weight.
- Infants with smoking mothers and good health have a 54% probability of normal birth weight.
The overall probability of good health is 11%.

## Step 2: Calculate the overall probability of high infant mortality for nonsmoking and smoking mothers without considering birth weight
To simplify, let's calculate the weighted average of high infant mortality for each group of mothers based on birth weight probabilities. However, since the direct question is about the effect of maternal smoking on infant mortality without considering the mediation effect through infant's birth weight, we need to approach this by comparing the given probabilities in a way that reflects the overall risk.

## Step 3: Analyze the effect of maternal smoking on infant mortality
Given the probabilities, it seems counterintuitive at first glance because the percentages provided don't directly allow for a straightforward calculation of the overall effect of maternal smoking on infant mortality without considering birth weight. However, we can infer that if smoking mothers have lower probabilities of high infant mortality in both low and normal birth weight scenarios compared to nonsmoking mothers, it might suggest a protective effect or a lesser negative effect of smoking in these specific scenarios.

## Step 4: Consider the implications of the given probabilities
The question essentially asks us to disregard the mediation effect of birth weight and assess if maternal smoking status positively affects infant mortality. The provided probabilities for high infant mortality are lower for smoking mothers in both low and normal birth weight categories compared to nonsmoking mothers. This comparison, however, doesn't directly answer the question without calculating or considering the base rates and how they interact with the overall probability of good health and birth weights.

## Step 5: Address the question directly based on logical deduction
Given the information and focusing strictly on the comparison between smoking and nonsmoking mothers regarding infant mortality, we observe that smoking mothers have lower percentages of high infant mortality in the given scenarios. However, the critical aspect is understanding that ""positively affect"" in this context means reducing infant mortality. The comparison suggests that, based on the probabilities given for high infant mortality, smoking is associated with lower probabilities of high infant mortality in the scenarios described, which could imply a ""positive"" effect in the context of reducing high infant mortality rates, but this interpretation requires careful consideration of what ""positive effect"" means in this specific question's context.

The final answer is: $\boxed{No}$"
862,yes,"Step-by-Step Reasoning:**
1. Define the given probabilities and the events.
2. Calculate the overall probability of tanned skin, P(B).
3. Calculate the probability of tanned skin given tanning salon treatment, P(B|A).
4. Compare P(B|A) and P(B) to determine if the chance of tanned skin is smaller with tanning salon treatment.

**Yes or No Answer:** Yes"
863,yes,"Step-by-Step Reasoning:**
1. Calculate the probability of having a small kidney stone: 1 - 0.57 = 0.43
2. Calculate the overall probability of recovery without treatment: (0.43 * 0.98) + (0.57 * 0.23) = 0.5525
3. Calculate the overall probability of recovery with treatment: (0.43 * 0.85) + (0.57 * 0.09) = 0.4168
4. Compare the probabilities to determine if recovery is more likely without treatment for patients who are receiving treatment, considering the overall population trends.

**Yes or No Answer:** Yes"
864,no,"## Step 1: Understanding the Problem
The problem presents two scenarios regarding the probability of a forest fire in relation to campers lighting a match. The first scenario states that for campers who do not light a match, the probability of the forest catching on fire is 71%. The second scenario indicates that for campers who do light a match, the probability of the forest catching on fire is 57%.

## Step 2: Comparing Probabilities
To determine if lighting a match increases the chance of the forest catching on fire, we need to compare the probabilities given in both scenarios. The probability of the forest catching on fire when a match is not lit is 71%, and when a match is lit, it is 57%.

## Step 3: Analyzing the Impact of Lighting a Match
By comparing the two probabilities, we can see that the probability of the forest catching on fire is actually lower (57%) when a camper lights a match compared to when a camper does not light a match (71%). This suggests that lighting a match does not increase the chance of the forest catching on fire; instead, it appears to decrease it according to the given probabilities.

## Step 4: Conclusion
Based on the information provided, lighting a match seems to decrease the probability of the forest catching on fire from 71% to 57%. This implies that the action of lighting a match, as described, does not increase the risk of a forest fire.

The final answer is: $\boxed{No}$"
865,yes,"To determine the most correct method for understanding how vaccination affects disease, we need to consider the nature of both approaches. Method 1 involves a broad, general analysis of the correlation between vaccination and disease incidence. This method can provide an overall view of the relationship, potentially revealing trends and patterns across large populations. It is useful for identifying general effects and can be less resource-intensive since it doesn't require detailed individual data.

Method 2, on the other hand, involves a more detailed, case-by-case analysis, taking into account specific pre-conditions that might influence the outcome. This approach can offer deeper insights into how different factors (such as age, health status, or specific vaccine types) interact with vaccination outcomes. It allows for a more nuanced understanding, which can be critical for developing targeted public health strategies or understanding why certain individuals or groups may respond differently to vaccinations.

Considering the complexity of human biology, the variety of diseases, and the diversity of vaccine types, a comprehensive understanding of how vaccination affects disease would ideally incorporate both methods. However, if we must choose between them for a more correct understanding, Method 2 is preferable because it accounts for variability and specific conditions that can significantly impact the effectiveness and outcomes of vaccinations. This method provides a more detailed and personalized view, which is crucial for addressing questions about vaccine efficacy, safety, and optimal application.

Summary:
1. Consider the general approach of Method 1 for overall trends.
2. Recognize the detailed, case-by-case analysis of Method 2 for nuanced understanding.
3. Choose Method 2 for its ability to account for variability and specific conditions.

Yes."
866,yes,"Step-by-Step Reasoning:**
1. Calculate the probability of unintelligent parents: 100% - 13% = 87%.
2. Calculate the probability of an intelligent child from unintelligent parents: 0.87 * 0.86.
3. Calculate the probability of an intelligent child from intelligent parents: 0.13 * 0.46.
4. Add these probabilities to find the overall probability of an intelligent child.
5. Compare this overall probability to 50% to determine if intelligent children are more likely.

**Yes or No Answer:** Yes"
867,yes,"Step-by-Step Reasoning:**
1. **Understanding the Objective**: The goal is to understand how seasons affect the ground.
2. **Evaluating Method 1**: This method provides a general understanding of seasonal effects on ground conditions without considering specific factors like sprinklers.
3. **Evaluating Method 2**: This method offers a detailed analysis that includes the impact of sprinklers on the relationship between seasons and ground conditions.
4. **Comparing Methods**: Method 2 is more detailed and accounts for variables that can significantly affect the relationship being studied, making it potentially more accurate for specific contexts.

**Yes or No Answer**: No"
868,yes,"Step-by-Step Reasoning:**
1. Calculate the probability of taking the stairs.
2. Use the formula for conditional probability to find P(D|E) and P(D|S).
3. Compare P(D|E) and P(D|S) to determine if penguin death is more likely when taking the elevator.

**Yes or No Answer:** No"
869,yes,"Step-by-Step Reasoning:**
1. Identify the probability of a healthy heart for people not taking medication: 45%.
2. Identify the probability of a healthy heart for people taking medication: 31%.
3. Compare the two probabilities to determine the effect of medication on the chance of having a healthy heart.
4. Since 45% is greater than 31%, conclude that taking medication does not increase the chance of a healthy heart.

**Yes or No Answer:** No"
870,yes,"Step-by-Step Reasoning:**
1. **Understanding Method 1**: Analyzing treatment vs. recovery correlation case by case, considering gender.
2. **Understanding Method 2**: Analyzing treatment vs. recovery correlation in general, without considering gender.
3. **Comparing Methods**: Method 1 provides nuanced, gender-specific insights, while Method 2 offers a broad, generalized view.
4. **Conclusion**: Method 1 is more correct for understanding specific, potentially gender-based differences in treatment response.

**Yes or No Answer:** Yes"
871,yes,"Step-by-Step Reasoning:
- Identify the probability of the alarm ringing when the husband sets the alarm: 25%.
- Identify the probability of the alarm ringing when the husband does not set the alarm: 90%.
- Recognize that the question asks for a comparison but is based on a conditional scenario (the husband sets the alarm).
- Understand that the comparison is about the likelihood of the alarm ringing in two different conditions, but the condition of interest (husband sets the alarm) has a lower probability of the alarm ringing compared to the condition not of interest (husband does not set the alarm).

3. Yes or No Answer: No"
872,no,"## Step 1: Define the problem and the given probabilities
We are given the probabilities of normal infant birth weight and smoking mothers in areas with low and high cigarette taxes. The goal is to determine if having a smoking mother increases the chance of normal infant birth weight.

## Step 2: Calculate the probability of normal infant birth weight given a smoking mother for low cigarette tax areas
To find this, we need the probability of both events happening (smoking mother and normal birth weight) and the probability of a smoking mother. However, the direct probability of a normal birth weight given a smoking mother is not provided, so we'll have to approach this by comparing the given probabilities.

## Step 3: Calculate the probability of normal infant birth weight given a smoking mother for high cigarette tax areas
Similar to step 2, we need to consider the relationship between smoking mothers and normal birth weights in high tax areas.

## Step 4: Compare the probabilities to determine the effect of smoking on normal infant birth weight
Given that the probability of normal infant birth weight is higher in areas with high cigarette tax (34%) than in areas with low cigarette tax (21%), and the probability of a smoking mother is higher in high tax areas (58%) than in low tax areas (24%), we can infer the relationship between smoking and birth weight.

## Step 5: Analyze the relationship between smoking and normal birth weight
If smoking were to increase the chance of normal infant birth weight, we would expect areas with higher rates of smoking mothers to have higher rates of normal birth weight, assuming all other factors are equal. However, the direct relationship between smoking and normal birth weight cannot be determined without considering the conditional probabilities.

## Step 6: Apply Bayes' theorem or logical reasoning to determine the relationship
Without direct conditional probabilities (P(normal birth weight | smoking mother), we can use logical reasoning. If areas with more smoking mothers (high tax areas) have a higher rate of normal birth weight, it might suggest that smoking doesn't decrease the chance of normal birth weight in these areas. However, this is a simplistic view and doesn't account for other factors.

## Step 7: Consider the overall impact of smoking on health
It's well-established in medical literature that smoking during pregnancy is associated with a range of negative outcomes, including low birth weight. Therefore, logically, smoking should not increase the chance of normal infant birth weight.

The final answer is: $\boxed{No}$"
873,yes,"Step-by-step reasoning:
1. Calculate the probability of smoking and lung cancer: \(0.44 \times 0.85\).
2. Calculate the probability of nonsmoking and lung cancer: \(0.09 \times 0.15\).
3. Sum these probabilities to find the total probability of lung cancer.
4. Compare the conditional probabilities of lung cancer given smoking and given nonsmoking to assess risk association.

Given the conditional probabilities directly:
- The chance of lung cancer is indeed associated more with smoking (\(P(LC|S) = 0.44\)) than with nonsmoking (\(P(LC|NS) = 0.09\)).

Yes or no answer: No."
874,yes,"Step-by-Step Reasoning:
- Identify given probabilities: 73% for unintelligent parents, 46% for intelligent parents.
- Understand the question is asking for a comparison under a specific condition (intelligent parents) but then changes the condition (to unintelligent parents).
- Realize the given probabilities already compare the two scenarios directly.
- Determine that having unintelligent parents actually increases the probability of an intelligent child according to the given data.

3. Yes or No Answer: No"
875,no,"step-by-step reasoning:
1. Identify the given probabilities for male and not male individuals.
2. Compare these probabilities to determine which group has a higher chance of admission acceptance.
3. Consider the hypothetical scenario of a male individual not being male.
4. Analyze how this change affects their probability of admission acceptance based on the given data.
5. Conclude whether it would be less likely for a male to see admission acceptance if they were not male.

The final answer is: $\boxed{No}$"
876,yes,"Step-by-step reasoning:
1. Method 1 analyzes the correlation on a case-by-case basis, considering traffic.
2. Method 2 looks at the general correlation without considering specific factors like traffic.
3. Method 1 provides a more nuanced view by accounting for variables that can impact the outcome.

Yes or no answer: Yes"
877,yes,"Step-by-Step Reasoning:**
1. Calculate the probability of not using tanning salon treatments: \(1 - 0.85 = 0.15\).
2. Apply the law of total probability to find the overall probability of tanned skin.
3. Compare the calculated probability of tanned skin to 50% to determine if it's more likely than pale skin.

**Yes or No Answer:** No"
878,yes,"Step-by-Step Reasoning:**
1. Identify the goal: Understand the impact of the man on the room.
2. Consider Method 1: General correlation without specifics.
3. Consider Method 2: Case-by-case analysis with specifics (related to the candle).
4. Evaluate the relevance of specifics (candle) to the goal.
5. Choose the method that better accounts for these specifics.

**Yes or No Answer:** No"
879,yes,"Step-by-Step Reasoning:
1. **Identify given probabilities**: The probability of taking the elevator (P(E)) is 77%, the probability of taking the stairs and penguin death (P(D|S)) is 10%, and the probability of taking the elevator and penguin death (P(D|E)) is 38%.
2. **Compare conditional probabilities**: To determine if penguin death is more likely when taking the elevator, compare P(D|E) to P(D|S).
3. **Conclusion**: Since P(D|E) > P(D|S), the chance of penguin death is larger when observing taking the elevator.

The final answer is: $\boxed{Yes}$"
880,yes,"Step-by-Step Reasoning:
- Waking up late or heavy traffic causes late arrival.
- There is no traffic.
- Waking up late is a sufficient condition for late arrival.
- Therefore, waking up late will cause late arrival regardless of traffic conditions.

3. Yes or no answer: Yes"
881,yes,"Step-by-step reasoning:
1. Identify the given probabilities for obesity and long lifespan in both obese and normal weight individuals.
2. Calculate the probability of being of normal weight as the complement of being obese.
3. Apply the law of total probability to find the overall probability of having a long lifespan.
4. Compare this probability to 50% to determine if long lifespan is more likely than short lifespan.

Yes or no answer: Yes."
882,yes,"Step-by-Step Reasoning:
- The captain's order to execute initiates the corporal and private shootings.
- These shootings cause the prisoner's death.
- If the captain orders release instead, the shootings do not occur.
- Without the shootings, the prisoner's death does not occur.
- Therefore, the prisoner remains alive if the order is to release.

3. Yes or no answer: Yes"
883,no,"## Step 1: Understanding the given probabilities
We have four different scenarios with their respective probabilities of an employee being fired: 
- CEOs who fire employees and managers who don't sign termination letters: 54% and 70% (two different values given, which seems to be an inconsistency),
- CEOs who fire employees and managers who sign termination letters: 14% and 27% (again, two different values given).

However, to proceed with the analysis, we must first address the inconsistency in the provided data. It seems there might be a mistake in the question as it provides two different probabilities for the same scenario without clear distinction or additional context that would explain why there are duplicate scenarios with different outcomes.

## Step 2: Identifying the inconsistency and potential approach
Given the inconsistencies, let's try to approach the problem with the information that seems most relevant and consistent. The question asks if a manager signing the termination letter increases the chance of an employee being fired. To answer this, we need to compare the probabilities of an employee being fired when a manager signs the termination letter versus when they do not.

## Step 3: Analyzing the probabilities
Given the inconsistent data, let's consider the two distinct scenarios provided without the duplicates:
- For CEOs who fire employees and managers who don't sign termination letters, the probability is 54% (using the first value for consistency).
- For CEOs who fire employees and managers who sign termination letters, the probability is 14% (using the first value for this scenario as well).

However, to make a logical comparison, we should consider if there's an overall trend or a correct interpretation of the given data that aligns with the question's intent.

## Step 4: Determining the impact of the manager's action
The question essentially asks if the manager's signature on the termination letter affects the outcome. If we compare the provided probabilities (54% for no signature and 14% for a signature), it appears that the presence of a manager's signature might actually decrease the probability of the employee being fired, based on the numbers given.

## Step 5: Conclusion based on logical reasoning
Given the provided probabilities and attempting to reconcile the inconsistencies by selecting the most straightforward scenarios for comparison, it seems that the manager signing the termination letter could potentially decrease the chance of the employee being fired, according to the selected probabilities (54% vs. 14%). However, this conclusion is drawn with the caveat that the question's data contains inconsistencies.

The final answer is: $\boxed{No}$"
884,yes,"Step-by-step reasoning:
1. Calculate the probability of lung cancer for nonsmokers by considering the probabilities of high and no tar deposit and their respective lung cancer probabilities.
2. Calculate the probability of lung cancer for smokers using the same method as for nonsmokers.
3. Compare the overall probabilities of lung cancer for smokers and nonsmokers to determine if smoking decreases the chance of lung cancer.

Yes or no answer: No."
885,no,"Step-by-step reasoning:
   - The correlation coefficient is -0.04, which is close to 0.
   - A correlation close to 0 indicates no significant linear relationship.
   - The relationship between kindness and attractive appearance is extremely weak.
   - Therefore, kindness likely does not significantly affect attractive appearance.

3. No"
886,yes,"Step-by-Step Reasoning:**
1. Identify the key factors involved: water quality, cholera incidence, and poverty.
2. Consider how each method (Method 1 and Method 2) accounts for these factors.
3. Evaluate the importance of including socioeconomic factors (like poverty) in understanding health outcomes related to environmental factors (like water quality).
4. Determine which method provides a more comprehensive understanding of how water quality affects cholera, considering the role of poverty.

**Yes or No Answer:** Yes"
887,yes,"Step-by-Step Reasoning:**
1. Identify given probabilities: P(T) = 0.93, P(~T ∩ S) = 0.05, P(T ∩ S) = 0.26.
2. Calculate P(S|T) using the conditional probability formula: P(S|T) = P(T ∩ S) / P(T).
3. Calculate the overall probability of tanned skin, P(S), by summing P(T ∩ S) and P(~T ∩ S).
4. Compare P(S|T) with P(S) to determine if the chance of tanned skin is smaller with tanning salon treatment.

**Yes or No Answer:** Yes"
888,yes,"step by step:

- The probability of a camper lighting a match is 93%, which means the probability of a camper not lighting a match is 100% - 93% = 7%.
- The probability of the forest being on fire given that a camper does not light a match is 79%. This can be represented as P(Forest on fire | No match) = 79% or 0.79.
- The probability of the forest being on fire given that a camper lights a match is 65%. This can be represented as P(Forest on fire | Match) = 65% or 0.65.

To find the overall probability of the forest being on fire, we need to consider both scenarios (a match being lit and a match not being lit) and their respective probabilities.

The probability of the forest being on fire when a match is lit is the product of the probability of lighting a match and the probability of the forest being on fire given a match is lit: 0.93 * 0.65.
The probability of the forest being on fire when a match is not lit is the product of the probability of not lighting a match and the probability of the forest being on fire given no match is lit: 0.07 * 0.79.

Calculating these:
- Probability of forest on fire given a match is lit: 0.93 * 0.65 = 0.6045
- Probability of forest on fire given no match is lit: 0.07 * 0.79 = 0.0553

Adding these two probabilities gives the overall probability of the forest being on fire: 0.6045 + 0.0553 = 0.6598 or approximately 65.98%.

Since the overall probability of the forest being on fire (approximately 65.98%) is less than 100% - 65.98% (which is the probability of the forest not being on fire, approximately 34.02%), the forest not being on fire is less likely than the forest being on fire in terms of the comparison to 50% or a direct comparison of the two states. However, the question asks if the forest on fire is less likely than the forest not on fire overall. To answer this directly:

**Full Response**: Given the calculations, the probability of the forest being on fire is approximately 65.98%, which means the probability of the forest not being on fire is about 34.02%. This indicates that the forest being on fire is more likely than the forest not being on fire, based on the given probabilities.

**Step-by-Step Reasoning**:
1. Calculate the probability of a camper not lighting a match: 100% - 93% = 7%.
2. Calculate the probability of the forest being on fire given a match is lit: 0.93 * 0.65.
3. Calculate the probability of the forest being on fire given no match is lit: 0.07 * 0.79.
4. Add the probabilities from steps 2 and 3 to get the overall probability of the forest being on fire.
5. Compare this overall probability to the probability of the forest not being on fire to determine which is more likely.

**Yes or No Answer**: No"
889,yes,"Step-by-step reasoning:
1. **Understand Method 1**: General correlation between vaccination and disease.
2. **Understand Method 2**: Case-by-case correlation considering pre-conditions.
3. **Compare Methods**: Method 1 provides a broad overview, while Method 2 offers detailed, personalized insights.
4. **Consider Complexity of Health**: Human health is influenced by many factors, making personalized approaches more accurate.
5. **Conclusion**: Method 2 is more correct for understanding vaccination effects due to its consideration of individual factors.

Yes or no answer: No."
890,yes,"Step-by-Step Reasoning**:
1. Identify given probabilities.
2. Calculate the conditional probability of a high salary given a college degree or higher.
3. Recognize the need for a baseline probability for a direct comparison.

**Yes or No Answer**: No"
891,yes,"Step-by-Step Reasoning:**
1. Calculate the probability of having a small kidney stone: \(P(S) = 1 - P(L) = 1 - 0.54 = 0.46\).
2. Calculate the overall probability of recovery without treatment using the given probabilities for small and large kidney stones.
3. Calculate the overall probability of recovery with treatment using the given probabilities for small and large kidney stones.
4. Compare the overall probabilities of recovery with and without treatment to determine if treatment increases the chance of recovery.

**Yes or No Answer:** No."
892,yes,"Step-by-Step Reasoning:
- Identify the causes of late arrival: waking up late and heavy traffic.
- Note the absence of one cause: no heavy traffic.
- Consider the effect of removing the other cause: waking up on time.
- Conclude that without either cause, the effect (arriving late) should not occur.

3. Yes or no answer: Yes"
893,yes,"Step-by-Step Reasoning:**
1. Calculate the probability of an intelligent child given intelligent parents using the formula for conditional probability.
2. Calculate the overall probability of an intelligent child using the law of total probability.
3. Compare the probability of an intelligent child given intelligent parents with the overall probability of an intelligent child.

**Yes or No Answer:** Yes"
894,no,"## Step 1: Understanding the Given Information
We are given that intelligent parents, a confounder (which can be active or inactive), and high parental social status are factors that can influence the intelligence of a child. Specifically, intelligent parents and an active confounder, along with high parental social status, contribute to a child being intelligent. We are also told that the confounder is observed to be inactive.

## Step 2: Analyzing the Impact of the Confounder
Since the confounder is inactive, its influence on the child's intelligence, as part of the causal chain that includes intelligent parents and high parental social status, is negated. This means we are looking at a scenario where the potential positive impact of the confounder on the child's intelligence is not present.

## Step 3: Considering the Role of Parental Intelligence
Intelligent parents are a factor that contributes to a child being intelligent, alongside the active confounder and high parental social status. If we replace intelligent parents with unintelligent parents, we are removing one of the contributing factors to the child's potential intelligence.

## Step 4: Evaluating the Outcome with Unintelligent Parents and Inactive Confounder
Given that both the confounder is inactive (removing its potential positive influence) and we are considering a scenario with unintelligent parents (another factor that would typically contribute to a child's intelligence is absent), the likelihood of the child being intelligent is reduced. The absence of both the active confounder and intelligent parents removes two significant factors that could contribute to the child's intelligence.

## Step 5: Conclusion Based on Logical Deduction
Since two key factors (intelligent parents and an active confounder) that contribute to a child's intelligence are not present (with the confounder being inactive and parents being unintelligent), it logically follows that the child is less likely to be intelligent compared to a scenario where these factors are present.

The final answer is: $\boxed{No}$"
895,yes,"Step-by-Step Reasoning:**
1. Identify given probabilities: P(S), P(NS and LC), P(S and LC).
2. Calculate P(NS) as 100% - P(S).
3. Attempt to calculate P(LC|NS) and P(LC|S) using given data.
4. Realize the mistake in direct calculation due to misinterpretation of given probabilities.
5. Understand that a correct comparison requires accurate conditional probabilities or a different approach to the data provided.

**Yes or No Answer:** No"
896,yes,"To determine whether Method 1 is more correct than Method 2 for understanding how treatment affects recovery, we need to consider the principles of causality, correlation, and the potential for confounding variables. Method 1 involves analyzing the correlation between treatment and recovery on a case-by-case basis, taking into account the size of the kidney stone. This approach allows for a more nuanced understanding of how different treatments might be effective for different sizes of kidney stones, which could be a significant factor in recovery. By controlling for the size of the kidney stone, Method 1 potentially reduces the impact of a confounding variable (kidney stone size) on the analysis of treatment effectiveness.

On the other hand, Method 2 looks at the general correlation between treatment and recovery without considering specific factors like kidney stone size. This method might overlook critical interactions between the treatment's effectiveness and the size of the kidney stone, potentially leading to overly broad or misleading conclusions about treatment efficacy.

Given these considerations, using Method 1 could provide a more detailed and accurate understanding of how treatment affects recovery because it accounts for a variable (kidney stone size) that could significantly influence treatment outcomes.

Summary of the reasoning:
1. Method 1 analyzes treatment vs. recovery case by case, considering kidney stone size.
2. Method 2 analyzes treatment vs. recovery without considering kidney stone size.
3. Accounting for kidney stone size (as in Method 1) can reduce the effect of a confounding variable and provide a more nuanced understanding of treatment efficacy.

Yes."
897,no,"## Step 1: Analyzing the given information
We are given that intelligent parents and an active confounder can cause high parental social status. Additionally, intelligent parents, an active confounder, or high parental social status can cause a child to be intelligent. However, we are told the confounder is inactive.

## Step 2: Applying the information to the scenario
With the confounder inactive, the potential causes of high parental social status are reduced, primarily leaving intelligent parents as the direct cause mentioned. For the child to be intelligent, the causes are intelligent parents, an active confounder, or high parental social status. Since the confounder is inactive, we can rule out its influence.

## Step 3: Considering the impact of unintelligent parents
If the parents are unintelligent instead of intelligent, and given that the confounder is inactive, we need to assess if this scenario directly leads to the child not being intelligent. The absence of intelligent parents (one of the causes of an intelligent child) and an inactive confounder (another potential cause) suggests that the child's intelligence would not be directly influenced by these factors.

## Step 4: Evaluating the remaining cause
High parental social status is a cause of an intelligent child, but with unintelligent parents and an inactive confounder, the likelihood of high parental social status causing the child to be intelligent is diminished, as the primary mentioned causes leading to high social status (intelligent parents and an active confounder) are not present.

## Step 5: Conclusion based on given causes and conditions
Given the conditions and causes, if unintelligent parents replace intelligent parents and the confounder is inactive, the direct influences on the child being intelligent (intelligent parents and an active confounder) are removed. However, the question essentially asks if the absence of intelligent parents (with the confounder being inactive) directly results in the child not being intelligent. The logic provided does not directly support a definitive conclusion that the child will not be intelligent solely based on the parents' intelligence and the confounder's status, as there might be other factors influencing the child's intelligence not mentioned in the scenario.

The final answer is: $\boxed{No}$"
898,no,"## Step 1: Understand the given probabilities
The problem provides us with three probabilities:
- The overall probability of taking the elevator is 16%.
- The probability of taking the stairs and penguin death is 76%.
- The probability of taking the elevator and penguin death is 9%.

## Step 2: Identify the question
We need to determine if the chance of penguin death is larger when observing taking the elevator.

## Step 3: Calculate the probability of penguin death when taking the elevator
To find the probability of penguin death given that the elevator is taken, we can use the given probability of taking the elevator and penguin death (9%) and the overall probability of taking the elevator (16%). The formula to find the conditional probability is P(A|B) = P(A and B) / P(B), where A is penguin death and B is taking the elevator. So, P(penguin death | taking the elevator) = 9% / 16%.

## Step 4: Calculate the probability of penguin death when not taking the elevator (taking the stairs)
Given the probability of taking the stairs and penguin death is 76%, to find the probability of penguin death when taking the stairs, we need the overall probability of taking the stairs. Since the overall probability of taking the elevator is 16%, the probability of taking the stairs is 100% - 16% = 84%. The probability of penguin death given that the stairs are taken is then 76% / 84%.

## Step 5: Compare the probabilities of penguin death
To determine if the chance of penguin death is larger when observing taking the elevator, we compare the calculated probabilities from step 3 and step 4.

## Step 6: Perform the calculations for step 3
P(penguin death | taking the elevator) = 9% / 16% = 0.5625 or 56.25%.

## Step 7: Perform the calculations for step 4
P(penguin death | taking the stairs) = 76% / 84% = 0.9048 or 90.48%.

## Step 8: Conclusion
Since 56.25% (probability of penguin death when taking the elevator) is less than 90.48% (probability of penguin death when taking the stairs), the chance of penguin death is not larger when observing taking the elevator compared to taking the stairs.

The final answer is: $\boxed{No}$"
899,yes,"Step-by-step reasoning:
1. Identify the goal: Understand the general effect of seasons on ground conditions.
2. Evaluate Method 1: General analysis across various scenarios to identify broad patterns and trends.
3. Evaluate Method 2: Case-by-case analysis focusing on the impact of sprinklers, which introduces specific variables.
4. Determine the primary approach for general understanding: Method 1 provides foundational knowledge, making it more correct for initial understanding.

Yes or no answer: Yes"
900,yes,"Step-by-Step Reasoning:
1. Understanding the relationship between supply and demand is crucial to analyzing how supply affects price.
2. Method 1 considers the specific demand for each product or service, allowing for a more detailed analysis.
3. Method 2 provides a general overview but may not account for market variations and complexities.
4. A more accurate understanding of how supply affects price requires considering the specific demand for each product or service.

Yes or No Answer: Yes"
901,yes,"Step-by-step reasoning:
1. Identify the probability of a high exam score without encouragement: 31%.
2. Identify the probability of a high exam score with encouragement: 69%.
3. Calculate the difference in probabilities to find the increase: 69% - 31% = 38%.
4. Determine if the difference indicates an increase in the chance of a high exam score.

Yes."
902,no,"## Step 1: Define the given probabilities
The probability of male gender (M) is 1%, or P(M) = 0.01. The probability of non-male gender (not M) is therefore 99%, or P(not M) = 0.99. The probability of admission acceptance given non-male gender, P(A|not M), is 80%, or 0.8. The probability of admission acceptance given male gender, P(A|M), is 1%, or 0.01.

## Step 2: Calculate the overall probability of admission acceptance for non-male gender
To find the overall probability of admission acceptance for non-male gender, we multiply the probability of non-male gender by the probability of admission acceptance given non-male gender: P(not M) * P(A|not M) = 0.99 * 0.8 = 0.792.

## Step 3: Calculate the overall probability of admission acceptance for male gender
To find the overall probability of admission acceptance for male gender, we multiply the probability of male gender by the probability of admission acceptance given male gender: P(M) * P(A|M) = 0.01 * 0.01 = 0.0001.

## Step 4: Compare the probabilities of admission acceptance
Comparing the calculated probabilities, 0.792 for non-male gender and 0.0001 for male gender, it's clear that the probability of admission acceptance is much higher for non-male gender than for male gender.

## Step 5: Determine if observing male gender increases the chance of admission acceptance
Given the information, observing male gender does not increase the chance of admission acceptance compared to observing non-male gender. In fact, the chance of admission acceptance is significantly lower when observing male gender.

The final answer is: $\boxed{No}$"
903,yes,"Step-by-Step Reasoning:**
1. Identify given probabilities: \(P(V) = 0.76\), \(P(S \cap \text{not }V) = 0.08\), \(P(S \cap V) = 0.26\).
2. Calculate \(P(\text{not }V) = 1 - P(V)\).
3. Use the formula for conditional probability to find \(P(S|V)\) and \(P(S|\text{not }V)\).
4. Compare \(P(S|V)\) and \(P(S|\text{not }V)\) to determine if the chance of smallpox survival is larger with vaccination.

**Yes or No Answer:** Yes"
904,yes,"Step-by-Step Reasoning:**
1. Identify the two methods for analyzing the correlation between Alice waking up and arriving at school.
2. Understand the general approach of Method 1, which looks at the overall correlation without considering specific factors like traffic.
3. Understand the detailed approach of Method 2, which analyzes the correlation case by case, including the impact of traffic.
4. Recognize that traffic can significantly affect the time it takes to get to school.
5. Conclude that accounting for variables like traffic (Method 2) provides a more accurate understanding of the correlation than a generalized approach (Method 1).

**Yes or No Answer:** No"
905,yes,"Step-by-step reasoning:**
1. Calculate the probability of not taking medication.
2. Calculate the probability of having a healthy heart for both scenarios (taking and not taking medication).
3. Combine these probabilities to find the overall probability of having a healthy heart.
4. Compare the overall probability of a healthy heart with the probability of heart problems.

**Yes or no answer:** Yes"
906,yes,"Step-by-step reasoning:
1. Identify the probability of a high exam score without encouragement: 28%.
2. Identify the probability of a high exam score with encouragement: 71%.
3. Compare the probabilities to determine the effect of encouragement.
4. Since 71% is greater than 28%, encouragement increases the chance of a high exam score.

Yes or no answer: No."
907,yes,"Step-by-Step Reasoning:**
1. Calculate the probability of not having a college degree.
2. Calculate the probability of having a high salary for both groups (with and without a college degree).
3. Combine these probabilities to find the overall probability of having a high salary.
4. Compare this probability to 50% to determine if high salary is more or less likely than low salary.

**Yes or No Answer:** No"
908,yes,"## Step 1: Define the problem and the given probabilities
We are given the probabilities of recovering from a disease under different conditions: with and without pre-conditions, and with and without the vaccine. The goal is to determine if getting the vaccine increases the overall chance of recovering from the disease.

## Step 2: Calculate the probability of recovery without the vaccine
To find the overall probability of recovery without the vaccine, we need to consider both scenarios: with and without pre-conditions. The probability of having no pre-conditions is 100% - 47% = 53%, and the probability of recovering without the vaccine in this case is 14%. The probability of having pre-conditions is 47%, and the probability of recovering without the vaccine in this case is 87%.

## Step 3: Calculate the weighted average of recovery without the vaccine
The weighted average of recovery without the vaccine is calculated as (probability of no pre-conditions * probability of recovery without vaccine and no pre-conditions) + (probability of pre-conditions * probability of recovery without vaccine and pre-conditions). So, it is (0.53 * 0.14) + (0.47 * 0.87).

## Step 4: Perform the calculation for the weighted average without the vaccine
(0.53 * 0.14) + (0.47 * 0.87) = 0.0742 + 0.4089 = 0.4831 or 48.31%.

## Step 5: Calculate the probability of recovery with the vaccine
Similarly, to find the overall probability of recovery with the vaccine, we consider both scenarios: with and without pre-conditions. The probability of recovering with the vaccine and no pre-conditions is 25%, and with pre-conditions is 98%.

## Step 6: Calculate the weighted average of recovery with the vaccine
The weighted average of recovery with the vaccine is (probability of no pre-conditions * probability of recovery with vaccine and no pre-conditions) + (probability of pre-conditions * probability of recovery with vaccine and pre-conditions). So, it is (0.53 * 0.25) + (0.47 * 0.98).

## Step 7: Perform the calculation for the weighted average with the vaccine
(0.53 * 0.25) + (0.47 * 0.98) = 0.1325 + 0.4596 = 0.5921 or 59.21%.

## Step 8: Compare the probabilities of recovery with and without the vaccine
The probability of recovery without the vaccine is approximately 48.31%, and with the vaccine is approximately 59.21%.

## Step 9: Determine if getting the vaccine increases the chance of recovering
Since 59.21% is greater than 48.31%, getting the vaccine does increase the overall chance of recovering from the disease.

The final answer is: $\boxed{Yes}$"
909,yes,"Step-by-Step Reasoning**:
   - Understand the given probabilities for intelligent and unintelligent parents.
   - Recognize these are conditional probabilities.
   - Compare the probabilities to assess the impact of parent intelligence on child intelligence.
   - Determine if intelligent parents increase or decrease the chance of an intelligent child based on the comparison.

3. **Yes or No Answer**: No"
910,no,"## Step 1: Understanding the Problem
The problem presents two scenarios regarding the probability of achieving a high salary based on educational attainment. For individuals without a college degree, the probability of a high salary is 61%. In contrast, for those with a college degree or higher, the probability increases to 81%.

## Step 2: Analyzing the Probabilities
To determine if having a college degree or higher decreases the chance of a high salary, we need to compare the given probabilities. The probability for those with a college degree or higher (81%) is higher than that for those without a college degree (61%).

## Step 3: Drawing a Conclusion
Given that the probability of achieving a high salary is higher for individuals with a college degree or higher compared to those without, it indicates that having a college degree or higher does not decrease but rather increases the chance of a high salary.

## Step 4: Final Assessment
Based on the comparison of probabilities, it's clear that a college degree or higher is associated with a higher likelihood of achieving a high salary, not a decrease.

The final answer is: $\boxed{No}$"
911,yes,"Step-by-Step Reasoning:**
1. Identify the probabilities of long lifespan for both groups: normal weight people have a 59% chance, and obese people have a 79% chance.
2. Compare the probabilities to determine which group has a higher chance of long lifespan.
3. Recognize that a higher percentage indicates a greater likelihood of the outcome (long lifespan in this case).
4. Conclude based on the comparison whether obesity decreases or increases the chance of long lifespan.

**Yes or No Answer:** No"
912,no,"## Step 1: Understanding the correlation coefficient
The correlation coefficient of -0.00 between talent and being hard-working indicates that there is no linear relationship between these two variables for students accepted to elite institutions. This means that as one variable increases, the other does not tend to increase or decrease in a predictable, linear manner.

## Step 2: Interpreting the correlation in context
A correlation coefficient close to 0, such as -0.00, suggests that the variables are uncorrelated. However, correlation does not imply causation. The lack of correlation between talent and being hard-working does not necessarily mean that one does not affect the other, but rather that there is no straightforward linear relationship between the two.

## Step 3: Considering causality and influence
The absence of a linear correlation does not preclude the possibility of a more complex relationship or of one variable influencing the other through other factors or in a non-linear way. However, based solely on the information given, we cannot conclude that talent directly affects being hard-working or vice versa.

## Step 4: Conclusion based on given data
Given the correlation coefficient of -0.00, we can conclude that there is no evidence of a linear relationship between talent and being hard-working among students accepted to elite institutions. This does not necessarily mean that talent has no effect on being hard-working, but rather that the relationship, if any, is not linear or is not captured by the correlation coefficient.

The final answer is: $\boxed{No}$"
913,yes,"Step-by-step reasoning:
1. Identify the goal: Understand how the husband affects the alarm clock.
2. Compare Method 1 (case-by-case analysis) and Method 2 (general correlation).
3. Recognize that Method 1 provides a more detailed and context-specific analysis.
4. Conclude that Method 1 is more suitable for understanding the husband's impact on the alarm clock.

Yes."
914,yes,"Step-by-step reasoning:
   - Identify the probability of scurvy in patients not consuming citrus: 58%.
   - Identify the probability of scurvy in patients consuming citrus: 32%.
   - Compare the two probabilities to determine the effect of citrus intake on the chance of scurvy.
   - Since 32% is less than 58%, conclude that citrus intake decreases the chance of scurvy.

3. Yes."
915,yes,"Step-by-Step Reasoning:**
1. Calculate the percentage of the population that doesn’t take all drugs and their probability of low cholesterol.
2. Calculate the percentage of the population that takes all drugs and their probability of low cholesterol.
3. Combine these probabilities to find the overall probability of low cholesterol.
4. Compare this overall probability to 50% to determine if low cholesterol is less likely than high cholesterol.

**Yes or No Answer:** No"
916,yes,"Step-by-step reasoning:
1. Calculate the probability of having diabetes for each group (normal weight nonsmokers, normal weight smokers, obese nonsmokers, obese smokers).
2. Calculate the weighted average probability of a long lifespan for normal weight individuals and obese individuals, considering the probabilities of having diabetes and the overall probability of being a smoker.
3. Compare the overall probabilities of a long lifespan for normal weight and obese individuals to determine the effect of obesity.

Yes or no answer: No."
917,yes,"step by step.

First, we know that the overall probability of encouragement is 98%. This means that 98% of the students are encouraged, and the remaining 2% are not encouraged.

Next, we are given the probabilities of high exam scores for both encouraged and not encouraged students. For students who are not encouraged, the probability of a high exam score is 72%. For students who are encouraged, the probability of a high exam score is 46%.

To determine if a high exam score is less likely than a low exam score overall, we need to calculate the overall probability of a high exam score. We can do this by considering the two groups of students separately and then combining them.

For the 2% of students who are not encouraged, the probability of a high exam score is 72%. So, the contribution of this group to the overall probability of a high exam score is 2% * 72% = 1.44%.

For the 98% of students who are encouraged, the probability of a high exam score is 46%. So, the contribution of this group to the overall probability of a high exam score is 98% * 46% = 45.08%.

Now, we add these two contributions together to find the overall probability of a high exam score: 1.44% + 45.08% = 46.52%.

Since the overall probability of a high exam score (46.52%) is less than 50%, it means that a high exam score is less likely than a low exam score overall.

Here is a concise step-by-step reasoning for the response:
1. Calculate the percentage of students who are encouraged and not encouraged.
2. Determine the probability of high exam scores for both groups.
3. Calculate the overall probability of a high exam score by combining the contributions from both groups.
4. Compare the overall probability of a high exam score to 50% to determine if it is less likely than a low exam score.

Yes or no answer: Yes."
918,yes,"Step-by-Step Reasoning**:
1. Identify given probabilities.
2. Calculate the probability of non-smoking.
3. Calculate conditional probabilities of lung cancer given smoking and non-smoking.
4. Compare these conditional probabilities to determine the larger chance.

**Yes or No Answer**: Yes"
919,yes,"## Step 1: Understand the given probabilities
The probability of Alice arriving to school on time when she wakes up on time is 47%, and the probability of arriving to school on time when she wakes up late is 86%.

## Step 2: Compare the probabilities
To determine if it would be less likely for Alice to arrive to school on time if she had gotten up on time instead of waking up late, we need to compare the two probabilities. The probability of arriving on time when waking up late (86%) is higher than when waking up on time (47%).

## Step 3: Determine the likelihood
Since 86% is greater than 47%, it means that when Alice wakes up late, she is more likely to arrive to school on time compared to when she wakes up on time.

## Step 4: Conclusion
Given that the probability of arriving on time is higher when Alice wakes up late (86%) than when she wakes up on time (47%), it would indeed be less likely for her to arrive on time if she had gotten up on time on a day she woke up late.

The final answer is: $\boxed{Yes}$"
920,no,"step-by-step reasoning:
1. Identify the probabilities of healthy heart for both groups.
2. Compare these probabilities to determine the effect of medication.
3. Analyze the comparison to conclude the impact of medication on heart health.
4. Conclude based on the analysis.

The final answer is: $\boxed{No}$"
921,yes,"Step-by-step reasoning:
1. **Understanding Method 1**: This method provides a general overview of the correlation between gender and admission status.
2. **Understanding Method 2**: This method offers a detailed analysis of the correlation between gender and admission status, considering department competitiveness.
3. **Comparing Methods**: Method 2 accounts for departmental variability, which can affect the accuracy of the analysis regarding gender and admission status.
4. **Conclusion**: Method 2 is more precise for understanding the impact of gender on admission status because it considers the specific context of each department.

Yes or no answer: No"
922,yes,"Step-by-Step Reasoning:**
1. Understand the given causal relationships and how they interact.
2. Recognize the role of the confounder in potentially altering expected outcomes.
3. Analyze the specific scenario presented (low cigarette tax, confounder active).
4. Consider how smoking (versus not smoking) might impact birth weight in this context, keeping in mind the stated effects of the confounder.

**Yes or No Answer:**
No."
923,yes,"Step-by-Step Reasoning:**
1. Identify the confounding variable: Smoking is a known risk factor for lung cancer.
2. Consider the impact of not controlling for the confounder: Failing to account for smoking could lead to biased estimates of the gene's effect.
3. Evaluate Method 1: Analyzing by smoking status allows for control of the confounding variable, providing a clearer picture of the gene's independent effect.
4. Compare with Method 2: Ignoring smoking status may result in overestimation or underestimation of the gene's impact due to confounding.

**Yes or No Answer:** Yes"
924,yes,"Step-by-step reasoning:**
1. Determine the probability of getting and refusing the vaccine.
2. Calculate the probability of recovering and dying for both groups.
3. Find the overall probability of recovering by adding the probabilities of recovering from both scenarios.
4. Find the overall probability of dying by adding the probabilities of dying from both scenarios.
5. Compare the overall probabilities of recovering and dying to determine which is more likely.

**Yes or no answer:** No"
925,yes,"Step-by-Step Reasoning:**
1. Examine the probabilities of long lifespan for each group (normal weight with/without diabetes, obese with/without diabetes).
2. Analyze the probabilities of having diabetes across different weight and smoking categories.
3. Consider the implications of the given probabilities on the relationship between obesity, diabetes, and lifespan.
4. Recognize the counterintuitive nature of the data regarding diabetes and lifespan.

**Yes or No Answer:** No"
926,yes,"Step-by-Step Reasoning:**
1. Calculate the probability of lung cancer for smokers: 0.5 * 0.37 = 0.185.
2. Calculate the probability of lung cancer for nonsmokers: 0.5 * 0.4 = 0.2.
3. Calculate the overall probability of lung cancer: 0.185 + 0.2 = 0.385.
4. Calculate the probability of not having lung cancer: 1 - 0.385 = 0.615.
5. Compare the probabilities to determine which is more likely.

**Yes or No Answer:** No."
927,no,"## Step 1: Define the given probabilities
The probability of taking medication is 14%, or P(Taking Medication) = 0.14. The probability of not taking medication and having a healthy heart is 53%, or P(Not Taking Medication and Healthy Heart) = 0.53. The probability of taking medication and having a healthy heart is 5%, or P(Taking Medication and Healthy Heart) = 0.05.

## Step 2: Determine the probability of not taking medication
Since the probability of taking medication is 14%, the probability of not taking medication is 100% - 14% = 86%, or P(Not Taking Medication) = 0.86.

## Step 3: Calculate the probability of healthy heart given not taking medication
We can find the probability of healthy heart given not taking medication by using the formula for conditional probability. However, we first need the overall probability of a healthy heart, which is not directly given. We know P(Not Taking Medication and Healthy Heart) = 0.53, and we can use this to find the probability of a healthy heart among those not taking medication. But to directly compare the chance of a healthy heart when taking medication versus not, we need to calculate the probability of a healthy heart in both scenarios.

## Step 4: Calculate the probability of healthy heart given taking medication
The probability of a healthy heart given that one is taking medication can be found using Bayes' theorem or by understanding the proportion of people with healthy hearts among those taking medication. Given P(Taking Medication and Healthy Heart) = 0.05 and P(Taking Medication) = 0.14, the probability of a healthy heart given taking medication is P(Healthy Heart | Taking Medication) = P(Taking Medication and Healthy Heart) / P(Taking Medication) = 0.05 / 0.14.

## Step 5: Calculate the probability of healthy heart given not taking medication
Similarly, to find the probability of a healthy heart given not taking medication, we use P(Not Taking Medication and Healthy Heart) = 0.53 and P(Not Taking Medication) = 0.86. Thus, P(Healthy Heart | Not Taking Medication) = P(Not Taking Medication and Healthy Heart) / P(Not Taking Medication) = 0.53 / 0.86.

## Step 6: Compare the probabilities
Calculate both conditional probabilities to determine if the chance of a healthy heart is larger when observing taking medication compared to not taking medication.

## Step 7: Perform calculations for step 4
P(Healthy Heart | Taking Medication) = 0.05 / 0.14 = 0.3571 (or approximately 35.71%).

## Step 8: Perform calculations for step 5
P(Healthy Heart | Not Taking Medication) = 0.53 / 0.86 = 0.6163 (or approximately 61.63%).

## Step 9: Conclusion
Compare the calculated probabilities to answer the question.

The final answer is: $\boxed{No}$"
928,yes,"Step-by-Step Reasoning**:
- Identify the probabilities of high tar deposits in smokers and nonsmokers.
- Examine how lung cancer probability changes with tar deposit status in both groups.
- Determine if the relationship between smoking, tar deposit, and lung cancer suggests tar deposit as a mediator of smoking's negative effect on lung cancer.

3. **Yes or No Answer**: No"
929,yes,"Step-by-Step Reasoning:**
1. Identify the given probabilities for tar deposit and lung cancer based on smoking status.
2. Calculate the increase in lung cancer risk due to high tar deposit for both nonsmokers and smokers.
3. Compare these increases to understand the relative impact of tar deposit on lung cancer risk.
4. Consider the overall effect of smoking on the probability of high tar deposit and subsequently on lung cancer risk.
5. Conclude based on the relationship between smoking, tar deposit, and lung cancer risk.

**Yes or No Answer:** Yes."
930,yes,"Step-by-Step Reasoning:**
1. Calculate the overall probability of a healthy heart for individuals not taking medication by considering both low and high blood pressure scenarios.
2. Calculate the overall probability of a healthy heart for individuals taking medication by considering both low and high blood pressure scenarios.
3. Compare the overall probabilities to determine the effect of medication on heart condition through blood pressure.

**Yes or No Answer:** No"
931,no,"step-by-step process.
1. Define the given probabilities.
2. Calculate the probability of a camper not lighting a match.
3. Calculate the overall probability of the forest being on fire for both scenarios.
4. Perform the calculations for both scenarios.
5. Calculate the overall probability of the forest being on fire.
6. Compare the probability of the forest being on fire to the probability of it not being on fire.

The final answer is: $\boxed{No}$"
932,yes,"Step-by-Step Reasoning:**
1. Identify the probabilities of scurvy for both groups: 54% for non-citrus consumers and 24% for citrus consumers.
2. Compare the probabilities to determine the effect of citrus intake on scurvy.
3. Recognize that a lower percentage indicates a decreased likelihood of scurvy.
4. Conclude that since 24% (citrus consumers) is less than 54% (non-citrus consumers), citrus intake does not increase the chance of scurvy.

**Yes or No Answer:** No"
933,yes,"Step-by-Step Reasoning:**
1. Method 1 provides a general correlation but may overlook specific factors.
2. Method 2 considers unobserved confounders, which can influence the relationship.
3. Accounting for confounders can lead to a more accurate understanding of the relationship.
4. Method 2 offers a more detailed analysis by considering individual cases.

**Yes or No Answer:** No"
934,yes,"Step-by-Step Reasoning:**
1. Identify given probabilities.
2. Calculate the probability of not taking any drugs.
3. Calculate the conditional probability of low cholesterol given all drugs are taken and given no drugs are taken.
4. Compare these conditional probabilities to determine if low cholesterol is more likely when all assigned drugs are taken.

**Yes or No Answer:** No"
935,yes,"Step-by-step reasoning:
1. Identify the key factors: Medication, heart condition, and blood pressure.
2. Consider the role of blood pressure as a potential confounding variable.
3. Evaluate Method 1, which accounts for blood pressure on a case-by-case basis.
4. Evaluate Method 2, which does not account for specific variables like blood pressure.
5. Determine that accounting for relevant variables (like blood pressure) provides a more accurate understanding of the relationship between medication and heart condition.

Yes."
936,yes,"Step-by-Step Reasoning:**
1. Old age is associated with high hospital bills.
2. Both old age and high hospital bills are linked to recovery.
3. The patient is observed to be old, suggesting a potential for high hospital bills and, by association, recovery.
4. A low hospital bill might indicate less intensive treatment or care.
5. Less intensive treatment could potentially affect recovery negatively, given the established link between high hospital bills (possibly indicating more comprehensive care) and recovery.

**Yes or No Answer:** Yes"
937,yes,"Step-by-step reasoning:
1. **Understanding the Question**: The question asks which method is more correct for understanding how gender affects salary.
2. **Analyzing Method 1**: This method looks at the general correlation between gender and salary, which can provide an overview but may not account for specific occupational factors.
3. **Analyzing Method 2**: This method examines the correlation on a case-by-case basis by occupation, offering a detailed view of how gender impacts salary in different job markets.
4. **Comparing Methods**: Method 2 provides a more nuanced understanding, allowing for targeted interventions and a deeper insight into the factors influencing salary disparities.
5. **Conclusion**: Method 2 is more appropriate for understanding the impact of gender on salary due to its detailed and occupation-specific analysis.

Yes or no answer: No"
938,no,"step-by-step reasoning.
1. Calculate the probability of being encouraged and not encouraged.
2. Identify the probabilities of high exam scores for both groups.
3. Calculate the overall probability of a high exam score.
4. Perform the calculation.
5. Compare the probability of a high exam score to that of a low exam score.
6. Conclusion: Low exam score is more likely.

The final answer is: $\boxed{No}$"
939,yes,"Step-by-Step Reasoning:**
1. The patient is not male.
2. Being male causes receiving treatment, but since the patient is not male, this premise does not apply directly to their treatment status.
3. Recovery is caused by either being male or receiving treatment.
4. Since the patient is not male, the only way for them to recover, based on the given logic, is by receiving treatment.
5. If the patient receives no treatment, none of the conditions for recovery (being male or receiving treatment) are met.

**Yes or No Answer:** No"
940,no,"## Step 1: Define the given probabilities
The probability of receiving treatment is 52%, or P(T) = 0.52. The probability of receiving no treatment and recovery is 35%, or P(NT ∩ R) = 0.35. The probability of receiving treatment and recovery is 15%, or P(T ∩ R) = 0.15.

## Step 2: Calculate the probability of recovery given treatment
To find if the chance of recovery is larger when observing receiving treatment, we need to calculate the conditional probability of recovery given treatment, P(R|T), and compare it with the probability of recovery given no treatment, P(R|NT).

## Step 3: Apply Bayes' theorem for conditional probability
The formula for conditional probability is P(R|T) = P(T ∩ R) / P(T). Plugging in the given values, we get P(R|T) = 0.15 / 0.52.

## Step 4: Calculate P(R|T)
P(R|T) = 0.15 / 0.52 = 0.2885, or approximately 28.85%.

## Step 5: Calculate the probability of recovery given no treatment, P(R|NT)
First, we need the probability of no treatment, P(NT), which is 1 - P(T) = 1 - 0.52 = 0.48. Then, P(R|NT) = P(NT ∩ R) / P(NT) = 0.35 / 0.48.

## Step 6: Calculate P(R|NT)
P(R|NT) = 0.35 / 0.48 = 0.7292, or approximately 72.92%.

## Step 7: Compare the probabilities of recovery
P(R|T) ≈ 28.85% and P(R|NT) ≈ 72.92%. Since P(R|NT) > P(R|T), the chance of recovery is not larger when observing receiving treatment.

The final answer is: $\boxed{No}$"
941,yes,"Step-by-Step Reasoning:**
1. Identify the variables in question: maternal smoking status and infant's birth weight.
2. Recognize the potential impact of unobserved confounders on the analysis.
3. Understand that Method 1 accounts for these confounders on a case-by-case basis.
4. Acknowledge that Method 2 does not account for these confounders.
5. Determine that accounting for confounders (Method 1) provides a more accurate analysis than not accounting for them (Method 2).

**Yes or No Answer:** Yes"
942,no,"Step-by-Step Reasoning**:
    - Calculate P(On Time | Late) using given data.
    - Calculate the overall P(On Time).
    - Compare P(On Time | Late) with P(On Time) to determine if arriving on time is more likely when waking up late.

3. **Yes or No Answer**: 
To calculate P(On Time | Late) = 0.13 / 0.49 ≈ 0.2653 or 26.53%. The overall probability of arriving on time, P(On Time), is 0.44 or 44%. Since 26.53% (probability of arriving on time given that one woke up late) is less than 44% (overall probability of arriving on time), the chance of arriving to school on time is not larger when observing waking up late. 
**No**"
943,yes,"step-by-step reasoning:
1. Calculate the probability of increased supply and increased price: 60% * 40% = 24%.
2. Calculate the probability of reduced supply and increased price: 40% * 63% = 25.2%.
3. Calculate the overall probability of increased price: 24% + 25.2% = 49.2%.
4. Compare the overall probability of increased price (49.2%) to 50% to determine if it's more likely than reduced price.

Yes or no answer: No."
944,yes,"Step-by-step reasoning:
1. Identify the goal: Understand how gender affects salary.
2. Consider Method 1: Looks at the general correlation between gender and salary without considering occupation.
3. Consider Method 2: Analyzes the correlation between gender and salary within each occupation.
4. Recognize the potential for confounding variables (like occupation) to influence the observed correlation in Method 1.
5. Determine that controlling for occupation (as in Method 2) provides a more nuanced and accurate understanding of the gender-salary relationship.

Yes or no answer: No."
945,yes,"Step-by-Step Reasoning:**
1. Calculate the probability of being non-male.
2. Calculate the weighted average recovery rate for patients receiving treatment based on gender.
3. Calculate the weighted average recovery rate for patients not receiving treatment based on gender.
4. Compare the recovery rates for receiving and not receiving treatment.

**Yes or No Answer:** Yes"
946,yes,"Step-by-Step Reasoning:**
1. Identify the main goal: Understand the effect of a specific gene on lung cancer.
2. Recognize the potential confounding variable: Smoking is a known risk factor for lung cancer and may be related to the gene.
3. Evaluate Method 1: It does not account for smoking, potentially leading to biased results due to confounding.
4. Evaluate Method 2: It accounts for smoking by analyzing the gene-lung cancer correlation separately for different smoking statuses, reducing bias from confounding.
5. Conclusion: Method 2 provides a more accurate understanding of the gene's effect on lung cancer by controlling for a significant confounding variable.

**Yes or No Answer:** No"
947,no,"## Step 1: Understanding the given probabilities
The probability of admission acceptance for individuals who are not male is 90%, and for individuals who are male, it is 44%. This indicates a significant difference in acceptance rates based on gender.

## Step 2: Analyzing the condition of not being male
If an individual who is male had not been male, they would fall into the category of individuals who are not male. According to the given probabilities, individuals who are not male have a higher probability of admission acceptance.

## Step 3: Comparing probabilities
Comparing the two probabilities, 90% (for not male) is greater than 44% (for male). This means that if a male individual were not male, they would be in a category with a higher probability of admission acceptance.

## Step 4: Conclusion based on probability comparison
Given that the probability of admission acceptance is higher for individuals who are not male, it would be less likely for a male individual to see admission acceptance if they had not been male, because their actual probability of acceptance as a male is lower than the probability they would have if they were not male.

The final answer is: $\boxed{No}$"
948,yes,"## Step 1: Calculate the overall probability of admission acceptance for individuals who are not male.
To do this, we need to consider the probabilities of admission acceptance for both non-competitive and competitive departments for non-male individuals, and weight them by the probability of applying to each type of department. For non-male individuals, the probability of applying to a competitive department is 16%, and to a non-competitive department is 84% (since 100% - 16% = 84%). The probability of admission acceptance for non-male individuals in non-competitive departments is 42%, and in competitive departments is 68%.

## Step 2: Perform the calculation for non-male individuals.
The overall probability of admission acceptance for non-male individuals can be calculated as follows: (0.16 * 0.68) + (0.84 * 0.42). This equals 0.1088 + 0.3528 = 0.4616, or 46.16%.

## Step 3: Calculate the overall probability of admission acceptance for male individuals.
Similar to step 1, we consider the probabilities for male individuals. The probability of a male individual applying to a competitive department is 65%, and to a non-competitive department is 35% (since 100% - 65% = 35%). The probability of admission acceptance for male individuals in non-competitive departments is 45%, and in competitive departments is 78%.

## Step 4: Perform the calculation for male individuals.
The overall probability of admission acceptance for male individuals can be calculated as follows: (0.65 * 0.78) + (0.35 * 0.45). This equals 0.507 + 0.1575 = 0.6645, or 66.45%.

## Step 5: Compare the overall probabilities of admission acceptance for non-male and male individuals to determine if gender positively affects admission status when disregarding department competitiveness.
If the probability of admission acceptance is higher for male individuals than for non-male individuals, then gender would positively affect admission status for males.

## Step 6: Determine the effect of gender on admission status.
Since 66.45% (male) is greater than 46.16% (non-male), gender does positively affect admission status when disregarding the mediation effect through department competitiveness.

The final answer is: $\boxed{Yes}$"
949,yes,"Step-by-Step Reasoning:**
1. Calculate the probability of nonsmoking by subtracting the probability of smoking from 100%.
2. Calculate the weighted probability of lung cancer among smokers and nonsmokers.
3. Add the weighted probabilities to find the overall probability of lung cancer.
4. Compare the overall probability of lung cancer to the probability of its absence.

**Yes or No Answer:** No"
950,yes,"Step-by-step reasoning:
1. Define the given probabilities: P(S) = 0.82, P(NS ∩ A) = 0.16, P(S ∩ A) = 0.39.
2. Calculate P(NS) as 1 - P(S) = 0.18.
3. Calculate the conditional probabilities P(A|S) and P(A|NS) to compare the likelihood of college admission given smoking and nonsmoking.
4. Compare P(A|S) and P(A|NS) to determine if the chance of college admission is larger when observing smoking.

Yes or no answer: No."
951,yes,"Step-by-step reasoning:
1. **Define the goal**: Understanding how personality affects appearance.
2. **Consider Method 1**: Case-by-case analysis within relationship contexts.
3. **Consider Method 2**: General correlation without relational context.
4. **Evaluate Method 1 vs. Method 2**: Method 1 provides context-specific insights, which could be crucial for understanding the nuanced expression of personality through appearance in different relationship statuses.

Yes or no answer: Yes."
952,no,"## Step 1: Define the given probabilities
The overall probability of a high hospital bill is 51%, which can be denoted as P(High Bill) = 0.51. The probability of a low hospital bill and recovery is 30%, denoted as P(Low Bill and Recovery) = 0.30. The probability of a high hospital bill and recovery is 10%, denoted as P(High Bill and Recovery) = 0.10.

## Step 2: Determine the probability of recovery given a high hospital bill
To find if the chance of recovery is larger when observing a high hospital bill, we need to calculate the probability of recovery given a high hospital bill, which is P(Recovery | High Bill). This can be calculated using the formula for conditional probability: P(Recovery | High Bill) = P(High Bill and Recovery) / P(High Bill).

## Step 3: Calculate P(Recovery | High Bill)
Substitute the given values into the formula: P(Recovery | High Bill) = 0.10 / 0.51.

## Step 4: Calculate the value
Perform the division to find the probability: P(Recovery | High Bill) = 0.10 / 0.51 ≈ 0.196.

## Step 5: Determine the probability of recovery given a low hospital bill for comparison
To compare, we also need the probability of recovery given a low hospital bill, P(Recovery | Low Bill). However, since we are directly comparing the chance of recovery when observing a high hospital bill, we must consider the overall context and the information given about recovery and hospital bills.

## Step 6: Consider the overall probability of recovery
The probability of recovery can be split into two parts: recovery with a high hospital bill and recovery with a low hospital bill. Given that P(Low Bill and Recovery) = 0.30 and P(High Bill and Recovery) = 0.10, the total probability of recovery, P(Recovery), is 0.30 + 0.10 = 0.40.

## Step 7: Calculate the probability of recovery given a low hospital bill
To find P(Recovery | Low Bill), we need the probability of a low hospital bill, P(Low Bill), which is 1 - P(High Bill) = 1 - 0.51 = 0.49. Then, P(Recovery | Low Bill) = P(Low Bill and Recovery) / P(Low Bill) = 0.30 / 0.49.

## Step 8: Calculate the value for P(Recovery | Low Bill)
Perform the division: P(Recovery | Low Bill) = 0.30 / 0.49 ≈ 0.612.

## Step 9: Compare the probabilities of recovery
Compare P(Recovery | High Bill) and P(Recovery | Low Bill) to determine if the chance of recovery is larger when observing a high hospital bill.

## Step 10: Conclusion
Given that P(Recovery | High Bill) ≈ 0.196 and P(Recovery | Low Bill) ≈ 0.612, the chance of recovery is actually larger when observing a low hospital bill, not a high hospital bill.

The final answer is: $\boxed{No}$"
953,yes,"Step-by-Step Reasoning:
1. Identify the goal: Understand how education level affects salary.
2. Consider the impact of unobserved confounders on the relationship.
3. Method 1 accounts for unobserved confounders by examining the relationship case by case.
4. Method 2 ignores unobserved confounders, potentially leading to biased conclusions.
5. Method 1 provides a more nuanced understanding of the relationship.

Yes or No Answer: Yes"
954,yes,"Step-by-Step Reasoning**:
- Attractive people have a 42% probability.
- Unattractive people have a 58% probability.
- Talent probability is 14% for both attractive and unattractive.
- Lack of talent probability is 86% for both.
- Since the talent probability is less than the lack of talent probability, talent is less likely.

3. **Yes or No Answer**: Yes"
955,yes,"Step-by-Step Reasoning:**
1. Identify the factors influencing vaccine refusal and disease recovery: pre-conditions and getting the vaccine.
2. Note the absence of pre-conditions in the person.
3. Recognize that the information provided directly links recovery to the combination of pre-conditions and vaccination, not vaccination alone.
4. Conclude that without explicit information on the vaccine's effect in the absence of pre-conditions, the outcome of recovery cannot be directly determined.

**Yes or No Answer:** No"
956,yes,"Step-by-Step Reasoning:**
1. Calculate probabilities of long lifespan for normal weight and obese individuals, considering smoking status and diabetes.
2. Weight these probabilities by the overall probability of being a smoker (50%).
3. Compare the weighted average probabilities of long lifespan for normal weight and obese individuals.
4. Determine if obesity negatively affects lifespan based on the comparison.

**Yes or No Answer:** Yes"
957,yes,"Step-by-Step Reasoning:
1. Identify the variables that could influence the correlation between hospital costs and recovery.
2. Consider the limitations of Method 1, which looks at the overall correlation without accounting for specific factors.
3. Analyze the benefits of Method 2, which involves examining the correlation on a case-by-case basis according to age.
4. Recognize that Method 2 provides a more nuanced understanding of the relationship between hospital costs and recovery.

Yes or No Answer: No"
958,yes,"Step-by-Step Reasoning:**
1. Calculate the probability of being young.
2. Calculate the weighted average probability of recovery for patients who pay a high hospital bill based on age.
3. Calculate the weighted average probability of recovery for patients who pay a low hospital bill based on age.
4. Compare the probabilities to determine if recovery is more likely with a high or low hospital bill.

**Yes or No Answer:** No"
959,yes,"## Step 1: Understand the given probabilities
The probability of a dark room for people not blowing out candles is 86%, and for people who blow out candles, it is 55%.

## Step 2: Compare the probabilities
To determine if it would be more likely to see a dark room if the person in the room had not blown out the candle, we compare the two probabilities. The probability of a dark room is higher (86%) when the person does not blow out the candles compared to when they do (55%).

## Step 3: Apply logical reasoning
Given that the act of blowing out candles decreases the probability of the room being dark from 86% to 55%, it implies that not blowing out the candles is associated with a higher likelihood of the room being dark.

## Step 4: Draw a conclusion
Therefore, for people who blow out candles, it would indeed be more likely to see a dark room if the person in the room had not blown out the candle, based on the given probabilities.

The final answer is: $\boxed{Yes}$"
960,no,"step-by-step reasoning:
1. Calculate the probability of no treatment, which is 100% - 42% = 58%.
2. Determine the probability of recovery given no treatment by dividing the probability of no treatment and recovery by the probability of no treatment.
3. Calculate the probability of recovery given treatment by dividing the probability of treatment and recovery by the probability of treatment.
4. Compare the probabilities of recovery given treatment and no treatment.

The final answer is: $\boxed{No}$"
961,yes,"## Step 1: Understand the given probabilities
The overall probability of getting the vaccine is 49%. This means that out of the total population, 49% have received the vaccine. The probability of vaccine refusal and recovering from the disease is 18%, and the probability of getting the vaccine and recovering from the disease is 36%.

## Step 2: Determine the probability of recovering from the disease without the vaccine
To find the probability of recovering from the disease without the vaccine, we need to understand that this is directly given as 18%.

## Step 3: Determine the probability of recovering from the disease with the vaccine
The probability of getting the vaccine and recovering from the disease is given as 36%. This is the probability of both events happening together.

## Step 4: Compare the probabilities of recovery with and without the vaccine
To compare the probabilities, we need to consider the context of each. The 36% probability of getting the vaccine and recovering includes the condition of getting the vaccine, while the 18% probability of vaccine refusal and recovering does not have this condition. However, to directly compare the chance of recovering when observing getting the vaccine, we need to consider the probability of recovery given that one has gotten the vaccine.

## Step 5: Calculate the conditional probability of recovering given that one has gotten the vaccine
The probability of recovering given that one has gotten the vaccine can be found by dividing the probability of getting the vaccine and recovering by the probability of getting the vaccine. This is 36% / 49%.

## Step 6: Calculate the conditional probability
36% / 49% = 0.7347 or approximately 73.47%. This means that given one has gotten the vaccine, the probability of recovering is approximately 73.47%.

## Step 7: Determine if the chance of recovering is larger when observing getting the vaccine
Since the probability of recovering given that one has gotten the vaccine (approximately 73.47%) is higher than the probability of recovering without the condition of getting the vaccine (which would be the total recovery rate, not directly comparable without the total population recovery rate), we must consider if the vaccine increases the chance of recovery compared to not getting the vaccine. The direct comparison should be between the recovery rates with and without the vaccine, considering the vaccine's impact.

## Step 8: Conclusion based on logical analysis
Given the information and focusing on the question of whether the chance of recovering from the disease is larger when observing getting the vaccine, we need to consider the increase in recovery probability due to the vaccine. The provided probabilities suggest that among those who get the vaccine, there is a significant recovery rate. However, to conclude if it's larger, we should compare it to the recovery rate without the vaccine, which isn't directly given but can be inferred through the provided probabilities.

The final answer is: $\boxed{Yes}$"
962,yes,"Step-by-Step Reasoning:**
1. Identify the probabilities of smallpox survival for unvaccinated and vaccinated individuals.
2. Compare these probabilities to determine if there's a difference in survival rates.
3. Consider the context of the question regarding contracting smallpox and potential vaccination reactions.
4. Conclude that the higher survival probability for vaccinated individuals indicates a positive effect of vaccination on smallpox survival.

**Yes or No Answer:** Yes"
963,no,"step-by-step reasoning:
1. Identify the probabilities: 68% for non-males and 22% for males.
2. Compare the probabilities: 22% is less than 68%.
3. Conclusion: Male gender decreases the chance of admission acceptance.

The final answer is: $\boxed{No}$"
964,no,"## Step 1: Understand the given probabilities
The problem states that for individuals who are not male, the probability of admission acceptance is 57%, and for individuals who are male, the probability of admission acceptance is 28%. This implies that being male is associated with a lower probability of admission acceptance.

## Step 2: Analyze the condition of not being male
If an individual who is male had not been male, they would fall into the category of individuals who are not male. According to the given probabilities, individuals who are not male have a higher probability of admission acceptance (57%) compared to those who are male (28%).

## Step 3: Determine the likelihood of admission acceptance
Given that the probability of admission acceptance is higher for individuals who are not male, it can be inferred that if a male individual had not been male, they would have a higher probability of admission acceptance. Therefore, it would be less likely for them to see admission acceptance if they had been male, compared to if they had not been male.

## Step 4: Conclusion
Based on the analysis, for individuals who are male, it would be less likely to see admission acceptance if the individual had not been male, because being not male is associated with a higher probability of admission acceptance.

The final answer is: $\boxed{No}$"
965,yes,"step-by-step reasoning:
1. Calculate the probability of no respiratory issues and broken bones: 11% * 85% = 9.35%.
2. Calculate the probability of respiratory issues and broken bones: 89% * 85% = 75.65%.
3. Find the overall probability of broken bones: 9.35% + 75.65% = 85%.
4. Compare the probabilities of broken bones and no broken bones to determine which is more likely.

Yes or no answer: No."
966,yes,"Step-by-step reasoning:
1. Calculate the overall probability of having a high salary by adding the probabilities of high salary across different education levels.
2. Calculate the conditional probability of having a high salary given a college degree or higher.
3. Compare the conditional probability of a high salary given a college degree or higher to the overall probability of a high salary to determine if the chance is smaller.

Yes or no answer: No."
967,no,"## Step 1: Determine the probability of a student being talented and hard-working
First, we calculate the probability of a student being both talented and hard-working. This is found by multiplying the probability of being talented (91%) by the probability of being hard-working given that the student is talented (95%). So, P(Talented and Hard-working) = 0.91 * 0.95 = 0.8645.

## Step 2: Determine the probability of a student being not talented and hard-working
Next, we calculate the probability of a student being not talented and hard-working. This is found by multiplying the probability of not being talented (100% - 91% = 9%) by the probability of being hard-working given that the student is not talented (95%). So, P(Not Talented and Hard-working) = 0.09 * 0.95 = 0.0855.

## Step 3: Calculate the overall probability of being hard-working
To find the overall probability of being hard-working, we add the probabilities of being hard-working regardless of talent. So, P(Hard-working) = P(Talented and Hard-working) + P(Not Talented and Hard-working) = 0.8645 + 0.0855 = 0.95.

## Step 4: Determine if being hard-working is less likely than being lazy overall
Since the probability of being hard-working (0.95) is greater than the probability of being lazy (which would be 1 - 0.95 = 0.05), being hard-working is not less likely than being lazy overall.

## Step 5: Conclusion
Based on the given probabilities, being hard-working is actually more likely than being lazy.

The final answer is: $\boxed{No}$"
968,no,"## Step 1: Analyzing the Given Information
We are given that living close to a college or having a confounder active leads to a college degree or higher. Additionally, having a college degree or higher, or the confounder being active, results in a high salary. However, in this scenario, the person lives close to a college but the confounder is inactive.

## Step 2: Applying Logical Deductions
Given that the person lives close to a college, this could naturally lead to a higher likelihood of achieving a college degree or higher, based on the initial premise. The inactivity of the confounder, however, removes one of the potential pathways to a high salary, as the confounder's activity is linked to high salary outcomes.

## Step 3: Evaluating the Impact of College Degree on Salary
If the person has a college degree or higher instead of a high school degree or lower, according to the given principles, this should lead to a high salary, because having a college degree or higher is directly linked to high salary outcomes, regardless of the confounder's status.

## Step 4: Conclusion Based on Logical Reasoning
Given that the person lives close to a college and the confounder is inactive, the critical factor influencing the salary in this scenario is the educational attainment (college degree or higher). Since having a college degree or higher is directly associated with high salary outcomes, the person's salary would likely not be low if they have a college degree or higher.

## Step 5: Final Deduction
The presence of a college degree or higher is a strong predictor of a high salary, as per the given conditions. Therefore, having a college degree or higher would likely result in a high salary rather than a low salary, regardless of the confounder's inactivity.

The final answer is: $\boxed{No}$"
969,yes,"Step-by-Step Reasoning:**
1. Calculate the probability of a high exam score for encouraged students: 45% * 87%.
2. Calculate the probability of a high exam score for not encouraged students: 55% * 21%.
3. Add the probabilities from steps 1 and 2 to find the overall probability of a high exam score.
4. Compare the overall probability of a high exam score to 50% to determine if it's less likely than a low exam score.

**Yes or No Answer:** No"
970,no,"## Step 1: Understanding the given probabilities
The problem states that for individuals who are not male, the probability of admission acceptance is 68%, and for individuals who are male, the probability of admission acceptance is 38%. This implies that being male is associated with a lower probability of admission acceptance compared to not being male.

## Step 2: Analyzing the condition of not being male
If an individual who is male had not been male, they would fall into the category of individuals who are not male. According to the given probabilities, individuals who are not male have a higher probability of admission acceptance (68%) compared to those who are male (38%).

## Step 3: Comparing probabilities
Since 68% (probability for non-males) is greater than 38% (probability for males), it can be concluded that if a male individual had not been male, they would have had a higher probability of admission acceptance.

## Step 4: Determining the likelihood of admission acceptance
Given that the probability of admission acceptance is higher for non-males than for males, it is less likely for a male individual to see admission acceptance if they had not been male, because their probability of acceptance would increase if they were not male.

The final answer is: $\boxed{No}$"
971,yes,"Step-by-Step Reasoning:**
1. Identify given causal relationships: College proximity and confounder activity influence educational attainment, which in turn influences salary, along with the confounder's activity.
2. Assess the impact of living far from college and having an inactive confounder on educational attainment and salary.
3. Consider the effect of having a high school degree or lower under these conditions on the likelihood of achieving a high salary.
4. Conclude based on the logical deductions from the given information.

**Yes or No Answer:** Yes"
972,yes,"Step-by-Step Reasoning:**
1. Calculate the probability of high salary given male gender using the formula P(HS|M) = P(M ∩ HS) / P(M).
2. Calculate the probability of high salary given non-male gender using P(HS|NM) = P(NM ∩ HS) / P(NM).
3. Compare P(HS|M) with P(HS|NM) to determine if the chance of high salary is smaller for males.

**Yes or No Answer:** Yes."
973,yes,"## Step 1: Define the problem and identify the given probabilities
The problem asks whether paying a high hospital bill increases the chance of recovery. We are given the probabilities of recovery for different age groups and hospital bill amounts: young and low bill (5%), young and high bill (19%), old and low bill (80%), and old and high bill (93%). The overall probability of being old is 42%.

## Step 2: Calculate the weighted average probability of recovery for low and high hospital bills
To determine if a high hospital bill increases the chance of recovery, we need to calculate the weighted average probability of recovery for both low and high hospital bills. This involves using the given probabilities and the overall probability of old age.

## Step 3: Calculate the probability of being young
Since the probability of being old is 42%, the probability of being young is 100% - 42% = 58%.

## Step 4: Calculate the weighted average probability of recovery for low hospital bills
For low hospital bills, the weighted average probability of recovery is (probability of being young * probability of recovery for young and low bill) + (probability of being old * probability of recovery for old and low bill). This equals (0.58 * 0.05) + (0.42 * 0.80).

## Step 5: Perform the calculation for low hospital bills
The calculation is (0.58 * 0.05) + (0.42 * 0.80) = 0.029 + 0.336 = 0.365 or 36.5%.

## Step 6: Calculate the weighted average probability of recovery for high hospital bills
For high hospital bills, the weighted average probability of recovery is (probability of being young * probability of recovery for young and high bill) + (probability of being old * probability of recovery for old and high bill). This equals (0.58 * 0.19) + (0.42 * 0.93).

## Step 7: Perform the calculation for high hospital bills
The calculation is (0.58 * 0.19) + (0.42 * 0.93) = 0.1102 + 0.3906 = 0.5008 or 50.08%.

## Step 8: Compare the weighted average probabilities of recovery
Compare the calculated probabilities to determine if a high hospital bill increases the chance of recovery.

## Step 9: Conclusion
Since the weighted average probability of recovery for high hospital bills (50.08%) is greater than that for low hospital bills (36.5%), a high hospital bill does increase the chance of recovery.

The final answer is: $\boxed{Yes}$"
974,yes,"Step-by-Step Reasoning**
1. Understand the given correlation coefficient value (-0.02) and its implications for the relationship between respiratory issues and broken bones.
2. Recognize that a correlation coefficient close to zero indicates a weak linear relationship.
3. Consider that correlation does not imply causation and that other factors or non-linear relationships might exist.
4. Acknowledge the importance of study context in interpreting the correlation coefficient.

**Yes or No Answer**
No"
975,yes,"Step-by-Step Reasoning:
1. Identify the goal: Understand how hospital costs affect recovery.
2. Consider Method 1: General correlation without specific factors.
3. Consider Method 2: Correlation analyzed by age.
4. Evaluate the influence of variables: Age can significantly impact recovery and costs.
5. Choose the method that controls for more variables: Method 2 provides more specific insights by considering age.

Yes or No Answer: No"
976,yes,"Step-by-Step Reasoning:**
1. Calculate the probability of not smoking: 100% - 5% = 95%.
2. Calculate the overall probability of college admission using the formula \( P(A) = P(A|NS) \times P(NS) + P(A|S) \times P(S) \).
3. Determine the probability of college rejection by subtracting the probability of admission from 1 (or 100%).
4. Compare the probabilities of admission and rejection to determine which is more likely.

**Yes or No Answer:** No"
977,yes,"Step-by-Step Reasoning:**
1. Calculate the probability of being a nonsmoker.
2. Calculate the weighted average of lung cancer probability based on smoking status.
3. Compare the calculated probability of lung cancer to 50% to determine if lung cancer is more likely than its absence.

**Yes or No Answer:** Yes"
978,yes,"Step-by-Step Reasoning:
1. Identify the goal: Understand how water quality affects cholera.
2. Consider Method 1: Analyzing general correlation between water quality and cholera.
3. Consider Method 2: Analyzing correlation case by case, accounting for poverty.
4. Evaluate the role of poverty as a confounding variable in cholera outbreaks.
5. Recognize that Method 2 provides a more nuanced analysis by considering socioeconomic factors.

Yes or No Answer: No"
979,no,"## Step 1: Understanding the Problem
The problem presents two different probabilities of admission acceptance based on gender: 37% for individuals who are not male and 18% for individuals who are male. We need to determine if an individual who is male would be less likely to see admission acceptance if they had not been male.

## Step 2: Analyzing the Probabilities
Given that the probability of admission acceptance for males is 18% and for non-males is 37%, we can compare these probabilities to understand the likelihood of admission acceptance based on gender.

## Step 3: Comparing Probabilities
Since 37% (probability for non-males) is greater than 18% (probability for males), it indicates that non-males have a higher probability of admission acceptance compared to males.

## Step 4: Determining the Outcome for a Male Individual
If a male individual had not been male (i.e., were considered as a non-male for the purpose of admission), their probability of admission acceptance would be 37%, which is higher than the 18% they have as a male.

## Step 5: Conclusion
Based on the comparison of probabilities, a male individual would indeed be less likely to see admission acceptance if they had not been male, because their probability of acceptance would increase if they were considered non-male.

The final answer is: $\boxed{No}$"
980,no,"step-by-step reasoning:
1. Calculate overall admission probability for non-male applicants.
2. Calculate overall admission probability for male applicants.
3. Compare the admission probabilities between genders.
4. Consider the impact of residency on department competitiveness.
5. Determine the overall effect of gender on admission.

The final answer is: $\boxed{No}$"
981,yes,"## Step 1: Calculate the overall probability of penguin death for those who take the stairs.
To find the overall probability of penguin death for those who take the stairs, we need to consider both the probabilities of penguin death for sad and happy penguins. The probability of a penguin being happy when taking the stairs is 12%, and thus the probability of a penguin being sad is 100% - 12% = 88%. The probability of death for happy penguins taking the stairs is 64%, and for sad penguins, it is 56%. The overall probability of penguin death for those taking the stairs can be calculated as: (0.12 * 0.64) + (0.88 * 0.56).

## Step 2: Perform the calculation for the overall probability of penguin death for those who take the stairs.
(0.12 * 0.64) + (0.88 * 0.56) = 0.0768 + 0.4928 = 0.5696, or 56.96%.

## Step 3: Calculate the overall probability of penguin death for those who take the elevator.
Similar to step 1, for those who take the elevator, the probability of a penguin being happy is 99%, and thus the probability of a penguin being sad is 100% - 99% = 1%. The probability of death for happy penguins taking the elevator is 17%, and for sad penguins, it is 26%. The overall probability of penguin death for those taking the elevator can be calculated as: (0.99 * 0.17) + (0.01 * 0.26).

## Step 4: Perform the calculation for the overall probability of penguin death for those who take the elevator.
(0.99 * 0.17) + (0.01 * 0.26) = 0.1683 + 0.0026 = 0.1709, or 17.09%.

## Step 5: Compare the overall probabilities of penguin death for both scenarios to determine if choosing the elevator would positively affect penguin survival.
If the overall probability of penguin death is lower for those who take the elevator compared to those who take the stairs, then choosing the elevator would positively affect penguin survival.

## Step 6: Determine the effect of the decision on penguin survival based on the calculations.
Since 17.09% (elevator) is less than 56.96% (stairs), choosing the elevator would indeed positively affect penguin survival.

The final answer is: $\boxed{Yes}$"
982,yes,"Step-by-Step Reasoning:**
1. Encouragement leads to less studying.
2. High exam scores require both encouragement and studying hard.
3. If a student receives encouragement but does not study hard (as implied by the first statement), they lack a necessary component for a high exam score.
4. Therefore, encouragement without studying hard would likely result in a lower exam score.

**Yes or No Answer:** Yes"
983,no,"## Step 1: Understanding the Correlation Coefficient
The correlation coefficient is a statistical measure that calculates the strength and direction of the relationship between two variables. In this case, the correlation between talent and being hard-working is given as -0.14. This value indicates a weak negative correlation, suggesting that as one variable increases, the other tends to decrease, but the relationship is not strong.

## Step 2: Interpreting the Correlation in Context
The correlation coefficient does not imply causation. It merely shows a tendency or association between the variables. A correlation of -0.14 is relatively weak, meaning that there is a slight tendency for individuals with more talent to be less hard-working, or vice versa, but this relationship is not definitive or strong.

## Step 3: Considering the Context of Elite Institutions
Students accepted to elite institutions are likely to have both high levels of talent and a strong work ethic. The correlation given, however, suggests a weak negative relationship between these two traits among this specific group. This could imply that within the context of elite institutions, having more talent might slightly correlate with being less hard-working, but this does not necessarily mean that talent affects being hard-working in a causal manner.

## Step 4: Determining Causation
The question of whether talent affects being hard-working cannot be directly answered by correlation alone. Causation requires a more in-depth analysis, including experimental design or longitudinal studies, to determine if changing one variable (talent) directly influences the other (being hard-working).

The final answer is: $\boxed{No}$"
984,yes,"Step-by-Step Reasoning:**
1. Identify the main variables: maternal smoking status and infant's birth weight.
2. Recognize the potential influence of unobserved confounders on the relationship between these variables.
3. Method 1 accounts for unobserved confounders on a case-by-case basis.
4. Method 2 does not account for unobserved confounders, providing a general correlation.
5. Accounting for unobserved confounders (Method 1) is likely to provide a more accurate understanding of the relationship.

**Yes or No Answer:** Yes"
985,yes,"Step-by-Step Reasoning:**
1. Identify the probabilities of lung cancer for smokers and nonsmokers within each genetic group.
2. Compare these probabilities to determine the effect of smoking on lung cancer risk within each group.
3. Assess whether the presence of smoking genes alters the relationship between smoking and lung cancer risk in a way that could be considered a negative effect (i.e., reducing the risk).
4. Consider the impact of pollution and genetic predisposition on smoking behavior.
5. Conclude based on the comparison and assessment.

**Yes or No Answer:** No."
986,no,"## Step 1: Understand the given probabilities
The problem states that for husbands who don't set the alarm, the probability of the alarm ringing is 83%. On the other hand, for husbands who do set the alarm, the probability of the alarm ringing is 27%.

## Step 2: Compare the probabilities
To determine if it would be less likely to see the alarm ringing if the husband had not set the alarm, we need to compare the two given probabilities. The probability of the alarm ringing when the husband doesn't set the alarm is 83%, which is higher than the 27% probability when the husband does set the alarm.

## Step 3: Draw a conclusion based on the comparison
Since 83% is greater than 27%, it means that the alarm is more likely to ring when the husband doesn't set the alarm compared to when he does. Therefore, it would actually be more likely to see the alarm ringing if the husband had not set the alarm, not less likely.

## Step 4: Determine the answer to the question
Given the comparison and conclusion, the answer to whether it would be less likely to see the ringing alarm if the husband had not set the alarm is no, because the opposite is true: it would be more likely.

The final answer is: $\boxed{No}$"
987,yes,"Step-by-Step Reasoning**:
   - Calculate the probability of increased price given increased supply: 93% * 84% = 78.12%.
   - Calculate the probability of increased price given reduced supply: 7% * 50% = 3.5%.
   - Add both probabilities to find the overall probability of increased price: 78.12% + 3.5% = 81.62%.
   - Compare the overall probability of increased price to 50% to determine if it's more likely than reduced price.
3. **Yes or No Answer**: Yes."
988,yes,"Step-by-Step Reasoning:
1. Consider the complexity of market dynamics and the factors that influence the relationship between supply and price.
2. Recognize that demand can vary significantly across different markets and products.
3. Analyze the limitations of Method 2, which assumes a consistent relationship between supply and price across all markets and products.
4. Evaluate the benefits of Method 1, which takes into account the specific demand for each product or service.

Yes or No Answer: Yes"
989,yes,"Step-by-step reasoning:
1. Understand the given probabilities.
2. Calculate the conditional probability of low cholesterol given that all drugs are taken using the formula P(A|B) = P(A and B) / P(B).
3. Compare this conditional probability to the overall probability of low cholesterol to determine if there's an increase when all drugs are taken.

Yes or no answer: Yes."
990,yes,"Step-by-Step Reasoning:
- Identify the probability of a dark room when candles are blown out: 50%.
- Identify the probability of a dark room when candles are not blown out: 84%.
- Compare these probabilities to determine if not blowing out candles would result in a lower likelihood of seeing a dark room for someone who initially blew out candles.
- Since 50% (blowing out candles) is less than 84% (not blowing out candles), it indicates that for someone who blew out candles, they are actually in a scenario with a lower probability of a dark room compared to if they hadn’t blown out the candles.

3. Yes or no answer: No"
991,yes,"Step-by-step reasoning:**
1. Calculate the percentage of students who are encouraged and not encouraged.
2. Determine the probability of high exam scores for both groups.
3. Calculate the overall probability of achieving a high exam score by adding the probabilities of high scores from both groups.
4. Compare the overall probability of a high exam score to 50% to determine if it's less likely than a low exam score.

**Yes or No answer:** Yes"
992,yes,"Step-by-step reasoning:
1. Calculate the probability of high salary for those with a college degree or higher: 0.9 * 0.69.
2. Calculate the probability of high salary for those without a college degree: 0.1 * 0.19.
3. Add these probabilities to find the overall probability of high salary: 0.621 + 0.019 = 0.64.
4. Compare the overall probability of high salary (64%) to 50% to determine if high salary is less likely than low salary.

Yes or no answer: No."
993,no,"## Step 1: Understand the given probabilities
The problem provides various probabilities related to infant mortality, birth weight, and maternal smoking status. We need to analyze these probabilities to determine if there's a positive effect of maternal smoking status on infant mortality through infant's birth weight.

## Step 2: Identify relevant probabilities for comparison
To assess the effect of maternal smoking on infant mortality through birth weight, we should compare the probabilities of high infant mortality for infants with low and normal birth weights, separately for nonsmoking and smoking mothers.

## Step 3: Compare probabilities for nonsmoking mothers
For nonsmoking mothers, the probability of high infant mortality is 67% for low birth weight and 97% for normal birth weight. This indicates that for nonsmoking mothers, normal birth weight is associated with a higher probability of high infant mortality, which seems counterintuitive and requires further examination in the context of the question asked.

## Step 4: Compare probabilities for smoking mothers
For smoking mothers, the probability of high infant mortality is 39% for low birth weight and 71% for normal birth weight. Similar to nonsmoking mothers, normal birth weight is associated with a higher probability of high infant mortality, which again seems counterintuitive.

## Step 5: Consider the relationship between maternal smoking, birth weight, and infant mortality
The question asks if maternal smoking status positively affects infant mortality through infant's birth weight. A positive effect would mean that smoking increases the risk of high infant mortality via its impact on birth weight. However, the provided probabilities do not directly support a straightforward comparison to answer this question without considering the context of ""positive effect"" in terms of statistical correlation or causation.

## Step 6: Analyze the impact of maternal health and smoking on birth weight
The probabilities of normal infant birth weight vary significantly with maternal health and smoking status. For nonsmoking mothers, poor health leads to a 51% probability of normal birth weight, while good health leads to a 17% probability. For smoking mothers, poor health results in a 72% probability, and good health in a 46% probability. These figures suggest complex interactions between maternal health, smoking, and infant birth weight.

## Step 7: Determine the overall probability of good health
The overall probability of good health is given as 19%. This information, while relevant for understanding the population's health distribution, does not directly inform the relationship between maternal smoking, birth weight, and infant mortality.

## Step 8: Synthesize information to address the question
Given the complex interactions and the specific phrasing of the question, we must consider whether maternal smoking increases the risk of high infant mortality through its effect on birth weight. The provided probabilities suggest that the relationship between maternal smoking, infant birth weight, and mortality is complex and may not support a simple positive or negative correlation without further statistical analysis or clarification of the terms ""positive effect"" and ""through infant's birth weight.""

## Step 9: Conclusion based on given data and logical analysis
The data provided do not clearly support the conclusion that maternal smoking positively affects infant mortality through infant's birth weight in a straightforward manner. The relationships between smoking, birth weight, and mortality are complex, and the question's phrasing implies a need for a nuanced understanding of these interactions.

The final answer is: $\boxed{No}$"
994,yes,"## Step 1: Define the given probabilities
The overall probability of the rainy season is 35%, which can be represented as P(R) = 0.35. The probability of both dry season and wet ground is 31%, or P(D ∩ W) = 0.31. The probability of both rainy season and wet ground is 21%, or P(R ∩ W) = 0.21.

## Step 2: Determine the probability of wet ground given rainy season
To find if the chance of wet ground is larger when observing rainy season, we need to calculate the conditional probability of wet ground given rainy season, P(W|R). This can be calculated using the formula P(W|R) = P(R ∩ W) / P(R).

## Step 3: Calculate P(W|R)
Substitute the given values into the formula: P(W|R) = 0.21 / 0.35.

## Step 4: Perform the calculation
P(W|R) = 0.21 / 0.35 = 0.6.

## Step 5: Interpret the result
This result means that given it is the rainy season, there is a 60% chance of wet ground.

## Step 6: Compare with the probability of wet ground given dry season
To fully answer the question, we should also consider the probability of wet ground given dry season, but the key comparison is whether the presence of rainy season increases the likelihood of wet ground. Since we don't have the direct probability of wet ground in any condition, we compare the calculated conditional probability to the general expectation.

## Step 7: Consider the implication of the calculation
Given that P(W|R) = 0.6, it indicates a significant likelihood of wet ground when it's the rainy season. However, to say it's ""larger"" when observing rainy season requires comparing it to the overall probability of wet ground or the probability of wet ground in other conditions. The question essentially asks if rainy season increases the chance of wet ground, which is inherently true given the high conditional probability calculated.

## Step 8: Conclusion
Since P(W|R) is 0.6, which is higher than the probability of wet ground in dry conditions (implied by the difference between the overall probability of wet ground in any condition and the specific probabilities given), it suggests that rainy season does indeed increase the likelihood of wet ground.

The final answer is: $\boxed{Yes}$"
995,no,"## Step 1: Define the probabilities given in the problem.
The probability of receiving treatment is 49%, or 0.49. The probability of receiving no treatment and recovery is 20%, or 0.20. The probability of receiving treatment and recovery is 33%, or 0.33.

## Step 2: Calculate the probability of recovery without treatment.
To find the probability of recovery without treatment, we need to understand that this is directly given as 20%. However, to compare the effectiveness of treatment, we should consider the probability of recovery given no treatment and the probability of recovery given treatment.

## Step 3: Calculate the probability of recovery given treatment and no treatment.
The probability of recovery given treatment can be directly taken from the given data as 33%. However, to find the probability of recovery given no treatment, we need to consider the proportion of people who did not receive treatment and recovered out of all those who did not receive treatment.

## Step 4: Determine the proportion of the population that does not receive treatment.
Since 49% receive treatment, 100% - 49% = 51% do not receive treatment.

## Step 5: Calculate the probability of recovery given no treatment.
Given that 20% of the total population recovers without treatment, and 51% of the population does not receive treatment, the probability of recovery given no treatment is 20% / 51% = 0.3921 or approximately 39.21%.

## Step 6: Compare the probabilities of recovery given treatment and no treatment.
The probability of recovery given treatment is 33%, and the probability of recovery given no treatment is approximately 39.21%.

## Step 7: Conclusion based on comparison.
Since 39.21% (recovery without treatment) is greater than 33% (recovery with treatment), the chance of recovery is actually larger when not receiving treatment based on the given probabilities.

The final answer is: $\boxed{No}$"
996,yes,"Step-by-step reasoning:**
1. Identify the probabilities of admission for each gender and department type.
2. Calculate the probability of applying to non-competitive and competitive departments for each gender.
3. Compute the probability of admission through each department type for both genders.
4. Sum the probabilities of admission through both department types for each gender to find the total probability of admission.
5. Compare the total probabilities of admission for males and females to determine if gender positively affects admission status.

**Yes or no answer:** No"
997,yes,"Step-by-Step Reasoning:**
1. Calculate the probability of being a nonsmoker.
2. Use the law of total probability to calculate the overall probability of lung cancer.
3. Compare the calculated probability of lung cancer to the probability of not having lung cancer.

**Yes or No Answer:** No"
998,no,"## Step 1: Define the problem and the given probabilities
We are given the overall probability of attractive appearance as 60% and specific probabilities of talent based on attractiveness and fame status. The goal is to determine if being attractive increases the chance of talent among famous people.

## Step 2: Identify the relevant probabilities for famous individuals
For famous people, we have two relevant probabilities:
- The probability of talent for those considered unattractive and famous is 9%.
- The probability of talent for those considered attractive and famous is 5%.

## Step 3: Compare the probabilities of talent for attractive and unattractive famous individuals
To determine if being attractive increases the chance of talent among famous people, we compare the two probabilities:
- Unattractive and famous: 9% chance of talent
- Attractive and famous: 5% chance of talent

## Step 4: Conclusion based on the comparison
Since 5% (probability of talent for attractive and famous individuals) is less than 9% (probability of talent for unattractive and famous individuals), being attractive does not increase the chance of talent among famous people.

The final answer is: $\boxed{No}$"
999,yes,"Step-by-Step Reasoning**:
- Identify given probabilities for increased price and supply under different yield conditions.
- Recognize the general economic principle that increased supply leads to decreased price if demand is constant.
- Consider potential exceptions where increased supply could lead to increased price (e.g., increased demand, decreased competing supply).
- Acknowledge that the given probabilities do not directly address the causal relationship between supply and price.

3. **Yes or No Answer**: No"
